condition,method,exp_name,reward_mode,model_seed,episode,eval_seed,disturbance_seed,scenario,level,position_noise_sigma_m,yaw_noise_sigma_deg,wake_speed_m_s,strict_success,instant_entry,instant_only_failure,pre_success_exit,terminal_entry_count,terminal_exit_count,first_entry_step,first_entry_to_strict_s,transition_available,first_transition_step,transition_max_abs_r_rad_s,transition_rms_r_rad_s,transition_max_abs_yaw_acc_rad_s2,transition_rms_yaw_acc_rad_s2,transition_max_abs_delta_mz_nm,transition_sum_abs_delta_mz_nm,transition_max_action_delta_norm,transition_sum_action_delta_norm,yaw_overshoot_deg,yaw_settling_from_transition_s,terminal_mean_speed_m_s,terminal_max_speed_m_s,terminal_mean_abs_r_rad_s,terminal_max_abs_r_rad_s,all_episode_last5_mean_abs_r_rad_s,terminal_mean_abs_yaw_acc_rad_s2,terminal_max_abs_yaw_acc_rad_s2,steps,final_dist_xyz_m,final_yaw_error_deg
station_wake_L5,Hard-switch stage-aware SAC,strict_hard_switch_v1,hard_switch_v1,0,0,9000,1250000,station_wake,5,0.0,0.0,0.1,1,1,0,0,1,0,48,0.25,1,34,0.1539272665977478,0.10884378746158486,0.6915023922920227,0.4719211636557066,2.7190354466438293,11.63157282397151,0.298279081286945,1.9319455723283163,0.0,0.7000000000000001,0.16015267403884137,0.21466929636212212,0.18867941200733185,0.23528152704238892,0.18867941200733185,0.4362184405326843,0.5509912967681885,52,0.05248114763076763,2.300661923563466
station_wake_L5,Hard-switch stage-aware SAC,strict_hard_switch_v1,hard_switch_v1,0,1,9001,1250001,station_wake,5,0.0,0.0,0.1,1,1,0,0,1,0,44,0.25,1,28,0.8996909856796265,0.5148935070744609,2.3282629251480103,1.8164993985040985,8.743088841438293,31.187222450971603,0.7565827057543139,2.9220798513762554,0.0,0.0,0.16426528832701628,0.19824616667875358,0.06164510697126389,0.07231443375349045,0.06164510697126389,0.1121511161327362,0.1355944573879242,48,0.07058191725142243,0.8897721582721461
station_wake_L5,Hard-switch stage-aware SAC,strict_hard_switch_v1,hard_switch_v1,0,2,9002,1250002,station_wake,5,0.0,0.0,0.1,1,1,0,0,1,0,43,0.25,1,28,0.44668272137641907,0.2465386426586202,1.1881065368652344,0.8620317131368573,2.3873786628246307,9.698635190725327,0.2522237747386028,1.7415928570018153,0.0,0.0,0.14986866171297286,0.20030779267736443,0.026549556106328965,0.03141340613365173,0.026549556106328965,0.10199881345033646,0.22132664918899536,47,0.07117069501890061,2.05380181148628
station_wake_L5,Hard-switch stage-aware SAC,strict_hard_switch_v1,hard_switch_v1,0,3,9003,1250003,station_wake,5,0.0,0.0,0.1,1,1,0,0,1,0,53,0.25,1,40,0.24540141224861145,0.2394500351632755,0.15354901552200317,0.0749331963212544,0.834413543343544,3.9020606130361557,0.21758411955133888,1.5750750946681569,0.0,0.30000000000000004,0.16955739378192522,0.22928501801293386,0.05889757350087166,0.07122978568077087,0.05889757350087166,0.10104802250862122,0.21116763353347778,57,0.05479517350519595,2.175940321441506
station_wake_L5,Hard-switch stage-aware SAC,strict_hard_switch_v1,hard_switch_v1,0,4,9004,1250004,station_wake,5,0.0,0.0,0.1,1,1,0,0,1,0,60,0.25,1,40,0.15186269581317902,0.12557521932327306,0.6095370650291443,0.2990469786166436,5.124648264609277,23.585196137428284,0.42614629980764696,1.9741841892603857,0.0,0.55,0.1413564739987156,0.16487873054987862,0.07950036823749543,0.09626483172178268,0.07950036823749543,0.16127076745033264,0.17824560403823853,64,0.08156290164533724,0.6906559222669956
station_wake_L5,Hard-switch stage-aware SAC,strict_hard_switch_v1,hard_switch_v1,0,5,9005,1250005,station_wake,5,0.0,0.0,0.1,1,1,0,0,1,0,61,0.25,1,39,0.30444416403770447,0.2272734595344554,1.404302567243576,0.835813396668451,2.9495131969451904,13.601098209619522,0.17753814361710038,1.1197522717720696,0.6851730412716207,0.5,0.14428990611637463,0.16583405831870865,0.03865383751690388,0.05527999997138977,0.03865383751690388,0.16266215592622757,0.1801195740699768,65,0.08636092713436913,0.6851730412716207
station_wake_L5,Hard-switch stage-aware SAC,strict_hard_switch_v1,hard_switch_v1,0,6,9006,1250006,station_wake,5,0.0,0.0,0.1,1,1,0,0,1,0,30,0.25,0,-1,nan,nan,nan,nan,nan,nan,nan,nan,0.0,nan,0.14773342483753954,0.1836086163478312,0.2072896808385849,0.2540953755378723,0.2072896808385849,0.46135228872299194,0.5491888523101807,34,0.07010638018560178,2.4002236701040376
station_wake_L5,Hard-switch stage-aware SAC,strict_hard_switch_v1,hard_switch_v1,0,7,9007,1250007,station_wake,5,0.0,0.0,0.1,1,1,0,0,1,0,61,0.25,1,45,0.21396417915821075,0.11747326160091923,0.7396023347973824,0.5157092944338797,3.207620158791542,16.043056845664978,0.524167824798183,2.1600822450027346,0.0,0.8,0.2058668259997633,0.25599873473055107,0.1706191211938858,0.24251921474933624,0.1706191211938858,0.6523716449737549,0.8261498808860779,65,0.06651854336972118,2.6095664068439897
station_wake_L5,Hard-switch stage-aware SAC,strict_hard_switch_v1,hard_switch_v1,0,8,9008,1250008,station_wake,5,0.0,0.0,0.1,1,1,0,0,1,0,38,0.25,1,24,0.10156869888305664,0.07503736700888641,0.5611325427889824,0.29486444247006643,2.8821473568677902,13.14921960234642,0.5208020243057072,2.6735268108021946,0.0,0.05,0.13612356842312773,0.19676884498388947,0.02840975485742092,0.04414643719792366,0.02840975485742092,0.13378384709358215,0.23192092776298523,42,0.055301560792763785,1.549976109011463
station_wake_L5,Hard-switch stage-aware SAC,strict_hard_switch_v1,hard_switch_v1,0,9,9009,1250009,station_wake,5,0.0,0.0,0.1,1,1,0,0,1,0,44,0.25,1,25,0.25980451703071594,0.21208705491886898,0.7419249415397644,0.4604235358863512,3.34242582321167,17.68014505505562,0.30767114095515374,1.8710617211755336,2.1544388859343058,0.0,0.16465431326717123,0.1922484332553634,0.04357830360531807,0.046633053570985794,0.04357830360531807,0.045147448778152466,0.06116732954978943,48,0.07727358828399325,1.1377775009740727
station_wake_L5,Hard-switch stage-aware SAC,strict_hard_switch_v1,hard_switch_v1,0,10,9010,1250010,station_wake,5,0.0,0.0,0.1,1,1,0,0,1,0,35,0.25,0,-1,nan,nan,nan,nan,nan,nan,nan,nan,0.0,nan,0.08395190603927823,0.08745714597736548,0.14964529275894164,0.20360177755355835,0.14964529275894164,0.5438170433044434,0.6843006610870361,39,0.030987383628737895,3.150836273565875
station_wake_L5,Hard-switch stage-aware SAC,strict_hard_switch_v1,hard_switch_v1,0,11,9011,1250011,station_wake,5,0.0,0.0,0.1,1,1,0,0,1,0,54,0.25,1,31,0.5733305811882019,0.3249513631439517,2.0052409172058105,1.1412311302830722,4.1377196460962296,17.486629718914628,0.465256318523253,2.609093592520007,0.0,0.30000000000000004,0.12726462235991956,0.14203110604598246,0.030972811952233316,0.03999036177992821,0.030972811952233316,0.08082928508520126,0.12330248951911926,58,0.08793712915317117,0.5718953143823113
station_wake_L5,Hard-switch stage-aware SAC,strict_hard_switch_v1,hard_switch_v1,0,12,9012,1250012,station_wake,5,0.0,0.0,0.1,1,1,0,0,1,0,55,0.25,1,39,0.4786921739578247,0.2747094458346832,1.7456650733947754,1.6232713707947521,2.403966188430786,10.134000182151794,0.5150921482561843,2.447432844913279,0.0,0.6000000000000001,0.17774688526406282,0.21718583721516874,0.06456225626170635,0.16473114490509033,0.06456225626170635,1.060837559401989,1.382330060005188,59,0.06644558380526976,1.177565700766924
station_wake_L5,Hard-switch stage-aware SAC,strict_hard_switch_v1,hard_switch_v1,0,13,9013,1250013,station_wake,5,0.0,0.0,0.1,1,1,0,0,1,0,61,0.25,1,42,0.3806907534599304,0.24609222792111493,1.9408106803894043,1.5492645846149182,3.204367160797119,14.34668481349945,0.47098988936093766,2.3496162642683713,0.0,0.7000000000000001,0.1577229897686076,0.1821917314876273,0.10887914299964904,0.14136411249637604,0.10887914299964904,0.34641873836517334,0.5683615803718567,65,0.08238210967305191,0.2599765032024169
station_wake_L5,Hard-switch stage-aware SAC,strict_hard_switch_v1,hard_switch_v1,0,14,9014,1250014,station_wake,5,0.0,0.0,0.1,1,1,0,0,1,0,52,0.25,1,34,0.3760428726673126,0.21459460822335225,1.1789536476135254,0.8865375443481298,5.928593575954437,21.94507122039795,0.38695760909863347,2.69362922860155,0.0,0.9,0.10659219497805214,0.13934400164902483,0.20122404396533966,0.2474299520254135,0.20122404396533966,0.4229274392127991,0.4975053668022156,56,0.06635826483239181,2.61278812169812
station_wake_L5,Hard-switch stage-aware SAC,strict_hard_switch_v1,hard_switch_v1,0,15,9015,1250015,station_wake,5,0.0,0.0,0.1,1,1,0,0,1,0,56,0.25,1,36,0.37371230125427246,0.2369959495226046,0.8146840333938599,0.5769945967464841,1.2934774160385132,7.145486623048782,0.3680349974970874,1.464400631976899,0.46363873702831326,0.0,0.14818632452545907,0.17344884405707792,0.004378978814929724,0.008797364309430122,0.004378978814929724,0.08156784437596798,0.12006089091300964,60,0.08388444034844769,0.4364914031201571
station_wake_L5,Hard-switch stage-aware SAC,strict_hard_switch_v1,hard_switch_v1,0,16,9016,1250016,station_wake,5,0.0,0.0,0.1,1,1,0,0,1,0,35,0.25,1,16,1.3943839073181152,1.1751985355653822,1.347583532333374,1.079686768770855,2.552313804626465,3.6292660236358643,0.2777027681604169,1.8783879733628128,0.0,0.9500000000000001,0.14609777676080998,0.18111050627192027,0.20643407702445984,0.25617778301239014,0.20643407702445984,0.5085926055908203,0.6605637073516846,39,0.07258131685979738,2.659868615647018
station_wake_L5,Hard-switch stage-aware SAC,strict_hard_switch_v1,hard_switch_v1,0,17,9017,1250017,station_wake,5,0.0,0.0,0.1,1,1,0,0,1,0,51,0.25,1,32,0.43022504448890686,0.295841114461912,1.0229650139808655,0.7484058716230311,2.812259793281555,11.759377717971802,0.4202936945193294,1.772865102554224,0.0,0.8500000000000001,0.16323268818295372,0.1973525039593101,0.1223115012049675,0.17624735832214355,0.1223115012049675,0.5366115868091583,0.8375656604766846,55,0.07731595154025982,2.445475167459253
station_wake_L5,Hard-switch stage-aware SAC,strict_hard_switch_v1,hard_switch_v1,0,18,9018,1250018,station_wake,5,0.0,0.0,0.1,1,1,0,0,1,0,61,0.25,1,33,0.315624475479126,0.29843175295271746,0.7274538278579712,0.3011351571679996,4.223716109991074,21.19017732795328,0.32312023486292474,1.6777571563628713,2.8274543505658625,0.35000000000000003,0.14301269544831188,0.1581212849486371,0.008647620398551225,0.014008449390530586,0.008647620398551225,0.05839561112225056,0.08811146020889282,65,0.08363384994932728,2.8274543505658625
station_wake_L5,Hard-switch stage-aware SAC,strict_hard_switch_v1,hard_switch_v1,0,19,9019,1250019,station_wake,5,0.0,0.0,0.1,1,1,0,0,1,0,40,0.25,1,28,0.08836495131254196,0.04997423269711522,0.7802971452474594,0.45149719273824296,4.738116264343262,25.453690886497498,0.34780732781836426,2.9475050312928266,0.0,0.0,0.23025409118205015,0.32238491498162164,0.02061310298740864,0.03289046883583069,0.02061310298740864,0.3154993951320648,0.5116612464189529,44,0.061899220160755886,0.42709498381292366
station_wake_L5,Hard-switch stage-aware SAC,strict_hard_switch_v1,hard_switch_v1,0,20,9020,1250020,station_wake,5,0.0,0.0,0.1,1,1,0,0,1,0,38,0.25,1,18,1.1280847787857056,0.9314522308638112,1.7866361141204834,1.3761170392813966,14.822403490543365,31.643452644348145,1.1194101490968018,3.8952498640129125,0.0,0.55,0.13533473199040705,0.14791476101193973,0.07185953035950661,0.08486271649599075,0.07185953035950661,0.1356060951948166,0.1561690866947174,42,0.07598643536113794,0.4281207128076156
station_wake_L5,Hard-switch stage-aware SAC,strict_hard_switch_v1,hard_switch_v1,0,21,9021,1250021,station_wake,5,0.0,0.0,0.1,1,1,0,0,1,0,65,0.25,1,41,0.29253271222114563,0.16586156400995353,1.339225172996521,1.0851270058414664,0.993126630783081,5.8357954025268555,0.2921484112811438,1.9340996503220953,5.57932668155001,0.9,0.1336126846334483,0.1504992449418884,0.05100329592823982,0.06643522530794144,0.05100329592823982,0.15786601603031158,0.2279151976108551,69,0.08839734174530865,2.718291279042957
station_wake_L5,Hard-switch stage-aware SAC,strict_hard_switch_v1,hard_switch_v1,0,22,9022,1250022,station_wake,5,0.0,0.0,0.1,1,1,0,0,1,0,38,0.25,1,20,0.17870807647705078,0.1261350134006741,0.95833420753479,0.500564649733312,4.906787946820259,23.207474276423454,0.3058316515773169,2.5120569275372415,1.901113999807703,0.0,0.19993748146987386,0.22243624092182063,0.040019065141677856,0.05618696287274361,0.040019065141677856,0.16332601010799408,0.17832502722740173,42,0.06930301466569491,1.901113999807703
station_wake_L5,Hard-switch stage-aware SAC,strict_hard_switch_v1,hard_switch_v1,0,23,9023,1250023,station_wake,5,0.0,0.0,0.1,1,1,0,0,1,0,60,0.25,1,43,0.04659837484359741,0.026939618800105185,0.38751333951950073,0.2923122899168287,2.9092053323984146,8.718203753232956,0.17313850532161504,1.0268701541542364,0.0,0.0,0.15164698170880497,0.16584085102063467,0.04538131952285766,0.06620258837938309,0.04538131952285766,0.2047467678785324,0.24347104132175446,64,0.07711744112017879,2.2967087381379097
station_wake_L5,Hard-switch stage-aware SAC,strict_hard_switch_v1,hard_switch_v1,0,24,9024,1250024,station_wake,5,0.0,0.0,0.1,1,1,0,0,1,0,54,0.25,1,37,0.12884074449539185,0.09666944510222966,0.7006075233221054,0.38784945034726653,2.4678880721330643,15.357847809791565,0.38928182341174383,2.496137349334713,0.0,0.05,0.15219197101524534,0.17035439662444876,0.06467183828353881,0.08440017700195312,0.06467183828353881,0.2044690102338791,0.2986477315425873,58,0.07600754119966135,0.8186301885377626
station_wake_L5,Hard-switch stage-aware SAC,strict_hard_switch_v1,hard_switch_v1,0,25,9025,1250025,station_wake,5,0.0,0.0,0.1,1,1,0,0,1,0,39,0.25,1,22,0.5098350048065186,0.3853416850037581,0.9192019701004028,0.5616587302920653,4.607078582048416,19.154530689120293,0.6297532593682186,2.573185203043531,0.0,0.4,0.12836913466248434,0.15686252640992854,0.028249098919332027,0.05070645362138748,0.028249098919332027,0.23345519974827766,0.3360198438167572,43,0.0602238046264822,1.5837896008278458
station_wake_L5,Hard-switch stage-aware SAC,strict_hard_switch_v1,hard_switch_v1,0,26,9026,1250026,station_wake,5,0.0,0.0,0.1,1,1,0,0,1,0,35,0.25,1,22,0.8757015466690063,0.7888216469759695,1.7719388008117676,0.8266702717519646,7.4243817664682865,25.7177222520113,0.5604679364670686,3.190046232133887,0.9073965009300119,0.30000000000000004,0.17787136621445487,0.23134372414340282,0.08898291289806366,0.12564614415168762,0.08898291289806366,0.40191230177879333,0.5941915512084961,39,0.05779091110661405,0.9073965009300119
station_wake_L5,Hard-switch stage-aware SAC,strict_hard_switch_v1,hard_switch_v1,0,27,9027,1250027,station_wake,5,0.0,0.0,0.1,1,1,0,0,1,0,37,0.25,1,20,0.41347965598106384,0.3863967130823883,0.612483024597168,0.37370221727693165,3.267310857772827,16.220023930072784,0.4029226762735147,2.2335160643817256,2.095293930033638,0.15000000000000002,0.16174098048178556,0.18687583308525607,0.03344992958009243,0.0382627435028553,0.03344992958009243,0.07858385145664215,0.14372672885656357,41,0.07621893850475787,1.5367194588844086
station_wake_L5,Hard-switch stage-aware SAC,strict_hard_switch_v1,hard_switch_v1,0,28,9028,1250028,station_wake,5,0.0,0.0,0.1,1,1,0,0,1,0,46,0.25,1,26,0.33841022849082947,0.2563234111557161,0.46316295862197876,0.3394432564192013,2.542998641729355,11.19627982378006,0.4029744226711355,2.4487253126907214,0.0,1.0,0.11106255936297434,0.1273819008644542,0.16131172478199005,0.19156858325004578,0.16131172478199005,0.3245883584022522,0.4619750380516052,50,0.05788027127555671,2.9018415139296483
station_wake_L5,Hard-switch stage-aware SAC,strict_hard_switch_v1,hard_switch_v1,0,29,9029,1250029,station_wake,5,0.0,0.0,0.1,1,1,0,0,1,0,44,0.25,1,24,0.728277862071991,0.6429987445454501,0.9212398529052734,0.5707502376214796,3.8207130134105682,11.993253231048584,0.37585044675722545,2.139465035755512,0.5378589342834039,0.5,0.13308110397869605,0.15387894234178282,0.05551858544349671,0.07181467115879059,0.05551858544349671,0.16050824522972107,0.20749732851982117,48,0.08183219351041007,0.5378589342834039
station_wake_L5,Hard-switch stage-aware SAC,strict_hard_switch_v1,hard_switch_v1,0,30,9030,1250030,station_wake,5,0.0,0.0,0.1,1,1,0,0,1,0,47,0.25,1,31,0.4361720383167267,0.23248610488360114,1.3940167427062988,1.0925563637329507,5.472084283828735,16.150816828012466,0.5615403736359951,2.734879064519336,0.0,0.0,0.15570425538760482,0.18324935009688317,0.02152106575667858,0.026197178289294243,0.02152106575667858,0.12447032332420349,0.34431640058755875,51,0.06512772114702733,1.2391292906857168
station_wake_L5,Hard-switch stage-aware SAC,strict_hard_switch_v1,hard_switch_v1,0,31,9031,1250031,station_wake,5,0.0,0.0,0.1,1,1,0,0,1,0,51,0.25,1,39,0.2722330391407013,0.13237267199122268,1.0848033428192139,0.8104195535335539,4.184676259756088,13.068924667313695,0.43039827996259444,1.9905421557086664,0.0,0.0,0.20014708069693396,0.29609912480011835,0.02407875619828701,0.045736610889434814,0.02407875619828701,0.2732086777687073,0.4820443317294121,55,0.05821812357686042,1.307722852807745
station_wake_L5,Hard-switch stage-aware SAC,strict_hard_switch_v1,hard_switch_v1,0,32,9032,1250032,station_wake,5,0.0,0.0,0.1,1,1,0,0,1,0,59,0.25,1,40,0.5263084769248962,0.45697525321722576,0.9371620416641235,0.71162181702555,3.972165286540985,19.047128558158875,0.2921081276551405,2.030664985577225,1.741260039029313,0.15000000000000002,0.14843991283513072,0.1656449898855268,0.03677968643605709,0.046475037932395935,0.03677968643605709,0.11816034466028214,0.2116546779870987,63,0.08232767693551311,0.5553738871928439
station_wake_L5,Hard-switch stage-aware SAC,strict_hard_switch_v1,hard_switch_v1,0,33,9033,1250033,station_wake,5,0.0,0.0,0.1,1,1,0,0,1,0,38,0.25,0,-1,nan,nan,nan,nan,nan,nan,nan,nan,0.0,nan,0.08649320850501155,0.09049708660284515,0.2058332234621048,0.25717076659202576,0.2058332234621048,0.5350750684738159,0.7232034206390381,42,0.055546204459007126,2.666599980517477
station_wake_L5,Hard-switch stage-aware SAC,strict_hard_switch_v1,hard_switch_v1,0,34,9034,1250034,station_wake,5,0.0,0.0,0.1,1,1,0,0,1,0,37,0.25,1,22,1.2309163808822632,1.043229687834606,1.7133724689483643,1.2273770139928113,9.822502881288528,29.140546917915344,0.5746393271350341,3.3249826952257995,0.0,0.75,0.1752164758758652,0.24467683923435551,0.265339595079422,0.35629329085350037,0.265339595079422,0.8592484593391418,1.0014936327934265,41,0.044164503944470884,2.2074531067246523
station_wake_L5,Hard-switch stage-aware SAC,strict_hard_switch_v1,hard_switch_v1,0,35,9035,1250035,station_wake,5,0.0,0.0,0.1,1,1,0,0,1,0,60,0.25,1,43,0.2451658695936203,0.1776209229900941,1.6318386793136597,1.1541980444204807,2.6763999462127686,13.487769663333893,0.21969264534133578,1.8606446333996527,0.0,0.45,0.17641757505857839,0.21437936043641995,0.04682649224996567,0.051935482770204544,0.04682649224996567,0.07112585008144379,0.13165518641471863,64,0.07597302710081001,2.3001152949864534
station_wake_L5,Hard-switch stage-aware SAC,strict_hard_switch_v1,hard_switch_v1,0,36,9036,1250036,station_wake,5,0.0,0.0,0.1,1,1,0,0,1,0,37,0.25,1,13,1.1523510217666626,0.9431660355213431,1.3599205017089844,1.0363303260735213,0.6787800788879395,3.294215202331543,0.26257174301299985,1.754662513202871,0.0,1.2000000000000002,0.05521477130776611,0.06476112517408739,0.20623323321342468,0.26504260301589966,0.20623323321342468,0.5857276916503906,0.6789612770080566,41,0.03710937305035744,2.7439130261669673
station_wake_L5,Hard-switch stage-aware SAC,strict_hard_switch_v1,hard_switch_v1,0,37,9037,1250037,station_wake,5,0.0,0.0,0.1,1,1,0,0,1,0,44,0.25,1,28,1.2041817903518677,0.8021319223257566,2.119476795196533,1.6542585189427095,5.643755346536636,21.46494448184967,0.37386599840648377,2.6389333617453032,0.0,0.2,0.19929776927666507,0.2464479566376502,0.03543869294226169,0.04571313410997391,0.03543869294226169,0.26781613379716873,0.6695564836263657,48,0.06931696839757642,1.0181907070040812
station_wake_L5,Hard-switch stage-aware SAC,strict_hard_switch_v1,hard_switch_v1,0,38,9038,1250038,station_wake,5,0.0,0.0,0.1,1,1,0,0,1,0,65,0.25,1,47,0.1662491261959076,0.07540314127740337,0.7066690921783447,0.43242724613518174,2.4829839169979095,12.76101253926754,0.3294167467532043,1.7885556520968007,0.0,0.4,0.1318907075945218,0.1503908725967768,0.04387898594141006,0.05633699521422386,0.04387898594141006,0.12346312403678894,0.13992272317409515,69,0.0756054991989527,0.03932149910336258
station_wake_L5,Hard-switch stage-aware SAC,strict_hard_switch_v1,hard_switch_v1,0,39,9039,1250039,station_wake,5,0.0,0.0,0.1,1,1,0,0,1,0,61,0.25,1,46,0.39105144143104553,0.19290979113343948,1.3763833045959473,1.1004808231366396,1.0452139377593994,5.653020143508911,0.2611145811013103,1.151165020247752,0.3711123788175455,0.0,0.1652973511867292,0.21124223885828547,0.01026085065677762,0.016240742057561874,0.01026085065677762,0.08425580710172653,0.11390103958547115,65,0.07699298636184089,0.1752238340820492
station_wake_L5,Hard-switch stage-aware SAC,strict_hard_switch_v1,hard_switch_v1,0,40,9040,1250040,station_wake,5,0.0,0.0,0.1,1,1,0,0,1,0,65,0.25,1,46,0.7339616417884827,0.6258010723820828,0.5984306335449219,0.48599489959970615,6.315755844116211,17.411753023043275,0.3671296105280193,1.7818379279926588,0.0,0.7000000000000001,0.1405019215323739,0.1718190900008555,0.007187713123857975,0.018655603751540184,0.007187713123857975,0.15401333570480347,0.3052068129181862,69,0.0803246387584964,3.7504201609872125
station_wake_L5,Hard-switch stage-aware SAC,strict_hard_switch_v1,hard_switch_v1,0,41,9041,1250041,station_wake,5,0.0,0.0,0.1,1,1,0,0,1,0,53,0.25,1,39,0.09231770038604736,0.054505025516339345,1.2455666065216064,0.6074050011090503,2.5033366680145264,13.542810196522623,0.2539828863436651,1.5558437996561474,0.0,0.0,0.17281426825404478,0.229756398342658,0.0698927991092205,0.08122362941503525,0.0698927991092205,0.16186441481113434,0.27650609612464905,57,0.05956684092923465,1.5423899032776944
station_wake_L5,Hard-switch stage-aware SAC,strict_hard_switch_v1,hard_switch_v1,0,42,9042,1250042,station_wake,5,0.0,0.0,0.1,1,1,0,0,1,0,36,0.25,1,5,0.8047927618026733,0.5122958333246229,2.030961811542511,1.705752571925997,19.97581720352173,20.313000679016113,1.68898697679501,2.9627311612744283,0.0,1.55,0.1099240086034281,0.12252791567098752,0.17274764478206633,0.22087183594703674,0.17274764478206633,0.4848793148994446,0.6076949834823608,40,0.04293861448039929,2.833911654095875
station_wake_L5,Hard-switch stage-aware SAC,strict_hard_switch_v1,hard_switch_v1,0,43,9043,1250043,station_wake,5,0.0,0.0,0.1,1,1,0,0,1,0,51,0.25,1,37,0.451031893491745,0.35939759675704147,0.6253480911254883,0.4789673437481002,3.710011839866638,14.133966565132141,0.44830440900257895,1.9700540546166732,0.0,0.65,0.19463033329260132,0.25720907251513164,0.15841206163167953,0.17924895882606506,0.15841206163167953,0.292325884103775,0.4317142069339752,55,0.059928886496471476,2.275254687068076
station_wake_L5,Hard-switch stage-aware SAC,strict_hard_switch_v1,hard_switch_v1,0,44,9044,1250044,station_wake,5,0.0,0.0,0.1,1,1,0,0,1,0,34,0.25,1,20,1.0920394659042358,0.8351874893391704,2.018846273422241,1.5755875879071612,10.062802135944366,35.75345516204834,0.7036559062111992,3.7570107004946776,0.0,0.35000000000000003,0.23864244238503166,0.30711328220641254,0.0684546872973442,0.08043009042739868,0.0684546872973442,0.17372941970825195,0.3431117534637451,38,0.06509959238266923,1.278887821844361
station_wake_L5,Hard-switch stage-aware SAC,strict_hard_switch_v1,hard_switch_v1,0,45,9045,1250045,station_wake,5,0.0,0.0,0.1,1,1,0,0,1,0,67,0.25,1,40,0.6690625548362732,0.4122521977183536,1.4286816120147705,1.190168509663573,5.642442107200623,17.69572302699089,0.45075577627457003,2.2884091176601675,0.5417958446488287,0.0,0.09802799693025592,0.10296847931113864,0.004159687878564,0.005998389329761267,0.004159687878564,0.026836921460926533,0.044465018436312675,71,0.09364087469835511,0.48221268942422246
station_wake_L5,Hard-switch stage-aware SAC,strict_hard_switch_v1,hard_switch_v1,0,46,9046,1250046,station_wake,5,0.0,0.0,0.1,1,1,0,0,1,0,49,0.25,1,34,0.5852625966072083,0.4962026201899954,0.698171854019165,0.45963941973140543,3.5454554855823517,19.550384283065796,0.2635038525342332,2.1573596040403906,0.48027211528714553,0.35000000000000003,0.15660226943304434,0.21701749380186494,0.056401900947093964,0.08834396302700043,0.056401900947093964,0.33349747955799103,0.5695827305316925,53,0.06355758773954262,0.48027211528714553
station_wake_L5,Hard-switch stage-aware SAC,strict_hard_switch_v1,hard_switch_v1,0,47,9047,1250047,station_wake,5,0.0,0.0,0.1,1,1,0,0,1,0,67,0.25,1,52,0.43972718715667725,0.2834545782169509,1.619897037744522,1.2564340061265888,3.9591383934020996,18.35267961025238,0.5703328521203018,2.143888143548247,0.0,0.75,0.15290779763382928,0.2014753615926312,0.18454473316669465,0.24093268811702728,0.18454473316669465,0.5777980089187622,0.7666638493537903,71,0.06012506673163925,2.7885521543744085
station_wake_L5,Hard-switch stage-aware SAC,strict_hard_switch_v1,hard_switch_v1,0,48,9048,1250048,station_wake,5,0.0,0.0,0.1,1,1,0,0,1,0,51,0.25,1,34,0.20471368730068207,0.1382450996089995,0.5472248792648315,0.39581960049697756,1.9498461484909058,10.410146713256836,0.2555315086433206,1.4108514491544928,0.0,0.55,0.18063218700486208,0.2218894828683776,0.06951266378164292,0.09803974628448486,0.06951266378164292,0.2843528240919113,0.38815587759017944,55,0.07448887921339105,1.0476031023957428
station_wake_L5,Hard-switch stage-aware SAC,strict_hard_switch_v1,hard_switch_v1,0,49,9049,1250049,station_wake,5,0.0,0.0,0.1,1,1,0,0,1,0,36,0.25,1,17,0.3179488480091095,0.22460169792918452,1.2495926767587662,0.6648249575046584,2.7042293548583984,16.22083507478237,0.3526355693620469,2.448574525090813,0.3086381325833198,0.0,0.16753603608052864,0.19247777982254585,0.0028761798748746514,0.007537337951362133,0.0028761798748746514,0.0618277108296752,0.18579209223389626,40,0.08030214783277456,0.9008402663787402
station_wake_L5,Hard-switch stage-aware SAC,strict_hard_switch_v1,hard_switch_v1,0,50,9050,1250050,station_wake,5,0.0,0.0,0.1,1,1,0,0,1,0,36,0.25,1,20,1.1448537111282349,1.0647647336851416,1.2099039554595947,0.8369497759446766,5.08431077003479,22.44529664516449,0.4381453296209696,2.791802940463072,0.0,0.75,0.1377410066938942,0.1638808311911155,0.19626011848449706,0.25524988770484924,0.19626011848449706,0.6581518650054932,1.036725640296936,40,0.06630667987371291,2.0003553677875185
station_wake_L5,Hard-switch stage-aware SAC,strict_hard_switch_v1,hard_switch_v1,0,51,9051,1250051,station_wake,5,0.0,0.0,0.1,1,1,0,0,1,0,57,0.25,1,43,0.31694820523262024,0.2591084823556272,0.8983501046895981,0.6213146324376541,3.6943697929382324,11.72878310084343,0.22598744490076297,1.9327982848917504,0.0,0.35000000000000003,0.1543666302786735,0.2195414152214102,0.03171761780977249,0.05235796421766281,0.03171761780977249,0.23442675173282623,0.3437484800815582,61,0.07815076176277701,0.9850712264403952
station_wake_L5,Hard-switch stage-aware SAC,strict_hard_switch_v1,hard_switch_v1,0,52,9052,1250052,station_wake,5,0.0,0.0,0.1,1,1,0,0,1,0,62,0.25,1,43,0.30746737122535706,0.1543745420874059,1.2456339597702026,0.9748351852709639,1.8642395734786987,9.969563484191895,0.2601905901665188,1.3562799619617598,0.0,0.6000000000000001,0.15918520227545288,0.1959763139770425,0.09418163299560547,0.11112508177757263,0.09418163299560547,0.1914355456829071,0.26982247829437256,66,0.07099121664202634,0.8547096489721501
station_wake_L5,Hard-switch stage-aware SAC,strict_hard_switch_v1,hard_switch_v1,0,53,9053,1250053,station_wake,5,0.0,0.0,0.1,1,1,0,0,1,0,50,0.25,1,34,0.4250772297382355,0.29823207208586017,0.8135038614273071,0.5731229411861158,2.1415629982948303,11.964476630091667,0.2134430031120052,1.5796641849222235,0.0,0.35000000000000003,0.20092508091511796,0.2433648849146036,0.06957846283912658,0.07148604840040207,0.06957846283912658,0.018520772457122803,0.03966033458709717,54,0.07459855894614575,1.810926474459562
station_wake_L5,Hard-switch stage-aware SAC,strict_hard_switch_v1,hard_switch_v1,0,54,9054,1250054,station_wake,5,0.0,0.0,0.1,1,1,0,0,1,0,51,0.25,1,34,0.11253995448350906,0.07903894161773868,0.9358952939510345,0.49668363656873515,2.404499650001526,13.408489227294922,0.5482148548300159,2.4130354478141385,0.0,0.2,0.14167617317719272,0.1646671015114288,0.013084178231656552,0.019335012882947922,0.013084178231656552,0.0800965428352356,0.18851760774850845,55,0.07422092334386889,0.3140054072909069
station_wake_L5,Hard-switch stage-aware SAC,strict_hard_switch_v1,hard_switch_v1,0,55,9055,1250055,station_wake,5,0.0,0.0,0.1,1,1,0,0,1,0,65,0.25,1,46,0.3572424054145813,0.21449955398503587,0.7534486055374146,0.6008576400946509,1.9089925289154053,6.7964936047792435,0.2144045967418929,1.1880746839161473,1.6092490242373625,0.0,0.16991616300690326,0.1893560397942922,0.045630990713834765,0.05639716237783432,0.045630990713834765,0.10617765784263611,0.14123260974884033,69,0.0758316913731257,0.6807852850601223
station_wake_L5,Hard-switch stage-aware SAC,strict_hard_switch_v1,hard_switch_v1,0,56,9056,1250056,station_wake,5,0.0,0.0,0.1,1,1,0,0,1,0,52,0.25,1,41,0.1307022124528885,0.08892147767045994,0.7477891445159912,0.43635141841619524,5.926528386771679,21.63457863032818,0.4413987196209724,2.6894486433549987,0.0,0.0,0.3029162517640028,0.4140195589243099,0.04583706483244896,0.0726766511797905,0.04583706483244896,0.25672604888677597,0.6011952459812164,56,0.059034979835709274,0.5888530732658662
station_wake_L5,Hard-switch stage-aware SAC,strict_hard_switch_v1,hard_switch_v1,0,57,9057,1250057,station_wake,5,0.0,0.0,0.1,1,1,0,0,1,0,38,0.25,1,22,1.1944079399108887,0.9980407659145896,1.8011045455932617,1.3037511651945166,5.498861521482468,29.459402561187744,0.6214920670331301,3.027183182529916,0.0,0.65,0.10143017944379731,0.11483235740149038,0.09826463907957077,0.1112789437174797,0.09826463907957077,0.13841742277145386,0.1815854012966156,42,0.07083201971140267,2.4997011064970422
station_wake_L5,Hard-switch stage-aware SAC,strict_hard_switch_v1,hard_switch_v1,0,58,9058,1250058,station_wake,5,0.0,0.0,0.1,1,1,0,0,1,0,57,0.25,1,39,0.1601049154996872,0.07002574928709375,1.1171513795852661,0.6300395012408629,2.003895938396454,10.32596841454506,0.2517276513371674,1.3191888785362582,0.0,0.9,0.07744747070094907,0.12376041061615793,0.1206427738070488,0.13750645518302917,0.1206427738070488,0.1797753870487213,0.23988604545593262,61,0.03949212862999993,3.5944826733675903
station_wake_L5,Hard-switch stage-aware SAC,strict_hard_switch_v1,hard_switch_v1,0,59,9059,1250059,station_wake,5,0.0,0.0,0.1,1,1,0,0,1,0,30,0.25,1,14,0.1146250069141388,0.05658302396279607,0.4332488775253296,0.30237740477270036,2.8145548701286316,12.477932572364807,0.3521013465244981,2.5408323130411588,0.0,0.0,0.1566983438284071,0.18662901206099108,0.0610956996679306,0.08116967231035233,0.0610956996679306,0.21556483209133148,0.31606361269950867,34,0.0672766211451562,0.79662993577774
station_wake_L5,Hard-switch stage-aware SAC,strict_hard_switch_v1,hard_switch_v1,0,60,9060,1250060,station_wake,5,0.0,0.0,0.1,1,1,0,0,1,0,54,0.25,1,35,0.7653982043266296,0.45698267903057815,1.7653560638427734,1.281891056496431,4.386326819658279,21.339055355638266,0.42889369275744343,2.3429177199113176,0.8135200330998295,0.2,0.15781071807205582,0.18053711368333417,0.020796182006597518,0.024420982226729393,0.020796182006597518,0.03924977779388428,0.059166811406612396,58,0.07768345288829785,0.8135200330998295
station_wake_L5,Hard-switch stage-aware SAC,strict_hard_switch_v1,hard_switch_v1,0,61,9061,1250061,station_wake,5,0.0,0.0,0.1,1,1,0,0,1,0,59,0.25,1,47,0.3260321021080017,0.17838328936992673,0.9619218111038208,0.7097071106421672,2.187463343143463,9.854939579963684,0.25184156264856494,1.4252621435006851,1.0765086764066485,0.0,0.20676121171188605,0.2941913224550084,0.10599204301834106,0.17400288581848145,0.10599204301834106,0.6291733682155609,0.7598784565925598,63,0.04940586919535149,1.0765086764066485
station_wake_L5,Hard-switch stage-aware SAC,strict_hard_switch_v1,hard_switch_v1,0,62,9062,1250062,station_wake,5,0.0,0.0,0.1,1,1,0,0,1,0,41,0.25,1,27,0.7287737131118774,0.44268657385568083,1.6197365522384644,1.250493869640017,3.5373476147651672,16.402054131031036,0.35865049461736725,2.410622242258078,0.0,0.5,0.174922082924054,0.22333515709444382,0.11857623308897018,0.14939408004283905,0.11857623308897018,0.3015569746494293,0.323285311460495,45,0.06794487615104822,1.786217304641689
station_wake_L5,Hard-switch stage-aware SAC,strict_hard_switch_v1,hard_switch_v1,0,63,9063,1250063,station_wake,5,0.0,0.0,0.1,1,1,0,0,1,0,44,0.25,1,27,0.3547193109989166,0.2579293187925492,1.3233201205730438,0.9497970639943554,5.851006507873535,23.251569271087646,0.5034430511645617,2.8603465270153134,0.0,0.8500000000000001,0.1412861107774646,0.1440039727820966,0.21126505732536316,0.26926714181900024,0.21126505732536316,0.5997588634490967,0.791856050491333,48,0.06943807297129478,2.4106283960874944
station_wake_L5,Hard-switch stage-aware SAC,strict_hard_switch_v1,hard_switch_v1,0,64,9064,1250064,station_wake,5,0.0,0.0,0.1,1,1,0,0,1,0,54,0.25,1,38,0.1616341471672058,0.11478024376074118,0.40106505155563354,0.260270343119726,2.194919064640999,11.935545280575752,0.2759975639684182,1.6329577763367327,0.7020365648889707,0.0,0.16682947821117275,0.20347722693622428,0.03933482319116592,0.048599060624837875,0.03933482319116592,0.27683399617671967,0.9665502607822418,58,0.06772741399603599,0.13782878850006738
station_wake_L5,Hard-switch stage-aware SAC,strict_hard_switch_v1,hard_switch_v1,0,65,9065,1250065,station_wake,5,0.0,0.0,0.1,1,1,0,0,1,0,40,0.25,1,25,0.8233451843261719,0.6181891796565553,1.216505765914917,0.969431072444046,2.187533974647522,9.802505522966385,0.3700678092239101,2.476966174131162,2.6835187859784218,0.15000000000000002,0.2665601479803813,0.3292435655957087,0.02005308624356985,0.048572517931461334,0.02005308624356985,0.35065503790974617,0.4896038770675659,44,0.05240005337434345,2.629116969569505
station_wake_L5,Hard-switch stage-aware SAC,strict_hard_switch_v1,hard_switch_v1,0,66,9066,1250066,station_wake,5,0.0,0.0,0.1,1,1,0,0,1,0,38,0.25,1,23,0.4656444191932678,0.3559546426907195,0.8432698249816895,0.46822483619640004,1.7236382514238358,8.134332150220871,0.24678255125687723,2.0624887284812448,0.0,0.7000000000000001,0.165909125107966,0.1997074521381177,0.1354598119854927,0.15836988389492035,0.1354598119854927,0.21739986538887024,0.26696205139160156,42,0.06997479297145155,2.8430013552206925
station_wake_L5,Hard-switch stage-aware SAC,strict_hard_switch_v1,hard_switch_v1,0,67,9067,1250067,station_wake,5,0.0,0.0,0.1,1,1,0,0,1,0,74,0.25,1,56,0.8302620649337769,0.7611595832166947,1.1030793190002441,0.5476995687996391,3.76187801361084,21.053428649902344,0.26375839631541115,2.0348758612023943,0.0,0.4,0.15024443246179042,0.18516008022701463,0.0336925033479929,0.04035463184118271,0.0336925033479929,0.08440753817558289,0.13855721801519394,78,0.059855709176304235,0.9234174566802174
station_wake_L5,Hard-switch stage-aware SAC,strict_hard_switch_v1,hard_switch_v1,0,68,9068,1250068,station_wake,5,0.0,0.0,0.1,1,1,0,0,1,0,58,0.25,1,41,0.15449783205986023,0.11601500172113512,0.8454802632331848,0.4803724253862586,3.8486552238464355,16.849719267338514,0.2931165283892114,1.509785928027286,0.0,0.0,0.1386537131239452,0.16516596997488497,0.009744647424668074,0.02020980417728424,0.009744647424668074,0.16950194910168648,0.2632954716682434,62,0.07013984586760202,0.804368753550776
station_wake_L5,Hard-switch stage-aware SAC,strict_hard_switch_v1,hard_switch_v1,0,69,9069,1250069,station_wake,5,0.0,0.0,0.1,1,1,0,0,1,0,50,0.25,1,31,0.289430171251297,0.187328235552211,0.9940248727798462,0.5211915780347798,2.0155525766313076,11.693058013916016,0.25534592477078527,1.4627056815513797,0.0,0.15000000000000002,0.14406584182893564,0.16006877275731857,0.004185042716562748,0.005646524019539356,0.004185042716562748,0.015583740547299385,0.021572858095169067,54,0.08226987838038242,1.3089232585543746
station_wake_L5,Hard-switch stage-aware SAC,strict_hard_switch_v1,hard_switch_v1,0,70,9070,1250070,station_wake,5,0.0,0.0,0.1,1,1,0,0,1,0,39,0.25,1,23,0.2912183701992035,0.228716826206918,0.8259868621826172,0.6006326203478651,3.301498293876648,18.34314525127411,0.4978115288260383,2.885213797788421,0.0,0.8,0.16294135849436878,0.1904803639339042,0.18117429316043854,0.2178172618150711,0.18117429316043854,0.34852075576782227,0.406394898891449,43,0.07504054139517036,2.709918107450756
station_wake_L5,Hard-switch stage-aware SAC,strict_hard_switch_v1,hard_switch_v1,0,71,9071,1250071,station_wake,5,0.0,0.0,0.1,1,1,0,0,1,0,34,0.25,1,19,0.2096678614616394,0.19719900072533314,0.5576348304748535,0.19413426503894116,3.9111971110105515,11.956807598471642,0.5393469534909858,2.2352744400570894,0.0,0.55,0.16554325982421964,0.21364329108376937,0.1319332405924797,0.15667405724525452,0.1319332405924797,0.24680876731872559,0.31191006302833557,38,0.05402183655432243,1.2222321497310455
station_wake_L5,Hard-switch stage-aware SAC,strict_hard_switch_v1,hard_switch_v1,0,72,9072,1250072,station_wake,5,0.0,0.0,0.1,1,1,0,0,1,0,47,0.25,1,28,0.4968027174472809,0.3831243809887681,1.0927850008010864,0.5570941240602675,2.652571201324463,13.959781378507614,0.2695716504385948,1.8775812098698383,0.0,0.6000000000000001,0.17446212482617468,0.1981424290512009,0.04727693721652031,0.06450750678777695,0.04727693721652031,0.15353178977966309,0.21725289523601532,51,0.07553493646050095,2.242532317971603
station_wake_L5,Hard-switch stage-aware SAC,strict_hard_switch_v1,hard_switch_v1,0,73,9073,1250073,station_wake,5,0.0,0.0,0.1,1,1,0,0,1,0,35,0.25,1,23,0.21659386157989502,0.17109226726767843,1.254713088274002,0.6930664157219986,2.9742181301116943,16.57400816679001,0.4753036412828214,2.8938603810887313,0.0,0.6000000000000001,0.21100331039597853,0.2983458273674,0.15968652367591857,0.18462523818016052,0.15968652367591857,0.3350977897644043,0.6126609444618225,39,0.0677233450514834,2.7265218704362337
station_wake_L5,Hard-switch stage-aware SAC,strict_hard_switch_v1,hard_switch_v1,0,74,9074,1250074,station_wake,5,0.0,0.0,0.1,1,1,0,0,1,0,55,0.25,1,40,0.3278774321079254,0.22140850173641388,0.6595483422279358,0.40912202845970863,5.287342369556427,19.26004085689783,0.31858434197838104,1.5642417874681456,0.0,0.4,0.1532564747394539,0.20670869839860187,0.0833895668387413,0.10610441863536835,0.0833895668387413,0.20905250310897827,0.2558334171772003,59,0.05877149537474862,1.2628043271745677
station_wake_L5,Hard-switch stage-aware SAC,strict_hard_switch_v1,hard_switch_v1,0,75,9075,1250075,station_wake,5,0.0,0.0,0.1,1,1,0,0,1,0,63,0.25,1,48,0.13514463603496552,0.0774192484088403,0.6501626968383789,0.48591865486954594,1.5902313590049744,7.143961191177368,0.2100585532340585,1.24574671015418,0.7833271818737881,0.25,0.165109563067035,0.2093272405701557,0.0709218680858612,0.10368456691503525,0.0709218680858612,0.3207603394985199,0.36848053336143494,67,0.06905696749054419,0.7833271818737881
station_wake_L5,Hard-switch stage-aware SAC,strict_hard_switch_v1,hard_switch_v1,0,76,9076,1250076,station_wake,5,0.0,0.0,0.1,1,1,0,0,1,0,52,0.25,1,37,0.10685469955205917,0.07434135658844263,0.46385377645492554,0.28366524142709765,2.9820144176483154,10.202756375074387,0.18782621192248194,1.1670566395804003,0.5111004942711154,0.0,0.14516473353669762,0.17822009427851154,0.0022729027783498167,0.008587250486016273,0.0022729027783498167,0.06421035947278142,0.1603415049612522,56,0.06834035619150172,0.5074552543275913
station_wake_L5,Hard-switch stage-aware SAC,strict_hard_switch_v1,hard_switch_v1,0,77,9077,1250077,station_wake,5,0.0,0.0,0.1,1,1,0,0,1,0,59,0.25,1,45,0.24577194452285767,0.1679242331220875,0.5603083968162537,0.39918162225852616,2.9321922874078155,9.981859885156155,0.18184653398931327,1.0594655735434455,0.0,0.0,0.16784048572623297,0.23017202827272162,0.052698627859354016,0.058580219745635986,0.052698627859354016,0.15675674378871918,0.25616563856601715,63,0.05599988722297636,1.015147644285429
station_wake_L5,Hard-switch stage-aware SAC,strict_hard_switch_v1,hard_switch_v1,0,78,9078,1250078,station_wake,5,0.0,0.0,0.1,1,1,0,0,1,0,71,0.25,1,57,0.17931333184242249,0.12651744461299122,0.9088513255119324,0.5714907505916861,1.4739567041397095,9.058491736650467,0.2379227413712203,1.606106427194092,3.0175487604510725,0.0,0.18276900173780564,0.24955540558869607,0.06251268237829208,0.07522507756948471,0.06251268237829208,0.2940624952316284,0.5587838590145111,75,0.06704133327281538,2.1010607441272446
station_wake_L5,Hard-switch stage-aware SAC,strict_hard_switch_v1,hard_switch_v1,0,79,9079,1250079,station_wake,5,0.0,0.0,0.1,1,1,0,0,1,0,34,0.25,1,23,1.3296838998794556,1.1181679558193187,2.320159673690796,1.6738878109397706,10.22055372595787,36.26535177230835,0.5564975796454676,3.2213208337492945,0.0,0.30000000000000004,0.24893522645276903,0.35763596927522817,0.07269626185297966,0.09856577217578888,0.07269626185297966,0.4192821532487869,1.0588714480400085,38,0.05169316646724104,0.39466268431276436
station_wake_L5,Hard-switch stage-aware SAC,strict_hard_switch_v1,hard_switch_v1,0,80,9080,1250080,station_wake,5,0.0,0.0,0.1,1,1,0,0,1,0,29,0.25,1,14,0.1322304904460907,0.09087462474940076,0.31275510787963867,0.1913062870383142,2.6461560279130936,8.684111090842634,0.26154090214207054,1.8161407450550948,0.0,0.6000000000000001,0.2138441958867266,0.27937820757261433,0.1623218536376953,0.189027339220047,0.1623218536376953,0.30241328477859497,0.5212312936782837,33,0.06001707076098308,1.1334535643426316
station_wake_L5,Hard-switch stage-aware SAC,strict_hard_switch_v1,hard_switch_v1,0,81,9081,1250081,station_wake,5,0.0,0.0,0.1,1,1,0,0,1,0,52,0.25,1,39,0.4697427749633789,0.28965307235457194,0.9657055139541626,0.8316377016485417,3.9291274547576904,14.697199761867523,0.27975521474762705,1.459339111125181,0.0,0.25,0.16290051955734555,0.21460546262098204,0.11612962782382966,0.1315876543521881,0.11612962782382966,0.15588706731796265,0.29611513018608093,56,0.048027471913782614,1.6888204079028937
station_wake_L5,Hard-switch stage-aware SAC,strict_hard_switch_v1,hard_switch_v1,0,82,9082,1250082,station_wake,5,0.0,0.0,0.1,1,1,0,0,1,0,46,0.25,1,30,0.6153010129928589,0.48545607439121724,1.1059582233428955,0.7935413280043483,5.348019301891327,19.926864951848984,0.30786256199148493,2.1950321337303897,0.1783193371788798,0.5,0.10948453982411095,0.14271062232478973,0.12313141822814941,0.16570250689983368,0.12313141822814941,0.3987152874469757,0.44999197125434875,50,0.07665665748768871,0.1783193371788798
station_wake_L5,Hard-switch stage-aware SAC,strict_hard_switch_v1,hard_switch_v1,0,83,9083,1250083,station_wake,5,0.0,0.0,0.1,1,1,0,0,1,0,44,0.25,1,27,0.7403250336647034,0.4404847377084786,2.0516717433929443,1.3200482291452575,4.103633016347885,20.016988515853882,0.7301464021016767,2.9198851524711946,0.0,0.8500000000000001,0.10894590805903863,0.11093086218319266,0.18901817202568055,0.2531956136226654,0.18901817202568055,0.6546014547348022,0.906333327293396,48,0.06993449442845727,2.8891055590051016
station_wake_L5,Hard-switch stage-aware SAC,strict_hard_switch_v1,hard_switch_v1,0,84,9084,1250084,station_wake,5,0.0,0.0,0.1,1,1,0,0,1,0,37,0.25,1,21,0.11990760266780853,0.07996072490633677,0.5918745324015617,0.3717845454992703,2.917112410068512,13.58042761683464,0.4004745536272168,2.095702471050929,0.0,0.4,0.17183661077957024,0.22433902537275466,0.03799339681863785,0.05457931011915207,0.03799339681863785,0.15659937262535095,0.2512728422880173,41,0.08204965751332048,3.2001128867763433
station_wake_L5,Hard-switch stage-aware SAC,strict_hard_switch_v1,hard_switch_v1,0,85,9085,1250085,station_wake,5,0.0,0.0,0.1,1,1,0,0,1,0,60,0.25,1,41,0.36389434337615967,0.23830736359160531,0.7527366280555725,0.6037293960062464,2.4132073298096657,9.083752185106277,0.29334556059628053,1.7326877395715388,0.0,0.0,0.1429060348539647,0.16795504751759063,0.044882870838046075,0.06127289682626724,0.044882870838046075,0.16998394578695297,0.20179405808448792,64,0.07399714038763254,0.4528191304136313
station_wake_L5,Hard-switch stage-aware SAC,strict_hard_switch_v1,hard_switch_v1,0,86,9086,1250086,station_wake,5,0.0,0.0,0.1,1,1,0,0,1,0,32,0.25,1,11,1.1085004806518555,0.8549841653367097,1.44575834274292,1.1921367580556195,0.8503222465515137,2.3580920696258545,0.17538853779340793,1.0529261593652794,0.0,1.05,0.13769701334343493,0.15698945252345162,0.2131337583065033,0.26134249567985535,0.2131337583065033,0.48302018642425537,0.6039732694625854,36,0.05737658415771817,2.5661851006608885
station_wake_L5,Hard-switch stage-aware SAC,strict_hard_switch_v1,hard_switch_v1,0,87,9087,1250087,station_wake,5,0.0,0.0,0.1,1,1,0,0,1,0,58,0.25,1,41,0.32580795884132385,0.16764399015107284,1.0814803838729858,0.7075430051568815,3.059367835521698,10.542709231376648,0.2648284455321395,1.5341686349496155,0.0,0.0,0.1793559123692022,0.21884470066330527,0.047076189517974855,0.053775571286678314,0.047076189517974855,0.06797878444194794,0.11403858661651611,62,0.0684784871099064,0.2730381994534349
station_wake_L5,Hard-switch stage-aware SAC,strict_hard_switch_v1,hard_switch_v1,0,88,9088,1250088,station_wake,5,0.0,0.0,0.1,1,1,0,0,1,0,48,0.25,1,33,0.2119782418012619,0.15734861817406592,1.5648314356803894,1.0114376836600865,2.8231438994407654,15.90002991259098,0.30905697152622363,1.7186929746519197,0.0,0.4,0.10862674153962046,0.1530696998565306,0.11444595456123352,0.13871343433856964,0.11444595456123352,0.2353980839252472,0.28791770339012146,52,0.06448941625286767,0.3432055332097692
station_wake_L5,Hard-switch stage-aware SAC,strict_hard_switch_v1,hard_switch_v1,0,89,9089,1250089,station_wake,5,0.0,0.0,0.1,1,1,0,0,1,0,53,0.25,1,37,0.19809892773628235,0.14454816863942488,1.3664518296718597,0.6408067514630327,5.5048926174640656,20.84497720003128,0.28232467217106116,1.8765744652606353,0.0,0.45,0.15497358136974995,0.19058319323098896,0.0868216648697853,0.11135823279619217,0.0868216648697853,0.20388394594192505,0.26721999049186707,57,0.07986893275263937,1.456068691886604
station_wake_L5,Hard-switch stage-aware SAC,strict_hard_switch_v1,hard_switch_v1,0,90,9090,1250090,station_wake,5,0.0,0.0,0.1,1,1,0,0,1,0,34,0.25,0,-1,nan,nan,nan,nan,nan,nan,nan,nan,0.0,nan,0.09622910608980262,0.10938299783108332,0.17834297716617584,0.2286292463541031,0.17834297716617584,0.5065405964851379,0.6359532475471497,38,0.045770433980032985,2.590665138976449
station_wake_L5,Hard-switch stage-aware SAC,strict_hard_switch_v1,hard_switch_v1,0,91,9091,1250091,station_wake,5,0.0,0.0,0.1,1,1,0,0,1,0,55,0.25,1,40,0.5131406784057617,0.308395274618782,1.1840617656707764,0.8737114584568102,1.542183756828308,5.916564762592316,0.15852298264085793,0.802820159204499,1.505113612273821,0.0,0.17724718523747207,0.22881951570391876,0.05457633212208748,0.07540637999773026,0.05457633212208748,0.1687033623456955,0.23521296679973602,59,0.06159467485751537,0.39898075125038757
station_wake_L5,Hard-switch stage-aware SAC,strict_hard_switch_v1,hard_switch_v1,0,92,9092,1250092,station_wake,5,0.0,0.0,0.1,1,1,0,0,1,0,60,0.25,1,41,0.3983560800552368,0.2421992978275204,1.6400033235549927,1.4728200081413254,6.425341963768005,16.051155626773834,0.6345516739458068,2.8045122683761465,0.0,0.65,0.17266232503520856,0.19697372133981428,0.07871831804513932,0.08664069324731827,0.07871831804513932,0.0855385959148407,0.15503153204917908,64,0.06193087882302571,0.4775301678613556
station_wake_L5,Hard-switch stage-aware SAC,strict_hard_switch_v1,hard_switch_v1,0,93,9093,1250093,station_wake,5,0.0,0.0,0.1,1,1,0,0,1,0,67,0.25,1,50,0.16869135200977325,0.101488411249868,1.027703881263733,0.7059657810156604,2.0901381969451904,9.432337880134583,0.2731649607947062,1.3118164122363865,0.0,0.55,0.13890557199873418,0.19251233933300638,0.12635763436555864,0.15677331387996674,0.12635763436555864,0.2829866409301758,0.3564918041229248,71,0.063799125783004,0.42004692228055807
station_wake_L5,Hard-switch stage-aware SAC,strict_hard_switch_v1,hard_switch_v1,0,94,9094,1250094,station_wake,5,0.0,0.0,0.1,1,1,0,0,1,0,54,0.25,1,43,0.1153375431895256,0.0926616229481402,1.151844635605812,0.5644177452898007,3.1657931208610535,13.906607180833817,0.3074240529190563,1.7749424653357082,1.184389913521413,0.0,0.26742363587927004,0.37094841180725935,0.004628966562449932,0.007749184034764767,0.004628966562449932,0.08910086750984192,0.16701435670256615,58,0.03217004850711496,1.159461537319865
station_wake_L5,Hard-switch stage-aware SAC,strict_hard_switch_v1,hard_switch_v1,0,95,9095,1250095,station_wake,5,0.0,0.0,0.1,1,1,0,0,1,0,56,0.25,1,42,0.25990062952041626,0.15071156828378515,0.777742862701416,0.5498451955960177,1.9886282086372375,7.949492633342743,0.3330308909253118,1.9511659492407374,0.0,0.0,0.1258300038008427,0.19611276688230464,0.02240728251636028,0.027944467961788177,0.02240728251636028,0.12162139639258385,0.23115456104278564,60,0.07123104688305903,1.4956916864789056
station_wake_L5,Hard-switch stage-aware SAC,strict_hard_switch_v1,hard_switch_v1,0,96,9096,1250096,station_wake,5,0.0,0.0,0.1,1,1,0,0,1,0,48,0.25,1,32,0.2678995728492737,0.2317846646557156,0.461733341217041,0.28111832297411815,2.9556602239608765,13.210393413901329,0.2419320490227745,1.6778527509110084,0.0,0.7000000000000001,0.17015779925010238,0.22010270378899047,0.10273532122373581,0.11034799367189407,0.10273532122373581,0.1656295657157898,0.26321694254875183,52,0.07425574321435409,3.1662853076947974
station_wake_L5,Hard-switch stage-aware SAC,strict_hard_switch_v1,hard_switch_v1,0,97,9097,1250097,station_wake,5,0.0,0.0,0.1,1,1,0,0,1,0,50,0.25,1,35,0.24286867678165436,0.15565618939300785,1.1832377314567566,0.9160713841843381,1.9989952445030212,8.60884815454483,0.5185624170505125,2.761768264996318,0.0,0.2,0.1473549684694851,0.18624413610794613,0.01681648604571819,0.01942124217748642,0.01681648604571819,0.06474367529153824,0.1294955238699913,54,0.0736876383688358,0.602069435948988
station_wake_L5,Hard-switch stage-aware SAC,strict_hard_switch_v1,hard_switch_v1,0,98,9098,1250098,station_wake,5,0.0,0.0,0.1,1,1,0,0,1,0,84,0.25,1,57,0.35412687063217163,0.25981557949515915,0.773269534111023,0.5843050132904215,3.9830489829182625,16.391634345054626,0.4563035193427577,1.7822321428717087,0.0,0.0,0.1129609533436883,0.11998664242211354,0.004338848311454058,0.005497246980667114,0.004338848311454058,0.011162091046571732,0.016484316438436508,88,0.09019248653749425,0.9792848822746308
station_wake_L5,Hard-switch stage-aware SAC,strict_hard_switch_v1,hard_switch_v1,0,99,9099,1250099,station_wake,5,0.0,0.0,0.1,1,1,0,0,1,0,42,0.25,1,22,0.6525638103485107,0.6210328375698503,0.6356930732727051,0.32504135472185497,3.836481086909771,14.10831805318594,0.5111138367255329,2.3052531480443452,1.377255992827473,0.5,0.1558592057261402,0.1787584553470075,0.03243041113018989,0.05311420559883118,0.03243041113018989,0.2189427614212036,0.3274357318878174,46,0.08277125160549961,1.377255992827473
station_wake_L5,Hard-switch stage-aware SAC,strict_hard_switch_v1,hard_switch_v1,1,0,9000,1250000,station_wake,5,0.0,0.0,0.1,1,1,0,0,1,0,47,0.25,1,32,0.27584096789360046,0.21271056313048006,0.5468583106994629,0.3894014214391988,2.673976495862007,8.597227931022644,0.36376959474503373,2.08553803654487,0.31752458221947666,0.0,0.1261510453934002,0.16882022148922943,0.006284615863114596,0.011765125207602978,0.006284615863114596,0.1068764366209507,0.2732467092573643,51,0.06410980941583956,0.23490466634787188
station_wake_L5,Hard-switch stage-aware SAC,strict_hard_switch_v1,hard_switch_v1,1,1,9001,1250001,station_wake,5,0.0,0.0,0.1,1,1,0,0,1,0,39,0.25,1,29,0.7594082951545715,0.48251622409873374,1.5722966194152832,1.1411588571754194,5.526961982250214,18.871714919805527,0.4264675808953921,2.852687044550669,3.6039856009371936,0.05,0.42852664630384246,0.5219051790483373,0.12714484110474586,0.2354356050491333,0.12714484110474586,1.0507050305604935,1.2627385556697845,43,0.05756786904536677,3.6039856009371936
station_wake_L5,Hard-switch stage-aware SAC,strict_hard_switch_v1,hard_switch_v1,1,2,9002,1250002,station_wake,5,0.0,0.0,0.1,1,1,0,0,1,0,43,0.25,1,27,0.15591491758823395,0.13837892506738694,0.5586302280426025,0.18780928565774307,4.4257766008377075,13.434287756681442,0.28841143828650356,1.8328569779318222,0.4656337925961917,0.25,0.15002404507066658,0.1857903566511257,0.07622073069214821,0.0918520838022232,0.07622073069214821,0.17858420312404633,0.24760812520980835,47,0.07441064235271927,0.4656337925961917
station_wake_L5,Hard-switch stage-aware SAC,strict_hard_switch_v1,hard_switch_v1,1,3,9003,1250003,station_wake,5,0.0,0.0,0.1,1,1,0,0,1,0,57,0.25,1,43,0.24531812965869904,0.22089096459904883,0.32483547925949097,0.1845339039669019,1.7044326663017273,7.107917340472341,0.16914110690484171,1.159496683636128,0.07579892477860903,0.1,0.177644827596677,0.24425164342138866,0.05057053789496422,0.06383593380451202,0.05057053789496422,0.12813153862953186,0.29412783682346344,61,0.05138166098008901,0.07579892477860903
station_wake_L5,Hard-switch stage-aware SAC,strict_hard_switch_v1,hard_switch_v1,1,4,9004,1250004,station_wake,5,0.0,0.0,0.1,1,1,0,0,1,0,58,0.25,1,40,0.45892924070358276,0.31243249755416813,0.7977139949798584,0.6455334247417156,2.9807043075561523,12.44138389825821,0.2770363159156317,1.0659802872793267,2.6657566655983924,0.0,0.13066746115223174,0.17040325446113894,0.0652652032673359,0.0829647108912468,0.0652652032673359,0.1941586285829544,0.3129000961780548,62,0.07332810981648794,0.7512217709584375
station_wake_L5,Hard-switch stage-aware SAC,strict_hard_switch_v1,hard_switch_v1,1,5,9005,1250005,station_wake,5,0.0,0.0,0.1,1,1,0,0,1,0,56,0.25,1,39,0.0433153361082077,0.023815775849167966,0.47494761645793915,0.28464164017756255,2.7761521842330694,13.572589447721839,0.2513402469239062,1.589903688510635,0.0,0.8500000000000001,0.20768121830635078,0.25098590189974945,0.08975022435188293,0.11222769320011139,0.08975022435188293,0.2214031219482422,0.28625860810279846,60,0.06838005910385501,3.9681644572931036
station_wake_L5,Hard-switch stage-aware SAC,strict_hard_switch_v1,hard_switch_v1,1,6,9006,1250006,station_wake,5,0.0,0.0,0.1,1,1,0,0,1,0,28,0.25,0,-1,nan,nan,nan,nan,nan,nan,nan,nan,0.0,nan,0.15470800963792414,0.2004788039593269,0.15795016586780547,0.190832257270813,0.15795016586780547,0.3456965684890747,0.4170474410057068,32,0.07295793141699562,1.4902081117924433
station_wake_L5,Hard-switch stage-aware SAC,strict_hard_switch_v1,hard_switch_v1,1,7,9007,1250007,station_wake,5,0.0,0.0,0.1,1,1,0,0,1,0,59,0.25,1,42,0.19483280181884766,0.1403363945326528,1.3647551834583282,0.9479250986874164,5.768822804093361,27.025359869003296,0.3123075994876456,1.899550627648407,3.7705179926199754,0.0,0.1496014357082242,0.17546151798036272,0.09200658649206161,0.10718236863613129,0.09200658649206161,0.3879019618034363,0.9826058149337769,63,0.08171768575387395,2.331554655736022
station_wake_L5,Hard-switch stage-aware SAC,strict_hard_switch_v1,hard_switch_v1,1,8,9008,1250008,station_wake,5,0.0,0.0,0.1,1,1,0,0,1,0,37,0.25,1,25,0.21528512239456177,0.18448159864939256,0.8532679080963135,0.44085111034686364,3.0912137031555176,15.982423424720764,0.46853485247993104,2.5078491080321803,0.0,0.6000000000000001,0.18693062990305817,0.2708064959534174,0.07565772831439972,0.08036014437675476,0.07565772831439972,0.13418427109718323,0.3157162666320801,41,0.058123767001520284,4.081931930090244
station_wake_L5,Hard-switch stage-aware SAC,strict_hard_switch_v1,hard_switch_v1,1,9,9009,1250009,station_wake,5,0.0,0.0,0.1,1,1,0,0,1,0,47,0.25,1,24,0.04642369970679283,0.035253823923844727,0.3632361441850662,0.1314117384985501,2.4633027613162994,5.378116108477116,0.3253623329670163,1.6457644694725957,0.0,0.0,0.12385166560567233,0.1425183330062666,0.041436437517404556,0.05506674200296402,0.041436437517404556,0.1288510113954544,0.17387256026268005,51,0.08641668544045283,0.42597517963458537
station_wake_L5,Hard-switch stage-aware SAC,strict_hard_switch_v1,hard_switch_v1,1,10,9010,1250010,station_wake,5,0.0,0.0,0.1,1,1,0,0,1,0,32,0.25,0,-1,nan,nan,nan,nan,nan,nan,nan,nan,0.0,nan,0.11394094476362711,0.15409643096639924,0.17585583925247192,0.22782748937606812,0.17585583925247192,0.5195684432983398,0.7071322202682495,36,0.03966338703297912,2.9736940367811244
station_wake_L5,Hard-switch stage-aware SAC,strict_hard_switch_v1,hard_switch_v1,1,11,9011,1250011,station_wake,5,0.0,0.0,0.1,1,1,0,0,1,0,50,0.25,1,31,0.7261762022972107,0.6512142641781886,1.314256191253662,0.6909196412211427,3.4270936250686646,20.26491105556488,0.35029831330260003,2.314779355456168,4.163533907651679,0.1,0.1820891643173734,0.221211095159478,0.05382838994264603,0.06864433735609055,0.05382838994264603,0.15068963170051575,0.17947480082511902,54,0.07678971664380106,2.179595966751344
station_wake_L5,Hard-switch stage-aware SAC,strict_hard_switch_v1,hard_switch_v1,1,12,9012,1250012,station_wake,5,0.0,0.0,0.1,1,1,0,0,1,0,53,0.25,1,41,0.17721399664878845,0.1307154503192554,1.427152156829834,0.7493190502895062,3.478182405233383,24.261586889624596,0.33820993734798044,2.2551277853821894,0.0,0.15000000000000002,0.2566549228019873,0.3564193965779831,0.07227891683578491,0.07801497727632523,0.07227891683578491,0.0664457380771637,0.1441742479801178,57,0.06365819287341712,1.606080563514417
station_wake_L5,Hard-switch stage-aware SAC,strict_hard_switch_v1,hard_switch_v1,1,13,9013,1250013,station_wake,5,0.0,0.0,0.1,1,1,0,0,1,0,52,0.25,1,41,0.19382968544960022,0.1504317512320977,1.5485195815563202,0.9349783008689031,3.5589325428009033,16.54975175857544,0.5944309882551704,2.962145236100476,0.0,0.25,0.2655347174966042,0.38622787244470586,0.07055286318063736,0.08699487149715424,0.07055286318063736,0.1998395025730133,0.40956199169158936,56,0.08665915210185886,1.4671262345443257
station_wake_L5,Hard-switch stage-aware SAC,strict_hard_switch_v1,hard_switch_v1,1,14,9014,1250014,station_wake,5,0.0,0.0,0.1,1,1,0,0,1,0,54,0.25,1,37,0.3885470926761627,0.33408419168036624,0.8154821395874023,0.4149713652879675,3.8866041600704193,15.975725948810577,0.19719081663079926,1.3252439849362811,0.0,0.35000000000000003,0.1773098557695309,0.2089462473688791,0.04578075483441353,0.047278884798288345,0.04578075483441353,0.03119581937789917,0.047772377729415894,58,0.07105647232336657,2.380729883325998
station_wake_L5,Hard-switch stage-aware SAC,strict_hard_switch_v1,hard_switch_v1,1,15,9015,1250015,station_wake,5,0.0,0.0,0.1,1,1,0,0,1,0,50,0.25,1,35,0.31304094195365906,0.27782750328401923,0.517081618309021,0.2601495016625927,2.511574551463127,8.769929558038712,0.23101106859115672,1.3046327567284839,0.0,0.4,0.20584412720077636,0.2758567663541369,0.05331112332642078,0.09995116293430328,0.05331112332642078,0.46985286474227905,0.6912654638290405,54,0.06804550068277362,0.30452569169231103
station_wake_L5,Hard-switch stage-aware SAC,strict_hard_switch_v1,hard_switch_v1,1,16,9016,1250016,station_wake,5,0.0,0.0,0.1,1,1,0,0,1,0,44,0.25,1,17,1.2368216514587402,1.053980947464325,1.0561740398406982,0.8416727612347266,0.9494912624359131,3.649303913116455,0.35835681512953604,2.0049244932033226,0.0,0.9,0.09570280813505463,0.10351332500394818,0.059168197214603424,0.07607495039701462,0.059168197214603424,0.17095565795898438,0.2215920388698578,48,0.09090203696006575,0.18678504983020647
station_wake_L5,Hard-switch stage-aware SAC,strict_hard_switch_v1,hard_switch_v1,1,17,9017,1250017,station_wake,5,0.0,0.0,0.1,1,1,0,0,1,0,47,0.25,1,31,0.13600513339042664,0.07638695486578574,0.9208882600069046,0.5032899035279733,6.070487350225449,29.87710729241371,0.3405995262384693,1.9749506092456883,1.0236667044494332,0.0,0.18277016661891787,0.22482626159023206,0.019628655165433884,0.021637361496686935,0.019628655165433884,0.03050946444272995,0.06423577666282654,51,0.07143799038865625,1.0236667044494332
station_wake_L5,Hard-switch stage-aware SAC,strict_hard_switch_v1,hard_switch_v1,1,18,9018,1250018,station_wake,5,0.0,0.0,0.1,1,1,0,0,1,0,47,0.25,1,31,0.46950599551200867,0.38951831169761403,0.993657112121582,0.6310117339777008,5.300661027431488,21.536194682121277,0.35077483390734643,2.0447037784154776,3.27525542637365,0.0,0.2279500918676538,0.2807929917143408,0.0858851507306099,0.09188399463891983,0.0858851507306099,0.09104982018470764,0.15554890036582947,51,0.0681337108333699,1.529995777976766
station_wake_L5,Hard-switch stage-aware SAC,strict_hard_switch_v1,hard_switch_v1,1,19,9019,1250019,station_wake,5,0.0,0.0,0.1,1,1,0,0,1,0,39,0.25,1,29,0.12202942371368408,0.07655587679511264,0.6081301718950272,0.42469594665908406,3.8740019500255585,18.283040365204215,0.3428550102749765,2.42140230186261,0.0,0.0,0.366897428106343,0.5062581098777406,0.03820260651409626,0.06451249867677689,0.03820260651409626,0.19224201142787933,0.3958277404308319,43,0.04536039532780453,3.390365671672933
station_wake_L5,Hard-switch stage-aware SAC,strict_hard_switch_v1,hard_switch_v1,1,20,9020,1250020,station_wake,5,0.0,0.0,0.1,1,1,0,0,1,0,35,0.25,1,20,0.9164398312568665,0.7574865328345024,1.0808193683624268,0.7579724913093531,5.970406234264374,23.880798819009215,0.4301611624083569,3.3361629912119426,0.0,0.65,0.19358220071278942,0.234797149371941,0.16277510821819305,0.1995318979024887,0.16277510821819305,0.36740654706954956,0.42398601770401,39,0.06748082983979777,1.6378509749953198
station_wake_L5,Hard-switch stage-aware SAC,strict_hard_switch_v1,hard_switch_v1,1,21,9021,1250021,station_wake,5,0.0,0.0,0.1,1,1,0,0,1,0,73,0.25,1,43,0.2231396585702896,0.17312050422608546,0.8346512913703918,0.5159683702234311,2.645769864320755,15.561736822128296,0.3156416140170505,1.7838478537341453,0.0,1.5,0.1012958914701072,0.10991002867783824,0.08485234379768372,0.09797728806734085,0.08485234379768372,0.13136035203933716,0.16851380467414856,77,0.052448427012653204,3.9586418929296365
station_wake_L5,Hard-switch stage-aware SAC,strict_hard_switch_v1,hard_switch_v1,1,22,9022,1250022,station_wake,5,0.0,0.0,0.1,1,1,0,0,1,0,39,0.25,1,22,0.19111713767051697,0.13225091451159907,0.7053200155496597,0.4664371677495723,1.7658628523349762,12.20297783613205,0.16464422718119584,1.3867101057154894,0.0,0.0,0.14877580629696638,0.18065154535845432,0.026117299497127534,0.03987162187695503,0.026117299497127534,0.1059669591486454,0.17220627516508102,43,0.07540025761529141,2.872669562541112
station_wake_L5,Hard-switch stage-aware SAC,strict_hard_switch_v1,hard_switch_v1,1,23,9023,1250023,station_wake,5,0.0,0.0,0.1,1,1,0,0,1,0,56,0.25,1,40,0.14236052334308624,0.06154740663479514,0.866054892539978,0.5370176668138169,2.91753888130188,18.11629295349121,0.24082564623837086,1.7025094661191575,2.7976508201225117,0.0,0.12533592430351567,0.15557920111209747,0.011186732165515422,0.025517873466014862,0.011186732165515422,0.16593922302126884,0.20052602514624596,60,0.07371741800126025,2.7723001461311862
station_wake_L5,Hard-switch stage-aware SAC,strict_hard_switch_v1,hard_switch_v1,1,24,9024,1250024,station_wake,5,0.0,0.0,0.1,1,1,0,0,1,0,58,0.25,1,37,0.16140244901180267,0.11408292355023437,0.6567937135696411,0.4271701274683257,3.6424078047275543,18.168456554412842,0.4343934666323076,2.5804626399527755,0.0,0.9500000000000001,0.1427458648671888,0.1553370919108707,0.1524828404188156,0.20397134125232697,0.1524828404188156,0.4728829860687256,0.6419259309768677,62,0.08287017187382147,1.963715885202043
station_wake_L5,Hard-switch stage-aware SAC,strict_hard_switch_v1,hard_switch_v1,1,25,9025,1250025,station_wake,5,0.0,0.0,0.1,1,1,0,0,1,0,36,0.25,1,23,0.6185800433158875,0.3643723766214737,1.5311485528945923,1.0445640932939684,2.9652321338653564,16.356498301029205,0.25050735020175374,1.6156279832148857,0.33472782770675535,0.1,0.19298797572434195,0.26853756578960386,0.07170363813638687,0.08418245613574982,0.07170363813638687,0.15040069818496704,0.34145042300224304,40,0.04489046789352985,0.33472782770675535
station_wake_L5,Hard-switch stage-aware SAC,strict_hard_switch_v1,hard_switch_v1,1,26,9026,1250026,station_wake,5,0.0,0.0,0.1,1,1,0,0,1,0,42,0.25,1,23,1.093476414680481,0.6986107821984394,2.1955549716949463,1.670975237941867,6.659442484378815,31.309381127357483,0.6164917470581824,3.075277252437112,3.1842762394120223,0.0,0.1650460053877901,0.18152631096981933,0.07997382134199142,0.08147117495536804,0.07997382134199142,0.03731688857078552,0.07972642779350281,46,0.07868635095945707,1.2758516960365844
station_wake_L5,Hard-switch stage-aware SAC,strict_hard_switch_v1,hard_switch_v1,1,27,9027,1250027,station_wake,5,0.0,0.0,0.1,1,1,0,0,1,0,39,0.25,1,20,0.5974343419075012,0.41028404809134933,1.4677029848098755,1.121892846479341,7.5808365643024445,21.183220148086548,0.5767510718568055,2.8103277693401987,0.0,0.5,0.11856897147928377,0.1394300768849875,0.053015579283237454,0.06810683757066727,0.053015579283237454,0.15043239295482635,0.19967779517173767,43,0.09224148369819744,1.9444120630602946
station_wake_L5,Hard-switch stage-aware SAC,strict_hard_switch_v1,hard_switch_v1,1,28,9028,1250028,station_wake,5,0.0,0.0,0.1,1,1,0,0,1,0,39,0.25,1,26,0.6813772320747375,0.49768710293259427,0.981365442276001,0.7887043475483901,1.9045017659664154,12.743885358795524,0.2903796805572739,2.0281005816671565,0.0,0.35000000000000003,0.21790974395907908,0.2888017587032265,0.0717410109937191,0.08043857663869858,0.0717410109937191,0.14561210572719574,0.22247746586799622,43,0.06939221598019983,1.367818805828631
station_wake_L5,Hard-switch stage-aware SAC,strict_hard_switch_v1,hard_switch_v1,1,29,9029,1250029,station_wake,5,0.0,0.0,0.1,1,1,0,0,1,0,43,0.25,1,25,0.9011577367782593,0.6291221771021885,1.3889849185943604,1.2340373132558249,3.9663179963827133,16.45228646695614,0.3018825752445448,2.147166574104337,1.0968795021628,0.2,0.1544474185936246,0.18393384776153648,0.018718386255204677,0.03811445087194443,0.018718386255204677,0.205104511231184,0.2384530007839203,47,0.07562233299017995,1.0933299382285089
station_wake_L5,Hard-switch stage-aware SAC,strict_hard_switch_v1,hard_switch_v1,1,30,9030,1250030,station_wake,5,0.0,0.0,0.1,1,1,0,0,1,0,46,0.25,1,32,0.3835327625274658,0.31403193948632585,0.8174258470535278,0.5292304813346894,4.42336767911911,17.81235620379448,0.44565063329726584,2.198275550436105,3.0040444092448992,0.0,0.0984819270243901,0.1482471998742251,0.04573413953185081,0.07946696877479553,0.04573413953185081,0.2731199413537979,0.4555860161781311,50,0.06535489501750076,1.1417704935958857
station_wake_L5,Hard-switch stage-aware SAC,strict_hard_switch_v1,hard_switch_v1,1,31,9031,1250031,station_wake,5,0.0,0.0,0.1,1,1,0,0,1,0,61,0.25,1,41,0.7897425889968872,0.6431411676526843,2.0693913102149963,1.376858676761775,6.519547253847122,33.426451683044434,0.33157006030144087,2.4368895977083604,0.0,1.0,0.09398015371842593,0.11343318637499374,0.15151321291923522,0.19630470871925354,0.15151321291923522,0.43493443727493286,0.4803881049156189,65,0.07316443291575266,3.1069416359779645
station_wake_L5,Hard-switch stage-aware SAC,strict_hard_switch_v1,hard_switch_v1,1,32,9032,1250032,station_wake,5,0.0,0.0,0.1,1,1,0,0,1,0,62,0.25,1,41,0.2811233401298523,0.19506150210039602,0.500151515007019,0.33209841895841863,3.053280934691429,12.395170778036118,0.3561530626246832,1.866440259947566,0.0,0.25,0.1344186344034827,0.1467774463924471,0.006043252255767584,0.01395568996667862,0.006043252255767584,0.0659751957282424,0.1362539827823639,66,0.08765576910342816,0.24561338911024697
station_wake_L5,Hard-switch stage-aware SAC,strict_hard_switch_v1,hard_switch_v1,1,33,9033,1250033,station_wake,5,0.0,0.0,0.1,1,1,0,0,1,0,41,0.25,0,-1,nan,nan,nan,nan,nan,nan,nan,nan,0.0,nan,0.08748076846645303,0.08914352567462759,0.11792423725128173,0.14574512839317322,0.11792423725128173,0.2806820869445801,0.34659653902053833,45,0.09579329908813804,2.2432275031630633
station_wake_L5,Hard-switch stage-aware SAC,strict_hard_switch_v1,hard_switch_v1,1,34,9034,1250034,station_wake,5,0.0,0.0,0.1,1,1,0,0,1,0,37,0.25,1,22,1.3359920978546143,1.2326699508141963,2.1235013008117676,1.0840950167327343,7.186368703842163,31.30261778831482,0.5969491480416247,2.411849864810856,0.0,0.55,0.17830230311421966,0.24431748354759705,0.09305369108915329,0.13287843763828278,0.09305369108915329,0.3732607364654541,0.5449491739273071,41,0.05369681507180777,1.108653681074844
station_wake_L5,Hard-switch stage-aware SAC,strict_hard_switch_v1,hard_switch_v1,1,35,9035,1250035,station_wake,5,0.0,0.0,0.1,1,1,0,0,1,0,65,0.25,1,42,0.25735190510749817,0.17683613024536193,1.2726561725139618,1.092116517991526,4.6539899706840515,12.846856415271759,0.288212121434993,1.9343669402389547,2.0421040453155754,0.0,0.13447587732639552,0.14713809520919258,0.008380447886884213,0.009135778062045574,0.008380447886884213,0.012537654489278793,0.01965722069144249,69,0.08529640255053107,1.881800572712434
station_wake_L5,Hard-switch stage-aware SAC,strict_hard_switch_v1,hard_switch_v1,1,36,9036,1250036,station_wake,5,0.0,0.0,0.1,1,1,0,0,1,0,30,0.25,1,12,1.2401202917099,0.9686034107658255,1.5385019779205322,1.2787709380952665,0.026428699493408203,0.18030881881713867,0.5188332183481,2.205323791851447,0.0,0.9,0.14951263317146837,0.1884408013905137,0.320220011472702,0.5325866341590881,0.320220011472702,2.094264030456543,2.36242413520813,34,0.045808945363032726,1.8608523825280048
station_wake_L5,Hard-switch stage-aware SAC,strict_hard_switch_v1,hard_switch_v1,1,37,9037,1250037,station_wake,5,0.0,0.0,0.1,1,1,0,0,1,0,45,0.25,1,28,0.851203441619873,0.6139876276503253,1.3201045989990234,0.9945630618484019,1.7568323761224747,11.266149953007698,0.38928748117586387,2.4070539547239735,0.0,0.55,0.17253800739309472,0.20912215533075734,0.04929245375096798,0.0931834727525711,0.04929245375096798,0.43611570447683334,0.7978898286819458,49,0.0743411322844495,1.0670634852798728
station_wake_L5,Hard-switch stage-aware SAC,strict_hard_switch_v1,hard_switch_v1,1,38,9038,1250038,station_wake,5,0.0,0.0,0.1,1,1,0,0,1,0,61,0.25,1,45,0.4378262758255005,0.29767962473801673,0.9659403562545776,0.8021939740238142,6.214052885770798,19.575576782226562,0.34590635052465346,1.6138792942152953,0.0,0.0,0.13144545260555776,0.16859619983156837,0.06664163768291473,0.09186741709709167,0.06664163768291473,0.183533176779747,0.2993813157081604,65,0.07300326458336542,1.3927631902860464
station_wake_L5,Hard-switch stage-aware SAC,strict_hard_switch_v1,hard_switch_v1,1,39,9039,1250039,station_wake,5,0.0,0.0,0.1,1,1,0,0,1,0,69,0.25,1,47,0.6293686628341675,0.534269964076961,1.7030823230743408,1.0554463266501344,6.9032122194767,27.43872880935669,0.3799153992892789,1.9877837839582804,0.0,0.8500000000000001,0.10206233346575896,0.10975668293189603,0.08114461004734039,0.09699006378650665,0.08114461004734039,0.16014805436134338,0.19021302461624146,73,0.08922665619624197,2.4033973601905663
station_wake_L5,Hard-switch stage-aware SAC,strict_hard_switch_v1,hard_switch_v1,1,40,9040,1250040,station_wake,5,0.0,0.0,0.1,1,1,0,0,1,0,69,0.25,1,46,0.022849105298519135,0.015416633832859027,0.29673708602786064,0.1393425052250662,1.3899828493595123,6.8292054533958435,0.2820977070322351,1.6057235365525055,0.0050832694888278095,0.75,0.08810670424247842,0.09480824270276678,0.09473749995231628,0.11436694115400314,0.09473749995231628,0.19875863194465637,0.24879023432731628,73,0.08681067013881873,0.0050832694888278095
station_wake_L5,Hard-switch stage-aware SAC,strict_hard_switch_v1,hard_switch_v1,1,41,9041,1250041,station_wake,5,0.0,0.0,0.1,1,1,0,0,1,0,55,0.25,1,38,0.21723663806915283,0.11581657884303913,1.5690189599990845,0.9067258520082906,2.135014533996582,13.096768260002136,0.49261783940275106,2.333013008375943,0.7966136607176083,0.25,0.14966091203248122,0.18813366315765104,0.02811543121933937,0.05331282317638397,0.02811543121933937,0.24533631652593613,0.4517245292663574,59,0.07675620217909937,0.7966136607176083
station_wake_L5,Hard-switch stage-aware SAC,strict_hard_switch_v1,hard_switch_v1,1,42,9042,1250042,station_wake,5,0.0,0.0,0.1,1,1,0,0,1,0,30,0.25,1,5,0.7911089658737183,0.5035597013277572,2.007008045911789,1.6785435166187281,19.73628044128418,20.06908655166626,1.7414720099069785,2.682683408310468,0.0,1.25,0.1927013103483839,0.24379211690442665,0.2705456972122192,0.4560224711894989,0.2705456972122192,1.7694200277328491,2.238665223121643,34,0.045238166210647135,1.5459897331354084
station_wake_L5,Hard-switch stage-aware SAC,strict_hard_switch_v1,hard_switch_v1,1,43,9043,1250043,station_wake,5,0.0,0.0,0.1,1,1,0,0,1,0,53,0.25,1,38,0.45472970604896545,0.27784543018962,1.5625298023223877,1.1791682207908176,2.847815752029419,17.19917356967926,0.2318814926160127,1.7342229526401967,0.6211844140323562,0.0,0.15223299715579688,0.19372921784487332,0.012584723625332117,0.020677484571933746,0.012584723625332117,0.34398712404072285,0.8467684686183929,57,0.06754589763005252,0.4644738343760531
station_wake_L5,Hard-switch stage-aware SAC,strict_hard_switch_v1,hard_switch_v1,1,44,9044,1250044,station_wake,5,0.0,0.0,0.1,1,1,0,0,1,0,34,0.25,1,20,1.0386627912521362,0.9561320435027766,2.082247734069824,1.0890918647259913,9.19663056731224,31.23525619506836,0.6186091224420004,2.8214094753365617,2.130196410135815,0.25,0.21576211260668104,0.26859465912011066,0.01723605692386627,0.027873793616890907,0.01723605692386627,0.24678082019090652,0.32230038195848465,38,0.06728809087588883,2.016657321789047
station_wake_L5,Hard-switch stage-aware SAC,strict_hard_switch_v1,hard_switch_v1,1,45,9045,1250045,station_wake,5,0.0,0.0,0.1,1,1,0,0,1,0,54,0.25,1,41,0.20006081461906433,0.15811895135927573,1.196928396821022,0.644398766330228,4.3114568293094635,19.191231578588486,0.2574491261761897,1.8461670837703,0.0,0.65,0.18298217713353124,0.26497851040802123,0.12273290902376174,0.15645022690296173,0.12273290902376174,0.30922701954841614,0.3786185383796692,58,0.0793988444165353,3.3998171593803495
station_wake_L5,Hard-switch stage-aware SAC,strict_hard_switch_v1,hard_switch_v1,1,46,9046,1250046,station_wake,5,0.0,0.0,0.1,1,1,0,0,1,0,54,0.25,1,38,0.17160189151763916,0.08551253882602403,0.8460476994514465,0.44039551596416276,1.9639816880226135,9.777557384222746,0.1517095740762755,0.8224127445378862,0.806005597713199,0.0,0.15297327734293156,0.19288757258854206,0.009642559802159667,0.024560360237956047,0.009642559802159667,0.18651680927723646,0.3581876680254936,58,0.07405561243683968,0.792348901272023
station_wake_L5,Hard-switch stage-aware SAC,strict_hard_switch_v1,hard_switch_v1,1,47,9047,1250047,station_wake,5,0.0,0.0,0.1,1,1,0,0,1,0,66,0.25,1,54,0.22672991454601288,0.17379934943933834,1.469583809375763,0.7912954144552334,4.942151457071304,18.769548535346985,0.3427518045600095,2.2933480650557283,0.0,0.25,0.2297079307794448,0.32876347973500336,0.08171056061983109,0.08807026594877243,0.08171056061983109,0.06333693861961365,0.11037617921829224,70,0.05905580479605488,2.1559248789656067
station_wake_L5,Hard-switch stage-aware SAC,strict_hard_switch_v1,hard_switch_v1,1,48,9048,1250048,station_wake,5,0.0,0.0,0.1,1,1,0,0,1,0,53,0.25,1,33,0.10502010583877563,0.06543458715279891,0.4244847223162651,0.2955867312280646,2.4565619230270386,12.237390577793121,0.4394692132944171,1.1669270171671426,0.0,0.35000000000000003,0.16647631132494425,0.19580565926768656,0.07583753913640975,0.08688823878765106,0.07583753913640975,0.11527979373931885,0.15333160758018494,57,0.08153653986910875,0.4748544412540031
station_wake_L5,Hard-switch stage-aware SAC,strict_hard_switch_v1,hard_switch_v1,1,49,9049,1250049,station_wake,5,0.0,0.0,0.1,1,1,0,0,1,0,41,0.25,1,19,0.396058589220047,0.22088405792829618,1.1853113770484924,0.9540846091735123,2.2345083951950073,8.531573712825775,0.3967407777731191,1.9714893719355562,0.0,0.0,0.11535056647472819,0.12907801719431108,0.008537974301725626,0.009062317200005054,0.008537974301725626,0.011854613199830055,0.021822508424520493,45,0.08847573036736295,0.6009147070924328
station_wake_L5,Hard-switch stage-aware SAC,strict_hard_switch_v1,hard_switch_v1,1,50,9050,1250050,station_wake,5,0.0,0.0,0.1,1,1,0,0,1,0,39,0.25,1,19,1.1124656200408936,0.9927634469337239,1.3843107223510742,0.9890003060868523,5.707978010177612,25.434507727622986,0.41504955813200695,2.389687732172723,0.0,1.0,0.05273085455309464,0.0758973576695892,0.19259298741817474,0.24992872774600983,0.19259298741817474,0.5590079426765442,0.6723085045814514,43,0.030023893138738763,2.777995670125331
station_wake_L5,Hard-switch stage-aware SAC,strict_hard_switch_v1,hard_switch_v1,1,51,9051,1250051,station_wake,5,0.0,0.0,0.1,1,1,0,0,1,0,64,0.25,1,42,0.14531685411930084,0.10187400362254054,0.4674927890300751,0.27172784274361733,3.057761490345001,8.262391835451126,0.3566618278449439,2.004001921887937,0.0,0.9,0.12507350504238265,0.13703563969181645,0.08657401502132415,0.1081789880990982,0.08657401502132415,0.22270038723945618,0.34166693687438965,68,0.08422507496533164,2.08103633702806
station_wake_L5,Hard-switch stage-aware SAC,strict_hard_switch_v1,hard_switch_v1,1,52,9052,1250052,station_wake,5,0.0,0.0,0.1,1,1,0,0,1,0,65,0.25,1,43,0.3393910527229309,0.2359285182702556,0.8579513430595398,0.5539555621055129,3.95852267742157,23.25104668736458,0.30964591296433663,1.8718887064708905,1.1328464245584409,0.0,0.10090586251929481,0.11956098916196117,0.015286119468510152,0.01908074878156185,0.015286119468510152,0.043168261647224426,0.08273463696241379,69,0.09230345879652145,0.5772253165341542
station_wake_L5,Hard-switch stage-aware SAC,strict_hard_switch_v1,hard_switch_v1,1,53,9053,1250053,station_wake,5,0.0,0.0,0.1,1,1,0,0,1,0,52,0.25,1,36,0.5507947206497192,0.4762287616075714,0.9645485877990723,0.6565212088351062,4.474731124937534,15.231205224990845,0.36690742495945894,1.648918666914857,0.0,0.4,0.18319269501834365,0.23827684639341878,0.09643761962652206,0.1152912899851799,0.09643761962652206,0.2085515856742859,0.26657119393348694,56,0.07162363474695643,0.23124067006455673
station_wake_L5,Hard-switch stage-aware SAC,strict_hard_switch_v1,hard_switch_v1,1,54,9054,1250054,station_wake,5,0.0,0.0,0.1,1,1,0,0,1,0,50,0.25,1,34,0.2461043894290924,0.20271796539287726,0.9332597255706787,0.5492839213513901,2.947942018508911,13.85260671377182,0.372221699977724,1.6901851935476275,3.5681576302024802,0.0,0.11103034667758323,0.15467300536171494,0.08273351043462754,0.09935036301612854,0.08273351043462754,0.24612382054328918,0.4230649769306183,54,0.06767691086610923,1.9675572262799406
station_wake_L5,Hard-switch stage-aware SAC,strict_hard_switch_v1,hard_switch_v1,1,55,9055,1250055,station_wake,5,0.0,0.0,0.1,1,1,0,0,1,0,63,0.25,1,44,0.3456030786037445,0.21169977275651053,0.9618237614631653,0.6112029146336718,4.308104906231165,17.325588762760162,0.2606837891016081,1.6155184510623681,1.7599140327045582,0.30000000000000004,0.1296549835956285,0.14978695607478237,0.011343294568359853,0.01761665754020214,0.011343294568359853,0.13871154934167862,0.2887393906712532,67,0.08685508307615662,1.6049512344238377
station_wake_L5,Hard-switch stage-aware SAC,strict_hard_switch_v1,hard_switch_v1,1,56,9056,1250056,station_wake,5,0.0,0.0,0.1,1,1,0,0,1,0,53,0.25,1,41,0.23408818244934082,0.12206481992149674,0.8948567509651184,0.6621318498190444,5.296002924442291,17.78582751750946,0.2838864646552577,1.7292483326502472,0.0,0.4,0.16441681268117997,0.23407360548959544,0.05854314416646957,0.10776665806770325,0.05854314416646957,0.5366981476545334,1.216118335723877,57,0.04810451298555551,2.1384383140299046
station_wake_L5,Hard-switch stage-aware SAC,strict_hard_switch_v1,hard_switch_v1,1,57,9057,1250057,station_wake,5,0.0,0.0,0.1,1,1,0,0,1,0,47,0.25,1,20,1.3236016035079956,1.1908829268329701,2.5049662590026855,1.4048858827365984,15.235617458820343,35.54714918136597,0.9756059890518253,3.5771814856202897,2.6896516555228587,0.45,0.17492327589291232,0.19946014890782338,0.024824711307883263,0.03732752054929733,0.024824711307883263,0.13944384455680847,0.2976444363594055,51,0.07826590057884696,1.1799098430344137
station_wake_L5,Hard-switch stage-aware SAC,strict_hard_switch_v1,hard_switch_v1,1,58,9058,1250058,station_wake,5,0.0,0.0,0.1,1,1,0,0,1,0,59,0.25,1,39,0.12529423832893372,0.10867226278412292,0.6055334210395813,0.32108814294520377,3.0025698244571686,15.486196279525757,0.2290785282015503,1.9221294380005283,0.0,1.0,0.0757730010153577,0.10359552867738692,0.11703170984983444,0.1274518072605133,0.11703170984983444,0.11019033193588257,0.16720131039619446,63,0.026556311031852145,3.3325041510059927
station_wake_L5,Hard-switch stage-aware SAC,strict_hard_switch_v1,hard_switch_v1,1,59,9059,1250059,station_wake,5,0.0,0.0,0.1,1,1,0,0,1,0,26,0.25,1,14,0.14025628566741943,0.07418463172966576,0.5043542385101318,0.357990182060243,1.8206387758255005,10.191026628017426,0.25825252016078515,1.9894627499702817,0.0,0.5,0.31547118522879336,0.4257231384225755,0.16005120575428008,0.22007963061332703,0.16005120575428008,0.524372935295105,0.7279300689697266,30,0.0351200444583711,1.626819792598926
station_wake_L5,Hard-switch stage-aware SAC,strict_hard_switch_v1,hard_switch_v1,1,60,9060,1250060,station_wake,5,0.0,0.0,0.1,1,1,0,0,1,0,60,0.25,1,35,0.5336728096008301,0.29983109358354454,1.5870678424835205,1.0252643640684325,2.6178720593452454,14.205968081951141,0.20954162921920627,1.4948405472338027,0.08975618289379869,0.55,0.12260513308853924,0.13172261974806823,0.05814587622880936,0.07478164881467819,0.05814587622880936,0.15856550633907318,0.17719238996505737,64,0.08687945224586666,0.08975618289379869
station_wake_L5,Hard-switch stage-aware SAC,strict_hard_switch_v1,hard_switch_v1,1,61,9061,1250061,station_wake,5,0.0,0.0,0.1,1,1,0,0,1,0,61,0.25,1,49,0.34704703092575073,0.20391067982749975,1.4321690797805786,1.2842340455630468,1.0115134716033936,6.805710792541504,0.22901419971322987,1.754111261976583,0.07057164893868738,0.35000000000000003,0.20135194822836552,0.27537792864339117,0.09268154352903366,0.14899668097496033,0.09268154352903366,0.5946948230266571,1.1283835768699646,65,0.053404496836697575,0.07057164893868738
station_wake_L5,Hard-switch stage-aware SAC,strict_hard_switch_v1,hard_switch_v1,1,62,9062,1250062,station_wake,5,0.0,0.0,0.1,1,1,0,0,1,0,42,0.25,1,27,0.8945554494857788,0.5432906797945413,2.1204781532287598,1.4907400073773602,3.454456925392151,14.653598666191101,0.3089558135289552,2.158636215289902,1.0328786019273706,0.0,0.1738863627120772,0.23753849398641846,0.011596270091831683,0.018950030207633972,0.011596270091831683,0.10990322753787041,0.20371148362755775,46,0.06203073938050639,0.8151749665913824
station_wake_L5,Hard-switch stage-aware SAC,strict_hard_switch_v1,hard_switch_v1,1,63,9063,1250063,station_wake,5,0.0,0.0,0.1,1,1,0,0,1,0,45,0.25,1,28,0.10005880892276764,0.0646610091962085,1.132403314113617,0.5844481600487559,3.582172989845276,14.709900403395295,0.3603947791563796,2.3965820936313618,0.0,0.25,0.15925405199303344,0.18678301143851883,0.03291427046060562,0.04395123943686485,0.03291427046060562,0.0894923061132431,0.12777931988239288,49,0.0727595771937748,2.8806564015583844
station_wake_L5,Hard-switch stage-aware SAC,strict_hard_switch_v1,hard_switch_v1,1,64,9064,1250064,station_wake,5,0.0,0.0,0.1,1,1,0,0,1,0,61,0.25,1,40,0.19627445936203003,0.1504249740317645,0.7617738842964172,0.5122256505928235,3.2170001417398453,17.44337260723114,0.2797599990117274,1.5991840841388056,0.0,0.65,0.11206361333480785,0.1196645358636232,0.06798872947692872,0.07996787130832672,0.06798872947692872,0.11393320560455322,0.12919574975967407,65,0.08693876898804083,2.2431835338202815
station_wake_L5,Hard-switch stage-aware SAC,strict_hard_switch_v1,hard_switch_v1,1,65,9065,1250065,station_wake,5,0.0,0.0,0.1,1,1,0,0,1,0,54,0.25,1,25,1.0004627704620361,0.7650709275725179,1.36307954788208,1.0748069790038386,3.1047752499580383,11.827673316001892,0.37767753371376306,2.229807072436239,11.023290966581415,1.4500000000000002,0.12447594592379704,0.13374259101400254,0.08150979727506638,0.09403831511735916,0.08150979727506638,0.12552088499069214,0.15430808067321777,58,0.08779936383875814,3.9806218685655606
station_wake_L5,Hard-switch stage-aware SAC,strict_hard_switch_v1,hard_switch_v1,1,66,9066,1250066,station_wake,5,0.0,0.0,0.1,1,1,0,0,1,0,40,0.25,1,23,0.8221520781517029,0.5422976995496582,1.388082504272461,1.206778105820313,2.8954267501831055,12.053524255752563,0.2199989396446048,1.600796451275444,3.442975630641779,0.0,0.18685498719028232,0.2161469057734014,0.09715006053447724,0.10121703147888184,0.09715006053447724,0.0837889015674591,0.13791978359222412,44,0.07287471583080073,1.5336379763516752
station_wake_L5,Hard-switch stage-aware SAC,strict_hard_switch_v1,hard_switch_v1,1,67,9067,1250067,station_wake,5,0.0,0.0,0.1,1,1,0,0,1,0,74,0.25,1,55,0.45516929030418396,0.3386369697046003,1.7907950282096863,1.231491002332355,6.9979725778102875,24.341244101524353,0.36430466859575533,2.079881461923231,0.0,0.9500000000000001,0.10012446978087579,0.10220292280614308,0.14659805297851564,0.1881091594696045,0.14659805297851564,0.4236617088317871,0.5628004670143127,78,0.08152189374463986,3.3603726034801142
station_wake_L5,Hard-switch stage-aware SAC,strict_hard_switch_v1,hard_switch_v1,1,68,9068,1250068,station_wake,5,0.0,0.0,0.1,1,1,0,0,1,0,57,0.25,1,44,0.07737961411476135,0.03898446306565102,0.8337585628032684,0.38140314920361673,2.318578362464905,12.001664489507675,0.19109923688187141,1.257172080911527,0.0,0.35000000000000003,0.19389461341010797,0.2712594296366937,0.07838610634207725,0.1080840677022934,0.07838610634207725,0.3082214444875717,0.3691732883453369,61,0.05944349655621076,1.757026676954641
station_wake_L5,Hard-switch stage-aware SAC,strict_hard_switch_v1,hard_switch_v1,1,69,9069,1250069,station_wake,5,0.0,0.0,0.1,1,1,0,0,1,0,47,0.25,1,28,0.617902934551239,0.35448379414810016,1.5510505437850952,1.1191066153102125,3.015286922454834,14.655168149620295,0.5377204286346978,2.4697877206964582,2.5806680899090773,0.0,0.14370180911707595,0.17114250659321317,0.025631963834166528,0.027835208922624588,0.025631963834166528,0.05161905288696289,0.14235809445381165,51,0.08426579718972686,2.149817409187146
station_wake_L5,Hard-switch stage-aware SAC,strict_hard_switch_v1,hard_switch_v1,1,70,9070,1250070,station_wake,5,0.0,0.0,0.1,1,1,0,0,1,0,43,0.25,1,24,0.2560998499393463,0.1650485319627853,1.5660375356674194,0.800600601718914,9.598906636238098,26.98047637939453,0.5957339561275442,2.7613363979361325,0.43086175309890634,0.0,0.13788457211750804,0.16539808149202812,0.017715983837842942,0.021657340228557587,0.017715983837842942,0.053130775690078735,0.0751076266169548,47,0.08652103835477282,0.2602811936724229
station_wake_L5,Hard-switch stage-aware SAC,strict_hard_switch_v1,hard_switch_v1,1,71,9071,1250071,station_wake,5,0.0,0.0,0.1,1,1,0,0,1,0,36,0.25,1,20,0.3047972321510315,0.14888195521098563,1.078914999961853,0.7468184945700631,3.3301715552806854,13.778237402439117,0.2961629995292033,2.0148391561689833,0.0,0.0,0.18565117458420372,0.22937766687575334,0.021487862057983875,0.0313972532749176,0.021487862057983875,0.09127853810787201,0.17179254442453384,40,0.06482621777325343,2.6321786018649633
station_wake_L5,Hard-switch stage-aware SAC,strict_hard_switch_v1,hard_switch_v1,1,72,9072,1250072,station_wake,5,0.0,0.0,0.1,1,1,0,0,1,0,47,0.25,1,27,0.8589690327644348,0.5464595797217469,1.7836642265319824,1.2983748832614703,4.2626941204071045,20.348546504974365,0.5565683875086849,3.3570352585160705,4.4444963004810925,0.0,0.13520186327375208,0.16099315379813234,0.06462875008583069,0.06635402888059616,0.06462875008583069,0.041967496275901794,0.09313218295574188,51,0.08471379777286377,3.016076641241523
station_wake_L5,Hard-switch stage-aware SAC,strict_hard_switch_v1,hard_switch_v1,1,73,9073,1250073,station_wake,5,0.0,0.0,0.1,1,1,0,0,1,0,41,0.25,1,23,0.16237355768680573,0.09682439869313962,1.7517377436161041,0.8999109553195159,7.695989906787872,25.668914318084717,0.5197055682719464,2.5081280442874845,1.6635541507808413,0.0,0.14215869920503754,0.16769780405934026,0.018175197020173072,0.02548893168568611,0.018175197020173072,0.056550707668066025,0.08905138820409775,45,0.07452282213410784,1.2723011716069415
station_wake_L5,Hard-switch stage-aware SAC,strict_hard_switch_v1,hard_switch_v1,1,74,9074,1250074,station_wake,5,0.0,0.0,0.1,1,1,0,0,1,0,56,0.25,1,39,0.34939053654670715,0.2902390414563042,1.0017785429954529,0.5894602941846704,4.801929295063019,16.824820339679718,0.24695994306020502,1.3353334211965073,2.8809780607796096,0.0,0.13007743491402388,0.1643327244620184,0.02664420772343874,0.04700644314289093,0.02664420772343874,0.1761413738131523,0.2798691391944885,60,0.07808716523925512,1.6191374306082484
station_wake_L5,Hard-switch stage-aware SAC,strict_hard_switch_v1,hard_switch_v1,1,75,9075,1250075,station_wake,5,0.0,0.0,0.1,1,1,0,0,1,0,62,0.25,1,48,0.2955949604511261,0.16821509804496537,1.1237075924873352,0.99521830316264,1.568104326725006,9.248291552066803,0.2695994629057031,1.4789941901578183,0.8496545085735473,0.25,0.1899485806995908,0.2565745786493459,0.011761894635856151,0.016892997547984123,0.011761894635856151,0.22911743074655533,0.6632322072982788,66,0.06748991664998237,0.6965913566557367
station_wake_L5,Hard-switch stage-aware SAC,strict_hard_switch_v1,hard_switch_v1,1,76,9076,1250076,station_wake,5,0.0,0.0,0.1,1,1,0,0,1,0,56,0.25,1,41,0.07616733759641647,0.052554152148199876,0.6188855320215225,0.35761025687513515,2.925759106874466,12.498301267623901,0.21783014797378378,1.6572134679182247,0.0,0.0,0.1551936086628154,0.19995509122418206,0.0877100557088852,0.10356280207633972,0.0877100557088852,0.17203384637832642,0.2971361577510834,60,0.062442774092174455,0.8028495700689771
station_wake_L5,Hard-switch stage-aware SAC,strict_hard_switch_v1,hard_switch_v1,1,77,9077,1250077,station_wake,5,0.0,0.0,0.1,1,1,0,0,1,0,64,0.25,1,48,0.4763730466365814,0.36900696774127245,0.9778127074241638,0.6651592574406987,3.349669799208641,17.38622322678566,0.3103045316719625,1.4694852466364843,3.967924546898507,0.0,0.1238913024659665,0.14305225467107538,0.05623598173260689,0.06899742782115936,0.05623598173260689,0.1301986277103424,0.1840589940547943,68,0.0719329760939084,1.9039824658156967
station_wake_L5,Hard-switch stage-aware SAC,strict_hard_switch_v1,hard_switch_v1,1,78,9078,1250078,station_wake,5,0.0,0.0,0.1,1,1,0,0,1,0,75,0.25,1,56,0.2379668951034546,0.1606950197794824,1.1342543363571167,0.6688782548871601,4.058291018009186,23.49999025464058,0.4400360481496975,2.1067916365502377,0.0,0.7000000000000001,0.13567504810999348,0.14485923862688352,0.12466819435358048,0.17179559171199799,0.12466819435358048,0.47148439288139343,0.6735914945602417,79,0.07922132696086624,0.27390085768169276
station_wake_L5,Hard-switch stage-aware SAC,strict_hard_switch_v1,hard_switch_v1,1,79,9079,1250079,station_wake,5,0.0,0.0,0.1,1,1,0,0,1,0,34,0.25,1,22,1.3031002283096313,1.020814277512372,2.3336172103881836,1.645828935470561,16.236456483602524,41.637067794799805,0.8742392943936784,4.458175550628231,0.0,0.6000000000000001,0.21559086594048668,0.3473854585195285,0.22228614389896392,0.263912171125412,0.22228614389896392,0.39163094758987427,0.5551892518997192,38,0.05743941069034905,2.4361278401366793
station_wake_L5,Hard-switch stage-aware SAC,strict_hard_switch_v1,hard_switch_v1,1,80,9080,1250080,station_wake,5,0.0,0.0,0.1,1,1,0,0,1,0,26,0.25,1,14,0.4006814658641815,0.19505573000747817,1.4450877904891968,0.9377255303309281,6.398797631263733,26.599332001060247,0.3613192525631348,2.298462945997363,0.25260947717189697,0.0,0.26660452857010086,0.3893059017607463,0.04712423607707024,0.09180592745542526,0.04712423607707024,0.356404647231102,0.531085729598999,30,0.04439194239876705,0.25260947717189697
station_wake_L5,Hard-switch stage-aware SAC,strict_hard_switch_v1,hard_switch_v1,1,81,9081,1250081,station_wake,5,0.0,0.0,0.1,1,1,0,0,1,0,48,0.25,1,36,0.2567210793495178,0.1489112778012992,0.8659058809280396,0.5522899927496191,3.076210618019104,15.834415964782238,0.32218510743181966,2.3091665153675,0.0,0.4,0.3073970061779963,0.39619684715913017,0.1593606576323509,0.23133261501789093,0.1593606576323509,0.6583735644817352,0.8057793974876404,52,0.06041183617643224,0.37809638064601575
station_wake_L5,Hard-switch stage-aware SAC,strict_hard_switch_v1,hard_switch_v1,1,82,9082,1250082,station_wake,5,0.0,0.0,0.1,1,1,0,0,1,0,43,0.25,1,30,0.2791934907436371,0.2549467038072345,0.2816477417945862,0.14295698340251592,2.3075713217258453,6.974441558122635,0.34227420273718145,2.476936974455886,0.0,0.5,0.2333437628453161,0.32118443575566485,0.09190083593130112,0.11234840750694275,0.09190083593130112,0.23358389735221863,0.4878664016723633,47,0.05569138503521491,2.7965293884381603
station_wake_L5,Hard-switch stage-aware SAC,strict_hard_switch_v1,hard_switch_v1,1,83,9083,1250083,station_wake,5,0.0,0.0,0.1,1,1,0,0,1,0,40,0.25,1,28,0.8804689645767212,0.7048669069410212,0.9013533592224121,0.7237865246531898,2.7462826669216156,10.213476046919823,0.29209624381500265,2.5045215484446417,0.0,0.6000000000000001,0.18175999932513817,0.2681825870418027,0.14943067282438277,0.19681131839752197,0.14943067282438277,0.4518626630306244,0.7930216193199158,44,0.037713871392949766,2.9410359141515316
station_wake_L5,Hard-switch stage-aware SAC,strict_hard_switch_v1,hard_switch_v1,1,84,9084,1250084,station_wake,5,0.0,0.0,0.1,1,1,0,0,1,0,37,0.25,1,21,0.12666550278663635,0.06541525579426571,0.525265708565712,0.34472379593680663,3.16509947180748,10.436465702950954,0.42235567438987676,1.9867102724300598,0.6209773205622874,0.0,0.20746507496281463,0.2582696056317578,0.01775391064584255,0.024329019710421562,0.01775391064584255,0.10042596608400345,0.13552039861679077,41,0.07401397918631498,0.3043931700141569
station_wake_L5,Hard-switch stage-aware SAC,strict_hard_switch_v1,hard_switch_v1,1,85,9085,1250085,station_wake,5,0.0,0.0,0.1,1,1,0,0,1,0,56,0.25,1,41,0.3813295364379883,0.2591495543253105,1.1989229917526245,0.8016731797614428,5.536974361166358,24.293415546417236,0.49484473526403333,2.2326481300838714,0.0,0.0,0.16202844281892012,0.2091229342535058,0.008887781715020537,0.020014315843582153,0.008887781715020537,0.09901687409728765,0.15873897820711136,60,0.07965665918421792,0.6288331053248599
station_wake_L5,Hard-switch stage-aware SAC,strict_hard_switch_v1,hard_switch_v1,1,86,9086,1250086,station_wake,5,0.0,0.0,0.1,1,1,0,0,1,0,32,0.25,1,11,1.0767064094543457,0.8960744932785937,1.575608253479004,1.1640134010828025,2.7969491481781006,9.149019718170166,0.33828242271529574,1.8961778075009807,0.0,0.9,0.12236879376158027,0.15033666404840484,0.13863646537065505,0.19531649351119995,0.13863646537065505,0.571660965681076,0.8182087540626526,36,0.08093176315468942,0.7819947080162538
station_wake_L5,Hard-switch stage-aware SAC,strict_hard_switch_v1,hard_switch_v1,1,87,9087,1250087,station_wake,5,0.0,0.0,0.1,1,1,0,0,1,0,55,0.25,1,38,0.11427338421344757,0.062230958594894324,0.4177464172244072,0.3271676892156617,1.6024008393287659,8.605057895183563,0.23412231571329492,1.8786539825286246,0.1940564665525594,0.15000000000000002,0.12602232017717602,0.1426921087962667,0.06710405573248863,0.07431624829769135,0.06710405573248863,0.06548871099948883,0.09281590580940247,59,0.07994281089345734,0.1940564665525594
station_wake_L5,Hard-switch stage-aware SAC,strict_hard_switch_v1,hard_switch_v1,1,88,9088,1250088,station_wake,5,0.0,0.0,0.1,1,1,0,0,1,0,45,0.25,1,32,0.2900591492652893,0.1857609655251051,1.3073010742664337,1.1164215168291622,2.5074005126953125,10.652321577072144,0.36629656641797803,2.480601817289445,0.0,0.65,0.16878073651622832,0.2389742363294472,0.14463002234697342,0.1941823810338974,0.14463002234697342,0.49234697222709656,0.5571287870407104,49,0.04333511660473746,3.2532395922445834
station_wake_L5,Hard-switch stage-aware SAC,strict_hard_switch_v1,hard_switch_v1,1,89,9089,1250089,station_wake,5,0.0,0.0,0.1,1,1,0,0,1,0,50,0.25,1,38,0.2197229117155075,0.12371392031557046,0.7354290038347244,0.5815152716197538,1.7715173959732056,6.653164625167847,0.20550514894193733,1.0953419992671656,0.0,0.5,0.2650422613262644,0.3601690407107429,0.14397839158773423,0.18688958883285522,0.14397839158773423,0.4123463034629822,0.5206336081027985,54,0.07168309685451875,1.7828905756290694
station_wake_L5,Hard-switch stage-aware SAC,strict_hard_switch_v1,hard_switch_v1,1,90,9090,1250090,station_wake,5,0.0,0.0,0.1,1,1,0,0,1,0,36,0.25,0,-1,nan,nan,nan,nan,nan,nan,nan,nan,0.0,nan,0.0755930477910379,0.0764673781984466,0.12239662855863571,0.15533919632434845,0.12239662855863571,0.32578492164611816,0.3746303915977478,40,0.08446790519064858,3.6351385206284452
station_wake_L5,Hard-switch stage-aware SAC,strict_hard_switch_v1,hard_switch_v1,1,91,9091,1250091,station_wake,5,0.0,0.0,0.1,1,1,0,0,1,0,56,0.25,1,41,0.44657090306282043,0.2569820652901859,1.9081288576126099,1.6125110557765399,9.319636970758438,21.936029344797134,0.46924891202038904,2.1058520891127364,0.0,0.45,0.18765478906692434,0.21518881162177483,0.05717404931783676,0.07550708949565887,0.05717404931783676,0.1948714703321457,0.3212904930114746,60,0.05867873887161023,2.2179404353083836
station_wake_L5,Hard-switch stage-aware SAC,strict_hard_switch_v1,hard_switch_v1,1,92,9092,1250092,station_wake,5,0.0,0.0,0.1,1,1,0,0,1,0,59,0.25,1,44,0.22582335770130157,0.16282077432939868,1.1967433989048004,0.7088636726586539,2.21101313829422,13.08495283126831,0.29748870499885577,1.6080573262547289,0.0,0.15000000000000002,0.1969193542291615,0.2512389509687288,0.05856845900416374,0.0620451346039772,0.05856845900416374,0.053364500403404236,0.11249475181102753,63,0.07189427142693494,0.10372247233334012
station_wake_L5,Hard-switch stage-aware SAC,strict_hard_switch_v1,hard_switch_v1,1,93,9093,1250093,station_wake,5,0.0,0.0,0.1,1,1,0,0,1,0,70,0.25,1,51,0.40769049525260925,0.34226095464675,1.188446283340454,0.6541758662656126,4.522668123245239,22.287934124469757,0.22746002208243288,1.3630265186821653,2.3388249652206774,0.0,0.12692694626934503,0.13818973076756458,0.024710479006171227,0.028278103098273277,0.024710479006171227,0.029710926115512848,0.04691168665885925,74,0.07611509937831726,1.7234489333863294
station_wake_L5,Hard-switch stage-aware SAC,strict_hard_switch_v1,hard_switch_v1,1,94,9094,1250094,station_wake,5,0.0,0.0,0.1,1,1,0,0,1,0,56,0.25,1,42,0.34104523062705994,0.22249081818827465,1.047571673989296,0.7037699834896627,2.1538394689559937,10.725438594818115,0.26465780897114144,2.010879220721827,0.0,0.5,0.1547956319095189,0.2083214499229171,0.14069633632898332,0.16549916565418243,0.14069633632898332,0.2578418552875519,0.3816010057926178,60,0.04829452486962389,1.3276549456314288
station_wake_L5,Hard-switch stage-aware SAC,strict_hard_switch_v1,hard_switch_v1,1,95,9095,1250095,station_wake,5,0.0,0.0,0.1,1,1,0,0,1,0,54,0.25,1,42,0.47184276580810547,0.3292310197214262,1.0066550970077515,0.742126039140967,5.627281665802002,22.77589589357376,0.43394589305944314,2.3780374456385243,0.0,0.6000000000000001,0.19854037932589766,0.30204223380358786,0.06890862509608268,0.07800247520208359,0.06890862509608268,0.26793426275253296,0.656920000910759,58,0.05354806258861659,4.019869416196923
station_wake_L5,Hard-switch stage-aware SAC,strict_hard_switch_v1,hard_switch_v1,1,96,9096,1250096,station_wake,5,0.0,0.0,0.1,1,1,0,0,1,0,45,0.25,1,32,0.43717119097709656,0.3441885050025938,0.9164619445800781,0.6070956833496867,3.1058284640312195,17.90688931941986,0.2745616300525423,1.8062719312465283,3.0550097867276538,0.0,0.22223966638775758,0.2924196159103492,0.03646629527211189,0.04085402190685272,0.03646629527211189,0.10919556021690369,0.27854785323143005,49,0.04947882694717606,2.4074877897297577
station_wake_L5,Hard-switch stage-aware SAC,strict_hard_switch_v1,hard_switch_v1,1,97,9097,1250097,station_wake,5,0.0,0.0,0.1,1,1,0,0,1,0,52,0.25,1,35,0.2137206345796585,0.1562628876941801,1.2109815329313278,0.754001526710751,3.9833587408065796,18.25003147125244,0.24292968944622154,1.9418366194279664,0.0,0.0,0.17109777426574418,0.19658452803491577,0.005441719014197588,0.010350467637181282,0.005441719014197588,0.060580793768167496,0.09922142140567303,56,0.062322199020550334,0.4577011148446037
station_wake_L5,Hard-switch stage-aware SAC,strict_hard_switch_v1,hard_switch_v1,1,98,9098,1250098,station_wake,5,0.0,0.0,0.1,1,1,0,0,1,0,80,0.25,1,63,0.16922684013843536,0.1380728095100068,0.31212538480758667,0.25006969496422177,1.9784513860940933,7.095634788274765,0.16257343038035293,1.114676534827173,1.1839585443866445,0.0,0.1632636552676327,0.19126319885279272,0.04464516062289477,0.06313639134168625,0.04464516062289477,0.27709250524640083,0.41913505643606186,84,0.07481299622113441,0.5444637272108063
station_wake_L5,Hard-switch stage-aware SAC,strict_hard_switch_v1,hard_switch_v1,1,99,9099,1250099,station_wake,5,0.0,0.0,0.1,1,1,0,0,1,0,46,0.25,1,23,0.9170244932174683,0.7054895467883208,1.2679100036621094,0.9521581092225189,5.420944690704346,23.321506828069687,0.4024325592094602,2.6754452820081864,2.622055407741358,0.2,0.1324493912403288,0.14479044989707,0.044640873372554776,0.06100314110517502,0.044640873372554776,0.15917620062828064,0.18812298774719238,50,0.08390851825202132,0.5593118647753265
station_wake_L5,Hard-switch stage-aware SAC,strict_hard_switch_v1,hard_switch_v1,2,0,9000,1250000,station_wake,5,0.0,0.0,0.1,1,1,0,0,1,0,45,0.25,1,32,0.3008235991001129,0.19066422649196552,0.802217423915863,0.5149929485238879,3.709857761859894,18.43202754855156,0.3422818331006365,2.246248325126945,0.0,0.45,0.18452635668706036,0.25407653317248663,0.15866757482290267,0.19070570170879364,0.15866757482290267,0.33559975028038025,0.4731312394142151,49,0.04537837584147901,0.3362147812334083
station_wake_L5,Hard-switch stage-aware SAC,strict_hard_switch_v1,hard_switch_v1,2,1,9001,1250001,station_wake,5,0.0,0.0,0.1,1,1,0,0,1,0,45,0.25,1,29,0.6290345191955566,0.3685580959384733,1.6597402095794678,1.1129020036802342,1.935778260231018,12.369648218154907,0.2876044659900025,1.8560877529964253,0.0,0.15000000000000002,0.13453222595278708,0.17286625210944515,0.08677486777305603,0.09314732998609543,0.08677486777305603,0.11072742938995361,0.25257304310798645,49,0.07215239993973274,0.0033008277380025103
station_wake_L5,Hard-switch stage-aware SAC,strict_hard_switch_v1,hard_switch_v1,2,2,9002,1250002,station_wake,5,0.0,0.0,0.1,1,1,0,0,1,0,42,0.25,1,26,0.3999595046043396,0.31217426461804276,0.8625525236129761,0.5860962427030746,4.631714299321175,22.051393017172813,0.4208160985456211,2.5640690790472602,0.0,0.8,0.15189463059009126,0.19021519993433258,0.13305630683898925,0.15364113450050354,0.13305630683898925,0.18129241466522217,0.2149873971939087,46,0.06626353118124921,3.3227768944108367
station_wake_L5,Hard-switch stage-aware SAC,strict_hard_switch_v1,hard_switch_v1,2,3,9003,1250003,station_wake,5,0.0,0.0,0.1,1,1,0,0,1,0,61,0.25,1,42,0.15776915848255157,0.08756312646954609,0.8024716377258301,0.5187788261523709,3.5046744346618652,15.636761784553528,0.2934587123853776,2.3684287793638577,0.0,0.9500000000000001,0.059639667433797616,0.06595288142881141,0.13652823269367217,0.15384995937347412,0.13652823269367217,0.3210481107234955,0.48669978976249695,65,0.04125953829445209,3.168157633301027
station_wake_L5,Hard-switch stage-aware SAC,strict_hard_switch_v1,hard_switch_v1,2,4,9004,1250004,station_wake,5,0.0,0.0,0.1,1,1,0,0,1,0,55,0.25,1,40,0.25495195388793945,0.11494709451609914,1.0870814323425293,0.7109501047139114,3.033738136291504,13.914941549301147,0.36438553207952606,1.8163365988031346,0.0,0.0,0.2183353692879053,0.27089213227996,0.028526872023940088,0.036408789455890656,0.028526872023940088,0.07623277604579926,0.11736486107110977,59,0.07140355783621821,0.2102942941491259
station_wake_L5,Hard-switch stage-aware SAC,strict_hard_switch_v1,hard_switch_v1,2,5,9005,1250005,station_wake,5,0.0,0.0,0.1,1,1,0,0,1,0,54,0.25,1,39,0.159128800034523,0.0945820363984649,0.49726180732250214,0.3598330870892838,3.2541241496801376,10.614154413342476,0.3179413580535282,1.8177049245716548,0.0,0.75,0.20178808600638867,0.27475764496825084,0.15670935213565826,0.16059823334217072,0.15670935213565826,0.11483561992645264,0.24794310331344604,58,0.07160010909629796,3.0633526493554126
station_wake_L5,Hard-switch stage-aware SAC,strict_hard_switch_v1,hard_switch_v1,2,6,9006,1250006,station_wake,5,0.0,0.0,0.1,1,1,0,0,1,0,28,0.25,0,-1,nan,nan,nan,nan,nan,nan,nan,nan,1.1961492581163538,nan,0.20145516886503492,0.2514591156498499,0.0681129366159439,0.08178969472646713,0.0681129366159439,0.16515156626701355,0.27826279401779175,32,0.07602661027754751,0.06084139746566291
station_wake_L5,Hard-switch stage-aware SAC,strict_hard_switch_v1,hard_switch_v1,2,7,9007,1250007,station_wake,5,0.0,0.0,0.1,1,1,0,0,1,0,60,0.25,1,45,0.12814025580883026,0.11353753216499779,0.39475709199905396,0.17394725449028026,1.434045135974884,8.229723796248436,0.33442497057907195,1.3294065788352418,0.8618422340954945,0.0,0.17457220894893416,0.22785171568267762,0.049913395941257474,0.058244600892066956,0.049913395941257474,0.11628556251525879,0.18669471144676208,64,0.07648844429974479,0.17503101464012855
station_wake_L5,Hard-switch stage-aware SAC,strict_hard_switch_v1,hard_switch_v1,2,8,9008,1250008,station_wake,5,0.0,0.0,0.1,1,1,0,0,1,0,39,0.25,1,25,0.22513261437416077,0.13293664308330894,0.9441240131855011,0.6244707603786139,3.3053886890411377,15.04771202802658,0.5925134796235809,2.3300129916181964,0.9891162992546295,0.1,0.19473052528647722,0.23847664357860443,0.06819986924529076,0.08452066034078598,0.06819986924529076,0.16807357966899872,0.2702444791793823,43,0.04775699615349628,0.9891162992546295
station_wake_L5,Hard-switch stage-aware SAC,strict_hard_switch_v1,hard_switch_v1,2,9,9009,1250009,station_wake,5,0.0,0.0,0.1,1,1,0,0,1,0,40,0.25,1,24,0.07343602180480957,0.0573305354466992,0.43832674622535706,0.22359724924980764,2.8945913165807724,14.230678379535675,0.3220181290698221,2.1159889139933807,0.0,0.0,0.2163658152290326,0.2579993542310652,0.029275179840624332,0.041911330074071884,0.029275179840624332,0.1415928527712822,0.18058361485600471,44,0.07106915043836701,1.0752353797349699
station_wake_L5,Hard-switch stage-aware SAC,strict_hard_switch_v1,hard_switch_v1,2,10,9010,1250010,station_wake,5,0.0,0.0,0.1,1,1,0,0,1,0,26,0.25,0,-1,nan,nan,nan,nan,nan,nan,nan,nan,0.0,nan,0.11896435105969956,0.15782095093614504,0.3343981206417084,0.5462878942489624,0.3343981206417084,2.093195915222168,2.30393648147583,30,0.052067392363524465,1.5943965644437583
station_wake_L5,Hard-switch stage-aware SAC,strict_hard_switch_v1,hard_switch_v1,2,11,9011,1250011,station_wake,5,0.0,0.0,0.1,1,1,0,0,1,0,44,0.25,1,30,0.732949435710907,0.3941791156112834,1.9731295108795166,1.4936416693590973,3.7391293048858643,17.68111914396286,0.44051242414298036,2.530294823519724,0.0,0.5,0.1906945890279319,0.25958245773521627,0.13926635235548018,0.1540365219116211,0.13926635235548018,0.22387930750846863,0.3245784342288971,48,0.07775757323938094,1.9848685541747495
station_wake_L5,Hard-switch stage-aware SAC,strict_hard_switch_v1,hard_switch_v1,2,12,9012,1250012,station_wake,5,0.0,0.0,0.1,1,1,0,0,1,0,53,0.25,1,41,0.16034196317195892,0.11092208856597245,0.9153658896684647,0.5242519677969725,5.008867643773556,19.098147302865982,0.47635523368270444,2.4105233870271,0.0,0.0,0.199997334984509,0.3166762816934302,0.01569560430943966,0.019894879311323166,0.01569560430943966,0.14352065324783325,0.1986606977880001,57,0.0627790234751757,1.9520746815354026
station_wake_L5,Hard-switch stage-aware SAC,strict_hard_switch_v1,hard_switch_v1,2,13,9013,1250013,station_wake,5,0.0,0.0,0.1,1,1,0,0,1,0,56,0.25,1,44,0.14139053225517273,0.08941492080191021,0.7143974304199219,0.46932990296268784,5.120097994804382,22.525460124015808,0.32148284961345175,1.7170090234951367,0.0,0.0,0.1997427518287098,0.32466171798087956,0.03460805080831051,0.05191395804286003,0.03460805080831051,0.2576407380402088,0.49038931727409363,60,0.054695079853066673,0.90415408206496
station_wake_L5,Hard-switch stage-aware SAC,strict_hard_switch_v1,hard_switch_v1,2,14,9014,1250014,station_wake,5,0.0,0.0,0.1,1,1,0,0,1,0,50,0.25,1,36,0.3962039649486542,0.2585930807118406,0.944979190826416,0.5969347996983603,3.819925980642438,17.000582218170166,0.4845968401071499,2.4763236307182512,0.3393789997685489,0.0,0.1948078867582778,0.26666131513754515,0.01898834723979235,0.040993109345436096,0.01898834723979235,0.23066016286611557,0.3009646572172642,54,0.06990778562720149,0.23788983254113769
station_wake_L5,Hard-switch stage-aware SAC,strict_hard_switch_v1,hard_switch_v1,2,15,9015,1250015,station_wake,5,0.0,0.0,0.1,1,1,0,0,1,0,49,0.25,1,35,0.6204058527946472,0.486944128497826,0.940285325050354,0.6775780175991358,2.46968537569046,11.901118587702513,0.17363932637500135,1.4301608979141613,4.729373245478569,0.0,0.2164097982842308,0.29623769419821727,0.05673808753490448,0.07875603437423706,0.05673808753490448,0.3611708730459213,0.6550567597150803,53,0.06474691760008414,3.916660135196153
station_wake_L5,Hard-switch stage-aware SAC,strict_hard_switch_v1,hard_switch_v1,2,16,9016,1250016,station_wake,5,0.0,0.0,0.1,1,1,0,0,1,0,36,0.25,1,19,1.29725980758667,1.163937856796796,1.0256433486938477,0.7902492791068552,10.211100578308105,19.32249903678894,0.6246381822329974,2.500816052797054,0.0,0.8,0.2292619991563647,0.27774792100994855,0.20280617475509644,0.26603037118911743,0.20280617475509644,0.6238809823989868,0.7996386289596558,40,0.06692526795870739,1.7703744674184327
station_wake_L5,Hard-switch stage-aware SAC,strict_hard_switch_v1,hard_switch_v1,2,17,9017,1250017,station_wake,5,0.0,0.0,0.1,1,1,0,0,1,0,47,0.25,1,30,0.17146456241607666,0.1079819757994594,0.43614521622657776,0.29663721886768135,1.394597515463829,7.159964740276337,0.2552171230651843,1.187729912534891,0.0,0.0,0.15827489235012512,0.19935108685308797,0.012776323966681958,0.02579616755247116,0.012776323966681958,0.15334158577024937,0.21869776770472527,51,0.07938821177073518,1.2039330057275237
station_wake_L5,Hard-switch stage-aware SAC,strict_hard_switch_v1,hard_switch_v1,2,18,9018,1250018,station_wake,5,0.0,0.0,0.1,1,1,0,0,1,0,48,0.25,1,31,0.1868390440940857,0.0858579473268689,0.9953141957521439,0.7174598947327906,4.408992603421211,23.275254890322685,0.3132332944988585,2.3841365874178027,0.0,0.0,0.19369999472301064,0.23025627420738004,0.04335803985595703,0.04700588434934616,0.04335803985595703,0.03880850970745087,0.06453193724155426,52,0.07712848436767411,1.2113058747714351
station_wake_L5,Hard-switch stage-aware SAC,strict_hard_switch_v1,hard_switch_v1,2,19,9019,1250019,station_wake,5,0.0,0.0,0.1,1,1,0,0,1,0,41,0.25,1,30,0.20981086790561676,0.09930070843442922,0.8785712718963623,0.5134614354368678,6.108045428991318,20.855670422315598,0.43705890713793305,2.995290532233014,0.0,0.2,0.21715358475683874,0.34373889021045634,0.018600014969706535,0.03617172688245773,0.018600014969706535,0.164838045835495,0.40604449808597565,45,0.03559492256034965,4.182839864227543
station_wake_L5,Hard-switch stage-aware SAC,strict_hard_switch_v1,hard_switch_v1,2,20,9020,1250020,station_wake,5,0.0,0.0,0.1,1,1,0,0,1,0,35,0.25,1,18,1.0885119438171387,0.9548008414063573,1.6148102283477783,1.0024534682430273,7.336334586143494,29.26815390586853,0.6133565701768127,3.738335811730496,0.6763557473008103,0.45,0.17424945006872047,0.2056001494655498,0.08336895406246185,0.12094229459762573,0.08336895406246185,0.34899207949638367,0.4209555685520172,39,0.0794516034017102,0.6763557473008103
station_wake_L5,Hard-switch stage-aware SAC,strict_hard_switch_v1,hard_switch_v1,2,21,9021,1250021,station_wake,5,0.0,0.0,0.1,1,1,0,0,1,0,55,0.25,1,39,0.31764987111091614,0.28794181347047376,0.6954279541969299,0.3563686258826067,3.749201111495495,14.916142001748085,0.26673492835422996,1.9783981594746531,2.179065132986787,0.0,0.17653291913179267,0.2118059766897815,0.04813626259565353,0.05998062714934349,0.04813626259565353,0.15946805477142334,0.2394702285528183,59,0.06820972251170487,1.4082983488315348
station_wake_L5,Hard-switch stage-aware SAC,strict_hard_switch_v1,hard_switch_v1,2,22,9022,1250022,station_wake,5,0.0,0.0,0.1,1,1,0,0,1,0,37,0.25,1,19,0.2967955470085144,0.17083363254419578,1.5196113288402557,0.9974034570985625,4.21397864818573,25.91852828860283,0.40135878761053867,2.7244550511582992,1.1141899762839624,0.0,0.16558700412415125,0.18639200653439117,0.027146540209650995,0.02896653302013874,0.027146540209650995,0.05453018099069595,0.13919685035943985,41,0.07885080286074814,0.6517805132236929
station_wake_L5,Hard-switch stage-aware SAC,strict_hard_switch_v1,hard_switch_v1,2,23,9023,1250023,station_wake,5,0.0,0.0,0.1,1,1,0,0,1,0,58,0.25,1,42,0.2568105161190033,0.17519469892478573,0.5556517839431763,0.3713591466985923,2.7233154326677322,8.829254359006882,0.16381618100605197,0.8720096394126273,0.0,0.0,0.16890312600792556,0.20692741676246756,0.01969874184578657,0.031418804079294205,0.01969874184578657,0.11023822519928217,0.13687387108802795,62,0.07697370951678895,0.8910201618995544
station_wake_L5,Hard-switch stage-aware SAC,strict_hard_switch_v1,hard_switch_v1,2,24,9024,1250024,station_wake,5,0.0,0.0,0.1,1,1,0,0,1,0,46,0.25,1,35,0.39361611008644104,0.25911811049218897,1.1071205139160156,0.8277018368035356,3.58593612909317,13.883498758077621,0.7421046803621802,2.6522219811868024,0.0,0.25,0.32449760884184353,0.43280662594990993,0.07159715965390205,0.08135896921157837,0.07159715965390205,0.10689505934715271,0.19230827689170837,50,0.03948016697455367,2.8682073145789784
station_wake_L5,Hard-switch stage-aware SAC,strict_hard_switch_v1,hard_switch_v1,2,25,9025,1250025,station_wake,5,0.0,0.0,0.1,1,1,0,0,1,0,34,0.25,1,21,0.6802929043769836,0.41563734535888996,1.656782627105713,1.0649792391227888,6.201121062040329,25.968452841043472,0.8409852928259848,3.5412627712507128,0.0,0.4,0.18497303652339012,0.27013635251569773,0.0741658303886652,0.13865993916988373,0.0741658303886652,0.6174760982394218,0.8071109652519226,38,0.056181478981019974,1.1805531614768643
station_wake_L5,Hard-switch stage-aware SAC,strict_hard_switch_v1,hard_switch_v1,2,26,9026,1250026,station_wake,5,0.0,0.0,0.1,1,1,0,0,1,0,37,0.25,1,22,1.081633448600769,0.7150638795026623,2.1312999725341797,1.4214827698757662,13.137641996145248,36.488404870033264,0.7899215918261009,3.989855213505196,1.741443066754728,0.15000000000000002,0.18598463077677668,0.2297554288320463,0.041549216210842135,0.045387573540210724,0.041549216210842135,0.1330786719918251,0.35651374608278275,41,0.06481811772798712,1.1041026406535
station_wake_L5,Hard-switch stage-aware SAC,strict_hard_switch_v1,hard_switch_v1,2,27,9027,1250027,station_wake,5,0.0,0.0,0.1,1,1,0,0,1,0,35,0.25,1,19,0.32019272446632385,0.265772565253036,0.509660542011261,0.3008463180580328,2.595887966454029,11.590045019984245,0.7061215478212384,2.7988301642418114,0.8396948121031993,0.25,0.18347318508597432,0.22011323278215095,0.08367613628506661,0.11205753684043884,0.08367613628506661,0.25815995037555695,0.33390387892723083,39,0.06929108311268578,0.8396948121031993
station_wake_L5,Hard-switch stage-aware SAC,strict_hard_switch_v1,hard_switch_v1,2,28,9028,1250028,station_wake,5,0.0,0.0,0.1,1,1,0,0,1,0,39,0.25,1,26,0.6645774841308594,0.3884807900909572,1.6146689653396606,1.1516398257732605,3.4355950355529785,18.381391167640686,0.7729274256426104,2.6784175863694526,0.0,0.30000000000000004,0.18792462520263586,0.30477311476646374,0.04047273099422455,0.044095247983932495,0.04047273099422455,0.12233245372772217,0.26842109858989716,43,0.0686988301608197,2.8741470178359507
station_wake_L5,Hard-switch stage-aware SAC,strict_hard_switch_v1,hard_switch_v1,2,29,9029,1250029,station_wake,5,0.0,0.0,0.1,1,1,0,0,1,0,43,0.25,1,24,1.0085980892181396,0.7819293290152923,1.528443694114685,1.1115278495757726,4.532615542411804,20.840644910931587,0.42192933540973276,2.4048223331714684,3.3630914456566026,0.1,0.17673489789097618,0.19435985409206902,0.03785082213580608,0.04842652007937431,0.03785082213580608,0.12142137438058853,0.23803405463695526,47,0.07663589642589759,0.8628371471976422
station_wake_L5,Hard-switch stage-aware SAC,strict_hard_switch_v1,hard_switch_v1,2,30,9030,1250030,station_wake,5,0.0,0.0,0.1,1,1,0,0,1,0,43,0.25,1,32,0.09794826805591583,0.06142419961289985,0.6095436215400696,0.3440931765755668,2.0973528269678354,11.709136897698045,0.4253042483827191,1.5810130730469543,0.12041879638826355,0.0,0.19691653436730977,0.29736409368671896,0.060211850330233574,0.07982775568962097,0.060211850330233574,0.34921015053987503,0.4992351680994034,47,0.05055194549372594,0.758450512338691
station_wake_L5,Hard-switch stage-aware SAC,strict_hard_switch_v1,hard_switch_v1,2,31,9031,1250031,station_wake,5,0.0,0.0,0.1,1,1,0,0,1,0,53,0.25,1,39,0.2722555994987488,0.16767685150601006,1.6134798526763916,1.1914464017613717,9.493874907493591,24.33628886938095,0.5018922415099545,2.1488214450760323,3.297523123728361,0.0,0.21455300029505212,0.2933936335064999,0.13251879215240478,0.15750683844089508,0.13251879215240478,0.3202533423900604,0.47594472765922546,57,0.06258131424685393,0.8845772657998224
station_wake_L5,Hard-switch stage-aware SAC,strict_hard_switch_v1,hard_switch_v1,2,32,9032,1250032,station_wake,5,0.0,0.0,0.1,1,1,0,0,1,0,60,0.25,1,42,0.2222735434770584,0.1626010695300243,0.6028039753437042,0.3594779919893462,3.0956418067216873,13.949324861168861,0.4014107854694379,1.657125910927759,0.0,0.2,0.17385819721998874,0.20381051940647277,0.00858117574825883,0.016970984637737274,0.00858117574825883,0.11889145523309708,0.13962328433990479,64,0.07721643303757737,1.7860725900086492
station_wake_L5,Hard-switch stage-aware SAC,strict_hard_switch_v1,hard_switch_v1,2,33,9033,1250033,station_wake,5,0.0,0.0,0.1,1,1,0,0,1,0,34,0.25,0,-1,nan,nan,nan,nan,nan,nan,nan,nan,0.0,nan,0.09874104442312989,0.12217739215605254,0.12587762176990508,0.1752961277961731,0.12587762176990508,0.6392078399658203,1.3483333587646484,38,0.05421865749168503,3.224980751770713
station_wake_L5,Hard-switch stage-aware SAC,strict_hard_switch_v1,hard_switch_v1,2,34,9034,1250034,station_wake,5,0.0,0.0,0.1,1,1,0,0,1,0,39,0.25,1,20,1.3015224933624268,1.1755037283677567,2.1018218994140625,1.280386984018175,8.08591902256012,32.46139049530029,0.5707116446054816,3.1070175156879083,0.0,0.9500000000000001,0.05297671960163146,0.06970867291835801,0.19016899168491364,0.23760226368904114,0.19016899168491364,0.4535011053085327,0.5624660849571228,43,0.0163557694739919,2.8896363927696584
station_wake_L5,Hard-switch stage-aware SAC,strict_hard_switch_v1,hard_switch_v1,2,35,9035,1250035,station_wake,5,0.0,0.0,0.1,1,1,0,0,1,0,70,0.25,1,45,0.1487087458372116,0.1150292706924653,1.2323621660470963,0.6509910682212635,2.3321379721164703,12.133807949721813,0.3107050502686688,1.4820492848034297,0.0,0.0,0.11903157271803377,0.1294802756528972,0.02644016109406948,0.03367353975772858,0.02644016109406948,0.07528165727853775,0.09666472673416138,74,0.08889515784752404,0.07395020467967682
station_wake_L5,Hard-switch stage-aware SAC,strict_hard_switch_v1,hard_switch_v1,2,36,9036,1250036,station_wake,5,0.0,0.0,0.1,1,1,0,0,1,0,34,0.25,1,14,1.3310130834579468,1.0736859446544949,1.4141738414764404,1.191170189905756,0.13573169708251953,0.6276345252990723,0.5440302788915077,2.863282869239892,0.0,1.0,0.09199697759967451,0.11446098717098094,0.18877700269222258,0.24596960842609406,0.18877700269222258,0.5894026756286621,0.7744690775871277,38,0.04671365784441356,2.6031242577961984
station_wake_L5,Hard-switch stage-aware SAC,strict_hard_switch_v1,hard_switch_v1,2,37,9037,1250037,station_wake,5,0.0,0.0,0.1,1,1,0,0,1,0,45,0.25,1,29,0.9884902238845825,0.6482328956604023,1.839362382888794,1.3735056408510988,2.551671266555786,14.980589151382446,0.27804303921840273,2.0453961306844595,1.3815489801642376,0.2,0.19404957855062258,0.24621697833424763,0.02938319630920887,0.036316562443971634,0.02938319630920887,0.19028328359127045,0.4997667670249939,49,0.07326443075505762,0.960665786597176
station_wake_L5,Hard-switch stage-aware SAC,strict_hard_switch_v1,hard_switch_v1,2,38,9038,1250038,station_wake,5,0.0,0.0,0.1,1,1,0,0,1,0,57,0.25,1,44,0.1982610821723938,0.16317070469805453,0.3702402114868164,0.26051286493271475,3.524152860045433,13.607922606170177,0.36742910867539236,2.121378686682423,0.0,0.4,0.17772953782373344,0.2377019737617009,0.11520635336637497,0.1479511559009552,0.11520635336637497,0.2678416967391968,0.3979584574699402,61,0.059230068833240536,1.1733200978675264
station_wake_L5,Hard-switch stage-aware SAC,strict_hard_switch_v1,hard_switch_v1,2,39,9039,1250039,station_wake,5,0.0,0.0,0.1,1,1,0,0,1,0,59,0.25,1,45,0.17878080904483795,0.09418514208697755,0.6240814924240112,0.40684609114697734,2.1803180128335953,7.112873047590256,0.3113658979894264,1.1954698865268605,0.0396721732883472,0.0,0.23279590807697392,0.317879135249184,0.12234137654304504,0.13358741998672485,0.12234137654304504,0.14811256527900696,0.27575433254241943,63,0.06268754671536984,0.0396721732883472
station_wake_L5,Hard-switch stage-aware SAC,strict_hard_switch_v1,hard_switch_v1,2,40,9040,1250040,station_wake,5,0.0,0.0,0.1,1,1,0,0,1,0,54,0.25,1,44,0.517702579498291,0.42436223599052153,1.6488876938819885,1.0078786764646162,4.113999307155609,19.617476388812065,0.5579018110921362,3.2512758806243283,0.0,0.35000000000000003,0.4015520558836763,0.520524014215463,0.1302470713853836,0.2345823049545288,0.1302470713853836,0.9051138758659363,1.2471231818199158,58,0.057720275084011674,1.0825268201173701
station_wake_L5,Hard-switch stage-aware SAC,strict_hard_switch_v1,hard_switch_v1,2,41,9041,1250041,station_wake,5,0.0,0.0,0.1,1,1,0,0,1,0,51,0.25,1,38,0.2102048546075821,0.10544978699162051,1.2041085213422775,0.8108198791292988,3.5230884701013565,21.40576958656311,0.4188170534096444,2.1800170791508187,0.03492594887228872,0.0,0.17345298448994725,0.25249664153635,0.11688124984502793,0.1277725249528885,0.11688124984502793,0.1603347659111023,0.2590179443359375,55,0.05785702317136843,0.03492594887228872
station_wake_L5,Hard-switch stage-aware SAC,strict_hard_switch_v1,hard_switch_v1,2,42,9042,1250042,station_wake,5,0.0,0.0,0.1,1,1,0,0,1,0,34,0.25,1,5,0.767445981502533,0.49186213333644946,1.9572685658931732,1.6341118595720534,19.23888325691223,20.64637780189514,1.5736013660932588,2.2387019490294975,0.0,1.4500000000000002,0.05900336030865892,0.06371356548989524,0.20939224362373351,0.28800255060195923,0.20939224362373351,0.7569382190704346,0.9351873397827148,38,0.04660343029165436,2.118111457616535
station_wake_L5,Hard-switch stage-aware SAC,strict_hard_switch_v1,hard_switch_v1,2,43,9043,1250043,station_wake,5,0.0,0.0,0.1,1,1,0,0,1,0,54,0.25,1,41,0.191322922706604,0.16375922021950998,0.9515631198883057,0.41243786306098473,3.5953813791275024,16.24967485666275,0.25999997816118336,1.7248109491858483,1.5033329606128574,0.0,0.20748651462467724,0.28544305845432155,0.03593736290931702,0.050108231604099274,0.03593736290931702,0.19364532083272934,0.3491554781794548,58,0.06647104999390066,0.9837068961536852
station_wake_L5,Hard-switch stage-aware SAC,strict_hard_switch_v1,hard_switch_v1,2,44,9044,1250044,station_wake,5,0.0,0.0,0.1,1,1,0,0,1,0,34,0.25,1,20,1.0657320022583008,0.8123695352604823,2.05269455909729,1.579785867397862,8.327382206916809,35.62936067581177,0.43818698666328426,3.292428422146608,0.0,0.5,0.25316889523764324,0.3255476470043129,0.12647246718406677,0.14807666838169098,0.12647246718406677,0.24139529466629028,0.33259183168411255,38,0.057591630886761704,2.2282418546806437
station_wake_L5,Hard-switch stage-aware SAC,strict_hard_switch_v1,hard_switch_v1,2,45,9045,1250045,station_wake,5,0.0,0.0,0.1,1,1,0,0,1,0,53,0.25,1,38,0.5183837413787842,0.27529068638520665,1.7024195194244385,1.4870815497847412,3.723386526107788,16.842260360717773,0.20462873195706524,1.4529272075220285,0.8723617392735191,0.35000000000000003,0.20073711062573124,0.257485922830252,0.11512371003627778,0.144605815410614,0.11512371003627778,0.27598437666893005,0.392071008682251,57,0.06626006030148474,0.8723617392735191
station_wake_L5,Hard-switch stage-aware SAC,strict_hard_switch_v1,hard_switch_v1,2,46,9046,1250046,station_wake,5,0.0,0.0,0.1,1,1,0,0,1,0,46,0.25,1,33,0.43127813935279846,0.2786001440952844,1.014883816242218,0.7388357321571715,3.6430981755256653,16.5721457824111,0.2543268207572364,1.9114294190481012,1.177741471416346,0.0,0.19112726040614486,0.2398723238604596,0.015378453023731708,0.020728353410959244,0.015378453023731708,0.08258495479822159,0.12220429256558418,50,0.07155890498047368,1.177741471416346
station_wake_L5,Hard-switch stage-aware SAC,strict_hard_switch_v1,hard_switch_v1,2,47,9047,1250047,station_wake,5,0.0,0.0,0.1,1,1,0,0,1,0,65,0.25,1,53,0.12912701070308685,0.06068510223903414,0.5205047130584717,0.38104943944060427,3.1448929756879807,16.443658992648125,0.3359872144243025,1.8736263352901465,0.0,0.0,0.18979357382516787,0.30356465598745797,0.031650110892951486,0.053468916565179825,0.031650110892951486,0.19086452201008797,0.34124501049518585,69,0.060497617648142446,1.732071406883236
station_wake_L5,Hard-switch stage-aware SAC,strict_hard_switch_v1,hard_switch_v1,2,48,9048,1250048,station_wake,5,0.0,0.0,0.1,1,1,0,0,1,0,49,0.25,1,32,0.08340375125408173,0.04059023720699141,0.4020358622074127,0.2859071224531754,3.112443685531616,12.101072520017624,0.30680465289674996,2.099462078382467,0.0,0.0,0.21337571562762597,0.2589704049928303,0.012783371657133103,0.02176077850162983,0.012783371657133103,0.15723711252212524,0.2418198063969612,53,0.06917186849528897,1.1582568627050038
station_wake_L5,Hard-switch stage-aware SAC,strict_hard_switch_v1,hard_switch_v1,2,49,9049,1250049,station_wake,5,0.0,0.0,0.1,1,1,0,0,1,0,34,0.25,1,18,0.4556303918361664,0.2636761422332551,1.3190165162086487,1.007516100818713,2.6280605792999268,13.96910011768341,0.29378010923764863,1.6677961869466544,0.0,0.0,0.16668354846033243,0.2091858530900245,0.03143545016646385,0.03885955736041069,0.03143545016646385,0.05333288013935089,0.10536640882492065,38,0.0794280615737411,1.785381140076891
station_wake_L5,Hard-switch stage-aware SAC,strict_hard_switch_v1,hard_switch_v1,2,50,9050,1250050,station_wake,5,0.0,0.0,0.1,1,1,0,0,1,0,32,0.25,1,18,1.2740896940231323,1.1669805083926137,1.375868320465088,0.993254058870327,6.965657472610474,24.198453724384308,0.3903081040551871,3.3944060748739218,0.0,0.7000000000000001,0.1868195561800743,0.2512511185217742,0.16472806930541992,0.2556033432483673,0.16472806930541992,0.8981999158859253,1.3471788167953491,36,0.05345957455474998,2.666141717512852
station_wake_L5,Hard-switch stage-aware SAC,strict_hard_switch_v1,hard_switch_v1,2,51,9051,1250051,station_wake,5,0.0,0.0,0.1,1,1,0,0,1,0,52,0.25,1,39,0.3425772786140442,0.2501599958988591,1.1943474411964417,0.7318691014171981,3.417450189590454,20.670610666275024,0.5460232240113465,2.6640787184898844,0.0,0.0,0.21832382636294995,0.3127195947165816,0.07975002750754356,0.10507838428020477,0.07975002750754356,0.19771838188171387,0.2812953293323517,56,0.07368207599506296,2.3119456095157385
station_wake_L5,Hard-switch stage-aware SAC,strict_hard_switch_v1,hard_switch_v1,2,52,9052,1250052,station_wake,5,0.0,0.0,0.1,1,1,0,0,1,0,58,0.25,1,43,0.1287066787481308,0.06341946673596988,0.8328818529844284,0.564898057305591,6.480668894946575,23.793002516031265,0.46608864505438524,1.8890462924905853,0.0,0.0,0.20722151250895945,0.25409062162521684,0.05584432631731033,0.058394383639097214,0.05584432631731033,0.0709390789270401,0.1237720251083374,62,0.06315588370579889,0.3953151007806328
station_wake_L5,Hard-switch stage-aware SAC,strict_hard_switch_v1,hard_switch_v1,2,53,9053,1250053,station_wake,5,0.0,0.0,0.1,1,1,0,0,1,0,52,0.25,1,36,0.404340535402298,0.29945340773782725,0.7106584310531616,0.4404586857104961,2.5606662034988403,7.696617096662521,0.20046507134982347,0.9724837160199754,0.0,0.55,0.14638358124165357,0.20422270923163108,0.1160174012184143,0.12822075188159943,0.1160174012184143,0.21153166890144348,0.2934914827346802,56,0.0776302362011766,2.08763131155853
station_wake_L5,Hard-switch stage-aware SAC,strict_hard_switch_v1,hard_switch_v1,2,54,9054,1250054,station_wake,5,0.0,0.0,0.1,1,1,0,0,1,0,47,0.25,1,34,0.09128376841545105,0.04417668232764867,0.43460577726364136,0.29923769204822487,1.2856027483940125,6.904179155826569,0.21888044320188643,1.159628707894321,0.0,0.30000000000000004,0.2010948887016514,0.25736583640362315,0.10606736838817596,0.12607711553573608,0.10606736838817596,0.19542193412780762,0.2724282443523407,51,0.04971678063805702,0.801370513948552
station_wake_L5,Hard-switch stage-aware SAC,strict_hard_switch_v1,hard_switch_v1,2,55,9055,1250055,station_wake,5,0.0,0.0,0.1,1,1,0,0,1,0,67,0.25,1,46,0.37159237265586853,0.31179751253081106,0.8018204569816589,0.4968003167302783,3.9292825758457184,13.218081593513489,0.21127522610779695,1.260206971581545,0.0,0.35000000000000003,0.1463421927669567,0.16779808736800367,0.05796235948801041,0.06167073920369148,0.05796235948801041,0.03157472610473633,0.04277415573596954,71,0.08200481965363099,1.7974146527339843
station_wake_L5,Hard-switch stage-aware SAC,strict_hard_switch_v1,hard_switch_v1,2,56,9056,1250056,station_wake,5,0.0,0.0,0.1,1,1,0,0,1,0,50,0.25,1,39,0.31331688165664673,0.23801851314406366,0.6845679879188538,0.3872252976801406,3.5022076033055782,11.926756389439106,0.645450847859646,2.43177642144897,0.0,0.15000000000000002,0.2652678725390939,0.39784122273248657,0.06554035544395446,0.09882241487503052,0.06554035544395446,0.2898081988096237,0.44106245040893555,54,0.05842259834223704,1.2639208496604533
station_wake_L5,Hard-switch stage-aware SAC,strict_hard_switch_v1,hard_switch_v1,2,57,9057,1250057,station_wake,5,0.0,0.0,0.1,1,1,0,0,1,0,35,0.25,1,21,1.1829856634140015,0.9844925051624502,1.8529260158538818,1.3429003373646764,8.330237120389938,31.989511847496033,0.5773244707834226,3.3091538056494167,0.0,0.7000000000000001,0.1323275530351764,0.18526046530659307,0.25614160895347593,0.30993688106536865,0.25614160895347593,0.5412231087684631,0.6041616201400757,39,0.049110222154934616,2.124689143230669
station_wake_L5,Hard-switch stage-aware SAC,strict_hard_switch_v1,hard_switch_v1,2,58,9058,1250058,station_wake,5,0.0,0.0,0.1,1,1,0,0,1,0,53,0.25,1,41,0.11627650260925293,0.08247399800230777,0.7898920774459839,0.5513475562671706,2.8714752197265625,19.72957670688629,0.2513582816125824,1.9725816679936075,0.0,0.45,0.18201041071744584,0.26710629371618744,0.1297188237309456,0.13883979618549347,0.1297188237309456,0.13609009981155396,0.342964231967926,57,0.05781496473548031,2.3180940604292193
station_wake_L5,Hard-switch stage-aware SAC,strict_hard_switch_v1,hard_switch_v1,2,59,9059,1250059,station_wake,5,0.0,0.0,0.1,1,1,0,0,1,0,28,0.25,1,14,0.2874496877193451,0.23190690826462554,0.7413589954376221,0.5497634243503198,4.5348164439201355,19.282645285129547,0.9222515511125869,3.4143546849940423,2.4644675756635315,0.0,0.17490106905376337,0.24187479624283223,0.05901921764016151,0.07036234438419342,0.05901921764016151,0.13346168398857117,0.2698219567537308,32,0.06228828532307928,1.102366705387259
station_wake_L5,Hard-switch stage-aware SAC,strict_hard_switch_v1,hard_switch_v1,2,60,9060,1250060,station_wake,5,0.0,0.0,0.1,1,1,0,0,1,0,53,0.25,1,34,0.8538045287132263,0.4902666642529,1.9969981908798218,1.6916647590299145,3.3119118213653564,14.068628549575806,0.20545307400780655,1.8542931889866423,0.0,0.0,0.1703803846881112,0.19360260074528865,0.052009168267250064,0.05611582472920418,0.052009168267250064,0.04581385850906372,0.11454060673713684,57,0.07750332264386955,0.3529711829385801
station_wake_L5,Hard-switch stage-aware SAC,strict_hard_switch_v1,hard_switch_v1,2,61,9061,1250061,station_wake,5,0.0,0.0,0.1,1,1,0,0,1,0,65,0.25,1,49,0.12429435551166534,0.08765116878089543,0.7837360352277756,0.5300233088750914,1.9651973247528076,6.420976668596268,0.3430855922242748,1.9305930151103594,0.0,0.8,0.053052187427221564,0.09096758747690327,0.08344504088163376,0.09004414081573486,0.08344504088163376,0.08937597274780273,0.14512494206428528,69,0.01990835861302375,3.9285152091611795
station_wake_L5,Hard-switch stage-aware SAC,strict_hard_switch_v1,hard_switch_v1,2,62,9062,1250062,station_wake,5,0.0,0.0,0.1,1,1,0,0,1,0,42,0.25,1,27,0.814220130443573,0.4941051462571472,1.8016839027404785,1.310982681863291,4.405532777309418,22.935128211975098,0.551658709709989,3.660468654786319,0.0,0.5,0.15338346580467332,0.18722507990829676,0.12839648127555847,0.1475447714328766,0.12839648127555847,0.20239770412445068,0.35986781120300293,46,0.07810770409193313,0.9541231057025386
station_wake_L5,Hard-switch stage-aware SAC,strict_hard_switch_v1,hard_switch_v1,2,63,9063,1250063,station_wake,5,0.0,0.0,0.1,1,1,0,0,1,0,43,0.25,1,28,0.19452600181102753,0.13799746974690544,0.5975377559661865,0.40263859197241747,4.382063001394272,14.164099842309952,0.530096047126755,2.191117094999071,0.0,0.0,0.1431727012467832,0.19750169017550417,0.013093399535864591,0.027673877775669098,0.013093399535864591,0.1424935907125473,0.16747526824474335,47,0.08058343776367466,1.9152305067182382
station_wake_L5,Hard-switch stage-aware SAC,strict_hard_switch_v1,hard_switch_v1,2,64,9064,1250064,station_wake,5,0.0,0.0,0.1,1,1,0,0,1,0,54,0.25,1,39,0.22623033821582794,0.17415247114642254,0.6352829933166504,0.44839883908881845,5.3965552151203156,19.095759242773056,0.33501709557533094,1.7698251080014367,0.0,0.1,0.1766041956060624,0.2509071111887689,0.016489752940833567,0.02387666143476963,0.016489752940833567,0.3168812058866024,0.5076703056693077,58,0.07445606964594648,1.1373892474084397
station_wake_L5,Hard-switch stage-aware SAC,strict_hard_switch_v1,hard_switch_v1,2,65,9065,1250065,station_wake,5,0.0,0.0,0.1,1,1,0,0,1,0,44,0.25,1,24,0.8297126889228821,0.5085813938877304,1.6456127166748047,1.3823136690478695,2.712640166282654,14.959878623485565,0.3373727053152007,2.129075722752092,0.0,0.5,0.16008414045331515,0.18410662983490972,0.060361447930336,0.07436148822307587,0.060361447930336,0.1350703090429306,0.15294000506401062,48,0.08141484702735578,1.7519236718709952
station_wake_L5,Hard-switch stage-aware SAC,strict_hard_switch_v1,hard_switch_v1,2,66,9066,1250066,station_wake,5,0.0,0.0,0.1,1,1,0,0,1,0,37,0.25,1,21,0.7166943550109863,0.5051652409648347,1.3954150676727295,0.9794125770151367,5.022378712892532,21.31321758031845,0.7655548787649926,2.678645698825834,0.0,0.25,0.1717542928724593,0.21608741989092559,0.031078875437378882,0.03869383782148361,0.031078875437378882,0.10099125653505325,0.18386665731668472,41,0.0720708179623762,1.2554648620245659
station_wake_L5,Hard-switch stage-aware SAC,strict_hard_switch_v1,hard_switch_v1,2,67,9067,1250067,station_wake,5,0.0,0.0,0.1,1,1,0,0,1,0,69,0.25,1,54,0.48876556754112244,0.44643212503590457,0.8003956079483032,0.49565356624138085,3.144270498305559,17.478792667388916,0.2565870884895729,1.8303165593490818,0.06347186739965746,0.2,0.18923684566624566,0.25343630787656846,0.04956620633602142,0.05865733325481415,0.04956620633602142,0.20307763665914536,0.4057495668530464,73,0.07866358984192123,0.6795976859181863
station_wake_L5,Hard-switch stage-aware SAC,strict_hard_switch_v1,hard_switch_v1,2,68,9068,1250068,station_wake,5,0.0,0.0,0.1,1,1,0,0,1,0,51,0.25,1,39,0.2178022414445877,0.15531797005900924,0.9251385927200317,0.6063798587699991,6.493816524744034,24.21773374080658,0.3452875139107955,1.7378800871942377,0.0,0.0,0.19884880309960024,0.28613504052935035,0.009871168714016675,0.01727764680981636,0.009871168714016675,0.12852176278829575,0.3093462157994509,55,0.05604348658151524,0.5163566983634105
station_wake_L5,Hard-switch stage-aware SAC,strict_hard_switch_v1,hard_switch_v1,2,69,9069,1250069,station_wake,5,0.0,0.0,0.1,1,1,0,0,1,0,48,0.25,1,30,0.5472273230552673,0.3373860081381459,1.5217918157577515,0.9061435086084605,3.0635416507720947,13.26908528804779,0.3935847552596207,2.2278341084281545,0.6339055880006521,0.05,0.1825633627445491,0.22175877579541206,0.0102737320587039,0.02015000954270363,0.0102737320587039,0.15531108528375626,0.19512413069605827,52,0.07916170238009652,0.5123035680603897
station_wake_L5,Hard-switch stage-aware SAC,strict_hard_switch_v1,hard_switch_v1,2,70,9070,1250070,station_wake,5,0.0,0.0,0.1,1,1,0,0,1,0,44,0.25,1,24,0.27263256907463074,0.20682520552982803,0.9052631258964539,0.4903125881864357,5.077058468014002,18.312448412179947,0.44201729974844806,2.170324976485945,0.0,0.0,0.12955967384231645,0.15475375826490378,0.02212604284286499,0.030818268656730652,0.02212604284286499,0.08564581722021103,0.10491155087947845,48,0.08710830828788794,0.1913834480084911
station_wake_L5,Hard-switch stage-aware SAC,strict_hard_switch_v1,hard_switch_v1,2,71,9071,1250071,station_wake,5,0.0,0.0,0.1,1,1,0,0,1,0,31,0.25,1,19,0.31558382511138916,0.24142644575374797,0.8424687385559082,0.517652925722454,5.181591361761093,19.851508289575577,0.5554261961921312,2.9795843304185308,0.0,0.05,0.19393857486662955,0.2820263904360735,0.03749809563159943,0.06326857209205627,0.03749809563159943,0.26759880781173706,0.41222766041755676,35,0.046934453628699725,0.650129955322077
station_wake_L5,Hard-switch stage-aware SAC,strict_hard_switch_v1,hard_switch_v1,2,72,9072,1250072,station_wake,5,0.0,0.0,0.1,1,1,0,0,1,0,48,0.25,1,27,0.818568766117096,0.48724195916107554,1.8358588218688965,1.361003585153389,8.923132121562958,24.78185921907425,0.4911464122011013,3.100751086216056,0.0,0.5,0.15305288931735686,0.17617885131937638,0.04904382899403572,0.05373893305659294,0.04904382899403572,0.053112760186195374,0.07692255079746246,52,0.08302836514210886,1.6418248644317979
station_wake_L5,Hard-switch stage-aware SAC,strict_hard_switch_v1,hard_switch_v1,2,73,9073,1250073,station_wake,5,0.0,0.0,0.1,1,1,0,0,1,0,40,0.25,1,24,0.2712554633617401,0.19869460053867388,0.5920141935348511,0.39793992865653494,5.2132149785757065,19.01699408888817,0.4539460652341326,2.164514716700712,0.0,0.05,0.15224796326329137,0.20214406526944306,0.0034952116548083723,0.009387774392962456,0.0034952116548083723,0.109613130800426,0.3354676812887192,44,0.07775837541846099,0.5274238993355054
station_wake_L5,Hard-switch stage-aware SAC,strict_hard_switch_v1,hard_switch_v1,2,74,9074,1250074,station_wake,5,0.0,0.0,0.1,1,1,0,0,1,0,56,0.25,1,37,0.2158169448375702,0.1013352256388904,0.8164557814598083,0.5683093994715346,4.132940918207169,18.516343906521797,0.5158296316520898,2.7255548283322053,0.0,0.9500000000000001,0.07477811429096712,0.10464218880635848,0.14822347164154054,0.1697431057691574,0.14822347164154054,0.23939532041549683,0.32190442085266113,60,0.04185678353019525,3.1337008230421937
station_wake_L5,Hard-switch stage-aware SAC,strict_hard_switch_v1,hard_switch_v1,2,75,9075,1250075,station_wake,5,0.0,0.0,0.1,1,1,0,0,1,0,56,0.25,1,46,0.59690260887146,0.4984216067311626,0.9372925758361816,0.693389017597673,5.150807201862335,17.6687154173851,0.38111970610332985,2.2269179973612228,2.0631322767793407,0.05,0.299124340176478,0.41498112917779634,0.038294854760169986,0.04978285729885101,0.038294854760169986,0.5481665879487991,1.1100419610738754,60,0.05406611882451507,1.5958262084144066
station_wake_L5,Hard-switch stage-aware SAC,strict_hard_switch_v1,hard_switch_v1,2,76,9076,1250076,station_wake,5,0.0,0.0,0.1,1,1,0,0,1,0,49,0.25,1,36,0.2958662211894989,0.16778227398095616,1.0544294118881226,0.8835055352898502,3.086848258972168,10.076875686645508,0.23100321222537779,1.4235431856357859,0.0,0.6000000000000001,0.20900006931420637,0.28557409269205314,0.17550513446331023,0.1844819039106369,0.17550513446331023,0.19272541999816895,0.3507879376411438,53,0.05915308536923916,2.4503990935205975
station_wake_L5,Hard-switch stage-aware SAC,strict_hard_switch_v1,hard_switch_v1,2,77,9077,1250077,station_wake,5,0.0,0.0,0.1,1,1,0,0,1,0,58,0.25,1,45,0.184891015291214,0.13542083435543342,0.4293268918991089,0.23997471189621591,2.0792287588119507,7.168269883841276,0.18817063318382668,1.1877214752358052,0.7861929798391374,0.0,0.1762442544654778,0.25488298506103063,0.0431857418268919,0.05371822789311409,0.0431857418268919,0.10103154927492142,0.1714879646897316,62,0.06646078770407575,0.7861929798391374
station_wake_L5,Hard-switch stage-aware SAC,strict_hard_switch_v1,hard_switch_v1,2,78,9078,1250078,station_wake,5,0.0,0.0,0.1,1,1,0,0,1,0,74,0.25,1,60,0.41588717699050903,0.3251758272575646,1.7523567378520966,1.0622150507459711,3.7603431940078735,19.4216425716877,0.20367200735414503,1.5033133232047728,0.0,0.35000000000000003,0.1545509040766257,0.21060524560192684,0.08551118597388267,0.12187919020652771,0.08551118597388267,0.32320816814899445,0.42215555906295776,78,0.05441819598048086,0.6890318847092664
station_wake_L5,Hard-switch stage-aware SAC,strict_hard_switch_v1,hard_switch_v1,2,79,9079,1250079,station_wake,5,0.0,0.0,0.1,1,1,0,0,1,0,39,0.25,1,24,1.1681665182113647,0.9332840601799529,1.799997091293335,1.3960664771603841,8.141515851020813,26.138635873794556,0.519745204457898,3.101780387517765,0.0,0.55,0.2053005990892307,0.26060172016631006,0.09142810255289077,0.12678582966327667,0.09142810255289077,0.2847537398338318,0.39065003395080566,43,0.06222586512783695,2.343259465539308
station_wake_L5,Hard-switch stage-aware SAC,strict_hard_switch_v1,hard_switch_v1,2,80,9080,1250080,station_wake,5,0.0,0.0,0.1,1,1,0,0,1,0,27,0.25,1,14,0.2957668602466583,0.1483035248937053,1.1190798878669739,0.7413510871535014,4.305144250392914,21.743422150611877,0.3544583008083196,2.6593024833438124,0.0,0.0,0.231861263352695,0.33641948801838795,0.0372129075229168,0.055124882608652115,0.0372129075229168,0.5137477070093155,0.8796995133161545,31,0.051348479781057915,0.8392383633675721
station_wake_L5,Hard-switch stage-aware SAC,strict_hard_switch_v1,hard_switch_v1,2,81,9081,1250081,station_wake,5,0.0,0.0,0.1,1,1,0,0,1,0,54,0.25,1,35,0.6173786520957947,0.5403274944339068,1.264602541923523,0.8466459105233101,5.577651262283325,22.896942496299744,0.39060810724744466,2.5573843143645174,6.0654013627021985,0.9500000000000001,0.04040443347712975,0.049465413332016796,0.07707382291555405,0.08882085978984833,0.07707382291555405,0.149459570646286,0.2747024595737457,58,0.04412228635331463,4.142287323577885
station_wake_L5,Hard-switch stage-aware SAC,strict_hard_switch_v1,hard_switch_v1,2,82,9082,1250082,station_wake,5,0.0,0.0,0.1,1,1,0,0,1,0,41,0.25,1,30,0.40731629729270935,0.3010927544311228,1.2287867069244385,0.8592428743569779,4.862896800041199,21.159547567367554,0.3321869810936817,2.3001190423365876,0.0,0.0,0.24297977404144425,0.3343758501322941,0.09993465840816498,0.11425397545099258,0.09993465840816498,0.1577916443347931,0.20124584436416626,45,0.05365152001870087,1.9045824552455999
station_wake_L5,Hard-switch stage-aware SAC,strict_hard_switch_v1,hard_switch_v1,2,83,9083,1250083,station_wake,5,0.0,0.0,0.1,1,1,0,0,1,0,39,0.25,1,28,1.0639374256134033,0.6589030369197025,2.0205891132354736,1.8094182606813018,3.75984326004982,16.000524908304214,0.7064147376847583,2.624925700957597,0.0,0.2,0.3061192681748023,0.4315425004731688,0.02163613699376583,0.031167326495051384,0.02163613699376583,0.1662479229271412,0.39211511611938477,43,0.033258395678294986,3.329070700287592
station_wake_L5,Hard-switch stage-aware SAC,strict_hard_switch_v1,hard_switch_v1,2,84,9084,1250084,station_wake,5,0.0,0.0,0.1,1,1,0,0,1,0,34,0.25,1,21,0.11900325119495392,0.07307787910566563,0.7417501509189606,0.5178336162377116,4.161000847816467,18.893682956695557,0.8133485118036069,2.8115243213827994,0.0,0.0,0.2297479707487348,0.33141623199897896,0.02414012923836708,0.04319320619106293,0.02414012923836708,0.3090355843305588,0.5704936385154724,38,0.06829582475245971,1.9812716058030915
station_wake_L5,Hard-switch stage-aware SAC,strict_hard_switch_v1,hard_switch_v1,2,85,9085,1250085,station_wake,5,0.0,0.0,0.1,1,1,0,0,1,0,58,0.25,1,43,0.21235273778438568,0.18140726474146035,0.42785733938217163,0.2942864226246423,2.3668352514505386,8.509832918643951,0.12640928811429675,0.9538318653057816,0.0,0.0,0.17700752850119367,0.2468797964844872,0.020494712889194487,0.029614992439746857,0.020494712889194487,0.19464407116174698,0.3236451745033264,62,0.07181925619842237,0.29792583464380107
station_wake_L5,Hard-switch stage-aware SAC,strict_hard_switch_v1,hard_switch_v1,2,86,9086,1250086,station_wake,5,0.0,0.0,0.1,1,1,0,0,1,0,33,0.25,1,10,1.1286900043487549,0.8604700721558364,1.6280204057693481,1.3214477674000884,1.165757179260254,2.103348970413208,0.7596288853695237,2.4237521605783847,0.0,1.1500000000000001,0.08935739327372141,0.0924153040293194,0.1405247077345848,0.1746736615896225,0.1405247077345848,0.3382547199726105,0.3631410002708435,37,0.06431548991640065,3.1218933469579455
station_wake_L5,Hard-switch stage-aware SAC,strict_hard_switch_v1,hard_switch_v1,2,87,9087,1250087,station_wake,5,0.0,0.0,0.1,1,1,0,0,1,0,51,0.25,1,38,0.416556715965271,0.3143217396711925,1.6837015748023987,1.166622585917527,7.147809267044067,25.74066698551178,0.3781914487218419,2.4625707502923846,4.695975754871323,0.0,0.19453684031083038,0.27708211201453414,0.03794020339846611,0.07624991238117218,0.03794020339846611,0.4466821104288101,0.5359319597482681,55,0.07009072222377508,4.194686400456107
station_wake_L5,Hard-switch stage-aware SAC,strict_hard_switch_v1,hard_switch_v1,2,88,9088,1250088,station_wake,5,0.0,0.0,0.1,1,1,0,0,1,0,44,0.25,1,33,0.21018573641777039,0.1340022380485021,0.6727437674999237,0.41247498075986044,3.304726406931877,16.83839850127697,0.23616266189173343,1.9541103711452945,0.0,0.4,0.2746006119673317,0.3900525895765956,0.1418744683265686,0.15052829682826996,0.1418744683265686,0.06407111883163452,0.1280587911605835,48,0.03842808082478609,1.849714264982418
station_wake_L5,Hard-switch stage-aware SAC,strict_hard_switch_v1,hard_switch_v1,2,89,9089,1250089,station_wake,5,0.0,0.0,0.1,1,1,0,0,1,0,50,0.25,1,38,0.12297148257493973,0.07658761576413356,0.6647912412881851,0.4313547195841436,4.105785042047501,12.91625589132309,0.2950408990901231,1.597120954587072,0.0,0.5,0.19868184214385337,0.30484434527437604,0.0744350790977478,0.09424861520528793,0.0744350790977478,0.22648394107818604,0.34831032156944275,54,0.06237548838123357,3.5770129704614018
station_wake_L5,Hard-switch stage-aware SAC,strict_hard_switch_v1,hard_switch_v1,2,90,9090,1250090,station_wake,5,0.0,0.0,0.1,1,1,0,0,1,0,29,0.25,0,-1,nan,nan,nan,nan,nan,nan,nan,nan,0.0,nan,0.09491427206492627,0.10627282816184094,0.22106877863407134,0.34295105934143066,0.22106877863407134,1.2120221853256226,2.034170627593994,33,0.04769155671593802,2.7957577905053603
station_wake_L5,Hard-switch stage-aware SAC,strict_hard_switch_v1,hard_switch_v1,2,91,9091,1250091,station_wake,5,0.0,0.0,0.1,1,1,0,0,1,0,57,0.25,1,42,0.43409013748168945,0.40014182559621797,0.6669187545776367,0.28147505356856783,3.4049277985468507,14.484740793704987,0.30100710023351207,2.040770144626387,0.0,0.5,0.1608847801132562,0.21782293964342547,0.13949233591556548,0.1828184425830841,0.13949233591556548,0.3811975121498108,0.56303471326828,61,0.07752159947592321,0.5516307834451182
station_wake_L5,Hard-switch stage-aware SAC,strict_hard_switch_v1,hard_switch_v1,2,92,9092,1250092,station_wake,5,0.0,0.0,0.1,1,1,0,0,1,0,54,0.25,1,42,0.25095897912979126,0.17289846889618113,0.6163126230239868,0.379083926440954,4.907725751399994,14.202741533517838,0.3453310657260548,1.9821298076467768,0.0,0.0,0.2082191253411339,0.32323184535735444,0.0029921789187937974,0.005193473771214485,0.0029921789187937974,0.09489500429481268,0.1405400037765503,58,0.05498124463950718,1.5158840735429906
station_wake_L5,Hard-switch stage-aware SAC,strict_hard_switch_v1,hard_switch_v1,2,93,9093,1250093,station_wake,5,0.0,0.0,0.1,1,1,0,0,1,0,61,0.25,1,48,0.08497228473424911,0.04757345619178751,0.5232328921556473,0.2799289485624751,4.365101456642151,19.76256936788559,0.2761187422528291,1.9292294744521494,0.5042096871722188,0.0,0.17796323872567715,0.2511280564999119,0.08350489586591721,0.09876484423875809,0.08350489586591721,0.21492913365364075,0.4155464470386505,65,0.0701406170596803,0.5042096871722188
station_wake_L5,Hard-switch stage-aware SAC,strict_hard_switch_v1,hard_switch_v1,2,94,9094,1250094,station_wake,5,0.0,0.0,0.1,1,1,0,0,1,0,55,0.25,1,43,0.6176781058311462,0.5069930352542078,1.1018729209899902,0.6618737573920741,4.8429229855537415,20.95292292535305,0.4226932467876271,2.7200570682016174,1.7859807026199714,0.1,0.18554682408076761,0.28108167402797746,0.029339208081364632,0.05040388181805611,0.029339208081364632,0.496393159031868,1.003805622458458,59,0.04403214699899223,1.4330619467193564
station_wake_L5,Hard-switch stage-aware SAC,strict_hard_switch_v1,hard_switch_v1,2,95,9095,1250095,station_wake,5,0.0,0.0,0.1,1,1,0,0,1,0,55,0.25,1,43,0.10831502825021744,0.07332442484840274,1.0083110630512238,0.6069729484174347,5.706817805767059,25.536980628967285,0.45167810174528794,2.751587792968075,1.014882013959739,0.0,0.20059521497487315,0.3062330923052364,0.005746200773864984,0.011654017493128777,0.005746200773864984,0.06211776100099087,0.11459494940936565,59,0.07226686785185531,1.014882013959739
station_wake_L5,Hard-switch stage-aware SAC,strict_hard_switch_v1,hard_switch_v1,2,96,9096,1250096,station_wake,5,0.0,0.0,0.1,1,1,0,0,1,0,44,0.25,1,32,0.10575598478317261,0.07797018275633798,0.4708437994122505,0.3015565357887748,4.170241951942444,14.747168645262718,0.3415315343284816,2.30259574554743,0.0,0.0,0.24247604927963912,0.35197177722695644,0.10877051949501038,0.12551596760749817,0.10877051949501038,0.22609129548072815,0.36881208419799805,48,0.05882220986930311,0.8012471970175216
station_wake_L5,Hard-switch stage-aware SAC,strict_hard_switch_v1,hard_switch_v1,2,97,9097,1250097,station_wake,5,0.0,0.0,0.1,1,1,0,0,1,0,48,0.25,1,36,0.1241547092795372,0.10427630479512592,0.5794784426689148,0.23145117280261404,2.7784287743270397,13.138369666412473,0.31059725125472615,1.9385109155387739,2.3542387811866923,0.0,0.2161743850352967,0.30696413092428515,0.05398105159401893,0.07555609941482544,0.05398105159401893,0.30169712379574776,0.47668637707829475,52,0.058448529063835956,1.5806396029600005
station_wake_L5,Hard-switch stage-aware SAC,strict_hard_switch_v1,hard_switch_v1,2,98,9098,1250098,station_wake,5,0.0,0.0,0.1,1,1,0,0,1,0,74,0.25,1,55,0.2270495593547821,0.16213264500425187,0.8023382723331451,0.5618570033981601,3.236432671546936,9.167984573869035,0.21784573241468808,1.1263655134271275,0.0,0.2,0.16888872004912173,0.18685382349549093,0.03260093480348587,0.0353463739156723,0.03260093480348587,0.030945494771003723,0.07038719952106476,78,0.07823427781397069,0.12445678554927658
station_wake_L5,Hard-switch stage-aware SAC,strict_hard_switch_v1,hard_switch_v1,2,99,9099,1250099,station_wake,5,0.0,0.0,0.1,1,1,0,0,1,0,38,0.25,1,20,0.5939286351203918,0.5742285124311091,0.7353150844573975,0.2805129033593414,4.32920515537262,21.31509091705084,0.9988603920306144,3.5535555849134397,0.0,0.8500000000000001,0.194769957928487,0.22224238296499615,0.10604913979768753,0.1246117576956749,0.10604913979768753,0.1954886019229889,0.2414928376674652,42,0.0768145029139162,3.262446046915526
station_wake_L5,Hard-switch stage-aware SAC,strict_hard_switch_v1,hard_switch_v1,3,0,9000,1250000,station_wake,5,0.0,0.0,0.1,1,1,0,0,1,0,55,0.25,1,36,0.09156156331300735,0.06657985277377709,0.220525860786438,0.14261458870420307,1.6926468163728714,7.239012569189072,0.23947643649394953,1.3304902971036192,0.3160198061679582,0.0,0.13966199520846176,0.16741079018080257,0.03151239156723022,0.033692337572574615,0.03151239156723022,0.07210879027843475,0.19037947058677673,59,0.06550579887643981,0.2916718626437288
station_wake_L5,Hard-switch stage-aware SAC,strict_hard_switch_v1,hard_switch_v1,3,1,9001,1250001,station_wake,5,0.0,0.0,0.1,1,1,0,0,1,0,42,0.25,1,28,0.8095441460609436,0.46067303466005105,2.027900218963623,1.4777027061430534,5.3475940227508545,28.032905161380768,0.4303804630086938,3.055332730360814,0.0,0.35000000000000003,0.15697944447388307,0.21381348177600443,0.12450470477342605,0.13640058040618896,0.12450470477342605,0.14548459649085999,0.23137226700782776,46,0.05839732813019809,0.13647765168423456
station_wake_L5,Hard-switch stage-aware SAC,strict_hard_switch_v1,hard_switch_v1,3,2,9002,1250002,station_wake,5,0.0,0.0,0.1,1,1,0,0,1,0,51,0.25,1,28,0.5596712827682495,0.5187943463542829,0.5729246139526367,0.37178880487288263,2.9658201336860657,11.746019423007965,0.21662159598580005,1.4715861069139307,0.0,0.75,0.11768990987266577,0.13024027670016047,0.06942445561289787,0.08400000631809235,0.06942445561289787,0.1431988626718521,0.1725466549396515,55,0.08521120880912332,1.1827103273158246
station_wake_L5,Hard-switch stage-aware SAC,strict_hard_switch_v1,hard_switch_v1,3,3,9003,1250003,station_wake,5,0.0,0.0,0.1,1,1,0,0,1,0,53,0.25,1,40,0.30594000220298767,0.16264275219520394,1.210079938173294,0.9963183012231339,3.2930678129196167,12.981940060853958,0.5892691123601892,2.3283354891935173,2.469331524126227,0.0,0.14188103703694216,0.20281242637023894,0.018290821090340616,0.022535070776939392,0.018290821090340616,0.15885433554649353,0.5234543234109879,57,0.05506936098285254,2.207334645631235
station_wake_L5,Hard-switch stage-aware SAC,strict_hard_switch_v1,hard_switch_v1,3,4,9004,1250004,station_wake,5,0.0,0.0,0.1,1,1,0,0,1,0,61,0.25,1,42,0.23291859030723572,0.14736544078599872,0.48638612031936646,0.3647771069507667,2.2751889703795314,7.72250235080719,0.13773305926353432,0.7350787629778666,0.0,0.0,0.13273558203466068,0.14941333785762884,0.0466008186340332,0.05029001459479332,0.0466008186340332,0.09622222185134888,0.2018730342388153,65,0.07554595314164889,1.0566420039886086
station_wake_L5,Hard-switch stage-aware SAC,strict_hard_switch_v1,hard_switch_v1,3,5,9005,1250005,station_wake,5,0.0,0.0,0.1,1,1,0,0,1,0,63,0.25,1,40,0.2557821273803711,0.2269161562926474,0.27390629053115845,0.17889767082404728,1.8372464925050735,9.627095758914948,0.2868409503184592,1.9655921492629498,2.3267323287385815,0.0,0.1446133919338101,0.1599700915728549,0.03519111052155495,0.036345403641462326,0.03519111052155495,0.03676784038543701,0.09436830878257751,67,0.08764926972363804,1.5779715603154643
station_wake_L5,Hard-switch stage-aware SAC,strict_hard_switch_v1,hard_switch_v1,3,6,9006,1250006,station_wake,5,0.0,0.0,0.1,1,1,0,0,1,0,29,0.25,0,-1,nan,nan,nan,nan,nan,nan,nan,nan,0.0,nan,0.16310299214344537,0.20110949631098815,0.08976605385541916,0.12364518642425537,0.08976605385541916,0.33561256527900696,0.4566013813018799,33,0.07167159352148476,1.1900039021323405
station_wake_L5,Hard-switch stage-aware SAC,strict_hard_switch_v1,hard_switch_v1,3,7,9007,1250007,station_wake,5,0.0,0.0,0.1,1,1,0,0,1,0,66,0.25,1,45,0.2653815448284149,0.20569824022395178,1.343216598033905,0.8194343098006145,5.73086678981781,17.405730336904526,0.3117333318710804,1.2156552813737567,0.23143252901112532,0.0,0.11805074591971514,0.12808501396693797,0.00785613264888525,0.011606700718402863,0.00785613264888525,0.09427034854888916,0.1607017032802105,70,0.08905821496883745,0.13305930208720185
station_wake_L5,Hard-switch stage-aware SAC,strict_hard_switch_v1,hard_switch_v1,3,8,9008,1250008,station_wake,5,0.0,0.0,0.1,1,1,0,0,1,0,44,0.25,1,26,0.18087537586688995,0.12805340682204464,1.068921685218811,0.7989609423858036,2.7643415331840515,16.68206188827753,0.5761764056366585,2.9068258270195617,0.0,0.9,0.13853808252872285,0.1720250786800869,0.10417508184909821,0.11125077307224274,0.10417508184909821,0.0855303704738617,0.14544636011123657,48,0.030194018373400012,3.6915541756254577
station_wake_L5,Hard-switch stage-aware SAC,strict_hard_switch_v1,hard_switch_v1,3,9,9009,1250009,station_wake,5,0.0,0.0,0.1,1,1,0,0,1,0,44,0.25,1,24,0.03898721933364868,0.02735610102293453,0.4645690321922302,0.3219196978645355,2.9700016789138317,12.628213167190552,0.44884833183100603,1.8910977447979234,0.85329307841046,0.0,0.1692624662384473,0.1934564229057434,0.010686894506216049,0.01575183868408203,0.010686894506216049,0.055363379418849945,0.06291305646300316,48,0.08381270103928799,0.85329307841046
station_wake_L5,Hard-switch stage-aware SAC,strict_hard_switch_v1,hard_switch_v1,3,10,9010,1250010,station_wake,5,0.0,0.0,0.1,1,1,0,0,1,0,34,0.25,0,-1,nan,nan,nan,nan,nan,nan,nan,nan,0.0,nan,0.10764442313268272,0.11109597879026442,0.1551710397005081,0.1886260062456131,0.1551710397005081,0.34288233518600464,0.4585638642311096,38,0.04267846450068443,2.880892256528161
station_wake_L5,Hard-switch stage-aware SAC,strict_hard_switch_v1,hard_switch_v1,3,11,9011,1250011,station_wake,5,0.0,0.0,0.1,1,1,0,0,1,0,51,0.25,1,31,0.7245672345161438,0.5907351028483416,0.7402282953262329,0.6391066056818387,4.245550148189068,12.519323527812958,0.3774871453643604,1.584094704137074,0.0,0.65,0.20771594600052107,0.2332182785831368,0.1181284800171852,0.14990176260471344,0.1181284800171852,0.293292760848999,0.36671310663223267,55,0.0708148958149064,0.43453764885241614
station_wake_L5,Hard-switch stage-aware SAC,strict_hard_switch_v1,hard_switch_v1,3,12,9012,1250012,station_wake,5,0.0,0.0,0.1,1,1,0,0,1,0,63,0.25,1,40,0.3059871196746826,0.1745056947261281,1.4459529519081116,1.0902898518449284,3.1910619139671326,17.179573476314545,0.37431182085987325,1.8576245623330987,0.0,0.65,0.13714773015319798,0.1449594829340666,0.022278209403157233,0.032102070748806,0.022278209403157233,0.11097761988639832,0.1959419995546341,67,0.0788910924405677,0.5479838893151545
station_wake_L5,Hard-switch stage-aware SAC,strict_hard_switch_v1,hard_switch_v1,3,13,9013,1250013,station_wake,5,0.0,0.0,0.1,1,1,0,0,1,0,59,0.25,1,43,0.39723125100135803,0.22675757151609688,1.1940295994281769,1.0263561479724579,1.8373697996139526,8.662428259849548,0.2629309522683414,1.5093111812568103,0.817207054591167,0.4,0.10550030263844967,0.13175097094912774,0.0409641096368432,0.09035617858171463,0.0409641096368432,0.4845576845109463,0.7161672413349152,63,0.06308997251657737,0.817207054591167
station_wake_L5,Hard-switch stage-aware SAC,strict_hard_switch_v1,hard_switch_v1,3,14,9014,1250014,station_wake,5,0.0,0.0,0.1,1,1,0,0,1,0,57,0.25,1,34,0.5338793396949768,0.4182975924599295,1.3306808471679688,0.9874165512492679,11.234606802463531,35.015006363391876,0.6311889143733824,2.8568843339805925,0.0,0.8500000000000001,0.10627209142100871,0.11749196975140656,0.05273282006382942,0.0683119148015976,0.05273282006382942,0.15475395321846008,0.2363896369934082,61,0.09240451928197625,2.4112358560368023
station_wake_L5,Hard-switch stage-aware SAC,strict_hard_switch_v1,hard_switch_v1,3,15,9015,1250015,station_wake,5,0.0,0.0,0.1,1,1,0,0,1,0,58,0.25,1,37,0.5990191102027893,0.4902958007785144,0.6206214427947998,0.4127500584655199,1.9907471572514623,12.471225708723068,0.2945783098168719,1.931392725036864,0.0,1.0,0.15331926196079243,0.18620676161109131,0.2002426117658615,0.24015143513679504,0.2002426117658615,0.37155628204345703,0.433332622051239,62,0.0688882555847213,1.4511535170051335
station_wake_L5,Hard-switch stage-aware SAC,strict_hard_switch_v1,hard_switch_v1,3,16,9016,1250016,station_wake,5,0.0,0.0,0.1,1,1,0,0,1,0,47,0.25,1,22,1.344506859779358,1.1200545684196581,2.2502517700195312,1.60974504453948,13.701861053705215,35.165337324142456,0.6951495454038741,3.4375963848044497,0.0,1.25,0.14647173800440144,0.15658169185672557,0.08239844143390655,0.08408436924219131,0.08239844143390655,0.03750187158584595,0.0731012225151062,51,0.0789676096275669,3.8705486743357507
station_wake_L5,Hard-switch stage-aware SAC,strict_hard_switch_v1,hard_switch_v1,3,17,9017,1250017,station_wake,5,0.0,0.0,0.1,1,1,0,0,1,0,52,0.25,1,29,0.3366985321044922,0.2629611856582854,0.8737325668334961,0.6534097674510668,6.0502612590789795,22.36852526664734,0.5124875441833073,3.3377327734115005,1.3889919653688474,0.0,0.13394505013658536,0.14516521529705523,0.01528915362432599,0.02650892734527588,0.01528915362432599,0.11315844394266605,0.17290182411670685,56,0.08641354353038048,1.3591076465942202
station_wake_L5,Hard-switch stage-aware SAC,strict_hard_switch_v1,hard_switch_v1,3,18,9018,1250018,station_wake,5,0.0,0.0,0.1,1,1,0,0,1,0,57,0.25,1,32,0.12392360717058182,0.1042195690723613,0.6397278606891632,0.31497865898352073,3.197658834978938,16.04476571083069,0.4572207781324557,2.2299770646571444,0.0,0.0,0.10754973693074862,0.11428555215786712,0.051542476564645764,0.058278437703847885,0.051542476564645764,0.07121625542640686,0.08547164499759674,61,0.0906213674795852,0.01089678808580847
station_wake_L5,Hard-switch stage-aware SAC,strict_hard_switch_v1,hard_switch_v1,3,19,9019,1250019,station_wake,5,0.0,0.0,0.1,1,1,0,0,1,0,51,0.25,1,30,0.47943904995918274,0.3489580118586432,1.2709033489227295,0.8233183296586044,1.0996782779693604,6.278523206710815,0.4338587929895048,1.8981356048395468,0.0,1.05,0.14088104119188644,0.15627165141176197,0.15000346153974534,0.17718693614006042,0.15000346153974534,0.2705613076686859,0.3031298518180847,55,0.08314619565769464,3.1558963765237964
station_wake_L5,Hard-switch stage-aware SAC,strict_hard_switch_v1,hard_switch_v1,3,20,9020,1250020,station_wake,5,0.0,0.0,0.1,1,1,0,0,1,0,46,0.25,1,19,0.9914363622665405,0.6908673330569638,1.8944764137268066,1.2606578531012647,14.416334629058838,36.41859367489815,0.7837174719075842,3.644383356017438,0.0,1.35,0.10564162862736064,0.11798272160167782,0.0636921264231205,0.07432465255260468,0.0636921264231205,0.09823651611804962,0.11031389236450195,50,0.06983479724136854,4.258593919198978
station_wake_L5,Hard-switch stage-aware SAC,strict_hard_switch_v1,hard_switch_v1,3,21,9021,1250021,station_wake,5,0.0,0.0,0.1,1,1,0,0,1,0,65,0.25,1,40,0.5353905558586121,0.4109619945367734,1.1974391341209412,0.8354157712055917,2.8521013259887695,18.035188913345337,0.5489646126895444,2.7385247309631633,0.0,1.25,0.07143852367634558,0.09112472541127689,0.09835169911384582,0.12333590537309647,0.09835169911384582,0.2398819923400879,0.2642153203487396,69,0.0290622304735639,3.592251762829935
station_wake_L5,Hard-switch stage-aware SAC,strict_hard_switch_v1,hard_switch_v1,3,22,9022,1250022,station_wake,5,0.0,0.0,0.1,1,1,0,0,1,0,42,0.25,1,20,0.27202320098876953,0.188525963409117,1.5800294280052185,1.107453800528866,7.395729869604111,26.443384885787964,0.601252661904763,2.7356939880459485,0.0,0.8500000000000001,0.11377615162048434,0.12950495762420877,0.04819982871413231,0.05086538568139076,0.04819982871413231,0.033885955810546875,0.07057666778564453,46,0.08523933188607513,3.7167396444162337
station_wake_L5,Hard-switch stage-aware SAC,strict_hard_switch_v1,hard_switch_v1,3,23,9023,1250023,station_wake,5,0.0,0.0,0.1,1,1,0,0,1,0,60,0.25,1,40,0.34612837433815,0.25912539290362396,0.5561083555221558,0.3534437167315762,3.183334320783615,14.863985478878021,0.23486708451364258,1.5544822827359597,3.2286063015595206,0.05,0.16934625837757444,0.19622226129575332,0.034850331395864485,0.04635262116789818,0.034850331395864485,0.47520796954631805,1.0260536521673203,64,0.07032540838834854,2.7899928974024584
station_wake_L5,Hard-switch stage-aware SAC,strict_hard_switch_v1,hard_switch_v1,3,24,9024,1250024,station_wake,5,0.0,0.0,0.1,1,1,0,0,1,0,48,0.25,1,35,0.44511398673057556,0.4081093583502689,1.213538646697998,0.5587410711911572,5.641807317733765,26.16493731737137,0.3402190633890545,2.9558500221467634,1.6125182302505656,0.05,0.20631820753452823,0.29965900587636696,0.06324360892176628,0.07635267823934555,0.06324360892176628,0.3184928894042969,0.5627451092004776,52,0.07708522313316721,0.5992352276085501
station_wake_L5,Hard-switch stage-aware SAC,strict_hard_switch_v1,hard_switch_v1,3,25,9025,1250025,station_wake,5,0.0,0.0,0.1,1,1,0,0,1,0,37,0.25,1,21,0.7480154037475586,0.40474715109771214,2.1257740259170532,1.5790644471778559,5.162287056446075,29.346416890621185,0.5700577420140646,3.1240493861359906,0.0,0.8,0.09226597277717649,0.12362825123252694,0.12479646503925323,0.14939655363559723,0.12479646503925323,0.19431078433990479,0.28096675872802734,41,0.009805483852739293,3.3849950085511873
station_wake_L5,Hard-switch stage-aware SAC,strict_hard_switch_v1,hard_switch_v1,3,26,9026,1250026,station_wake,5,0.0,0.0,0.1,1,1,0,0,1,0,45,0.25,1,25,1.090659260749817,0.7109582831041336,2.1169251203536987,1.8650316628455899,2.635166198015213,17.008814960718155,0.41539794691678505,2.241659345041873,0.0,0.65,0.14271345545956218,0.16601317342462807,0.08450420051813126,0.10315612703561783,0.08450420051813126,0.1994335949420929,0.2576984465122223,49,0.0745715607276904,0.9371978969392469
station_wake_L5,Hard-switch stage-aware SAC,strict_hard_switch_v1,hard_switch_v1,3,27,9027,1250027,station_wake,5,0.0,0.0,0.1,1,1,0,0,1,0,43,0.25,1,20,0.38228514790534973,0.29638553722906824,0.6702959537506104,0.4541050768554186,2.531227692961693,12.275344580411911,0.40042515220013297,2.598775372562483,0.0,0.15000000000000002,0.14062364214867312,0.1587941292791107,0.006747215706855059,0.009287448599934578,0.006747215706855059,0.03418543189764023,0.06529122591018677,47,0.07993676784860321,0.44515411070014316
station_wake_L5,Hard-switch stage-aware SAC,strict_hard_switch_v1,hard_switch_v1,3,28,9028,1250028,station_wake,5,0.0,0.0,0.1,1,1,0,0,1,0,53,0.25,1,26,0.3985860347747803,0.32340075583587446,1.1500245332717896,0.6294064231481091,4.045533295720816,17.09588885307312,0.6898941903590103,2.678055433958481,0.0,0.5,0.11711422151244492,0.12692202603821118,0.008994251489639282,0.009836651384830475,0.008994251489639282,0.015376821160316467,0.0344042107462883,57,0.08903544870905876,0.291437875303803
station_wake_L5,Hard-switch stage-aware SAC,strict_hard_switch_v1,hard_switch_v1,3,29,9029,1250029,station_wake,5,0.0,0.0,0.1,1,1,0,0,1,0,41,0.25,1,25,0.7470161318778992,0.4709573730646324,1.686389446258545,1.1382274721465078,2.9476934671401978,19.557075053453445,0.5418716412557889,2.6462115255814123,0.0,0.8,0.13069156769665835,0.16366192224065973,0.17434901893138885,0.1957916021347046,0.17434901893138885,0.205816388130188,0.3176689147949219,45,0.06041895067234006,2.543246764107047
station_wake_L5,Hard-switch stage-aware SAC,strict_hard_switch_v1,hard_switch_v1,3,30,9030,1250030,station_wake,5,0.0,0.0,0.1,1,1,0,0,1,0,54,0.25,1,33,0.11764153838157654,0.06840608871685726,0.39101123809814453,0.2685354450050471,4.209739584475756,8.640656638890505,0.23456489479692735,1.1530613085956338,0.6111708764614416,0.0,0.11906092418038912,0.1395817579083212,0.08050701320171356,0.08819901943206787,0.08050701320171356,0.08726716041564941,0.12261256575584412,58,0.07735002146354147,0.6111708764614416
station_wake_L5,Hard-switch stage-aware SAC,strict_hard_switch_v1,hard_switch_v1,3,31,9031,1250031,station_wake,5,0.0,0.0,0.1,1,1,0,0,1,0,63,0.25,1,42,0.24463194608688354,0.21118504778098096,0.2342665195465088,0.14599092884561946,1.1599493585526943,4.875627513974905,0.24265814532081526,1.2116045102849722,0.0,0.5,0.15671338228317763,0.1832574181808693,0.07934104204177857,0.08349088579416275,0.07934104204177857,0.0840810239315033,0.12388154864311218,67,0.07283540085478009,2.3598393228626913
station_wake_L5,Hard-switch stage-aware SAC,strict_hard_switch_v1,hard_switch_v1,3,32,9032,1250032,station_wake,5,0.0,0.0,0.1,1,1,0,0,1,0,63,0.25,1,43,0.1765095442533493,0.09422473384832762,0.8379890024662018,0.5959338720863695,4.141708612442017,15.906537473201752,0.39024686159678657,2.003269105050694,0.730825065188634,0.25,0.17769323016679958,0.2077592227799378,0.04972816035151482,0.05827392637729645,0.04972816035151482,0.08759301900863647,0.120796337723732,67,0.07994017085071087,0.730825065188634
station_wake_L5,Hard-switch stage-aware SAC,strict_hard_switch_v1,hard_switch_v1,3,33,9033,1250033,station_wake,5,0.0,0.0,0.1,1,1,0,0,1,0,35,0.25,0,-1,nan,nan,nan,nan,nan,nan,nan,nan,0.0,nan,0.1190078439527639,0.1270029484976024,0.18784758150577546,0.23604640364646912,0.18784758150577546,0.49482351541519165,0.6361222267150879,39,0.05126020655936267,2.491549275722632
station_wake_L5,Hard-switch stage-aware SAC,strict_hard_switch_v1,hard_switch_v1,3,34,9034,1250034,station_wake,5,0.0,0.0,0.1,1,1,0,0,1,0,36,0.25,1,19,1.2201886177062988,1.1734122783084506,1.0816001892089844,0.6659370467453726,5.214235465973616,19.417988639324903,0.4901477374898342,2.6342516502708007,0.0,0.8500000000000001,0.1320546890117285,0.159774992819971,0.1935448408126831,0.24358150362968445,0.1935448408126831,0.5304324626922607,0.7837933301925659,40,0.0574933123896867,2.7538345162666453
station_wake_L5,Hard-switch stage-aware SAC,strict_hard_switch_v1,hard_switch_v1,3,35,9035,1250035,station_wake,5,0.0,0.0,0.1,1,1,0,0,1,0,65,0.25,1,47,0.2670648396015167,0.2343371361586643,0.870731770992279,0.4287288574760802,4.386644661426544,13.524905741214752,0.2304633847491288,1.029988120550285,0.0,0.05,0.1761604359148664,0.21389626943861123,0.045003350079059604,0.05098715424537659,0.045003350079059604,0.054994791746139526,0.07866792380809784,69,0.06787744874154407,0.14523040570347368
station_wake_L5,Hard-switch stage-aware SAC,strict_hard_switch_v1,hard_switch_v1,3,36,9036,1250036,station_wake,5,0.0,0.0,0.1,1,1,0,0,1,0,38,0.25,1,14,1.2676784992218018,1.0549654938221134,1.3733983039855957,1.0560142427936836,2.579531669616699,5.0714123249053955,0.5297315512017191,2.7035932486396534,0.0,1.2000000000000002,0.11439488397633901,0.12756047862652659,0.16254768371582032,0.19592541456222534,0.16254768371582032,0.3383692502975464,0.40559738874435425,42,0.05836765903407671,3.1878932514643674
station_wake_L5,Hard-switch stage-aware SAC,strict_hard_switch_v1,hard_switch_v1,3,37,9037,1250037,station_wake,5,0.0,0.0,0.1,1,1,0,0,1,0,50,0.25,1,30,1.0672162771224976,0.8023270114020411,1.6944503784179688,1.3345658559441833,3.8134047389030457,13.777684271335602,0.27951815467886815,1.9897724777727674,6.3393478705935395,0.7000000000000001,0.1700297917352919,0.19821056832466888,0.0536541648209095,0.07358632981777191,0.0536541648209095,0.16284942626953125,0.26359058916568756,54,0.08417877382928021,2.5226031576709183
station_wake_L5,Hard-switch stage-aware SAC,strict_hard_switch_v1,hard_switch_v1,3,38,9038,1250038,station_wake,5,0.0,0.0,0.1,1,1,0,0,1,0,65,0.25,1,45,0.43096062541007996,0.3266895510306341,0.8263194561004639,0.5738301698295198,3.9783407747745514,20.571686923503876,0.2436619782232548,1.7408956229073218,0.0,0.25,0.09925406782490698,0.1127072329259715,0.018192020989954472,0.028063159435987473,0.018192020989954472,0.14717993512749672,0.25199804455041885,69,0.08323997383615742,2.963045985308486
station_wake_L5,Hard-switch stage-aware SAC,strict_hard_switch_v1,hard_switch_v1,3,39,9039,1250039,station_wake,5,0.0,0.0,0.1,1,1,0,0,1,0,71,0.25,1,50,0.17133662104606628,0.15198175006887343,0.4063272476196289,0.23182269357086566,2.3166362196207047,7.999163041822612,0.1944776532431634,0.9786424349671499,0.0,0.15000000000000002,0.14463629968953584,0.16477802137097006,0.10441283583641052,0.10905815660953522,0.10441283583641052,0.09329205751419067,0.22380143404006958,75,0.07836895670927911,1.683614736538286
station_wake_L5,Hard-switch stage-aware SAC,strict_hard_switch_v1,hard_switch_v1,3,40,9040,1250040,station_wake,5,0.0,0.0,0.1,1,1,0,0,1,0,65,0.25,1,47,0.18440313637256622,0.121236737548907,0.5918185412883759,0.3399211911994262,2.6253128051757812,16.37046918272972,0.19759805078372705,1.5062333798233705,0.0,0.0,0.18097990091663352,0.20791445036992123,0.01787557601928711,0.023839319124817848,0.01787557601928711,0.07709727063775063,0.11629264801740646,69,0.07041982019195442,0.6454781696104752
station_wake_L5,Hard-switch stage-aware SAC,strict_hard_switch_v1,hard_switch_v1,3,41,9041,1250041,station_wake,5,0.0,0.0,0.1,1,1,0,0,1,0,55,0.25,1,39,0.27209267020225525,0.14849008691868837,1.1023453623056412,0.8273601585701211,3.057944178581238,16.15158498287201,0.3322762485308848,2.225820727383267,0.1402071617546863,0.0,0.14276359801077107,0.1823893082062245,0.01784368809312582,0.04251200333237648,0.01784368809312582,0.2636236101388931,0.4060647636651993,59,0.06928980886817446,0.10913617765304874
station_wake_L5,Hard-switch stage-aware SAC,strict_hard_switch_v1,hard_switch_v1,3,42,9042,1250042,station_wake,5,0.0,0.0,0.1,1,1,0,0,1,0,33,0.25,1,6,0.7500041723251343,0.4917828801566929,1.9443821907043457,1.4734299694578283,19.110021591186523,22.902504205703735,1.4526032186679825,2.1747239424638134,0.0,1.35,0.14160662541409633,0.17516259719895372,0.20122834742069245,0.2920299768447876,0.20122834742069245,0.9181138277053833,1.3558286428451538,37,0.06276265313391702,2.884499023296751
station_wake_L5,Hard-switch stage-aware SAC,strict_hard_switch_v1,hard_switch_v1,3,43,9043,1250043,station_wake,5,0.0,0.0,0.1,1,1,0,0,1,0,57,0.25,1,38,0.31793588399887085,0.19345275305711404,0.7037925720214844,0.5308478383458266,2.6831259578466415,12.225640565156937,0.22801061690522237,0.9590870055502294,0.0,0.45,0.1563880931461772,0.1801456322100502,0.027227390557527542,0.03775046020746231,0.027227390557527542,0.11114645004272461,0.17535492777824402,61,0.0729849283269781,1.2738119240739836
station_wake_L5,Hard-switch stage-aware SAC,strict_hard_switch_v1,hard_switch_v1,3,44,9044,1250044,station_wake,5,0.0,0.0,0.1,1,1,0,0,1,0,37,0.25,1,18,0.8624763488769531,0.7370133595591756,0.9468364715576172,0.635758888002775,4.462668299674988,26.25508740544319,0.50091391805588,2.7491296106829695,0.0,0.8,0.12031395899447368,0.14897258164060753,0.046479130536317824,0.07380514591932297,0.046479130536317824,0.28322814404964447,0.3793717920780182,41,0.08515422925433769,3.7190567860921604
station_wake_L5,Hard-switch stage-aware SAC,strict_hard_switch_v1,hard_switch_v1,3,45,9045,1250045,station_wake,5,0.0,0.0,0.1,1,1,0,0,1,0,58,0.25,1,39,0.3635840117931366,0.3436403671580146,0.2711057662963867,0.1455960352069592,2.3089979588985443,11.19878901168704,0.25919988688660267,1.0271071757793424,0.0,0.9,0.18892210144809835,0.2112799155655116,0.12757680267095567,0.1454889327287674,0.12757680267095567,0.18709450960159302,0.2450042963027954,62,0.07315370018628194,2.9734050344018685
station_wake_L5,Hard-switch stage-aware SAC,strict_hard_switch_v1,hard_switch_v1,3,46,9046,1250046,station_wake,5,0.0,0.0,0.1,1,1,0,0,1,0,49,0.25,1,33,0.19840538501739502,0.08495257946427573,1.5089607238769531,0.8041117063635976,5.912952423095703,27.433915734291077,0.4093315334447173,2.896858154623624,0.5067536124729312,0.0,0.1653155770206191,0.19083684236203494,0.013914526905864477,0.02213243395090103,0.013914526905864477,0.08519760333001614,0.11292004026472569,53,0.06107724314650676,0.5067536124729312
station_wake_L5,Hard-switch stage-aware SAC,strict_hard_switch_v1,hard_switch_v1,3,47,9047,1250047,station_wake,5,0.0,0.0,0.1,1,1,0,0,1,0,72,0.25,1,54,0.2627733051776886,0.2188636393641219,0.9671467542648315,0.4515619392509133,4.930114345625043,16.969012916088104,0.2508483171508132,1.5241490807274487,0.0,0.1,0.12529371362046154,0.146809354776203,0.005969430319964886,0.010147038847208023,0.005969430319964886,0.05002781003713608,0.08781373500823975,76,0.07670680860453427,2.491314487969913
station_wake_L5,Hard-switch stage-aware SAC,strict_hard_switch_v1,hard_switch_v1,3,48,9048,1250048,station_wake,5,0.0,0.0,0.1,1,1,0,0,1,0,60,0.25,1,34,0.1832425594329834,0.14354687047289225,0.3363962471485138,0.21276207257763113,1.9777726382017136,9.319179467856884,0.25537531416270615,1.1689984178516561,0.0,0.30000000000000004,0.12614750385001544,0.1420751265142042,0.02230890281498432,0.025569582358002663,0.02230890281498432,0.02924487739801407,0.04631422460079193,64,0.08648465234835122,0.10490741677284476
station_wake_L5,Hard-switch stage-aware SAC,strict_hard_switch_v1,hard_switch_v1,3,49,9049,1250049,station_wake,5,0.0,0.0,0.1,1,1,0,0,1,0,40,0.25,1,18,0.47936776280403137,0.25038336715163306,1.3757777214050293,1.0853825164527906,3.2888486981391907,16.239116489887238,0.2778286406353943,2.266286506944463,0.0,0.0,0.15711311197512043,0.17615902551622364,0.04144671633839607,0.04941968247294426,0.04144671633839607,0.0803084671497345,0.09708642959594727,44,0.07690286198144632,1.456873907156725
station_wake_L5,Hard-switch stage-aware SAC,strict_hard_switch_v1,hard_switch_v1,3,50,9050,1250050,station_wake,5,0.0,0.0,0.1,1,1,0,0,1,0,33,0.25,1,18,1.2802343368530273,1.1933988328987497,1.1747992038726807,0.784454242869879,3.8464993238449097,16.446945369243622,0.46870681970876976,2.727183960921551,0.970156227727203,0.55,0.1725285965203309,0.22698809479163598,0.07119029564782978,0.19429165124893188,0.07119029564782978,1.1491495613008738,1.9304698705673218,37,0.06588956418557042,0.970156227727203
station_wake_L5,Hard-switch stage-aware SAC,strict_hard_switch_v1,hard_switch_v1,3,51,9051,1250051,station_wake,5,0.0,0.0,0.1,1,1,0,0,1,0,58,0.25,1,40,0.48239147663116455,0.4125326421093913,1.1431407928466797,0.7900651922809849,4.262183606624603,19.299991726875305,0.32004376566888815,1.7128835108472849,0.4456608253591935,0.25,0.15948266519627533,0.1768317485510073,0.03778447918593884,0.04917784035205841,0.03778447918593884,0.13353551179170609,0.16172491014003754,62,0.07999743324820585,0.4456608253591935
station_wake_L5,Hard-switch stage-aware SAC,strict_hard_switch_v1,hard_switch_v1,3,52,9052,1250052,station_wake,5,0.0,0.0,0.1,1,1,0,0,1,0,60,0.25,1,41,0.08850172162055969,0.042658995388556935,0.5599848181009293,0.3361031653175517,6.505566313862801,25.649807453155518,0.5289963174147216,2.248871844147919,0.0,0.0,0.17819371950628654,0.21000433784284206,0.028750522807240487,0.04785408079624176,0.028750522807240487,0.16793507151305676,0.23122109472751617,64,0.08008900992571874,2.6762947937140757
station_wake_L5,Hard-switch stage-aware SAC,strict_hard_switch_v1,hard_switch_v1,3,53,9053,1250053,station_wake,5,0.0,0.0,0.1,1,1,0,0,1,0,57,0.25,1,41,0.6055311560630798,0.43436902948740497,1.1875367164611816,0.8701490836093327,4.239545278251171,17.914950102567673,0.2409800952246086,1.3278252457100996,0.39746949185524294,0.0,0.21720964268285498,0.27138626658983267,0.022897347435355188,0.02971769869327545,0.022897347435355188,0.12698261439800262,0.20629320293664932,61,0.05966192554235028,0.2629355225777662
station_wake_L5,Hard-switch stage-aware SAC,strict_hard_switch_v1,hard_switch_v1,3,54,9054,1250054,station_wake,5,0.0,0.0,0.1,1,1,0,0,1,0,49,0.25,1,33,0.13105662167072296,0.06694438797535088,0.5707992613315582,0.2933474048584891,5.2317823469638824,16.284328773617744,0.4420226713762439,1.9811743169656713,0.0,0.5,0.12030696419116049,0.17231651122986846,0.0933021992444992,0.11405205726623535,0.0933021992444992,0.1650559902191162,0.2962006628513336,53,0.07725317354977172,1.8618651715158707
station_wake_L5,Hard-switch stage-aware SAC,strict_hard_switch_v1,hard_switch_v1,3,55,9055,1250055,station_wake,5,0.0,0.0,0.1,1,1,0,0,1,0,74,0.25,1,49,0.24326381087303162,0.15898466349926868,0.7044932246208191,0.4337720403069758,3.5681290924549103,13.373813666403294,0.29872499849417294,2.033909647228208,0.19542115702502647,0.55,0.1495421689627443,0.16641158151135893,0.0065118235535919665,0.013495521619915962,0.0065118235535919665,0.11961844190955162,0.1750633493065834,78,0.07837473559566864,0.1625843422393158
station_wake_L5,Hard-switch stage-aware SAC,strict_hard_switch_v1,hard_switch_v1,3,56,9056,1250056,station_wake,5,0.0,0.0,0.1,1,1,0,0,1,0,59,0.25,1,43,0.3955543637275696,0.24613185008668367,1.227618157863617,0.8252419300175838,10.200110673904419,28.754565119743347,0.5134308329531821,3.101880484031695,0.0,0.35000000000000003,0.1522795065603156,0.15856571664566702,0.03752988204360008,0.04721285030245781,0.03752988204360008,0.21968233585357666,0.6530580669641495,63,0.07068022906216147,1.4674503483647838
station_wake_L5,Hard-switch stage-aware SAC,strict_hard_switch_v1,hard_switch_v1,3,57,9057,1250057,station_wake,5,0.0,0.0,0.1,1,1,0,0,1,0,37,0.25,1,22,1.0562279224395752,0.9593731992978368,1.5834462642669678,0.8981723747854745,4.30103063583374,24.633575081825256,0.3641763243144529,2.4703116064416664,0.0,0.75,0.17135645343154854,0.22343095298772894,0.19551486968994142,0.2362394779920578,0.19551486968994142,0.43942123651504517,0.5177274346351624,41,0.05650574365525582,2.233035580260935
station_wake_L5,Hard-switch stage-aware SAC,strict_hard_switch_v1,hard_switch_v1,3,58,9058,1250058,station_wake,5,0.0,0.0,0.1,1,1,0,0,1,0,53,0.25,1,39,0.29434770345687866,0.2871713057706976,0.3468054533004761,0.14670798323857992,2.4910350143909454,10.422830283641815,0.2509599712577984,1.5314799432292594,0.0,0.7000000000000001,0.1344601138105332,0.18040857923097625,0.168392051756382,0.21841512620449066,0.168392051756382,0.5112826526165009,0.5456399917602539,57,0.06323637178543089,2.6945100544568534
station_wake_L5,Hard-switch stage-aware SAC,strict_hard_switch_v1,hard_switch_v1,3,59,9059,1250059,station_wake,5,0.0,0.0,0.1,1,1,0,0,1,0,27,0.25,1,14,0.06136733293533325,0.03314508379897178,0.4536336660385132,0.2787603066477382,3.1692125648260117,16.18487998843193,0.4730342297189738,2.7697070276709828,0.0,0.55,0.1533435942141339,0.21980334407257732,0.12390529215335847,0.16362199187278748,0.12390529215335847,0.3841603696346283,0.4890903830528259,31,0.06104715376645265,2.617644386197999
station_wake_L5,Hard-switch stage-aware SAC,strict_hard_switch_v1,hard_switch_v1,3,60,9060,1250060,station_wake,5,0.0,0.0,0.1,1,1,0,0,1,0,63,0.25,1,37,0.6049695014953613,0.30684587069016245,2.014857530593872,1.42316408114527,2.293221950531006,9.7628453373909,0.15275813825968837,0.9883557926432547,0.0,0.4,0.11495356497104883,0.12976740569213335,0.015031125023961067,0.01712004281580448,0.015031125023961067,0.021429777145385742,0.02669256180524826,67,0.08633904821749054,2.5304834884258205
station_wake_L5,Hard-switch stage-aware SAC,strict_hard_switch_v1,hard_switch_v1,3,61,9061,1250061,station_wake,5,0.0,0.0,0.1,1,1,0,0,1,0,60,0.25,1,46,1.0040996074676514,0.7422065142205182,1.3622641563415527,1.1103783029636625,5.958093926310539,23.809600323438644,0.31726434879424514,1.8638371229426873,2.7310537009505373,0.15000000000000002,0.11581346078344772,0.15192553779084977,0.01500912606716156,0.031227700412273407,0.01500912606716156,0.19106727465987206,0.2523968555033207,64,0.060918826007909446,2.700913143360329
station_wake_L5,Hard-switch stage-aware SAC,strict_hard_switch_v1,hard_switch_v1,3,62,9062,1250062,station_wake,5,0.0,0.0,0.1,1,1,0,0,1,0,44,0.25,1,27,0.9995942711830139,0.5870645721401327,2.2892749309539795,1.8100563709000912,5.895796418190002,17.328997254371643,0.5220606950494889,2.62408716322768,2.1094245242093366,0.0,0.1430696695504446,0.17101270293893175,0.014952325075864793,0.017351746559143066,0.014952325075864793,0.028634686022996902,0.05711942911148071,48,0.07242982720854729,2.1094245242093366
station_wake_L5,Hard-switch stage-aware SAC,strict_hard_switch_v1,hard_switch_v1,3,63,9063,1250063,station_wake,5,0.0,0.0,0.1,1,1,0,0,1,0,60,0.25,1,29,0.1558121293783188,0.07929007023987093,0.5772495269775391,0.3865899605609588,3.553676404990256,9.598854281939566,0.5996766715070629,2.695249953045897,3.4969187571592473,0.05,0.10238243957006207,0.1093438227002847,0.03560645282268524,0.03852558881044388,0.03560645282268524,0.02967509627342224,0.04644624888896942,64,0.08948323324340232,2.1010622382311257
station_wake_L5,Hard-switch stage-aware SAC,strict_hard_switch_v1,hard_switch_v1,3,64,9064,1250064,station_wake,5,0.0,0.0,0.1,1,1,0,0,1,0,60,0.25,1,42,0.1775071918964386,0.13886108077841305,0.7252950966358185,0.38253141331809387,3.5432006418704987,17.914292961359024,0.24727935688943714,1.357538043763676,1.4616824670541197,0.0,0.22008394999307787,0.26434584440385833,0.01245821826159954,0.02391013503074646,0.01245821826159954,0.18553180247545242,0.36569930613040924,64,0.0630475596891088,1.2952289427119106
station_wake_L5,Hard-switch stage-aware SAC,strict_hard_switch_v1,hard_switch_v1,3,65,9065,1250065,station_wake,5,0.0,0.0,0.1,1,1,0,0,1,0,48,0.25,1,25,0.5191365480422974,0.47649869244515386,0.5590033531188965,0.33901227021445973,3.3990421891212463,15.192265063524246,0.42583911476791925,2.2765378796007494,0.0,1.1,0.12968604883677506,0.15046692168994819,0.11205191165208817,0.13378898799419403,0.11205191165208817,0.22229960560798645,0.2663618326187134,52,0.08962825848474026,3.192549092600789
station_wake_L5,Hard-switch stage-aware SAC,strict_hard_switch_v1,hard_switch_v1,3,66,9066,1250066,station_wake,5,0.0,0.0,0.1,1,1,0,0,1,0,43,0.25,1,21,1.0665197372436523,0.6547076002305514,2.219167947769165,1.9149584966743831,10.62381625175476,30.600502490997314,0.6126564493012879,2.690009371490074,0.0,0.0,0.12409638533863618,0.14003911189094523,0.007723132893443107,0.013114280998706818,0.007723132893443107,0.06456706672906876,0.08631580509245396,47,0.09078219415535912,1.531051895977179
station_wake_L5,Hard-switch stage-aware SAC,strict_hard_switch_v1,hard_switch_v1,3,67,9067,1250067,station_wake,5,0.0,0.0,0.1,1,1,0,0,1,0,74,0.25,1,56,0.190842866897583,0.12086870576243415,0.6540609896183014,0.34720699636456825,2.764946222305298,11.755904108285904,0.22941404869300314,1.3964674521738198,3.233881128589475,0.0,0.19762234807231338,0.21920025402574259,0.042815225571393965,0.048790089786052704,0.042815225571393965,0.07647004723548889,0.10268792510032654,78,0.07608173197302975,2.4289540070740503
station_wake_L5,Hard-switch stage-aware SAC,strict_hard_switch_v1,hard_switch_v1,3,68,9068,1250068,station_wake,5,0.0,0.0,0.1,1,1,0,0,1,0,58,0.25,1,42,0.21273721754550934,0.15382777336952375,0.4752272367477417,0.36373442474692336,5.316756218671799,18.05289775133133,0.38448532558871523,2.1166330682005556,0.0,0.05,0.1732524530048008,0.21086264730807033,0.021318246982991694,0.034985922276973724,0.021318246982991694,0.13116028159856796,0.20827976986765862,62,0.062388346381428234,0.4993423769757913
station_wake_L5,Hard-switch stage-aware SAC,strict_hard_switch_v1,hard_switch_v1,3,69,9069,1250069,station_wake,5,0.0,0.0,0.1,1,1,0,0,1,0,54,0.25,1,29,0.5653355717658997,0.3733986758410154,1.199357509613037,0.8750945104187219,3.007282018661499,13.351447805762291,0.5329651264628255,2.050372769352112,2.7149500358783514,0.0,0.14048440311321359,0.15267160424757112,0.01300615407526493,0.014455449767410755,0.01300615407526493,0.027504777535796165,0.0678801629692316,58,0.08425100073127012,2.4973192914674116
station_wake_L5,Hard-switch stage-aware SAC,strict_hard_switch_v1,hard_switch_v1,3,70,9070,1250070,station_wake,5,0.0,0.0,0.1,1,1,0,0,1,0,43,0.25,1,22,0.19298048317432404,0.12376099512463705,0.6677907705307007,0.4345593436035154,4.678762704133987,18.584341946989298,0.6278078764938881,3.0493453756051574,0.499395791189535,0.15000000000000002,0.11823449356405377,0.13548651604851797,0.027564892172813417,0.034935977309942245,0.027564892172813417,0.07988210767507553,0.09600691497325897,47,0.08942113131947053,0.499395791189535
station_wake_L5,Hard-switch stage-aware SAC,strict_hard_switch_v1,hard_switch_v1,3,71,9071,1250071,station_wake,5,0.0,0.0,0.1,1,1,0,0,1,0,37,0.25,1,19,0.4693656265735626,0.23020735941900872,1.5705913305282593,1.1184589887213414,2.546038031578064,14.3448406457901,0.40758684907372544,2.419953129282372,0.0,0.0,0.15019707377220076,0.18419896974484523,0.06113060563802719,0.06678298115730286,0.06113060563802719,0.15562915802001953,0.32849743962287903,41,0.07420831589420047,0.48230537722569367
station_wake_L5,Hard-switch stage-aware SAC,strict_hard_switch_v1,hard_switch_v1,3,72,9072,1250072,station_wake,5,0.0,0.0,0.1,1,1,0,0,1,0,51,0.25,1,28,0.548149049282074,0.31299539895979267,1.4638465642929077,0.9719397931881338,3.179049491882324,21.243973970413208,0.4787203401643052,2.618081885289954,0.0,0.5,0.1539723056943124,0.17291643101228038,0.005199311627075076,0.010360285639762878,0.005199311627075076,0.09558058343827724,0.129644013941288,55,0.0816574251812688,0.1878130600013595
station_wake_L5,Hard-switch stage-aware SAC,strict_hard_switch_v1,hard_switch_v1,3,73,9073,1250073,station_wake,5,0.0,0.0,0.1,1,1,0,0,1,0,45,0.25,1,23,0.2855073809623718,0.16647569315967137,0.7819965481758118,0.5830049558912642,5.039176046848297,20.020617842674255,0.4394188969367442,2.744977955677853,0.934944788286789,0.25,0.11648119120855653,0.12795641649407047,0.0009108459344133735,0.0011417593341320753,0.0009108459344133735,0.023001112509518862,0.04276590887457132,49,0.08896927893671683,0.9187786910167208
station_wake_L5,Hard-switch stage-aware SAC,strict_hard_switch_v1,hard_switch_v1,3,74,9074,1250074,station_wake,5,0.0,0.0,0.1,1,1,0,0,1,0,51,0.25,1,38,0.18217772245407104,0.1128999322595268,1.2619207799434662,0.8004042142681455,6.087980270385742,30.782186090946198,0.4735470366461492,3.050529696374275,0.0,0.0,0.17644869045518222,0.23212539299559096,0.04117648079991341,0.07144390046596527,0.04117648079991341,0.6011311709880829,0.7290630787611008,55,0.06753960123496269,3.3408032577343816
station_wake_L5,Hard-switch stage-aware SAC,strict_hard_switch_v1,hard_switch_v1,3,75,9075,1250075,station_wake,5,0.0,0.0,0.1,1,1,0,0,1,0,63,0.25,1,47,0.6005473732948303,0.5131966545528206,0.8870434761047363,0.5049781968469261,9.75266546010971,32.24284626543522,0.5631491484281843,2.497997489413069,1.890121450668802,0.4,0.166291533363751,0.20386934179404098,0.096596360206604,0.1326039433479309,0.096596360206604,0.3624342083930969,0.40196388959884644,67,0.05806346108661661,1.890121450668802
station_wake_L5,Hard-switch stage-aware SAC,strict_hard_switch_v1,hard_switch_v1,3,76,9076,1250076,station_wake,5,0.0,0.0,0.1,1,1,0,0,1,0,58,0.25,1,39,0.12938882410526276,0.0855323863466572,1.068153977394104,0.8739791644293471,5.637407600879669,28.9145690202713,0.33891884199132144,2.2075107240520784,3.3177821051368537,0.0,0.1773287401907824,0.20105903520709667,0.05427425056695938,0.05927027389407158,0.05427425056695938,0.1290835291147232,0.30088379979133606,62,0.0641893814690952,2.4290169728804614
station_wake_L5,Hard-switch stage-aware SAC,strict_hard_switch_v1,hard_switch_v1,3,77,9077,1250077,station_wake,5,0.0,0.0,0.1,1,1,0,0,1,0,69,0.25,1,50,0.20284029841423035,0.1211204208311585,0.9250804781913757,0.6852285605085227,1.1665862798690796,7.076824605464935,0.2199153487099181,1.2045861404944862,0.0,0.25,0.1368054488542189,0.15933915305608673,0.004818475153297186,0.007302089128643274,0.004818475153297186,0.0724470829591155,0.1093114074319601,73,0.07085197214992986,0.40329959192037773
station_wake_L5,Hard-switch stage-aware SAC,strict_hard_switch_v1,hard_switch_v1,3,78,9078,1250078,station_wake,5,0.0,0.0,0.1,1,1,0,0,1,0,78,0.25,1,59,0.29830098152160645,0.2792746914404619,0.6568050384521484,0.37599136341269085,3.61078180372715,18.47165882587433,0.2558401334842942,1.3840534644109126,0.0,0.45,0.21264885588055066,0.2450792833142247,0.01900489069521427,0.019917411729693413,0.01900489069521427,0.02979929745197296,0.07546652108430862,82,0.07115274721836147,2.502543745852237
station_wake_L5,Hard-switch stage-aware SAC,strict_hard_switch_v1,hard_switch_v1,3,79,9079,1250079,station_wake,5,0.0,0.0,0.1,1,1,0,0,1,0,39,0.25,1,23,1.2029064893722534,0.9492960042726114,1.6400492191314697,1.3055936718931869,10.99704921245575,25.91351807117462,0.5756636065657584,3.2390680655600135,0.0,0.6000000000000001,0.14344406824840705,0.169478323871948,0.11814412623643875,0.1503886580467224,0.11814412623643875,0.3363927900791168,0.39507895708084106,43,0.07427018922267423,1.3337487550315497
station_wake_L5,Hard-switch stage-aware SAC,strict_hard_switch_v1,hard_switch_v1,3,80,9080,1250080,station_wake,5,0.0,0.0,0.1,1,1,0,0,1,0,30,0.25,1,14,0.4656377136707306,0.31874355266526716,0.9572982788085938,0.7037127365231988,7.735797464847565,20.859066545963287,0.6686005911769525,3.780907574513025,0.6867645820699395,0.0,0.15800680047038945,0.18899345420592767,0.08188169077038765,0.11584054678678513,0.08188169077038765,0.25833676755428314,0.44884011149406433,34,0.06619820666200694,0.6867645820699395
station_wake_L5,Hard-switch stage-aware SAC,strict_hard_switch_v1,hard_switch_v1,3,81,9081,1250081,station_wake,5,0.0,0.0,0.1,1,1,0,0,1,0,51,0.25,1,36,0.7047229409217834,0.4849314274735396,1.1805146932601929,0.9531458371526131,6.665800213813782,17.580615878105164,0.41318485077581796,2.019516062727306,0.66099203717566,0.1,0.1274384941750319,0.16304190486894335,0.04375285506248474,0.05622848868370056,0.04375285506248474,0.20892687141895294,0.3465241938829422,55,0.06226758657992838,0.66099203717566
station_wake_L5,Hard-switch stage-aware SAC,strict_hard_switch_v1,hard_switch_v1,3,82,9082,1250082,station_wake,5,0.0,0.0,0.1,1,1,0,0,1,0,47,0.25,1,30,0.20479163527488708,0.16198666949636736,1.6659946739673615,0.9319085885439583,6.33688360452652,32.87072956562042,0.4831505176257744,3.4300692759956277,0.0,0.0,0.1425753525550661,0.17682609643471386,0.030815759673714638,0.035690631717443466,0.030815759673714638,0.06466183811426163,0.12535318732261658,51,0.06784874125360765,1.2385423213039188
station_wake_L5,Hard-switch stage-aware SAC,strict_hard_switch_v1,hard_switch_v1,3,83,9083,1250083,station_wake,5,0.0,0.0,0.1,1,1,0,0,1,0,44,0.25,1,28,0.7169216275215149,0.5264826767802245,1.3752949237823486,0.8026169758934019,2.4357029795646667,13.436603546142578,0.4068455834531833,2.3341064821931443,1.8104697055588175,0.55,0.09462895280920272,0.12311032003133131,0.1285638302564621,0.2212090641260147,0.1285638302564621,0.9037634432315826,1.105874478816986,48,0.07181838964164801,1.8104697055588175
station_wake_L5,Hard-switch stage-aware SAC,strict_hard_switch_v1,hard_switch_v1,3,84,9084,1250084,station_wake,5,0.0,0.0,0.1,1,1,0,0,1,0,45,0.25,1,21,0.3827829957008362,0.234787064326884,1.5792030096054077,1.2899175622326815,3.1844288110733032,12.11784839630127,0.44883238071461123,2.516602485138298,0.0,1.0,0.12877063295105792,0.14373062371792356,0.06007558032870293,0.06472083926200867,0.06007558032870293,0.042784079909324646,0.05239561200141907,49,0.08814873516338083,3.430913730010948
station_wake_L5,Hard-switch stage-aware SAC,strict_hard_switch_v1,hard_switch_v1,3,85,9085,1250085,station_wake,5,0.0,0.0,0.1,1,1,0,0,1,0,61,0.25,1,43,0.290990948677063,0.24938367333019604,0.4988902807235718,0.3035346044246681,3.1430453807115555,12.539940476417542,0.3423965902292143,1.863313207576376,0.998059578199115,0.1,0.12765676066487017,0.13903140163640748,0.02172301597893238,0.0380132794380188,0.02172301597893238,0.13206247985363007,0.1824568212032318,65,0.07685211233253132,0.4579711741210836
station_wake_L5,Hard-switch stage-aware SAC,strict_hard_switch_v1,hard_switch_v1,3,86,9086,1250086,station_wake,5,0.0,0.0,0.1,1,1,0,0,1,0,31,0.25,1,11,1.1972736120224,0.9270727057721571,1.5761178731918335,1.2968972150014475,0.7691121101379395,1.342768669128418,0.4008171084082702,1.6803233492401641,0.0,0.8500000000000001,0.11208226370178868,0.13527117871811056,0.1310350000858307,0.17228659987449646,0.1310350000858307,0.4362664520740509,0.6091111898422241,35,0.06555984943990564,1.6240642381556492
station_wake_L5,Hard-switch stage-aware SAC,strict_hard_switch_v1,hard_switch_v1,3,87,9087,1250087,station_wake,5,0.0,0.0,0.1,1,1,0,0,1,0,59,0.25,1,36,0.49499547481536865,0.29381219912693457,1.457531899213791,1.1827624840107054,1.8085658550262451,6.178025007247925,0.2833843256584562,1.3982291485314036,0.0,1.1500000000000001,0.14117911662292132,0.15788267094167419,0.13828690201044083,0.1658705621957779,0.13828690201044083,0.2857368588447571,0.3090566396713257,63,0.08677889956747438,3.373564473531759
station_wake_L5,Hard-switch stage-aware SAC,strict_hard_switch_v1,hard_switch_v1,3,88,9088,1250088,station_wake,5,0.0,0.0,0.1,1,1,0,0,1,0,49,0.25,1,34,0.28390052914619446,0.1783281900434695,0.7621324062347412,0.40727665591768314,3.044801503419876,10.700153708457947,0.26173520332113115,1.770092222618496,0.0,0.5,0.1391143791375598,0.17132331431001657,0.12322483658790588,0.16787977516651154,0.12322483658790588,0.4709368944168091,0.7046407461166382,53,0.06093554027989725,0.12316050369021543
station_wake_L5,Hard-switch stage-aware SAC,strict_hard_switch_v1,hard_switch_v1,3,89,9089,1250089,station_wake,5,0.0,0.0,0.1,1,1,0,0,1,0,53,0.25,1,37,0.22979970276355743,0.18315126846027702,1.6283413767814636,0.8042804102716047,4.353708028793335,16.353099942207336,0.5398304673284249,2.8874284252713105,0.0,0.4,0.14032455021595697,0.15716220005018763,0.06362846419215203,0.07101152837276459,0.06362846419215203,0.09119732677936554,0.1591794192790985,57,0.08240190097637226,0.6284944773524154
station_wake_L5,Hard-switch stage-aware SAC,strict_hard_switch_v1,hard_switch_v1,3,90,9090,1250090,station_wake,5,0.0,0.0,0.1,1,1,0,0,1,0,34,0.25,0,-1,nan,nan,nan,nan,nan,nan,nan,nan,0.0,nan,0.06712563087711099,0.06938190824623842,0.18173282444477082,0.22235311567783356,0.18173282444477082,0.40139633417129517,0.4197967052459717,38,0.06150310789779918,2.52786411087912
station_wake_L5,Hard-switch stage-aware SAC,strict_hard_switch_v1,hard_switch_v1,3,91,9091,1250091,station_wake,5,0.0,0.0,0.1,1,1,0,0,1,0,58,0.25,1,42,0.38734856247901917,0.33894743702433383,0.4505729675292969,0.2904022547985161,3.448430821299553,10.534858256578445,0.2556323172279062,1.8074108608180324,0.2742352434663325,0.5,0.13671877158205764,0.1684695565715543,0.10161105245351791,0.13976415991783142,0.10161105245351791,0.3877442181110382,0.502038300037384,62,0.06960093731381575,0.2742352434663325
station_wake_L5,Hard-switch stage-aware SAC,strict_hard_switch_v1,hard_switch_v1,3,92,9092,1250092,station_wake,5,0.0,0.0,0.1,1,1,0,0,1,0,62,0.25,1,42,0.36451640725135803,0.26781665279259376,0.9834033250808716,0.7984159733457239,7.993454411625862,20.979549884796143,0.4062567129422274,1.9729602182698567,0.0,1.0,0.11942071943614638,0.13269578153928202,0.08116755187511444,0.0909631997346878,0.08116755187511444,0.09606960415840149,0.10503426194190979,66,0.07136004957525324,4.019662802974531
station_wake_L5,Hard-switch stage-aware SAC,strict_hard_switch_v1,hard_switch_v1,3,93,9093,1250093,station_wake,5,0.0,0.0,0.1,1,1,0,0,1,0,69,0.25,1,50,0.40390947461128235,0.3631747918056836,1.1781427264213562,0.5440752625437971,4.9540891498327255,20.831324756145477,0.2555927403274966,1.405715581705529,0.0,0.65,0.22359522648662228,0.2564751176233084,0.10280031561851502,0.14526191353797913,0.10280031561851502,0.41125035285949707,0.42770981788635254,73,0.05725073284252765,1.4209921486822976
station_wake_L5,Hard-switch stage-aware SAC,strict_hard_switch_v1,hard_switch_v1,3,94,9094,1250094,station_wake,5,0.0,0.0,0.1,1,1,0,0,1,0,55,0.25,1,42,0.4244438111782074,0.3997808798556082,0.7551729679107666,0.364398784827436,2.24720299243927,13.123780488967896,0.4214788116385656,1.7742175026497575,0.0,0.65,0.17317467050514349,0.2267506444671074,0.21247223317623137,0.2262587547302246,0.21247223317623137,0.15902864933013916,0.35671353340148926,59,0.05251037446453999,2.221923502811559
station_wake_L5,Hard-switch stage-aware SAC,strict_hard_switch_v1,hard_switch_v1,3,95,9095,1250095,station_wake,5,0.0,0.0,0.1,1,1,0,0,1,0,59,0.25,1,43,0.5007557272911072,0.42075076090763563,1.069791316986084,0.8203676898639143,5.049108490347862,23.495798110961914,0.29365297032895293,1.8639966491720548,0.0,0.25,0.18137870740840256,0.20804519880020728,0.010905333049595355,0.014277024194598198,0.010905333049595355,0.05654828995466232,0.06982525810599327,63,0.057020580258220835,1.3530056196227542
station_wake_L5,Hard-switch stage-aware SAC,strict_hard_switch_v1,hard_switch_v1,3,96,9096,1250096,station_wake,5,0.0,0.0,0.1,1,1,0,0,1,0,47,0.25,1,31,0.2442939430475235,0.14992290244441694,0.7355679571628571,0.5214151233402734,2.0491695404052734,10.37935733795166,0.49562462390565604,2.2025231417490847,0.0,0.5,0.11821476437906395,0.154606451628828,0.06113262325525284,0.0673859491944313,0.06113262325525284,0.06970831751823425,0.12326538562774658,51,0.06603359278658842,1.9250337491679106
station_wake_L5,Hard-switch stage-aware SAC,strict_hard_switch_v1,hard_switch_v1,3,97,9097,1250097,station_wake,5,0.0,0.0,0.1,1,1,0,0,1,0,60,0.25,1,36,0.32132163643836975,0.23753898673832652,0.9654565900564194,0.6461745449216186,2.117488905787468,11.944349706172943,0.257399420054391,1.5794462358344834,0.0,1.0,0.09890512511658081,0.10651213987068407,0.06988141313195229,0.08864128589630127,0.06988141313195229,0.18947584927082062,0.2522459626197815,64,0.09019967289389878,2.8035030115807436
station_wake_L5,Hard-switch stage-aware SAC,strict_hard_switch_v1,hard_switch_v1,3,98,9098,1250098,station_wake,5,0.0,0.0,0.1,1,1,0,0,1,0,83,0.25,1,62,0.3362932503223419,0.3100052256417381,0.7234090566635132,0.2851637695379103,3.522261679172516,12.928860448300838,0.3252084273772503,1.8709632515865244,1.5046627130668944,0.05,0.1686875540747357,0.18915039137427234,0.017502483911812305,0.019692260771989822,0.017502483911812305,0.027588579803705215,0.05119970068335533,87,0.07286673933122154,1.5046627130668944
station_wake_L5,Hard-switch stage-aware SAC,strict_hard_switch_v1,hard_switch_v1,3,99,9099,1250099,station_wake,5,0.0,0.0,0.1,1,1,0,0,1,0,52,0.25,1,21,1.0056058168411255,0.7036898039970522,1.7577934265136719,1.3851315753922173,8.14381554722786,30.548810958862305,0.5709324898541497,4.0703296583431925,0.0,0.25,0.11396131254598492,0.12055675072383765,0.0013936908449977635,0.002961246995255351,0.0013936908449977635,0.024462199304252863,0.03219400066882372,56,0.08741957734965812,3.2044822868544474
station_wake_L5,Hard-switch stage-aware SAC,strict_hard_switch_v1,hard_switch_v1,4,0,9000,1250000,station_wake,5,0.0,0.0,0.1,1,1,0,0,1,0,50,0.25,1,34,0.1358790099620819,0.09548586707306912,0.804012268781662,0.4528514684128082,4.335857927799225,17.978707253932953,0.46432835106498177,2.1518033544360646,0.5669132249913159,0.0,0.10825923665893285,0.14672572918997245,0.05106776654720306,0.05682572349905968,0.05106776654720306,0.10967907309532166,0.2736276388168335,54,0.06886877097100785,0.5669132249913159
station_wake_L5,Hard-switch stage-aware SAC,strict_hard_switch_v1,hard_switch_v1,4,1,9001,1250001,station_wake,5,0.0,0.0,0.1,1,1,0,0,1,0,49,0.25,1,29,1.1821720600128174,0.7620177901569575,2.301487922668457,1.8464109952817138,15.11501669883728,37.401100397109985,0.7785478417867191,3.1448272758443077,3.064319334566381,0.0,0.148786291292785,0.16458156533439694,0.04180659279227257,0.04454095661640167,0.04180659279227257,0.052342936396598816,0.10425351560115814,53,0.07596959712779174,1.8375253655217072
station_wake_L5,Hard-switch stage-aware SAC,strict_hard_switch_v1,hard_switch_v1,4,2,9002,1250002,station_wake,5,0.0,0.0,0.1,1,1,0,0,1,0,39,0.25,1,27,0.42493581771850586,0.33276722241804396,0.6807911396026611,0.40136559837865116,1.659761406481266,8.251410301309079,0.23013157174663723,1.5250539300163442,1.5834893926694826,0.15000000000000002,0.2932756922265276,0.4173377978554226,0.10137153565883636,0.12236626446247101,0.10137153565883636,0.28297314047813416,0.7241913676261902,43,0.03128316048588991,1.5834893926694826
station_wake_L5,Hard-switch stage-aware SAC,strict_hard_switch_v1,hard_switch_v1,4,3,9003,1250003,station_wake,5,0.0,0.0,0.1,1,1,0,0,1,0,53,0.25,1,41,0.3620236814022064,0.2809524163672166,0.6608211994171143,0.4594371824570024,3.142111748456955,9.893191084265709,0.37604214979452777,1.2611207843370411,0.0,0.2,0.2094998841225732,0.319238350812802,0.023987537436187267,0.03726230561733246,0.023987537436187267,0.24395552277565002,0.4659804701805115,57,0.05328085197588294,1.888271750064198
station_wake_L5,Hard-switch stage-aware SAC,strict_hard_switch_v1,hard_switch_v1,4,4,9004,1250004,station_wake,5,0.0,0.0,0.1,1,1,0,0,1,0,59,0.25,1,42,0.5475671887397766,0.4338428363069205,0.6206756830215454,0.47664286204242085,2.1897420287132263,9.44578155875206,0.18409923498276992,1.1233039822253679,0.5767482705093112,0.35000000000000003,0.1835531745638989,0.22176626475261396,0.08352775201201439,0.10892226547002792,0.08352775201201439,0.2618246227502823,0.30185766518116,63,0.06736389066275592,0.5767482705093112
station_wake_L5,Hard-switch stage-aware SAC,strict_hard_switch_v1,hard_switch_v1,4,5,9005,1250005,station_wake,5,0.0,0.0,0.1,1,1,0,0,1,0,66,0.25,1,43,0.2438649833202362,0.1749540759095488,0.49041271209716797,0.3347157609355849,2.8214266896247864,9.007993899285793,0.3079415269971587,1.3990108454623353,0.20120790139718753,0.15000000000000002,0.14603473550026042,0.15706295108981422,0.013209865987300872,0.015597925521433353,0.013209865987300872,0.023443125188350677,0.04333632066845894,70,0.08305861153681499,0.20120790139718753
station_wake_L5,Hard-switch stage-aware SAC,strict_hard_switch_v1,hard_switch_v1,4,6,9006,1250006,station_wake,5,0.0,0.0,0.1,1,1,0,0,1,0,34,0.25,0,-1,nan,nan,nan,nan,nan,nan,nan,nan,0.0,nan,0.10900289179220031,0.1227552493252168,0.0010009899851866066,0.001616655383259058,0.0010009899851866066,0.021457690512761474,0.03254756098613143,38,0.08231027647798173,3.7264308290748356
station_wake_L5,Hard-switch stage-aware SAC,strict_hard_switch_v1,hard_switch_v1,4,7,9007,1250007,station_wake,5,0.0,0.0,0.1,1,1,0,0,1,0,64,0.25,1,44,0.3071804940700531,0.2081978953413342,1.2703287601470947,0.8735452595264059,5.794955193996429,27.521967887878418,0.29928383538707576,1.7664835511411137,0.4706950694928769,0.0,0.116413218944279,0.13323091290738587,0.003404524479992688,0.008199010975658894,0.003404524479992688,0.04882821813225746,0.06121812853962183,68,0.08843560514517163,0.46709587996539753
station_wake_L5,Hard-switch stage-aware SAC,strict_hard_switch_v1,hard_switch_v1,4,8,9008,1250008,station_wake,5,0.0,0.0,0.1,1,1,0,0,1,0,36,0.25,1,24,0.08098634332418442,0.05498726640429321,0.8927284926176071,0.44642096203690745,4.0140533447265625,14.871612191200256,0.6838205288924446,2.5570515229005086,0.0,0.0,0.20038628922567395,0.2987018059181317,0.06783281937241555,0.07658680528402328,0.06783281937241555,0.12091265618801117,0.2296161651611328,40,0.042179538019426324,2.081274112988541
station_wake_L5,Hard-switch stage-aware SAC,strict_hard_switch_v1,hard_switch_v1,4,9,9009,1250009,station_wake,5,0.0,0.0,0.1,1,1,0,0,1,0,42,0.25,1,24,0.2034914791584015,0.13822294383467976,1.1240031570196152,0.8535226881154897,2.2637999057769775,11.969998478889465,0.37622872100197785,1.9763113805831878,1.5959563021737542,0.45,0.20388643888967478,0.23891399294907278,0.07443876340985298,0.10150696337223053,0.07443876340985298,0.29655832052230835,0.44476568698883057,46,0.0668040289620167,1.5959563021737542
station_wake_L5,Hard-switch stage-aware SAC,strict_hard_switch_v1,hard_switch_v1,4,10,9010,1250010,station_wake,5,0.0,0.0,0.1,1,1,0,0,1,0,32,0.25,0,-1,nan,nan,nan,nan,nan,nan,nan,nan,0.0,nan,0.04050152022968837,0.046563151426738544,0.11894929111003875,0.14633947610855103,0.11894929111003875,0.2811107337474823,0.4044342041015625,36,0.015464253230639524,3.660131890348814
station_wake_L5,Hard-switch stage-aware SAC,strict_hard_switch_v1,hard_switch_v1,4,11,9011,1250011,station_wake,5,0.0,0.0,0.1,1,1,0,0,1,0,49,0.25,1,32,0.6583836674690247,0.347966987497269,1.9738197326660156,1.4121523863043681,2.722485661506653,13.99889051914215,0.3021948061140711,2.109090653202412,0.0,0.05,0.14906999298761864,0.17006327690079243,0.05065334290266037,0.06182536482810974,0.05065334290266037,0.10870443284511566,0.1622810959815979,53,0.0821235548951065,0.7008493926338578
station_wake_L5,Hard-switch stage-aware SAC,strict_hard_switch_v1,hard_switch_v1,4,12,9012,1250012,station_wake,5,0.0,0.0,0.1,1,1,0,0,1,0,57,0.25,1,41,0.266675740480423,0.20908657481649456,1.421833485364914,0.8430740912814,2.7825456857681274,15.089490413665771,0.40795764247550476,1.9369585324546752,0.0,0.15000000000000002,0.1225473035345569,0.15313443388325493,0.04374351650476456,0.05748952552676201,0.04374351650476456,0.18283981084823608,0.2320249378681183,61,0.07648497609076957,0.05992351742476972
station_wake_L5,Hard-switch stage-aware SAC,strict_hard_switch_v1,hard_switch_v1,4,13,9013,1250013,station_wake,5,0.0,0.0,0.1,1,1,0,0,1,0,61,0.25,1,44,0.1767633855342865,0.10510279518584327,1.061963140964508,0.7586820086071271,3.819279968738556,12.778090834617615,0.40271284833226856,1.8381183282253932,0.0,0.0,0.15403396153698315,0.18348941373360372,0.014739646576344967,0.023550868034362793,0.014739646576344967,0.1295284926891327,0.2602545730769634,65,0.0730334902416713,0.6971749109429497
station_wake_L5,Hard-switch stage-aware SAC,strict_hard_switch_v1,hard_switch_v1,4,14,9014,1250014,station_wake,5,0.0,0.0,0.1,1,1,0,0,1,0,56,0.25,1,35,0.5337660312652588,0.38431274618130107,1.0344764590263367,0.7266086428403362,3.696599304676056,11.327812522649765,0.22700274997878447,1.831526344012697,2.0489700929787307,0.0,0.1418142099187552,0.15658646434554874,0.013708838634192944,0.02182643488049507,0.013708838634192944,0.08704675361514091,0.12012239545583725,60,0.08559441004065262,2.0489700929787307
station_wake_L5,Hard-switch stage-aware SAC,strict_hard_switch_v1,hard_switch_v1,4,15,9015,1250015,station_wake,5,0.0,0.0,0.1,1,1,0,0,1,0,52,0.25,1,36,0.3743416666984558,0.16908302089635693,1.7028433084487915,1.024540493972713,2.9330673813819885,15.587408915162086,0.2263006370876151,1.4570510017228842,0.0,0.0,0.13473314917719462,0.1654871736355042,0.022154996544122695,0.032786812633275986,0.022154996544122695,0.2646898627281189,0.45134570449590683,56,0.0851497229589296,1.1970221349479402
station_wake_L5,Hard-switch stage-aware SAC,strict_hard_switch_v1,hard_switch_v1,4,16,9016,1250016,station_wake,5,0.0,0.0,0.1,1,1,0,0,1,0,39,0.25,1,17,1.1903377771377563,1.0922197507983697,1.1893069744110107,0.8301471938996787,7.193410471081734,19.02535207569599,0.3689707328048145,2.5001953235278567,0.0,1.1,0.15287698909287237,0.1685460447758717,0.18735776841640472,0.22785277664661407,0.18735776841640472,0.40852415561676025,0.5369743704795837,43,0.06985570888897764,2.869581890149443
station_wake_L5,Hard-switch stage-aware SAC,strict_hard_switch_v1,hard_switch_v1,4,17,9017,1250017,station_wake,5,0.0,0.0,0.1,1,1,0,0,1,0,56,0.25,1,33,0.08280912786722183,0.0588835702775365,1.1344913393259048,0.48734242654969456,2.9145342111587524,16.763934195041656,0.27176918850994375,1.6849656784009124,0.0,0.0,0.1179492771918842,0.13261300751145452,0.006156405247747898,0.01152433268725872,0.006156405247747898,0.06978247873485088,0.09667856618762016,60,0.09146401326638906,1.4900400251058374
station_wake_L5,Hard-switch stage-aware SAC,strict_hard_switch_v1,hard_switch_v1,4,18,9018,1250018,station_wake,5,0.0,0.0,0.1,1,1,0,0,1,0,68,0.25,1,32,0.12779033184051514,0.05622524602766704,0.6282471120357513,0.34589087548868586,3.1552734971046448,12.33624592423439,0.31890949420006875,2.136110590373579,0.0,1.8,0.07392907826649396,0.07466176637958186,0.11525345444679261,0.13959722220897675,0.11525345444679261,0.24666044116020203,0.3248050808906555,72,0.05227979488307019,3.7246400388518226
station_wake_L5,Hard-switch stage-aware SAC,strict_hard_switch_v1,hard_switch_v1,4,19,9019,1250019,station_wake,5,0.0,0.0,0.1,1,1,0,0,1,0,43,0.25,1,29,0.2648200988769531,0.18184841341189328,1.2470213323831558,0.967613240428361,4.059346616268158,17.682625204324722,0.2960504571757961,1.659235944485316,0.0,0.45,0.15651635697712468,0.23093133944146715,0.07732250466942787,0.10256832838058472,0.07732250466942787,0.24632157385349274,0.31871020793914795,47,0.0545362115023801,1.9942199369221432
station_wake_L5,Hard-switch stage-aware SAC,strict_hard_switch_v1,hard_switch_v1,4,20,9020,1250020,station_wake,5,0.0,0.0,0.1,1,1,0,0,1,0,43,0.25,1,21,1.2090007066726685,0.9395403376882191,2.388392686843872,1.6451287704245596,11.406492628157139,39.574159383773804,0.8578953509175008,3.991988095657595,2.889629349137077,0.2,0.09133526373970036,0.0991517975351672,0.0080149054992944,0.01356613077223301,0.0080149054992944,0.057340667583048344,0.07777992635965347,47,0.08987809744400907,2.889629349137077
station_wake_L5,Hard-switch stage-aware SAC,strict_hard_switch_v1,hard_switch_v1,4,21,9021,1250021,station_wake,5,0.0,0.0,0.1,1,1,0,0,1,0,64,0.25,1,43,0.1763082593679428,0.1004367240139598,0.7150698825716972,0.4437010838162476,2.332303524017334,8.826458603143692,0.361352913709683,1.1654935508590996,0.9448160124630441,0.0,0.12854136179516054,0.14415462579267085,0.04374657273292541,0.04834670573472977,0.04374657273292541,0.09530302882194519,0.16800448298454285,68,0.07295193171668449,0.2059673559697096
station_wake_L5,Hard-switch stage-aware SAC,strict_hard_switch_v1,hard_switch_v1,4,22,9022,1250022,station_wake,5,0.0,0.0,0.1,1,1,0,0,1,0,32,0.25,1,19,0.11436522752046585,0.0800213788395103,0.33274397253990173,0.19672898101086253,2.1095842123031616,11.049427911639214,0.5406416826180387,2.958518193452263,0.0,0.0,0.1883330661243729,0.2765323261748566,0.04242715463042259,0.05229438096284866,0.04242715463042259,0.16827699542045593,0.28870172798633575,36,0.07530502385304233,1.2963917824181053
station_wake_L5,Hard-switch stage-aware SAC,strict_hard_switch_v1,hard_switch_v1,4,23,9023,1250023,station_wake,5,0.0,0.0,0.1,1,1,0,0,1,0,74,0.25,1,44,0.04744816571474075,0.031504063867584836,0.4214778169989586,0.19662168855450585,1.2695331498980522,8.334461152553558,0.15035198443052009,1.0024608010183373,0.0,1.5,0.07795496709765057,0.08223224702275315,0.14592719674110413,0.16654592752456665,0.14592719674110413,0.20233267545700073,0.21223872900009155,78,0.06286790774288017,3.3048578931233084
station_wake_L5,Hard-switch stage-aware SAC,strict_hard_switch_v1,hard_switch_v1,4,24,9024,1250024,station_wake,5,0.0,0.0,0.1,1,1,0,0,1,0,57,0.25,1,38,0.6011250615119934,0.40535540815424914,1.0228937864303589,0.7768431805987278,2.605939581990242,12.91021317243576,0.17501139018519102,0.8855007762208011,3.4310738125696205,0.1,0.1601630910250008,0.18482077590720597,0.015341265872120858,0.028596702963113785,0.015341265872120858,0.14584047347307205,0.2946712076663971,61,0.07481534464552415,3.4310738125696205
station_wake_L5,Hard-switch stage-aware SAC,strict_hard_switch_v1,hard_switch_v1,4,25,9025,1250025,station_wake,5,0.0,0.0,0.1,1,1,0,0,1,0,34,0.25,1,21,0.755334734916687,0.4792286253634064,1.5534961223602295,1.1195506146061056,5.520184077322483,16.77340779453516,0.3803813879141362,2.634009479713385,0.0,0.15000000000000002,0.16161007159909735,0.24357332972789852,0.011974498815834522,0.025407373905181885,0.011974498815834522,0.254215270280838,0.46956855803728104,38,0.0488622317863808,0.7059653110439031
station_wake_L5,Hard-switch stage-aware SAC,strict_hard_switch_v1,hard_switch_v1,4,26,9026,1250026,station_wake,5,0.0,0.0,0.1,1,1,0,0,1,0,37,0.25,1,22,0.7984611988067627,0.5743048227370778,1.3043558597564697,1.0028254640663499,3.1768828630447388,12.097888886928558,0.42920072694224715,2.5084068224240856,0.0,0.55,0.15075748154178964,0.20776245823885103,0.09325821846723556,0.14071081578731537,0.09325821846723556,0.3906719982624054,0.7578098773956299,41,0.07461855698750934,2.1334909091932883
station_wake_L5,Hard-switch stage-aware SAC,strict_hard_switch_v1,hard_switch_v1,4,27,9027,1250027,station_wake,5,0.0,0.0,0.1,1,1,0,0,1,0,40,0.25,1,19,0.5838456749916077,0.31736801090486827,1.786874532699585,1.2990949636338023,4.640653673559427,28.534888569265604,0.6155455419971789,3.327874794188965,1.6654627617670368,0.0,0.1533863872381096,0.17259123013030722,0.040820559859275816,0.048884499818086624,0.040820559859275816,0.0887662023305893,0.10905139148235321,44,0.0865220325824558,1.6654627617670368
station_wake_L5,Hard-switch stage-aware SAC,strict_hard_switch_v1,hard_switch_v1,4,28,9028,1250028,station_wake,5,0.0,0.0,0.1,1,1,0,0,1,0,47,0.25,1,26,0.7173600196838379,0.5018970590183905,1.2560349702835083,0.9804918348010206,2.408275529742241,13.890223056077957,0.27856839982207887,1.959540306342079,0.0,0.15000000000000002,0.1296425336625107,0.14840580677251838,0.029442065954208375,0.0344766341149807,0.029442065954208375,0.07120566070079803,0.11081740260124207,51,0.08816447819145345,0.122040152563135
station_wake_L5,Hard-switch stage-aware SAC,strict_hard_switch_v1,hard_switch_v1,4,29,9029,1250029,station_wake,5,0.0,0.0,0.1,1,1,0,0,1,0,41,0.25,1,24,1.064773678779602,0.7811567677004162,1.9217360019683838,1.5738045205421058,8.322234284132719,27.4216365814209,0.5956756989310134,3.7099423412329937,1.7454792816673825,0.1,0.16505562802224483,0.1940412776725141,0.025799838826060295,0.03714870288968086,0.025799838826060295,0.08787047117948532,0.1866026595234871,45,0.07110988990812364,1.1890747829618071
station_wake_L5,Hard-switch stage-aware SAC,strict_hard_switch_v1,hard_switch_v1,4,30,9030,1250030,station_wake,5,0.0,0.0,0.1,1,1,0,0,1,0,47,0.25,1,33,0.12303313612937927,0.08516035884821374,0.6712013483047485,0.4685999633150062,2.766672298312187,14.626164436340332,0.3851457500748675,2.4079946403583694,0.0,0.0,0.18834790636072513,0.2667472788519865,0.055386390537023544,0.06485398858785629,0.055386390537023544,0.12056088447570801,0.14207638800144196,51,0.04809944316772729,3.092768139676542
station_wake_L5,Hard-switch stage-aware SAC,strict_hard_switch_v1,hard_switch_v1,4,31,9031,1250031,station_wake,5,0.0,0.0,0.1,1,1,0,0,1,0,51,0.25,1,40,0.1560242474079132,0.08205806132346821,1.1693624407052994,0.5191425620575489,4.109060168266296,18.04374873638153,0.3679764520568025,2.178380750192349,0.0,0.0,0.3043517419947633,0.4254216032243688,0.09078685492277146,0.10275115817785263,0.09078685492277146,0.43115203082561493,1.1542145162820816,55,0.05540668707565492,2.9834336730941513
station_wake_L5,Hard-switch stage-aware SAC,strict_hard_switch_v1,hard_switch_v1,4,32,9032,1250032,station_wake,5,0.0,0.0,0.1,1,1,0,0,1,0,62,0.25,1,42,0.08807272464036942,0.07100569253857329,0.400628000497818,0.2518788459890416,1.765405386686325,9.697429984807968,0.21006247982654966,1.2086096028841231,0.0,1.0,0.126835916753271,0.14058522338732704,0.09683738499879838,0.10352323204278946,0.09683738499879838,0.0705016553401947,0.09418636560440063,66,0.057570030598441915,3.8384591649545614
station_wake_L5,Hard-switch stage-aware SAC,strict_hard_switch_v1,hard_switch_v1,4,33,9033,1250033,station_wake,5,0.0,0.0,0.1,1,1,0,0,1,0,39,0.25,0,-1,nan,nan,nan,nan,nan,nan,nan,nan,0.0,nan,0.05732247217009776,0.058956810695144614,0.15808543860912322,0.19315838813781738,0.15808543860912322,0.35135751962661743,0.436268150806427,43,0.026453813022993537,3.1202869718425235
station_wake_L5,Hard-switch stage-aware SAC,strict_hard_switch_v1,hard_switch_v1,4,34,9034,1250034,station_wake,5,0.0,0.0,0.1,1,1,0,0,1,0,40,0.25,1,19,1.2303171157836914,1.0948445517299585,1.8229568004608154,1.2509938693571574,13.393081426620483,29.710834622383118,0.7401772710256018,3.1162965534309865,0.0,1.05,0.05211128395859856,0.05603711613467941,0.18233867287635802,0.22969117760658264,0.18233867287635802,0.49482589960098267,0.6714922189712524,44,0.031145083705254026,2.9618466467789144
station_wake_L5,Hard-switch stage-aware SAC,strict_hard_switch_v1,hard_switch_v1,4,35,9035,1250035,station_wake,5,0.0,0.0,0.1,1,1,0,0,1,0,57,0.25,1,42,0.3765404224395752,0.35259047300659774,0.6635689735412598,0.3336409050821133,3.221135437488556,11.62952646613121,0.3219507450084059,1.749870012902675,0.7487229889392706,0.25,0.19663352762900815,0.2634557635426142,0.06613102816045284,0.11527333408594131,0.06613102816045284,0.44984547048807144,0.6365004181861877,61,0.062862699552621,0.7487229889392706
station_wake_L5,Hard-switch stage-aware SAC,strict_hard_switch_v1,hard_switch_v1,4,36,9036,1250036,station_wake,5,0.0,0.0,0.1,1,1,0,0,1,0,41,0.25,1,14,1.2168904542922974,1.0100584562804418,1.3104724884033203,1.061383176405218,1.836864948272705,5.220397710800171,0.4520470010433904,2.3488474076075336,0.0,1.35,0.11516611746620539,0.12891890295161595,0.13038940280675887,0.16192293167114258,0.13038940280675887,0.31514987349510193,0.39225608110427856,45,0.06188174225670694,3.1617852802488167
station_wake_L5,Hard-switch stage-aware SAC,strict_hard_switch_v1,hard_switch_v1,4,37,9037,1250037,station_wake,5,0.0,0.0,0.1,1,1,0,0,1,0,50,0.25,1,30,0.6858167052268982,0.41988237082979624,2.1926653385162354,1.2213169873118366,3.3721208572387695,19.749202728271484,0.27689912593306587,1.7075321996575823,0.7153293936742848,0.5,0.16453745333832487,0.1955848928756164,0.04622609168291092,0.06866871565580368,0.04622609168291092,0.2345017045736313,0.31997427344322205,54,0.07831118905731276,0.7153293936742848
station_wake_L5,Hard-switch stage-aware SAC,strict_hard_switch_v1,hard_switch_v1,4,38,9038,1250038,station_wake,5,0.0,0.0,0.1,1,1,0,0,1,0,67,0.25,1,50,0.045733146369457245,0.0315506406747024,0.4983903095126152,0.24962606114887204,3.498988598585129,14.713509641587734,0.26516253451952465,1.5028799750661703,0.0,0.0,0.16733064898942454,0.19347736026227344,0.04051554203033447,0.04969819635152817,0.04051554203033447,0.11332418024539948,0.21615944802761078,71,0.06145157708222921,2.9151473627630677
station_wake_L5,Hard-switch stage-aware SAC,strict_hard_switch_v1,hard_switch_v1,4,39,9039,1250039,station_wake,5,0.0,0.0,0.1,1,1,0,0,1,0,64,0.25,1,46,0.03507572412490845,0.014865439022080576,0.263335257768631,0.13198554217733274,3.0692701041698456,13.058239966630936,0.2273487925692145,1.4501418828890502,0.0,0.30000000000000004,0.17003928912524738,0.21481823418454304,0.10382172912359237,0.1370839774608612,0.10382172912359237,0.3255705237388611,0.5625322461128235,68,0.06978279682159014,0.47803736276808195
station_wake_L5,Hard-switch stage-aware SAC,strict_hard_switch_v1,hard_switch_v1,4,40,9040,1250040,station_wake,5,0.0,0.0,0.1,1,1,0,0,1,0,57,0.25,1,44,0.34314897656440735,0.22977333880231976,0.9426850080490112,0.581884542664494,4.115828573703766,22.722895462065935,0.33441072433588903,2.3608681973895305,0.0,0.65,0.14326714627245923,0.2134405558356927,0.04847007840871811,0.07900793105363846,0.04847007840871811,0.3001020550727844,0.35973817110061646,61,0.05603973768719829,4.368479283226613
station_wake_L5,Hard-switch stage-aware SAC,strict_hard_switch_v1,hard_switch_v1,4,41,9041,1250041,station_wake,5,0.0,0.0,0.1,1,1,0,0,1,0,55,0.25,1,39,0.30954304337501526,0.28142376701535377,0.5761617422103882,0.2626187183961681,2.3529773950576782,14.54829290509224,0.21497815905437348,1.2821404685270439,2.3851415451995917,0.2,0.16558195784279334,0.18640219678514572,0.031205295771360397,0.07446402311325073,0.031205295771360397,0.551728367805481,0.7765525579452515,59,0.06709550379881149,2.272685682166505
station_wake_L5,Hard-switch stage-aware SAC,strict_hard_switch_v1,hard_switch_v1,4,42,9042,1250042,station_wake,5,0.0,0.0,0.1,1,1,0,0,1,0,35,0.25,1,5,0.7931137681007385,0.5054420431575797,2.01349139213562,1.6829241921477744,19.801113605499268,20.49389362335205,1.8181422298277465,2.7669467538583135,0.0,1.5,0.09027049319881207,0.10007298007364375,0.17345834970474244,0.22973747551441193,0.17345834970474244,0.5743456482887268,0.8718505501747131,39,0.04370300291423743,3.0964444889973013
station_wake_L5,Hard-switch stage-aware SAC,strict_hard_switch_v1,hard_switch_v1,4,43,9043,1250043,station_wake,5,0.0,0.0,0.1,1,1,0,0,1,0,61,0.25,1,43,0.08954861015081406,0.052870965764748194,0.46890009194612503,0.29981314437905704,3.1339196860790253,10.959115512669086,0.25132365123968703,1.7932863305817672,0.704835448344795,0.0,0.17306643146577058,0.1993855932282496,0.013191926293075085,0.015408651903271675,0.013191926293075085,0.07498518750071526,0.22631388157606125,65,0.07367425522639356,0.704835448344795
station_wake_L5,Hard-switch stage-aware SAC,strict_hard_switch_v1,hard_switch_v1,4,44,9044,1250044,station_wake,5,0.0,0.0,0.1,1,1,0,0,1,0,39,0.25,1,18,0.9016302227973938,0.7041850627810887,1.5156328678131104,1.220495519201821,13.149356544017792,34.89055275917053,0.6596831136521728,2.7382242612967387,0.0,1.05,0.05898284695958593,0.0803408625244484,0.14354699552059175,0.1889740228652954,0.14354699552059175,0.4477328062057495,0.5285638570785522,43,0.04358694836244898,2.9836249183909116
station_wake_L5,Hard-switch stage-aware SAC,strict_hard_switch_v1,hard_switch_v1,4,45,9045,1250045,station_wake,5,0.0,0.0,0.1,1,1,0,0,1,0,52,0.25,1,38,0.36302509903907776,0.28256056425969345,0.8278894424438477,0.6242274208648934,4.460761696100235,23.841868340969086,0.3222997977389899,1.7418368923262786,0.0,0.15000000000000002,0.17696948024261147,0.2220407099215315,0.008409771416336299,0.012470650486648083,0.008409771416336299,0.062549639493227,0.08840462192893028,56,0.06867274649044305,0.3440151774306802
station_wake_L5,Hard-switch stage-aware SAC,strict_hard_switch_v1,hard_switch_v1,4,46,9046,1250046,station_wake,5,0.0,0.0,0.1,1,1,0,0,1,0,47,0.25,1,34,0.15994516015052795,0.06927742337420861,0.8990877866744995,0.6312129787767099,3.8999012857675552,14.228379726409912,0.4698415525258621,2.180274704436052,0.0,0.6000000000000001,0.15948708054769126,0.2295665004726037,0.13713534474372863,0.16137440502643585,0.13713534474372863,0.2846689224243164,0.41320353746414185,51,0.06133603822103017,2.5368082435972523
station_wake_L5,Hard-switch stage-aware SAC,strict_hard_switch_v1,hard_switch_v1,4,47,9047,1250047,station_wake,5,0.0,0.0,0.1,1,1,0,0,1,0,70,0.25,1,53,0.1279442459344864,0.08079208138154478,0.5558684468269348,0.3800574056446017,3.8708654046058655,15.722592175006866,0.4159252016709249,2.429992058972859,1.063912847081793,0.0,0.12431353308955262,0.14094655437484852,0.018799667619168757,0.0293564572930336,0.018799667619168757,0.10090277343988419,0.13888327404856682,74,0.07337155896586457,0.06070541400217751
station_wake_L5,Hard-switch stage-aware SAC,strict_hard_switch_v1,hard_switch_v1,4,48,9048,1250048,station_wake,5,0.0,0.0,0.1,1,1,0,0,1,0,54,0.25,1,33,0.13463856279850006,0.08222684275366855,0.44104158878326416,0.3127120668008453,1.8245027959346771,8.960975110530853,0.3215752149931316,1.7532876606277576,0.0,0.0,0.16483975362101233,0.18263810581787632,0.02179119996726513,0.029481101781129837,0.02179119996726513,0.07469131052494049,0.09017255157232285,58,0.08173965778710092,1.6609777820815714
station_wake_L5,Hard-switch stage-aware SAC,strict_hard_switch_v1,hard_switch_v1,4,49,9049,1250049,station_wake,5,0.0,0.0,0.1,1,1,0,0,1,0,38,0.25,1,17,0.3745172321796417,0.26705108970388725,1.0093402862548828,0.5138646280367091,2.964300513267517,13.486798405647278,0.5082726580544732,2.491213170277629,0.0,0.8500000000000001,0.14062953064378952,0.15639373457024014,0.08734796643257141,0.09750261157751083,0.08734796643257141,0.09976878762245178,0.11304110288619995,42,0.08372549824730978,2.6049489855216494
station_wake_L5,Hard-switch stage-aware SAC,strict_hard_switch_v1,hard_switch_v1,4,50,9050,1250050,station_wake,5,0.0,0.0,0.1,1,1,0,0,1,0,31,0.25,1,17,1.3373359441757202,1.1862752510276746,1.3953065872192383,1.0288007121821912,10.254271030426025,23.490051329135895,0.7429439088068965,3.6866042058509496,0.0,0.7000000000000001,0.18903846601548105,0.2658405877072197,0.17489060312509536,0.26946645975112915,0.17489060312509536,0.9639855921268463,1.5188145637512207,35,0.024906507689467512,2.901965737995178
station_wake_L5,Hard-switch stage-aware SAC,strict_hard_switch_v1,hard_switch_v1,4,51,9051,1250051,station_wake,5,0.0,0.0,0.1,0,0,0,0,0,0,-1,nan,1,43,0.22153803706169128,0.20329582657843048,0.2431359887123108,0.1547582067444485,2.1772927045822144,11.005938053131104,0.19715854241652636,1.243144849586189,0.0,nan,nan,nan,nan,nan,5.992274143551413e-09,nan,nan,1000,0.05322024724350032,5.087705033018125
station_wake_L5,Hard-switch stage-aware SAC,strict_hard_switch_v1,hard_switch_v1,4,52,9052,1250052,station_wake,5,0.0,0.0,0.1,1,1,0,0,1,0,64,0.25,1,45,0.13783402740955353,0.08231584427700848,0.3574031591415405,0.23739200461350712,0.9818430244922638,3.705083094537258,0.1425483377915941,0.76717938845413,0.0,0.0,0.19701910518106605,0.2262053366636266,0.03173052035272121,0.038231175392866135,0.03173052035272121,0.0925106555223465,0.1461799070239067,68,0.07038426991527436,2.0217852997518455
station_wake_L5,Hard-switch stage-aware SAC,strict_hard_switch_v1,hard_switch_v1,4,53,9053,1250053,station_wake,5,0.0,0.0,0.1,1,1,0,0,1,0,60,0.25,1,42,0.20199371874332428,0.15342968263740372,0.30814260244369507,0.2008140332081131,0.6015549972653389,2.89636651519686,0.2513435175724948,1.2319828537204216,2.3909634276933813,0.0,0.20840365203224845,0.2365071238995305,0.018656271696090698,0.020839931443333626,0.018656271696090698,0.05408686399459839,0.16714606434106827,64,0.07191243875603677,2.094134932308852
station_wake_L5,Hard-switch stage-aware SAC,strict_hard_switch_v1,hard_switch_v1,4,54,9054,1250054,station_wake,5,0.0,0.0,0.1,1,1,0,0,1,0,47,0.25,1,34,0.28533801436424255,0.12698095936211903,1.2503114342689514,0.7816366365806492,2.7042752504348755,16.05533566325903,0.49173726715640265,2.2117816451643613,0.0,0.0,0.2113241273019381,0.2772892752912169,0.09315083175897598,0.12165374308824539,0.09315083175897598,0.2514740526676178,0.386335551738739,51,0.045852494663474144,1.459503423265474
station_wake_L5,Hard-switch stage-aware SAC,strict_hard_switch_v1,hard_switch_v1,4,55,9055,1250055,station_wake,5,0.0,0.0,0.1,1,1,0,0,1,0,66,0.25,1,46,0.2801041007041931,0.1469189358881366,0.8943232893943787,0.5931781762041564,2.391757145524025,11.765948832035065,0.18656943387017555,1.0713139302885222,0.0,1.0,0.11088151631270646,0.1314605733606531,0.12807224094867706,0.14260269701480865,0.12807224094867706,0.1451748013496399,0.2078297734260559,70,0.07498117789803029,3.2643023642658884
station_wake_L5,Hard-switch stage-aware SAC,strict_hard_switch_v1,hard_switch_v1,4,56,9056,1250056,station_wake,5,0.0,0.0,0.1,1,1,0,0,1,0,56,0.25,1,43,0.2996227443218231,0.15592900730048134,0.9378713369369507,0.7652796356839131,2.728501446545124,13.593640215694904,0.1850066109353633,1.2642807351281447,0.0,0.65,0.1237394247395095,0.2152285201617298,0.14073509871959686,0.1515132039785385,0.14073509871959686,0.21551018953323364,0.40571391582489014,60,0.035758825742345596,3.2115171682561487
station_wake_L5,Hard-switch stage-aware SAC,strict_hard_switch_v1,hard_switch_v1,4,57,9057,1250057,station_wake,5,0.0,0.0,0.1,1,1,0,0,1,0,45,0.25,1,20,1.042311191558838,0.9068943768620614,1.0697567462921143,0.7509339884445358,4.850859194993973,24.63420107960701,0.46458159436488583,2.7695930252256873,0.0,1.25,0.07501089770477146,0.0765528663575651,0.1272807762026787,0.13969694077968597,0.1272807762026787,0.1265673041343689,0.21486923098564148,49,0.06317811510895502,3.456646040822148
station_wake_L5,Hard-switch stage-aware SAC,strict_hard_switch_v1,hard_switch_v1,4,58,9058,1250058,station_wake,5,0.0,0.0,0.1,1,1,0,0,1,0,61,0.25,1,44,0.10768254846334457,0.07795112082167005,0.7900935411453247,0.4871559231093696,2.5457942485809326,14.340319037437439,0.1816079593512787,1.2886558347647474,0.8726497277965704,0.0,0.1847466169231553,0.21319415244064022,0.029843518882989882,0.05136118456721306,0.029843518882989882,0.6015308350324631,1.0343394428491592,65,0.05817759247170483,0.5923117636676843
station_wake_L5,Hard-switch stage-aware SAC,strict_hard_switch_v1,hard_switch_v1,4,59,9059,1250059,station_wake,5,0.0,0.0,0.1,1,1,0,0,1,0,33,0.25,1,14,0.38241904973983765,0.3191271746451121,0.7526969909667969,0.5882110444027234,3.6648863554000854,17.33758896589279,0.5382869595303071,2.6232840521784166,5.050160763811034,0.75,0.1140243534328,0.12490169602702748,0.07896993309259415,0.09289416670799255,0.07896993309259415,0.20083662867546082,0.29669225215911865,37,0.08241131942597626,3.569993456985333
station_wake_L5,Hard-switch stage-aware SAC,strict_hard_switch_v1,hard_switch_v1,4,60,9060,1250060,station_wake,5,0.0,0.0,0.1,1,1,0,0,1,0,53,0.25,1,34,0.9579975605010986,0.5423202631871037,2.1750330924987793,1.99964841573145,2.198118567466736,9.004855751991272,0.21557942846169678,1.5122960347073584,1.5501119657429228,0.0,0.1913418580863105,0.2174333837684239,0.024721028469502925,0.046793945133686066,0.024721028469502925,0.21612665802240372,0.23849576711654663,57,0.07572866975757256,1.5501119657429228
station_wake_L5,Hard-switch stage-aware SAC,strict_hard_switch_v1,hard_switch_v1,4,61,9061,1250061,station_wake,5,0.0,0.0,0.1,1,1,0,0,1,0,65,0.25,1,51,0.2557722330093384,0.15939570056379088,1.125050112605095,0.8955299470229752,1.9705873727798462,7.979763150215149,0.18476529043147016,1.4056552902137602,2.258389882790257,0.1,0.16250529281169843,0.20439345545247142,0.04236813262104988,0.0651804506778717,0.04236813262104988,0.25468362867832184,0.5235333740711212,69,0.058390033624981914,2.258389882790257
station_wake_L5,Hard-switch stage-aware SAC,strict_hard_switch_v1,hard_switch_v1,4,62,9062,1250062,station_wake,5,0.0,0.0,0.1,1,1,0,0,1,0,43,0.25,1,27,0.6074566841125488,0.5677127313257163,0.7219231128692627,0.4294353112239763,3.469366878271103,18.73987928032875,0.4946401496614179,2.664543724469786,0.7477473924658694,0.45,0.15068401839954543,0.1806108676685707,0.08529554456472396,0.12962819635868073,0.08529554456472396,0.43268412351608276,0.5080658197402954,47,0.06171157420716283,0.7477473924658694
station_wake_L5,Hard-switch stage-aware SAC,strict_hard_switch_v1,hard_switch_v1,4,63,9063,1250063,station_wake,5,0.0,0.0,0.1,1,1,0,0,1,0,51,0.25,1,30,0.3976348340511322,0.32869970511645197,1.2340280413627625,0.6893619845096103,3.144601285457611,21.317201852798462,0.4533746254315746,2.6275351706719894,3.0994659939313856,0.0,0.11794115366394546,0.13401181494519546,0.04312873035669327,0.05343853682279587,0.04312873035669327,0.09783485531806946,0.20342186093330383,55,0.07994826775081028,0.8020425938907106
station_wake_L5,Hard-switch stage-aware SAC,strict_hard_switch_v1,hard_switch_v1,4,64,9064,1250064,station_wake,5,0.0,0.0,0.1,1,1,0,0,1,0,56,0.25,1,40,0.023842325434088707,0.008643202553330048,0.28617382049560547,0.14145119695603556,2.974749654531479,6.698657367378473,0.5269439515279883,2.1409626557956836,0.9053244990122651,0.0,0.18185332971947424,0.22118174006451988,0.025135397911071777,0.028551286086440086,0.025135397911071777,0.05415904521942139,0.12779347598552704,60,0.0686205890702927,0.39976270118864826
station_wake_L5,Hard-switch stage-aware SAC,strict_hard_switch_v1,hard_switch_v1,4,65,9065,1250065,station_wake,5,0.0,0.0,0.1,1,1,0,0,1,0,44,0.25,1,24,0.8623664975166321,0.573848543617984,1.5813952684402466,1.376786496172741,3.430422469973564,15.81479787826538,0.2475497439338961,1.9722595330610164,0.0,0.75,0.14643226115459376,0.1700567465762886,0.06886611953377723,0.0958164855837822,0.06886611953377723,0.2389102280139923,0.3166314959526062,48,0.08586693170846785,2.241020498287503
station_wake_L5,Hard-switch stage-aware SAC,strict_hard_switch_v1,hard_switch_v1,4,66,9066,1250066,station_wake,5,0.0,0.0,0.1,1,1,0,0,1,0,53,0.25,1,20,1.1359621286392212,0.8267670384405325,2.317214012145996,1.7962397702794797,9.370507597923279,35.66243529319763,0.8045588583695225,4.091736294348828,5.157635924835301,0.55,0.10358518780228568,0.11067084492770214,0.012169069610536098,0.014056134037673473,0.012169069610536098,0.019437644630670547,0.03955768421292305,57,0.09024185752442146,1.9358988725901085
station_wake_L5,Hard-switch stage-aware SAC,strict_hard_switch_v1,hard_switch_v1,4,67,9067,1250067,station_wake,5,0.0,0.0,0.1,1,1,0,0,1,0,68,0.25,1,54,0.30423298478126526,0.25705884924058936,0.6212350726127625,0.359118473757244,4.148003309965134,19.40546452999115,0.3545930242020952,2.39334391961264,2.8977585549098617,0.0,0.18607165360142963,0.24054180307138992,0.04647765383124351,0.05633193254470825,0.04647765383124351,0.1522340551018715,0.24073690176010132,72,0.07811266013384396,2.1796657627469247
station_wake_L5,Hard-switch stage-aware SAC,strict_hard_switch_v1,hard_switch_v1,4,68,9068,1250068,station_wake,5,0.0,0.0,0.1,1,1,0,0,1,0,56,0.25,1,40,0.14291644096374512,0.11773983265375754,0.5619565397500992,0.32507758423324407,2.090422660112381,12.978050112724304,0.27141734162798536,1.9127270955012765,0.0,0.8,0.11187037572825753,0.13536591787078792,0.12793368995189666,0.15188686549663544,0.12793368995189666,0.232913076877594,0.2905431389808655,60,0.042820887751656454,3.228240032665279
station_wake_L5,Hard-switch stage-aware SAC,strict_hard_switch_v1,hard_switch_v1,4,69,9069,1250069,station_wake,5,0.0,0.0,0.1,1,1,0,0,1,0,52,0.25,1,29,0.41720545291900635,0.21101389193738534,1.5276575088500977,0.936234469306807,2.3104894161224365,14.549879021942616,0.40724688963969374,1.8660565235754116,0.0,1.1500000000000001,0.09466881731482972,0.10884496415138097,0.13953569680452346,0.1667964905500412,0.13953569680452346,0.24025234580039978,0.30312061309814453,56,0.062157357434220246,3.2024381393019095
station_wake_L5,Hard-switch stage-aware SAC,strict_hard_switch_v1,hard_switch_v1,4,70,9070,1250070,station_wake,5,0.0,0.0,0.1,1,1,0,0,1,0,45,0.25,1,23,0.09175307303667068,0.047736416848297554,0.5294154211878777,0.3700705776011508,2.5529150664806366,12.196442186832428,0.4571024737867524,2.537560546401248,0.0,0.25,0.12348620834131299,0.14047061520231294,0.0438917376101017,0.052463628351688385,0.0438917376101017,0.08526007831096649,0.12012675404548645,49,0.089273858215974,0.8012104847507326
station_wake_L5,Hard-switch stage-aware SAC,strict_hard_switch_v1,hard_switch_v1,4,71,9071,1250071,station_wake,5,0.0,0.0,0.1,1,1,0,0,1,0,37,0.25,1,20,0.2642556428909302,0.14599749226790668,1.4535331726074219,0.6746758930927603,4.070901721715927,21.876229345798492,0.4742341802127031,2.799912450809843,0.0,0.0,0.127566761896219,0.14900596965071083,0.015855205059051514,0.02269352599978447,0.015855205059051514,0.08707941696047783,0.17923159524798393,41,0.06779578736368345,1.6635593801444246
station_wake_L5,Hard-switch stage-aware SAC,strict_hard_switch_v1,hard_switch_v1,4,72,9072,1250072,station_wake,5,0.0,0.0,0.1,1,1,0,0,1,0,48,0.25,1,28,0.4805362820625305,0.30495158185100074,1.16973876953125,0.7472510306776309,2.8410765528678894,9.711395353078842,0.20673436972147505,1.1753960826553873,0.0,1.0,0.15378252277827292,0.19200694929933804,0.1183310717344284,0.12230567634105682,0.1183310717344284,0.07356733083724976,0.16003817319869995,52,0.06871115935491849,3.4064104263635273
station_wake_L5,Hard-switch stage-aware SAC,strict_hard_switch_v1,hard_switch_v1,4,73,9073,1250073,station_wake,5,0.0,0.0,0.1,1,1,0,0,1,0,44,0.25,1,23,0.10729722678661346,0.0708422622332405,1.0594768822193146,0.6385920614773181,3.793829381465912,19.11590337753296,0.42284131938074354,2.9240726599586853,1.0332321709386245,0.0,0.11393298932034009,0.13591444215040097,0.052625533938407895,0.06003418564796448,0.052625533938407895,0.07438895106315613,0.09524315595626831,48,0.0867990732341278,1.0332321709386245
station_wake_L5,Hard-switch stage-aware SAC,strict_hard_switch_v1,hard_switch_v1,4,74,9074,1250074,station_wake,5,0.0,0.0,0.1,1,1,0,0,1,0,54,0.25,1,38,0.16594849526882172,0.15738873892282865,0.31110644340515137,0.120180912057635,3.9026008918881416,9.527669567614794,0.23869418835058673,1.098494266170691,0.0,0.8,0.1521114120569888,0.17727332296225057,0.11162737309932709,0.12419012188911438,0.11162737309932709,0.09162488579750061,0.13834580779075623,58,0.04519929451215752,3.505203776622473
station_wake_L5,Hard-switch stage-aware SAC,strict_hard_switch_v1,hard_switch_v1,4,75,9075,1250075,station_wake,5,0.0,0.0,0.1,1,1,0,0,1,0,61,0.25,1,47,0.3723095953464508,0.2964423932482598,1.2515315413475037,0.7198060098090183,6.32976308465004,26.634312868118286,0.4502288550625775,2.113559849559802,1.3839431749117386,0.0,0.17391975731950474,0.21063582371942496,0.007624537800438702,0.019096771255135536,0.007624537800438702,0.10966542363166809,0.15899364836513996,65,0.05923811763776155,1.2868314385707915
station_wake_L5,Hard-switch stage-aware SAC,strict_hard_switch_v1,hard_switch_v1,4,76,9076,1250076,station_wake,5,0.0,0.0,0.1,1,1,0,0,1,0,50,0.25,1,37,0.16542306542396545,0.1275676680666858,0.5878107622265816,0.4040899985457662,2.6184678077697754,16.747701168060303,0.5576355850444659,2.286734352207146,1.176468068022962,0.0,0.1767047250476051,0.2482331227535264,0.0358203113079071,0.056556280702352524,0.0358203113079071,0.18833287060260773,0.27106255292892456,54,0.06299103757631001,0.4272687267499359
station_wake_L5,Hard-switch stage-aware SAC,strict_hard_switch_v1,hard_switch_v1,4,77,9077,1250077,station_wake,5,0.0,0.0,0.1,1,1,0,0,1,0,67,0.25,1,50,0.11462891101837158,0.09836034496555185,0.2579745650291443,0.12668789009073447,1.7016016703564674,6.288706921041012,0.14371849277248802,1.0316188100318273,0.0,0.30000000000000004,0.15394320149686463,0.19413721833341777,0.059507133811712264,0.08823706209659576,0.059507133811712264,0.32542353868484497,0.47833263874053955,71,0.06268486211740473,0.6300341514017243
station_wake_L5,Hard-switch stage-aware SAC,strict_hard_switch_v1,hard_switch_v1,4,78,9078,1250078,station_wake,5,0.0,0.0,0.1,1,1,0,0,1,0,75,0.25,1,60,0.12598824501037598,0.062338097319418966,0.8100932836532593,0.44428648400087695,2.566194534301758,11.68650507926941,0.30114288042882537,1.338972862441624,2.3423275716044247,0.0,0.1341324498873954,0.16556273864611817,0.05057208612561226,0.08261102437973022,0.05057208612561226,0.3814651072025299,0.9683921933174133,79,0.06820076682439,2.3423275716044247
station_wake_L5,Hard-switch stage-aware SAC,strict_hard_switch_v1,hard_switch_v1,4,79,9079,1250079,station_wake,5,0.0,0.0,0.1,1,1,0,0,1,0,40,0.25,1,22,1.1590001583099365,0.9253477595033346,1.6338956356048584,1.1911453448995055,7.188332825899124,28.706368803977966,0.9343089880199581,3.676124706324976,0.0,0.8,0.10074702742650306,0.11118240738658851,0.12658319622278214,0.15908747911453247,0.12658319622278214,0.32167184352874756,0.3872096538543701,44,0.08567333718755962,2.2605821600704195
station_wake_L5,Hard-switch stage-aware SAC,strict_hard_switch_v1,hard_switch_v1,4,80,9080,1250080,station_wake,5,0.0,0.0,0.1,1,1,0,0,1,0,32,0.25,1,15,0.40619516372680664,0.2236036006285597,1.285308599472046,0.8137474374300655,6.986508220434189,16.681926399469376,0.8186181028101995,2.993412817052578,0.9206013910297622,0.0,0.17780092414116103,0.20147484920569358,0.0166737312451005,0.02612682804465294,0.0166737312451005,0.08444266766309738,0.12805264443159103,36,0.06418354704802914,0.11227987894025289
station_wake_L5,Hard-switch stage-aware SAC,strict_hard_switch_v1,hard_switch_v1,4,81,9081,1250081,station_wake,5,0.0,0.0,0.1,1,1,0,0,1,0,50,0.25,1,38,0.3569358289241791,0.2202824770301517,0.7921838760375977,0.5701988223315886,1.3404923677444458,8.33359882235527,0.1723339018402534,1.3158093786235823,0.7527561089224574,0.0,0.1684085527494355,0.2535831048139083,0.02564167883247137,0.059256214648485184,0.02564167883247137,0.2899572066962719,0.5484352633357048,54,0.05273171178848391,0.7369714883897049
station_wake_L5,Hard-switch stage-aware SAC,strict_hard_switch_v1,hard_switch_v1,4,82,9082,1250082,station_wake,5,0.0,0.0,0.1,1,1,0,0,1,0,42,0.25,1,30,0.5064122080802917,0.3978610639016531,0.6284457445144653,0.4272463922186728,1.8110358715057373,8.988302536308765,0.14301786768819713,0.9734144253197736,2.3743705503218933,0.15000000000000002,0.1824002830895157,0.2777560465576856,0.05110029950737953,0.11086635291576385,0.05110029950737953,0.5948590114712715,0.7917103171348572,46,0.058559049087737174,2.3743705503218933
station_wake_L5,Hard-switch stage-aware SAC,strict_hard_switch_v1,hard_switch_v1,4,83,9083,1250083,station_wake,5,0.0,0.0,0.1,1,1,0,0,1,0,47,0.25,1,28,0.8505844473838806,0.6528080541819886,1.3572132587432861,1.0341321025108057,3.4939301013946533,12.618142813444138,0.3681307147929515,2.161230403664931,0.0,0.9500000000000001,0.057301459718366435,0.0715529170659997,0.12767297327518462,0.15464401245117188,0.12767297327518462,0.26206353306770325,0.36926090717315674,51,0.020239605881632105,3.414001968182585
station_wake_L5,Hard-switch stage-aware SAC,strict_hard_switch_v1,hard_switch_v1,4,84,9084,1250084,station_wake,5,0.0,0.0,0.1,1,1,0,0,1,0,36,0.25,1,21,0.27177831530570984,0.20638707764565425,1.1810959875583649,0.7937541755970162,3.362678261473775,15.494409501552582,0.231649173760463,2.0681889880173547,5.580685889194843,0.7000000000000001,0.22345809661453103,0.3182114992994803,0.15886593461036683,0.1693594604730606,0.15886593461036683,0.2879091501235962,0.5635955929756165,40,0.07139512774709703,2.6561683606641635
station_wake_L5,Hard-switch stage-aware SAC,strict_hard_switch_v1,hard_switch_v1,4,85,9085,1250085,station_wake,5,0.0,0.0,0.1,1,1,0,0,1,0,61,0.25,1,42,0.38060322403907776,0.34620148537917267,1.0456037521362305,0.5401934314250513,2.340462803840637,12.628395855426788,0.20469167959377343,1.3947709703587963,1.204119875434347,0.25,0.11574864811829258,0.1691105009229413,0.06485784649848939,0.07874609529972076,0.06485784649848939,0.20238667726516724,0.36704719066619873,65,0.09483744695247098,1.204119875434347
station_wake_L5,Hard-switch stage-aware SAC,strict_hard_switch_v1,hard_switch_v1,4,86,9086,1250086,station_wake,5,0.0,0.0,0.1,1,1,0,0,1,0,31,0.25,1,10,1.1122078895568848,0.8547699071290644,1.6316187381744385,1.2997302834527955,0.8470773696899414,2.599259614944458,0.5098118690246941,2.1478353499822185,0.0,1.05,0.08217332857807735,0.1031279976427778,0.1625795304775238,0.2044552117586136,0.1625795304775238,0.45891666412353516,0.6707310676574707,35,0.03775264766311174,3.121061557983085
station_wake_L5,Hard-switch stage-aware SAC,strict_hard_switch_v1,hard_switch_v1,4,87,9087,1250087,station_wake,5,0.0,0.0,0.1,1,1,0,0,1,0,51,0.25,1,39,0.0885913297533989,0.03633472766429077,0.5253224074840546,0.3130240203201622,1.845291629433632,8.298612465150654,0.15700082121407558,1.060244530753988,0.0,0.0,0.230002618802839,0.339900678947787,0.048064226657152175,0.08023428171873093,0.048064226657152175,0.6994259059429169,0.8945783972740173,55,0.05090225291206988,2.0856415920759406
station_wake_L5,Hard-switch stage-aware SAC,strict_hard_switch_v1,hard_switch_v1,4,88,9088,1250088,station_wake,5,0.0,0.0,0.1,1,1,0,0,1,0,49,0.25,1,35,0.10706725716590881,0.06266817163390373,0.6698694825172424,0.4489469926413586,2.3967665433883667,13.912327140569687,0.3316596522741616,1.54096499009151,0.0,0.45,0.16519502001629968,0.2225391530606354,0.12276173084974289,0.16138464212417603,0.12276173084974289,0.32012972235679626,0.44580012559890747,53,0.04949339810278667,1.6915827925353408
station_wake_L5,Hard-switch stage-aware SAC,strict_hard_switch_v1,hard_switch_v1,4,89,9089,1250089,station_wake,5,0.0,0.0,0.1,1,1,0,0,1,0,52,0.25,1,39,0.08644889295101166,0.06840300111539474,0.47181859612464905,0.2545143395385535,2.5227802991867065,12.005000114440918,0.1467906524430096,0.9782005711478515,0.0,0.0,0.22081716837244209,0.30925378578068535,0.056283533573150635,0.0845194086432457,0.056283533573150635,0.3998665511608124,0.6269018352031708,56,0.05546857537799527,2.1141862332778936
station_wake_L5,Hard-switch stage-aware SAC,strict_hard_switch_v1,hard_switch_v1,4,90,9090,1250090,station_wake,5,0.0,0.0,0.1,1,1,0,0,1,0,33,0.25,0,-1,nan,nan,nan,nan,nan,nan,nan,nan,0.0,nan,0.06268007955680485,0.06508717845438658,0.13194460272789002,0.17543315887451172,0.13194460272789002,0.4546879231929779,0.6688675284385681,37,0.023593381931982477,3.4955119516336364
station_wake_L5,Hard-switch stage-aware SAC,strict_hard_switch_v1,hard_switch_v1,4,91,9091,1250091,station_wake,5,0.0,0.0,0.1,1,1,0,0,1,0,57,0.25,1,43,0.1585608422756195,0.11744573540119232,0.5039811134338379,0.29801757663357376,3.1113747134804726,13.11033308506012,0.304094423577519,1.8465847971343332,0.0,0.6000000000000001,0.18483573412301352,0.23617032765887902,0.142132705450058,0.18278710544109344,0.142132705450058,0.4139181971549988,0.6301948428153992,61,0.06402284357316207,2.014223853453818
station_wake_L5,Hard-switch stage-aware SAC,strict_hard_switch_v1,hard_switch_v1,4,92,9092,1250092,station_wake,5,0.0,0.0,0.1,1,1,0,0,1,0,59,0.25,1,43,0.3491005599498749,0.31871507357211976,1.062297523021698,0.4733741910637662,4.754224717617035,18.476216197013855,0.3599448120987237,2.2859399581477198,0.5238744954837731,0.0,0.12345069113036584,0.14215892323631424,0.007332008238881827,0.017193250358104706,0.007332008238881827,0.1001075729727745,0.18414687365293503,63,0.07611516707381541,0.3330353548551938
station_wake_L5,Hard-switch stage-aware SAC,strict_hard_switch_v1,hard_switch_v1,4,93,9093,1250093,station_wake,5,0.0,0.0,0.1,1,1,0,0,1,0,72,0.25,1,56,0.05618014559149742,0.026824559499649507,0.315372571349144,0.18600324135471968,1.2112720310688019,4.121013581752777,0.2711463490249846,1.3021196338429994,0.0,0.0,0.16940581660815032,0.21242228753116357,0.03446706011891365,0.0357571616768837,0.03446706011891365,0.04953199625015259,0.12161128222942352,76,0.06952669631125408,0.7464824734480948
station_wake_L5,Hard-switch stage-aware SAC,strict_hard_switch_v1,hard_switch_v1,4,94,9094,1250094,station_wake,5,0.0,0.0,0.1,1,1,0,0,1,0,60,0.25,1,44,0.09934066981077194,0.06151229880672887,0.9541761875152588,0.44901110030829405,4.422524031251669,15.551641881465912,0.2452530821632918,1.8053183439722997,0.6601053398831748,0.0,0.14675743756715823,0.17408216809669644,0.03816149458289146,0.06169470027089119,0.03816149458289146,0.28785546123981476,0.704139843583107,64,0.06430179568689862,0.6601053398831748
station_wake_L5,Hard-switch stage-aware SAC,strict_hard_switch_v1,hard_switch_v1,4,95,9095,1250095,station_wake,5,0.0,0.0,0.1,1,1,0,0,1,0,72,0.25,1,42,0.30120089650154114,0.23305359673689421,0.7174825668334961,0.4890346747224554,4.856696501374245,16.405919790267944,0.45805652750796444,2.3051007601108373,0.0,1.5,0.10109145029293043,0.11382661075417823,0.06025228798389435,0.06733031570911407,0.06025228798389435,0.06681829690933228,0.07282853126525879,76,0.08563865681630317,4.1771370831574055
station_wake_L5,Hard-switch stage-aware SAC,strict_hard_switch_v1,hard_switch_v1,4,96,9096,1250096,station_wake,5,0.0,0.0,0.1,1,1,0,0,1,0,52,0.25,1,35,0.17223510146141052,0.13520109313705198,0.44431179761886597,0.3195499063447523,1.9838295876979828,8.484961465001106,0.3130266099528083,1.9018530607670714,2.3569975372811425,0.0,0.15700552227536738,0.18082241020541467,0.02056841552257538,0.03002437762916088,0.02056841552257538,0.15043693780899048,0.28234943747520447,56,0.05763612220426571,2.062376687102408
station_wake_L5,Hard-switch stage-aware SAC,strict_hard_switch_v1,hard_switch_v1,4,97,9097,1250097,station_wake,5,0.0,0.0,0.1,1,1,0,0,1,0,54,0.25,1,37,0.10510830581188202,0.0760420813857297,0.6474963575601578,0.3179007789767839,5.212128311395645,17.11194172501564,0.3593390572693221,2.186491259064101,0.9192520017818616,0.0,0.15937780293627068,0.18905751093833603,0.021951846219599246,0.03992640972137451,0.021951846219599246,0.22918696701526642,0.27281204238533974,58,0.06675406429908667,0.6041133700581144
station_wake_L5,Hard-switch stage-aware SAC,strict_hard_switch_v1,hard_switch_v1,4,98,9098,1250098,station_wake,5,0.0,0.0,0.1,1,1,0,0,1,0,77,0.25,1,56,0.12801173329353333,0.0750175164713037,0.6387525796890259,0.4761000358944531,5.8557990193367,11.866711974143982,0.36392487649476835,1.8888157546407967,0.0,0.35000000000000003,0.14798798026367205,0.16615943606606795,0.03965131938457489,0.04034397006034851,0.03965131938457489,0.017318665981292725,0.03163829445838928,81,0.08148073352479214,2.5293580013166492
station_wake_L5,Hard-switch stage-aware SAC,strict_hard_switch_v1,hard_switch_v1,4,99,9099,1250099,station_wake,5,0.0,0.0,0.1,1,1,0,0,1,0,37,0.25,1,22,0.931468665599823,0.6963709843340459,1.512211561203003,1.1617332070300406,4.264839142560959,18.451805114746094,0.4665621493258716,2.4569365211798724,2.353473159669416,0.15000000000000002,0.2032635025665753,0.24745718734500835,0.02967069298028946,0.06143239885568619,0.02967069298028946,0.34887775778770447,0.41612401604652405,41,0.06518850303390675,2.339204040719613
station_wake_L5,Smooth stage-aware SAC,strict_two_stage_v3_v1,two_stage_v3,0,0,9000,1250000,station_wake,5,0.0,0.0,0.1,1,1,0,0,1,0,44,0.25,1,32,0.26039549708366394,0.18315910409726677,0.47927647829055786,0.3292299597397232,2.994660437107086,10.798755064606667,0.630633005681223,2.320753499462423,1.2054443985248005,0.0,0.1692189967971011,0.24719501783526565,0.0076263461261987684,0.017712267115712166,0.0076263461261987684,0.22362635657191277,0.4498244449496269,48,0.06028357711044527,1.2054443985248005
station_wake_L5,Smooth stage-aware SAC,strict_two_stage_v3_v1,two_stage_v3,0,1,9001,1250001,station_wake,5,0.0,0.0,0.1,1,1,0,0,1,0,43,0.25,1,28,0.7565546631813049,0.564173048808989,1.691960096359253,0.9637920537014406,5.8536057732999325,24.746034145355225,0.4234392158269926,3.0330185862212136,3.643190459886244,0.05,0.13840401788779585,0.17199919779226583,0.12340770512819291,0.14450964331626892,0.12340770512819291,0.19913214445114136,0.31854256987571716,47,0.08573801795765006,0.5361221986043695
station_wake_L5,Smooth stage-aware SAC,strict_two_stage_v3_v1,two_stage_v3,0,2,9002,1250002,station_wake,5,0.0,0.0,0.1,1,1,0,0,1,0,42,0.25,1,27,0.35074037313461304,0.3089221462817163,0.9672412276268005,0.49814326994109487,3.0511513724923134,15.950276553630829,0.313437047943451,2.492269187078682,0.0,0.30000000000000004,0.13680641551007663,0.19859039279613974,0.08300364464521408,0.09017451107501984,0.08300364464521408,0.16375784575939178,0.31954504549503326,46,0.08017593387234985,2.7106903457137905
station_wake_L5,Smooth stage-aware SAC,strict_two_stage_v3_v1,two_stage_v3,0,3,9003,1250003,station_wake,5,0.0,0.0,0.1,1,1,0,0,1,0,58,0.25,1,44,0.1954350620508194,0.18969775215301732,0.15235215425491333,0.06240723701117572,1.045516636222601,4.379634410142899,0.2562233906585622,0.9417527821350685,0.8117567770769084,0.0,0.13229475195774604,0.2007186443068155,0.02789679281413555,0.033368710428476334,0.02789679281413555,0.15612943097949028,0.32674727961421013,62,0.05942164785342128,0.4100505135434213
station_wake_L5,Smooth stage-aware SAC,strict_two_stage_v3_v1,two_stage_v3,0,4,9004,1250004,station_wake,5,0.0,0.0,0.1,1,1,0,0,1,0,62,0.25,1,42,0.27358320355415344,0.19537606300503907,0.58174729347229,0.3169520089548559,2.002282445318997,9.324098229408264,0.2592445512008219,1.694656447688467,0.0,0.55,0.11380004977842187,0.13059674113160025,0.0773158460855484,0.08996672928333282,0.0773158460855484,0.12870308756828308,0.17774179577827454,66,0.08390142995480261,0.853253057770792
station_wake_L5,Smooth stage-aware SAC,strict_two_stage_v3_v1,two_stage_v3,0,5,9005,1250005,station_wake,5,0.0,0.0,0.1,1,1,0,0,1,0,68,0.25,1,39,0.08423889428377151,0.04401107812861141,0.28036512434482574,0.2345858221512129,1.1077416315674782,3.1393587961792946,0.1780800679117491,1.0131129268732568,0.17387431143201632,0.0,0.1199091570392333,0.12545731470029628,0.00818359749391675,0.011452567763626575,0.00818359749391675,0.032889215275645256,0.041893236339092255,72,0.08949042203078714,0.7441964945102562
station_wake_L5,Smooth stage-aware SAC,strict_two_stage_v3_v1,two_stage_v3,0,6,9006,1250006,station_wake,5,0.0,0.0,0.1,1,1,0,0,1,0,30,0.25,0,-1,nan,nan,nan,nan,nan,nan,nan,nan,0.0,nan,0.14301460935439675,0.1649580268789026,0.0773896723985672,0.09084092825651169,0.0773896723985672,0.1186857521533966,0.16003280878067017,34,0.074916708767743,2.7446863316470598
station_wake_L5,Smooth stage-aware SAC,strict_two_stage_v3_v1,two_stage_v3,0,7,9007,1250007,station_wake,5,0.0,0.0,0.1,1,1,0,0,1,0,69,0.25,1,44,0.1585189551115036,0.08045615947705018,0.5822241306304932,0.47305568606664494,1.3876309990882874,8.434933423995972,0.10624375322370881,0.6783184943716399,0.0,0.0,0.13065502820473304,0.1411454488858749,0.05381379276514053,0.05653652176260948,0.05381379276514053,0.04383981227874756,0.09489446878433228,73,0.08625292574070033,0.49225909728051787
station_wake_L5,Smooth stage-aware SAC,strict_two_stage_v3_v1,two_stage_v3,0,8,9008,1250008,station_wake,5,0.0,0.0,0.1,1,1,0,0,1,0,39,0.25,1,25,0.05239295959472656,0.022884106334160617,0.4661637917160988,0.2583606656163916,1.9998722523450851,7.474584132432938,0.27921709305240267,1.9128026307774617,0.3204462489978025,0.0,0.1073449088121615,0.16024276517442682,0.020115878991782667,0.045191727578639984,0.020115878991782667,0.4481457695364952,0.9551583230495453,43,0.059717304015094126,0.16177228343981154
station_wake_L5,Smooth stage-aware SAC,strict_two_stage_v3_v1,two_stage_v3,0,9,9009,1250009,station_wake,5,0.0,0.0,0.1,1,1,0,0,1,0,52,0.25,1,25,0.07970137894153595,0.06771840298007611,0.5077957734465599,0.24385229179716028,1.7566746473312378,9.284915030002594,0.23311058984530242,1.746879645263257,0.0,0.0,0.1386387837244293,0.15203875005007972,0.02886461578309536,0.0342731773853302,0.02886461578309536,0.04888039827346802,0.08961427956819534,56,0.08869292731545307,0.5443155974831816
station_wake_L5,Smooth stage-aware SAC,strict_two_stage_v3_v1,two_stage_v3,0,10,9010,1250010,station_wake,5,0.0,0.0,0.1,1,1,0,0,1,0,32,0.25,0,-1,nan,nan,nan,nan,nan,nan,nan,nan,0.0,nan,0.1082403366904318,0.13844774325290665,0.14583370983600616,0.20141449570655823,0.14583370983600616,0.5424409806728363,0.6227558851242065,36,0.06578767048443901,3.260480446538443
station_wake_L5,Smooth stage-aware SAC,strict_two_stage_v3_v1,two_stage_v3,0,11,9011,1250011,station_wake,5,0.0,0.0,0.1,1,1,0,0,1,0,47,0.25,1,30,0.7040919661521912,0.5072701520091187,1.136089563369751,0.9148671950041999,2.1130505204200745,12.01537162065506,0.27975969757801017,2.0913867947764224,0.0,0.2,0.15366774828320903,0.18875565331576313,0.03191844634711742,0.03369620442390442,0.03191844634711742,0.028122618794441223,0.061452388763427734,51,0.07400729759335477,0.7446028907658719
station_wake_L5,Smooth stage-aware SAC,strict_two_stage_v3_v1,two_stage_v3,0,12,9012,1250012,station_wake,5,0.0,0.0,0.1,1,1,0,0,1,0,57,0.25,1,41,0.2699139714241028,0.2240662779759656,1.5615616738796234,0.7659023117705516,3.366020619869232,20.804227590560913,0.21440027867218162,1.4739913917724818,0.0,0.1,0.11760799784595262,0.1436972455509621,0.006131387455388904,0.013594882562756538,0.006131387455388904,0.11684484966099262,0.37564005702733994,61,0.08434524515522837,0.2680581644552758
station_wake_L5,Smooth stage-aware SAC,strict_two_stage_v3_v1,two_stage_v3,0,13,9013,1250013,station_wake,5,0.0,0.0,0.1,1,1,0,0,1,0,57,0.25,1,43,0.09590046852827072,0.06608385979245646,1.1604155600070953,0.5067765089250335,3.3820657432079315,19.859208315610886,0.21774969371419783,1.414386019014735,0.0,0.4,0.13086090108758325,0.207094869792267,0.08768247663974763,0.0973743349313736,0.08768247663974763,0.09345990419387817,0.16106247901916504,61,0.07508294756178277,2.522474664737157
station_wake_L5,Smooth stage-aware SAC,strict_two_stage_v3_v1,two_stage_v3,0,14,9014,1250014,station_wake,5,0.0,0.0,0.1,1,1,0,0,1,0,55,0.25,1,36,0.2915971279144287,0.2536855249560205,0.806790292263031,0.40104272807696445,2.872191220521927,19.477830231189728,0.2227933914886976,1.605183546081458,0.7039405334809646,0.30000000000000004,0.14353505764703417,0.15631682971078373,0.06030316278338432,0.0786186084151268,0.06030316278338432,0.1908690482378006,0.27171090245246887,59,0.08724661983397633,0.7039405334809646
station_wake_L5,Smooth stage-aware SAC,strict_two_stage_v3_v1,two_stage_v3,0,15,9015,1250015,station_wake,5,0.0,0.0,0.1,1,1,0,0,1,0,65,0.25,1,34,0.4652279317378998,0.34873228419371693,0.9203088283538818,0.6152007728096618,5.299938470125198,14.1477370262146,0.31713444976654975,1.6062120755499993,0.0,0.75,0.10571590077404844,0.11115695128146276,0.028893424943089486,0.03354054316878319,0.028893424943089486,0.04673810303211212,0.05600154399871826,69,0.09289203689876278,2.1874628505713174
station_wake_L5,Smooth stage-aware SAC,strict_two_stage_v3_v1,two_stage_v3,0,16,9016,1250016,station_wake,5,0.0,0.0,0.1,1,1,0,0,1,0,44,0.25,1,22,1.374437689781189,1.191501990969067,2.5412774085998535,1.684628816748924,11.166918277740479,37.18964338302612,0.562481552355529,3.5441654453279097,0.0,0.9,0.15366886578900232,0.1793658364329048,0.10410736799240113,0.110203817486763,0.10410736799240113,0.07080823183059692,0.13931751251220703,48,0.07459073619235423,2.518111027631165
station_wake_L5,Smooth stage-aware SAC,strict_two_stage_v3_v1,two_stage_v3,0,17,9017,1250017,station_wake,5,0.0,0.0,0.1,1,1,0,0,1,0,55,0.25,1,31,0.33555901050567627,0.16724916616740948,1.0500448942184448,0.8111340427349049,2.2755270451307297,9.307904168963432,0.13298941489539687,0.9103989893112062,0.0,0.0,0.11966104217631386,0.12766327303980926,0.015528823249042034,0.0173722542822361,0.015528823249042034,0.01907781884074211,0.03747373819351196,59,0.08662452037556784,0.8019088715933665
station_wake_L5,Smooth stage-aware SAC,strict_two_stage_v3_v1,two_stage_v3,0,18,9018,1250018,station_wake,5,0.0,0.0,0.1,1,1,0,0,1,0,64,0.25,1,33,0.2619330883026123,0.1563625089434388,0.6614944338798523,0.4430136818874497,1.7790042608976364,9.110970869660378,0.26785344497693525,1.6822098239101992,0.0,0.9,0.14359653382390344,0.14997544999296317,0.04930816069245338,0.06357001513242722,0.04930816069245338,0.14660397171974182,0.19946634769439697,68,0.08724716522227782,1.0626081742286146
station_wake_L5,Smooth stage-aware SAC,strict_two_stage_v3_v1,two_stage_v3,0,19,9019,1250019,station_wake,5,0.0,0.0,0.1,1,1,0,0,1,0,47,0.25,1,30,0.16805775463581085,0.13739261408497055,0.4058802127838135,0.22324333312192662,3.0749957263469696,17.668362855911255,0.43979473794272606,2.333804023561938,0.0,0.8500000000000001,0.09596122487018265,0.11404741671555334,0.10722082853317261,0.1266787350177765,0.10722082853317261,0.19310066103935242,0.22479772567749023,51,0.07461493539954238,3.717385524179623
station_wake_L5,Smooth stage-aware SAC,strict_two_stage_v3_v1,two_stage_v3,0,20,9020,1250020,station_wake,5,0.0,0.0,0.1,1,1,0,0,1,0,63,0.25,1,19,1.0576122999191284,0.8346873302886351,1.9753992557525635,1.2953414221237018,8.017779514193535,39.346027970314026,0.5383406647096951,3.5504074824513903,2.107451453312849,0.65,0.081258628513899,0.0824311314378142,0.014989490061998368,0.018804144114255905,0.014989490061998368,0.03826453909277916,0.04587385803461075,67,0.09814267844877428,2.107451453312849
station_wake_L5,Smooth stage-aware SAC,strict_two_stage_v3_v1,two_stage_v3,0,21,9021,1250021,station_wake,5,0.0,0.0,0.1,1,1,0,0,1,0,59,0.25,1,43,0.21334180235862732,0.1390335293769006,0.5588792264461517,0.3259571657131865,3.8887549936771393,8.802540889009833,0.26620872099539317,1.450575997235421,0.04054970251929508,0.35000000000000003,0.118135245497594,0.14304490419393645,0.03893629424273968,0.058707140386104584,0.03893629424273968,0.20506039261817932,0.32344117760658264,63,0.06754103920313007,0.04054970251929508
station_wake_L5,Smooth stage-aware SAC,strict_two_stage_v3_v1,two_stage_v3,0,22,9022,1250022,station_wake,5,0.0,0.0,0.1,1,1,0,0,1,0,35,0.25,1,19,0.1063806340098381,0.06263767785656672,0.42836643755435944,0.2964635146980019,1.3523387908935547,7.3051356337964535,0.5116878638061476,2.376827946174453,0.0,0.0,0.1727288531688282,0.22538742390386374,0.09782076030969619,0.1095493882894516,0.09782076030969619,0.2866140753030777,0.515117272734642,39,0.0671432222055983,1.5991632894324868
station_wake_L5,Smooth stage-aware SAC,strict_two_stage_v3_v1,two_stage_v3,0,23,9023,1250023,station_wake,5,0.0,0.0,0.1,1,1,0,0,1,0,66,0.25,1,43,0.3613670766353607,0.2981731382373189,0.8497902750968933,0.5213894170074936,2.2785019874572754,17.335945814847946,0.152759739187336,1.352421703449286,1.5028132259057019,0.30000000000000004,0.09164214947080544,0.0982851308088031,0.07711255103349686,0.08044253289699554,0.07711255103349686,0.1027102917432785,0.25604210793972015,70,0.09120799834493035,0.08172618828675123
station_wake_L5,Smooth stage-aware SAC,strict_two_stage_v3_v1,two_stage_v3,0,24,9024,1250024,station_wake,5,0.0,0.0,0.1,1,1,0,0,1,0,57,0.25,1,36,0.7170445919036865,0.5406333676134645,1.1973053216934204,0.9374428147661205,4.7808679938316345,20.411097407341003,0.2508579024721842,1.4862626772006378,0.0,0.55,0.16665019092904315,0.18799933307856265,0.11339742243289948,0.15009649097919464,0.11339742243289948,0.3020658493041992,0.4003909230232239,61,0.07510130313676001,0.1170064765676075
station_wake_L5,Smooth stage-aware SAC,strict_two_stage_v3_v1,two_stage_v3,0,25,9025,1250025,station_wake,5,0.0,0.0,0.1,1,1,0,0,1,0,32,0.25,1,21,0.4953020513057709,0.361259252035249,0.8919620513916016,0.5903163166240698,3.574717193841934,12.643092572689056,0.4734461627821914,2.734892301109687,0.0,0.55,0.2914960805659653,0.4122638466561615,0.2651092767715454,0.369955837726593,0.2651092767715454,1.019792914390564,1.1645174026489258,36,0.05843313586985947,1.8030316295526736
station_wake_L5,Smooth stage-aware SAC,strict_two_stage_v3_v1,two_stage_v3,0,26,9026,1250026,station_wake,5,0.0,0.0,0.1,1,1,0,0,1,0,43,0.25,1,24,0.6083327531814575,0.4560039238315726,1.27297043800354,0.7015583957813591,2.5466280430555344,13.024791181087494,0.29223062244052445,1.7186843726804835,0.130147040159198,0.45,0.1286778977867031,0.1485948130657331,0.08128413110971451,0.09910199791193008,0.08128413110971451,0.17223548889160156,0.18354088068008423,47,0.0700182290248711,0.130147040159198
station_wake_L5,Smooth stage-aware SAC,strict_two_stage_v3_v1,two_stage_v3,0,27,9027,1250027,station_wake,5,0.0,0.0,0.1,1,1,0,0,1,0,38,0.25,1,20,0.1576491892337799,0.13181375236241497,0.35932034254074097,0.2254552637651989,4.998372346162796,16.535021103918552,0.38553585966533854,2.2278373876918565,0.0,0.65,0.1582102736550773,0.18356852514668492,0.09999418705701828,0.1118558794260025,0.09999418705701828,0.11403393745422363,0.1492883265018463,42,0.07323255281389815,1.716125369770489
station_wake_L5,Smooth stage-aware SAC,strict_two_stage_v3_v1,two_stage_v3,0,28,9028,1250028,station_wake,5,0.0,0.0,0.1,1,1,0,0,1,0,47,0.25,1,27,0.6155972480773926,0.4450978174402891,0.9006404876708984,0.7008165278452236,0.8398891985416412,3.9267882704734802,0.24277277683513862,1.3158170830611566,0.0,0.30000000000000004,0.12554128350510838,0.13833494906911856,0.02002682611346245,0.025117449462413788,0.02002682611346245,0.0601341649889946,0.09992744773626328,51,0.08797576615676064,0.24769112731967954
station_wake_L5,Smooth stage-aware SAC,strict_two_stage_v3_v1,two_stage_v3,0,29,9029,1250029,station_wake,5,0.0,0.0,0.1,1,1,0,0,1,0,45,0.25,1,24,0.7956740856170654,0.5786988133159036,1.015952229499817,0.9284850127698795,2.7484863996505737,9.574138075113297,0.5466031124805193,2.0195863523935564,0.0,0.7000000000000001,0.14874360507587608,0.163446762557696,0.06307242661714554,0.0745820626616478,0.06307242661714554,0.11480911076068878,0.18467426300048828,49,0.07495273983014934,2.008852336558426
station_wake_L5,Smooth stage-aware SAC,strict_two_stage_v3_v1,two_stage_v3,0,30,9030,1250030,station_wake,5,0.0,0.0,0.1,1,1,0,0,1,0,47,0.25,1,32,0.18120701611042023,0.12736484046091015,0.3269314765930176,0.25837171926408,0.73379747569561,4.233730509877205,0.2631370760079505,1.4271377194209622,0.0,0.0,0.14839014479459167,0.18371652300182048,0.018906827457249163,0.031280919909477234,0.018906827457249163,0.10837266594171524,0.16282415017485619,51,0.058757057428952104,2.2730995489415258
station_wake_L5,Smooth stage-aware SAC,strict_two_stage_v3_v1,two_stage_v3,0,31,9031,1250031,station_wake,5,0.0,0.0,0.1,1,1,0,0,1,0,60,0.25,1,41,0.260176420211792,0.15199571690948296,0.8871275186538696,0.5181081024246353,2.4188637733459473,13.533659055829048,0.2774069650213533,1.4276645149815033,0.6569689490328167,0.0,0.12830325112430652,0.14965578246073996,0.01892956756055355,0.03008231893181801,0.01892956756055355,0.10272610560059547,0.1312943547964096,64,0.08660686069768947,0.6569689490328167
station_wake_L5,Smooth stage-aware SAC,strict_two_stage_v3_v1,two_stage_v3,0,32,9032,1250032,station_wake,5,0.0,0.0,0.1,1,1,0,0,1,0,59,0.25,1,42,0.16211217641830444,0.11779758976613368,1.155940294265747,0.6733467323450105,4.2607855796813965,20.503663420677185,0.3783181566654194,2.4348538567561797,0.6257282507385602,0.0,0.1562528637254772,0.17797317701054227,0.00786892995238304,0.01736268773674965,0.00786892995238304,0.08964533545076847,0.15781648457050323,63,0.08095654770835937,0.09533686766241563
station_wake_L5,Smooth stage-aware SAC,strict_two_stage_v3_v1,two_stage_v3,0,33,9033,1250033,station_wake,5,0.0,0.0,0.1,1,1,0,0,1,0,35,0.25,0,-1,nan,nan,nan,nan,nan,nan,nan,nan,0.0,nan,0.12143931656345026,0.13280062430721695,0.19885977804660798,0.26483073830604553,0.19885977804660798,0.6428643465042114,0.8297783136367798,39,0.057986403891718795,2.665763068900739
station_wake_L5,Smooth stage-aware SAC,strict_two_stage_v3_v1,two_stage_v3,0,34,9034,1250034,station_wake,5,0.0,0.0,0.1,1,1,0,0,1,0,38,0.25,1,21,1.477018117904663,1.3501298028758846,2.4678850173950195,1.1864174528072269,18.217896223068237,33.24104189872742,0.920742536549033,3.75465136148664,3.3123205151217823,0.4,0.14768118571582328,0.19785115822831462,0.10282133370637894,0.12481464445590973,0.10282133370637894,0.4819287955760956,1.3316147029399872,42,0.06150121873067505,1.6848245337950247
station_wake_L5,Smooth stage-aware SAC,strict_two_stage_v3_v1,two_stage_v3,0,35,9035,1250035,station_wake,5,0.0,0.0,0.1,1,1,0,0,1,0,58,0.25,1,41,0.33311790227890015,0.19335958359532468,1.0181543976068497,0.837406465804531,1.5161406993865967,9.14511114358902,0.5771390985852517,2.4938087385395855,0.0,0.0,0.15687985650978753,0.19575208168544367,0.010748642776161433,0.023970920592546463,0.010748642776161433,0.16270291805267334,0.19916191697120667,62,0.08648710390386892,0.539311630142501
station_wake_L5,Smooth stage-aware SAC,strict_two_stage_v3_v1,two_stage_v3,0,36,9036,1250036,station_wake,5,0.0,0.0,0.1,1,1,0,0,1,0,34,0.25,1,13,1.282886028289795,1.0299555445715185,1.4836859703063965,1.2101154797076215,0.7019543647766113,1.357048749923706,0.37205152377263473,2.476675250289106,0.0,1.05,0.11732601555303172,0.1361911133387556,0.2682638853788376,0.34079644083976746,0.2682638853788376,0.7308517694473267,0.9716212749481201,38,0.05478106463982899,1.7421503114989416
station_wake_L5,Smooth stage-aware SAC,strict_two_stage_v3_v1,two_stage_v3,0,37,9037,1250037,station_wake,5,0.0,0.0,0.1,1,1,0,0,1,0,59,0.25,1,30,0.7291505932807922,0.3910792239174386,2.3323214054107666,1.4918040935275212,3.0443185567855835,19.677484072744846,0.4351024798496191,2.261045671591519,0.0,0.9500000000000001,0.11620863871499029,0.12508041240873152,0.08417468667030334,0.09689705073833466,0.08417468667030334,0.1319560706615448,0.18195226788520813,63,0.08976320867364126,0.09762660187027646
station_wake_L5,Smooth stage-aware SAC,strict_two_stage_v3_v1,two_stage_v3,0,38,9038,1250038,station_wake,5,0.0,0.0,0.1,1,1,0,0,1,0,59,0.25,1,45,0.2413046658039093,0.19211357671215218,0.8804531395435333,0.5390062509889846,4.7667161375284195,12.122875861823559,0.24607388853183512,1.2613337344585207,0.0,0.7000000000000001,0.15394057594377009,0.19768813726902373,0.13149986714124678,0.14658065140247345,0.13149986714124678,0.16549018025398254,0.2238328754901886,63,0.06905073831643217,3.248104570649203
station_wake_L5,Smooth stage-aware SAC,strict_two_stage_v3_v1,two_stage_v3,0,39,9039,1250039,station_wake,5,0.0,0.0,0.1,1,1,0,0,1,0,64,0.25,1,47,0.19124741852283478,0.08947376159264338,0.7930794358253479,0.486472947118959,2.571657747030258,11.868658512830734,0.1605505251220544,1.2160426298535794,0.0,0.0,0.15665660347405624,0.1875442665973366,0.05235759392380714,0.06875773519277573,0.05235759392380714,0.16702765226364136,0.2471359819173813,68,0.08098729508937953,0.34030707840245084
station_wake_L5,Smooth stage-aware SAC,strict_two_stage_v3_v1,two_stage_v3,0,40,9040,1250040,station_wake,5,0.0,0.0,0.1,1,1,0,0,1,0,64,0.25,1,45,0.27924397587776184,0.22326407686399807,0.5504843592643738,0.32989340436019693,3.235952779650688,14.824324995279312,0.3724285299760989,1.687913935665313,0.2885630059934623,0.2,0.16085722143750164,0.18601808697626918,0.003537827683612704,0.007836933247745037,0.003537827683612704,0.04959210008382797,0.0663670152425766,68,0.0778452716459587,0.24176705879260418
station_wake_L5,Smooth stage-aware SAC,strict_two_stage_v3_v1,two_stage_v3,0,41,9041,1250041,station_wake,5,0.0,0.0,0.1,1,1,0,0,1,0,49,0.25,1,38,0.33355090022087097,0.17544789472789313,1.2972670793533325,1.080160702768265,1.62295401096344,8.624832034111023,0.28335212604365423,2.0547027339322868,0.0,0.0,0.1849674527482389,0.3043633960949027,0.02058301754295826,0.04976724088191986,0.02058301754295826,0.48134637624025345,0.7353604584932327,53,0.05643412544305692,0.9924966025635511
station_wake_L5,Smooth stage-aware SAC,strict_two_stage_v3_v1,two_stage_v3,0,42,9042,1250042,station_wake,5,0.0,0.0,0.1,1,1,0,0,1,0,36,0.25,1,5,0.7693024277687073,0.49215636996714396,1.994565725326538,1.6378395530863379,19.61185574531555,20.691144466400146,1.77288641339298,3.163664321537071,0.0,1.4500000000000002,0.10917880562786438,0.11247465751500817,0.11969570815563202,0.14300809800624847,0.11969570815563202,0.24255937337875366,0.3469708561897278,40,0.08812925775386989,2.5067556246926075
station_wake_L5,Smooth stage-aware SAC,strict_two_stage_v3_v1,two_stage_v3,0,43,9043,1250043,station_wake,5,0.0,0.0,0.1,1,1,0,0,1,0,64,0.25,1,40,0.16567370295524597,0.13492964260653542,0.43510809540748596,0.30099534239142434,1.6279598884284496,11.250855922698975,0.10357541499432309,0.8040806175674633,0.2758050663975247,0.65,0.11753731128174989,0.1311998493139398,0.1098940908908844,0.1203337088227272,0.1098940908908844,0.10963064432144165,0.1430933177471161,68,0.08740041087847757,0.2758050663975247
station_wake_L5,Smooth stage-aware SAC,strict_two_stage_v3_v1,two_stage_v3,0,44,9044,1250044,station_wake,5,0.0,0.0,0.1,1,1,0,0,1,0,38,0.25,1,19,1.2030799388885498,1.0566479881616921,2.038137912750244,1.369184540247643,11.080644428730011,33.18509101867676,0.5629779562599021,2.988256783789787,5.379849726179319,0.7000000000000001,0.15441444578629232,0.18180606356540835,0.10023566484451293,0.14513878524303436,0.10023566484451293,0.44285717606544495,0.6594851613044739,42,0.0843660380100851,1.0342703596924665
station_wake_L5,Smooth stage-aware SAC,strict_two_stage_v3_v1,two_stage_v3,0,45,9045,1250045,station_wake,5,0.0,0.0,0.1,1,1,0,0,1,0,64,0.25,1,41,0.40378883481025696,0.34409137460563277,0.40816009044647217,0.2931602922259133,1.4782369509339333,6.8728964030742645,0.1795265321294217,1.3410118335191605,1.6869026188500011,0.2,0.1377244830277073,0.15416177086451527,0.025943905487656592,0.02927238866686821,0.025943905487656592,0.08701693639159203,0.1981043629348278,68,0.08490351138567062,1.2937455110015486
station_wake_L5,Smooth stage-aware SAC,strict_two_stage_v3_v1,two_stage_v3,0,46,9046,1250046,station_wake,5,0.0,0.0,0.1,1,1,0,0,1,0,46,0.25,1,33,0.15605628490447998,0.08959992908340159,0.889216959476471,0.4004966259360907,2.634487748146057,14.260337352752686,0.3059658340156924,1.9731835166815608,0.0,0.35000000000000003,0.15763953308885947,0.22050611227598418,0.10222840905189515,0.14064885675907135,0.10222840905189515,0.3305341601371765,0.4829894006252289,50,0.05444592461055975,0.840555842825444
station_wake_L5,Smooth stage-aware SAC,strict_two_stage_v3_v1,two_stage_v3,0,47,9047,1250047,station_wake,5,0.0,0.0,0.1,1,1,0,0,1,0,70,0.25,1,53,0.1146777793765068,0.08745392649038378,0.2482903003692627,0.17639283714964762,1.8683506548404694,7.213757485151291,0.1272785832065698,0.8277979878931363,0.0,0.05,0.10901191024848304,0.12546060932159686,0.06571013405919075,0.07319556921720505,0.06571013405919075,0.08510582149028778,0.1289714127779007,74,0.07583515606804057,0.7020570554564807
station_wake_L5,Smooth stage-aware SAC,strict_two_stage_v3_v1,two_stage_v3,0,48,9048,1250048,station_wake,5,0.0,0.0,0.1,1,1,0,0,1,0,67,0.25,1,33,0.13947615027427673,0.09182428729794796,0.9911748766899109,0.6434221813632978,2.084330916404724,11.779988408088684,0.5145874943815552,1.9683171554343726,0.0,0.5,0.10566890994881584,0.10952173342351641,0.023491816967725752,0.0256032794713974,0.023491816967725752,0.021140538156032562,0.023417025804519653,71,0.09149320783215345,0.0695909031429823
station_wake_L5,Smooth stage-aware SAC,strict_two_stage_v3_v1,two_stage_v3,0,49,9049,1250049,station_wake,5,0.0,0.0,0.1,1,1,0,0,1,0,35,0.25,1,18,0.30407124757766724,0.18296000868612483,1.0824817419052124,0.6291756298344142,4.634118862450123,19.448640942573547,0.6592444428868818,2.9737267963186182,2.232647753582125,0.0,0.18359264296186573,0.20402764624179157,0.0233950212597847,0.025979962199926376,0.0233950212597847,0.07158738002181053,0.17058001831173897,39,0.07454021772560185,1.8686821271943668
station_wake_L5,Smooth stage-aware SAC,strict_two_stage_v3_v1,two_stage_v3,0,50,9050,1250050,station_wake,5,0.0,0.0,0.1,1,1,0,0,1,0,36,0.25,1,19,1.2725310325622559,1.1294937496314803,0.988011360168457,0.8171144975554484,8.419122993946075,20.13883501291275,0.5886486810887813,2.1270798322869133,0.0,0.6000000000000001,0.11315238995308033,0.1256204770537553,0.08515509441494942,0.1440344601869583,0.08515509441494942,0.4900690019130707,0.772889256477356,40,0.06381754145553549,0.4580511620395668
station_wake_L5,Smooth stage-aware SAC,strict_two_stage_v3_v1,two_stage_v3,0,51,9051,1250051,station_wake,5,0.0,0.0,0.1,1,1,0,0,1,0,65,0.25,1,42,0.37832313776016235,0.20645272827804978,1.1313605308532715,0.7879668075267574,1.8505820631980896,6.25945657491684,0.14700836651519164,0.7993462475820367,0.0,0.8500000000000001,0.1366635772395629,0.1708967105133296,0.1314723461866379,0.14015062153339386,0.1314723461866379,0.19867444038391113,0.3173685073852539,69,0.08094842900855027,1.5778274860126593
station_wake_L5,Smooth stage-aware SAC,strict_two_stage_v3_v1,two_stage_v3,0,52,9052,1250052,station_wake,5,0.0,0.0,0.1,1,1,0,0,1,0,60,0.25,1,43,0.10346388816833496,0.07827733920486611,0.37250816822052,0.20042286205426166,2.528960183262825,12.355224266648293,0.3106123222801558,1.863421677626445,0.0,0.0,0.13085151703065542,0.14198945027422885,0.04582385718822479,0.05295667052268982,0.04582385718822479,0.06453265249729156,0.10695628821849823,64,0.083675298237463,1.4697641816678315
station_wake_L5,Smooth stage-aware SAC,strict_two_stage_v3_v1,two_stage_v3,0,53,9053,1250053,station_wake,5,0.0,0.0,0.1,1,1,0,0,1,0,63,0.25,1,36,0.28378891944885254,0.15755617213467088,0.9568768739700317,0.590213591571393,3.593299388885498,11.546874940395355,0.1951966358609393,1.2242821072398096,0.0,0.25,0.11070463638615147,0.12000977069967038,0.003556976071558893,0.007225543260574341,0.003556976071558893,0.055550255347043276,0.1139446347951889,67,0.08870811090076598,0.803161624336682
station_wake_L5,Smooth stage-aware SAC,strict_two_stage_v3_v1,two_stage_v3,0,54,9054,1250054,station_wake,5,0.0,0.0,0.1,1,1,0,0,1,0,56,0.25,1,34,0.17052361369132996,0.11128008322611598,1.4419057965278625,0.8333104551440754,2.2540655732154846,11.155638098716736,0.20435577184586792,1.4520692547310101,0.0,1.1,0.10207818588873843,0.11630764891268856,0.11650477051734924,0.13245630264282227,0.11650477051734924,0.15375319123268127,0.20297080278396606,60,0.07765334701213829,3.5338147987254214
station_wake_L5,Smooth stage-aware SAC,strict_two_stage_v3_v1,two_stage_v3,0,55,9055,1250055,station_wake,5,0.0,0.0,0.1,1,1,0,0,1,0,67,0.25,1,44,0.3403418958187103,0.26091277553470027,0.6983864307403564,0.412735459110346,2.7445197105407715,15.117327868938446,0.20126082623566974,1.6187180013467246,0.0,0.55,0.09060234438147124,0.09475707988342862,0.00514878211542964,0.005580878350883722,0.00514878211542964,0.011094092391431332,0.030748224817216396,71,0.09554940346531106,2.343569598816309
station_wake_L5,Smooth stage-aware SAC,strict_two_stage_v3_v1,two_stage_v3,0,56,9056,1250056,station_wake,5,0.0,0.0,0.1,1,1,0,0,1,0,58,0.25,1,46,0.7956631183624268,0.5846393560395919,1.475977897644043,1.1471708317651212,9.019589126110077,29.16150987148285,0.480654880271113,2.4073908896754985,0.0,0.15000000000000002,0.22145192703755642,0.30687499149935554,0.025172650814056396,0.02972280979156494,0.025172650814056396,0.1162375807762146,0.34596335142850876,62,0.043504033668452756,0.3773330803258404
station_wake_L5,Smooth stage-aware SAC,strict_two_stage_v3_v1,two_stage_v3,0,57,9057,1250057,station_wake,5,0.0,0.0,0.1,1,1,0,0,1,0,38,0.25,1,21,1.1134198904037476,0.9549858007825847,1.6098010540008545,1.1631098265006474,6.6866567730903625,24.4489586353302,0.4059101378176653,2.608620152237543,0.0,0.8500000000000001,0.12441991669004404,0.15730843625640073,0.20173134207725524,0.23054035007953644,0.20173134207725524,0.30586522817611694,0.37659555673599243,42,0.05232250943460095,2.123095361276529
station_wake_L5,Smooth stage-aware SAC,strict_two_stage_v3_v1,two_stage_v3,0,58,9058,1250058,station_wake,5,0.0,0.0,0.1,1,1,0,0,1,0,54,0.25,1,39,0.19303090870380402,0.12186201226795144,0.8637456595897675,0.750995386817908,1.8418440222740173,9.028204679489136,0.24222723158187012,1.5374936044023721,0.1645999817561968,0.35000000000000003,0.12392786040060752,0.1434914441568637,0.07801227271556854,0.10428659617900848,0.07801227271556854,0.25904378294944763,0.28789058327674866,58,0.06880477973841807,0.1645999817561968
station_wake_L5,Smooth stage-aware SAC,strict_two_stage_v3_v1,two_stage_v3,0,59,9059,1250059,station_wake,5,0.0,0.0,0.1,1,1,0,0,1,0,30,0.25,1,14,0.1964724212884903,0.17484835680744154,0.36915212869644165,0.23186222603732057,4.30797278881073,19.78130971081555,0.4725868293525375,2.5125153748019198,0.702250275104798,0.0,0.14982103333215718,0.18281699883161995,0.03362397663295269,0.03909187391400337,0.03362397663295269,0.1055077463388443,0.1772794872522354,34,0.07435358628080588,0.17489310351583248
station_wake_L5,Smooth stage-aware SAC,strict_two_stage_v3_v1,two_stage_v3,0,60,9060,1250060,station_wake,5,0.0,0.0,0.1,1,1,0,0,1,0,64,0.25,1,36,0.9569203853607178,0.595278967154887,2.018716335296631,1.5353765007485285,5.979606360197067,24.986992329359055,0.3355582786657934,2.6109491083347853,0.2808136494519804,0.1,0.13093946109313087,0.13652316117436655,0.015588020533323288,0.02108474262058735,0.015588020533323288,0.05119400471448898,0.07461436092853546,68,0.08459039583726757,0.2808136494519804
station_wake_L5,Smooth stage-aware SAC,strict_two_stage_v3_v1,two_stage_v3,0,61,9061,1250061,station_wake,5,0.0,0.0,0.1,1,1,0,0,1,0,67,0.25,1,51,0.2961880564689636,0.23972362423952112,0.7682040333747864,0.4772412331855357,4.289471060037613,14.906037747859955,0.23503060949766558,1.1367813587424458,1.0914752217037331,0.0,0.12718934668231185,0.1541519114479698,0.03549341708421707,0.040831901133060455,0.03549341708421707,0.07148675620555878,0.16010232269763947,71,0.06858552915371893,1.0914752217037331
station_wake_L5,Smooth stage-aware SAC,strict_two_stage_v3_v1,two_stage_v3,0,62,9062,1250062,station_wake,5,0.0,0.0,0.1,1,1,0,0,1,0,42,0.25,1,28,0.7375545501708984,0.45367585914017905,1.5816450119018555,1.2030245200872929,3.4526848793029785,11.925218999385834,0.5551357983895997,2.33034560050058,0.9287924953919,0.1,0.15215473729075787,0.18490475571318382,0.04199138134717941,0.05984960123896599,0.04199138134717941,0.19541893899440765,0.333552286028862,46,0.05788615443100974,0.9287924953919
station_wake_L5,Smooth stage-aware SAC,strict_two_stage_v3_v1,two_stage_v3,0,63,9063,1250063,station_wake,5,0.0,0.0,0.1,1,1,0,0,1,0,45,0.25,1,28,0.1716230809688568,0.08612758677457213,0.5861189961433411,0.3817954461128345,2.389582544565201,10.140304416418076,0.3791780161085952,2.1333729991040755,2.2561327187129794,0.05,0.13559848571154828,0.164626392687451,0.05223418548703194,0.09006986021995544,0.05223418548703194,0.35137230157852173,0.3921503573656082,49,0.08798757257383964,2.2561327187129794
station_wake_L5,Smooth stage-aware SAC,strict_two_stage_v3_v1,two_stage_v3,0,64,9064,1250064,station_wake,5,0.0,0.0,0.1,1,1,0,0,1,0,59,0.25,1,40,0.14414364099502563,0.08644839853557848,0.8552585542201996,0.4845159784705704,3.9484498649835587,20.530838519334793,0.35255475708315176,2.0283670507835674,0.9698808857262868,0.0,0.15335602501236587,0.18388008757816124,0.024888348951935767,0.028998155146837234,0.024888348951935767,0.05867660045623779,0.10043051093816757,63,0.07344290506780717,0.2875256710132666
station_wake_L5,Smooth stage-aware SAC,strict_two_stage_v3_v1,two_stage_v3,0,65,9065,1250065,station_wake,5,0.0,0.0,0.1,1,1,0,0,1,0,47,0.25,1,24,1.2671618461608887,0.9075817713174751,2.457611560821533,1.9526676842315978,8.821325600147247,35.60296416282654,0.5002609561233693,2.8571139662505636,0.0,0.8500000000000001,0.1248562086230641,0.1355810097883512,0.07034219428896904,0.08289169520139694,0.07034219428896904,0.11961789429187775,0.13937488198280334,51,0.08773394122364647,2.2219143247448616
station_wake_L5,Smooth stage-aware SAC,strict_two_stage_v3_v1,two_stage_v3,0,66,9066,1250066,station_wake,5,0.0,0.0,0.1,1,1,0,0,1,0,35,0.25,1,20,0.8520355820655823,0.5133990231272684,1.930774450302124,1.376249193756522,6.409656032919884,22.58346162736416,0.49770348078941795,2.491474306602802,0.0,0.4,0.23108180061980294,0.2908780106545124,0.08991851508617402,0.1019567996263504,0.08991851508617402,0.200167715549469,0.42236462235450745,39,0.06031107955003698,2.316866760812733
station_wake_L5,Smooth stage-aware SAC,strict_two_stage_v3_v1,two_stage_v3,0,67,9067,1250067,station_wake,5,0.0,0.0,0.1,1,1,0,0,1,0,74,0.25,1,55,0.15310406684875488,0.12989559576474227,0.44184252619743347,0.2434829448308607,2.6121450029313564,13.244756609201431,0.1822846834838614,1.1904861184692233,0.0,0.0,0.14832273094946807,0.1717598060566361,0.012934385053813457,0.015350286848843098,0.012934385053813457,0.03585576266050339,0.07460789754986763,78,0.07460508136018795,0.37448233012100635
station_wake_L5,Smooth stage-aware SAC,strict_two_stage_v3_v1,two_stage_v3,0,68,9068,1250068,station_wake,5,0.0,0.0,0.1,1,1,0,0,1,0,50,0.25,1,39,0.2359941452741623,0.13051930212419127,1.045999526977539,0.7723985738523366,3.5351016372442245,14.29623931646347,0.372576871212308,1.6893649462256848,0.0,0.55,0.26922698572107917,0.38790004215452306,0.28722554743289946,0.3980688154697418,0.28722554743289946,1.0272473692893982,1.1275482177734375,54,0.005169451265073982,1.6210175468990002
station_wake_L5,Smooth stage-aware SAC,strict_two_stage_v3_v1,two_stage_v3,0,69,9069,1250069,station_wake,5,0.0,0.0,0.1,1,1,0,0,1,0,49,0.25,1,30,0.5671811103820801,0.4274932264533046,0.8566558361053467,0.6278493225035814,3.8910794258117676,17.478720471262932,0.3645077148029285,2.077815766456084,2.5636459778369365,0.4,0.18914128798023971,0.22547182236474686,0.04151182100176811,0.08159810304641724,0.04151182100176811,0.5745954811573029,0.6749232858419418,53,0.069245189614334,2.431997710122937
station_wake_L5,Smooth stage-aware SAC,strict_two_stage_v3_v1,two_stage_v3,0,70,9070,1250070,station_wake,5,0.0,0.0,0.1,1,1,0,0,1,0,54,0.25,1,24,0.09506432712078094,0.068026235791159,0.5707338452339172,0.40563069087720777,6.328765004873276,20.896217226982117,0.4375561031546393,2.4673512402325515,1.4424147168489252,0.0,0.09970124093157316,0.1054382898462488,0.006853719428181648,0.008370084688067436,0.006853719428181648,0.030125588178634644,0.04521986469626427,58,0.09031076606615654,1.4424147168489252
station_wake_L5,Smooth stage-aware SAC,strict_two_stage_v3_v1,two_stage_v3,0,71,9071,1250071,station_wake,5,0.0,0.0,0.1,1,1,0,0,1,0,36,0.25,1,19,0.2603187561035156,0.14637592439183486,1.3439103960990906,0.9052487118123486,5.539862923324108,28.6738783121109,0.5595695213446685,2.8905440932770388,0.200143018876687,0.35000000000000003,0.1297934935456843,0.1423519609137938,0.02935788221657276,0.04222436249256134,0.02935788221657276,0.1250566691160202,0.21288827061653137,40,0.07490631669083897,0.200143018876687
station_wake_L5,Smooth stage-aware SAC,strict_two_stage_v3_v1,two_stage_v3,0,72,9072,1250072,station_wake,5,0.0,0.0,0.1,1,1,0,0,1,0,51,0.25,1,27,0.5558987855911255,0.49360006687252156,0.7238328456878662,0.34768464277951067,2.1003100275993347,11.430255025625229,0.4130328519499678,2.158726201635609,0.0,0.35000000000000003,0.1037564682035668,0.12007795923774085,0.042062314599752425,0.04781550541520119,0.042062314599752425,0.06745050847530365,0.08184798061847687,55,0.09086797684767328,1.3812307360375973
station_wake_L5,Smooth stage-aware SAC,strict_two_stage_v3_v1,two_stage_v3,0,73,9073,1250073,station_wake,5,0.0,0.0,0.1,1,1,0,0,1,0,47,0.25,1,23,0.07461638748645782,0.04533865927420814,0.8301348984241486,0.33368554752099594,6.497886627912521,20.35598948597908,0.48442684346590587,2.5404874387684164,0.0,0.0,0.11248460632724575,0.12331464992126531,0.038967306911945346,0.04052811115980148,0.038967306911945346,0.032322824001312256,0.047972723841667175,51,0.08585383925626008,0.02367646722671905
station_wake_L5,Smooth stage-aware SAC,strict_two_stage_v3_v1,two_stage_v3,0,74,9074,1250074,station_wake,5,0.0,0.0,0.1,1,1,0,0,1,0,50,0.25,1,39,0.17771559953689575,0.15523534162174227,0.36067262291908264,0.22727878142971222,1.6208533570170403,8.75072032213211,0.2765747419686898,1.801736453513576,1.8434253683041288,0.0,0.19168235427665772,0.31011005674324243,0.08378183692693711,0.10285000503063202,0.08378183692693711,0.39498355984687805,0.6040279567241669,54,0.05252535755903115,0.46486331524130253
station_wake_L5,Smooth stage-aware SAC,strict_two_stage_v3_v1,two_stage_v3,0,75,9075,1250075,station_wake,5,0.0,0.0,0.1,1,1,0,0,1,0,78,0.25,1,48,0.2514687478542328,0.21796924317775448,0.3098908066749573,0.21931161981729008,1.6262634098529816,5.212009325623512,0.14358250228775668,0.7722046281929105,0.25134421130857854,0.35000000000000003,0.06832949122322947,0.06979112948127238,0.016521075554192067,0.019513040781021118,0.016521075554192067,0.030509930104017258,0.03642220050096512,82,0.09521031719712138,0.25134421130857854
station_wake_L5,Smooth stage-aware SAC,strict_two_stage_v3_v1,two_stage_v3,0,76,9076,1250076,station_wake,5,0.0,0.0,0.1,1,1,0,0,1,0,50,0.25,1,38,0.08702970296144485,0.06190203320118572,0.5738211795687675,0.44236211019415855,2.968045510351658,13.733604550361633,0.3583200452083323,1.9367006791856474,0.0,0.45,0.19153319989752685,0.27159130705189655,0.14811437502503394,0.24913077056407928,0.14811437502503394,0.9500408917665482,1.0599561035633087,54,0.06928222325051107,0.66639674452155
station_wake_L5,Smooth stage-aware SAC,strict_two_stage_v3_v1,two_stage_v3,0,77,9077,1250077,station_wake,5,0.0,0.0,0.1,1,1,0,0,1,0,65,0.25,1,47,0.2539192736148834,0.1424200400600418,0.6208139657974243,0.49106291839959537,2.0215776562690735,7.82319188117981,0.17055519624080878,0.9484763176461927,0.0,0.0,0.1594815906691412,0.18594313214549368,0.013276658765971661,0.022635240107774734,0.013276658765971661,0.0785885602235794,0.1508888229727745,69,0.059746332498649905,0.14363328869602784
station_wake_L5,Smooth stage-aware SAC,strict_two_stage_v3_v1,two_stage_v3,0,78,9078,1250078,station_wake,5,0.0,0.0,0.1,1,1,0,0,1,0,79,0.25,1,62,0.1919441968202591,0.14306489609949127,0.8294934034347534,0.5384985786485,3.0155149102211,11.194945722818375,0.20183672019443472,1.1532175241846199,0.0,0.15000000000000002,0.14456894869526762,0.1617482267531519,0.05405730977654457,0.06858242303133011,0.05405730977654457,0.13730590045452118,0.1934632658958435,83,0.06357492253322088,0.7120914571208757
station_wake_L5,Smooth stage-aware SAC,strict_two_stage_v3_v1,two_stage_v3,0,79,9079,1250079,station_wake,5,0.0,0.0,0.1,1,1,0,0,1,0,40,0.25,1,24,1.374214768409729,1.1392629992358816,2.2170913219451904,1.6574070053289955,10.328822135925293,34.69350814819336,0.5376816263002481,2.5679798743943465,3.799931775393812,0.2,0.19844625837046306,0.23986421848295975,0.09369152784347534,0.10110726207494736,0.09369152784347534,0.08683314919471741,0.1568359136581421,44,0.06744053021510732,1.799446634012063
station_wake_L5,Smooth stage-aware SAC,strict_two_stage_v3_v1,two_stage_v3,0,80,9080,1250080,station_wake,5,0.0,0.0,0.1,1,1,0,0,1,0,33,0.25,1,15,0.4890185594558716,0.287519393200123,1.1293363571166992,0.8853378454142762,4.696247577667236,16.298963725566864,0.4867894488917737,2.347112477570993,0.0,0.0,0.09701096415640427,0.11883916882270444,0.052864892035722734,0.05465010181069374,0.052864892035722734,0.04368491470813751,0.10524407029151917,37,0.07602684569689692,2.1330981733160126
station_wake_L5,Smooth stage-aware SAC,strict_two_stage_v3_v1,two_stage_v3,0,81,9081,1250081,station_wake,5,0.0,0.0,0.1,1,1,0,0,1,0,49,0.25,1,34,0.46200865507125854,0.41008043526537213,0.6556886434555054,0.5112636018315209,3.601607382297516,14.480234980583191,0.5612236130988724,2.41452610444233,0.6740967689545344,0.35000000000000003,0.20977260280449764,0.2707506966121368,0.10332489311695099,0.14314138889312744,0.10332489311695099,0.3815557658672333,0.485294908285141,53,0.06969565250334253,0.6740967689545344
station_wake_L5,Smooth stage-aware SAC,strict_two_stage_v3_v1,two_stage_v3,0,82,9082,1250082,station_wake,5,0.0,0.0,0.1,1,1,0,0,1,0,49,0.25,1,30,0.4221363067626953,0.28010919057247374,1.03912353515625,0.7340264800656278,2.825562283396721,16.81187242269516,0.3137969821670196,1.5851905749485966,0.02929841660988704,0.1,0.07946672364401616,0.10094767441572501,0.038578621298074725,0.06513436883687973,0.038578621298074725,0.27191197872161865,0.3835369646549225,53,0.07914149648758995,0.02929841660988704
station_wake_L5,Smooth stage-aware SAC,strict_two_stage_v3_v1,two_stage_v3,0,83,9083,1250083,station_wake,5,0.0,0.0,0.1,1,1,0,0,1,0,43,0.25,1,29,0.8708050847053528,0.5996593373704696,1.3953101634979248,1.1076893689797986,1.2931346893310547,7.083380818367004,0.19106061285255949,1.5655589184789693,0.6971889982081128,0.25,0.1315295633670829,0.18803349858008356,0.0317674046382308,0.07229851186275482,0.0317674046382308,0.3955951817333698,0.5236316472291946,47,0.07699827177044967,0.6724932219643152
station_wake_L5,Smooth stage-aware SAC,strict_two_stage_v3_v1,two_stage_v3,0,84,9084,1250084,station_wake,5,0.0,0.0,0.1,1,1,0,0,1,0,41,0.25,1,22,0.31294283270835876,0.2157122421047196,1.584281176328659,1.183882803062575,7.654929608106613,27.06055223941803,0.4820954227177689,2.8720281280118525,0.0,0.25,0.1625407905987646,0.19237361230611028,0.025366754084825516,0.04229869693517685,0.025366754084825516,0.19152485579252243,0.23977503180503845,45,0.08110559678168298,3.360818059880046
station_wake_L5,Smooth stage-aware SAC,strict_two_stage_v3_v1,two_stage_v3,0,85,9085,1250085,station_wake,5,0.0,0.0,0.1,1,1,0,0,1,0,62,0.25,1,44,0.42360469698905945,0.26001119725920147,0.9203612804412842,0.8032933310186896,6.629393696784973,17.200225591659546,0.3418185614823964,1.1629874907800044,0.8955668267309614,0.0,0.18072013819865956,0.21167522329703997,0.011874152068048715,0.02111806347966194,0.011874152068048715,0.17648638039827347,0.2604422904551029,66,0.08014208519403838,0.7635944985573568
station_wake_L5,Smooth stage-aware SAC,strict_two_stage_v3_v1,two_stage_v3,0,86,9086,1250086,station_wake,5,0.0,0.0,0.1,1,1,0,0,1,0,31,0.25,1,10,1.1180694103240967,0.8659626181056738,1.6612398624420166,1.3140995590705877,1.4950311183929443,4.347087144851685,0.46190166578492314,2.9784094453251164,0.0,1.05,0.12233393665722925,0.1464401606406151,0.1737458735704422,0.198613703250885,0.1737458735704422,0.2812711000442505,0.43876469135284424,35,0.03806397556261777,2.9912533859201695
station_wake_L5,Smooth stage-aware SAC,strict_two_stage_v3_v1,two_stage_v3,0,87,9087,1250087,station_wake,5,0.0,0.0,0.1,1,1,0,0,1,0,61,0.25,1,41,0.19501322507858276,0.11979643990339367,1.0385938733816147,0.7777956108973738,7.4955736100673676,20.861414074897766,0.39055455750963725,1.9086531819596275,0.0,0.0,0.09568410312864922,0.11166731443411315,0.05560578405857086,0.062242597341537476,0.05560578405857086,0.11808693408966064,0.16128182411193848,65,0.0921520209903575,1.965179893561953
station_wake_L5,Smooth stage-aware SAC,strict_two_stage_v3_v1,two_stage_v3,0,88,9088,1250088,station_wake,5,0.0,0.0,0.1,1,1,0,0,1,0,48,0.25,1,33,0.14628088474273682,0.06368436967319865,0.8698207139968872,0.5305984792615124,2.422729954123497,8.971201628446579,0.20520899874169682,0.9884952771581419,0.0,0.4,0.08141498576319535,0.11646472141301552,0.07996897026896477,0.11357664316892624,0.07996897026896477,0.2830152213573456,0.40680602192878723,52,0.07041498815307938,1.8491552566875349
station_wake_L5,Smooth stage-aware SAC,strict_two_stage_v3_v1,two_stage_v3,0,89,9089,1250089,station_wake,5,0.0,0.0,0.1,1,1,0,0,1,0,54,0.25,1,39,0.5429381728172302,0.4116018225219696,1.2162619829177856,0.9423637760193176,5.244716107845306,26.835336089134216,0.32455787353590876,2.0432968402027187,2.8698220139874517,0.0,0.15839861767897206,0.2153277352149356,0.06940565332770347,0.07859019190073013,0.06940565332770347,0.11547236144542694,0.2090037614107132,58,0.06221329293251861,0.9792879772040985
station_wake_L5,Smooth stage-aware SAC,strict_two_stage_v3_v1,two_stage_v3,0,90,9090,1250090,station_wake,5,0.0,0.0,0.1,1,1,0,0,1,0,31,0.25,0,-1,nan,nan,nan,nan,nan,nan,nan,nan,0.0,nan,0.09662644420672875,0.10072071629122031,0.2161724179983139,0.29954078793525696,0.2161724179983139,0.8329249620437622,1.0563445091247559,35,0.0890848037060792,2.0123353061483096
station_wake_L5,Smooth stage-aware SAC,strict_two_stage_v3_v1,two_stage_v3,0,91,9091,1250091,station_wake,5,0.0,0.0,0.1,1,1,0,0,1,0,55,0.25,1,39,0.5488103628158569,0.2891436416512048,1.530812382698059,1.3781031061942748,2.3571497201919556,10.09196937084198,0.3101701133856398,1.7916183059399096,0.2573787901619906,0.2,0.11959586130338411,0.1430025313984287,0.02830555960536003,0.05726395547389984,0.02830555960536003,0.2826753407716751,0.44440507888793945,59,0.07475566837597862,0.2573787901619906
station_wake_L5,Smooth stage-aware SAC,strict_two_stage_v3_v1,two_stage_v3,0,92,9092,1250092,station_wake,5,0.0,0.0,0.1,1,1,0,0,1,0,60,0.25,1,42,0.2949250340461731,0.25480416402465966,0.650596022605896,0.4081966030657692,2.3908841609954834,15.025362074375153,0.17355689602268662,1.142940936583646,0.0,0.1,0.10932675263351022,0.12083343981000022,0.019745265319943427,0.027076557278633118,0.019745265319943427,0.07411841303110123,0.10605365037918091,64,0.08250639865630591,0.09017507892920411
station_wake_L5,Smooth stage-aware SAC,strict_two_stage_v3_v1,two_stage_v3,0,93,9093,1250093,station_wake,5,0.0,0.0,0.1,1,1,0,0,1,0,61,0.25,1,49,0.20343591272830963,0.15355553215087075,1.111423447728157,0.6648744565294263,5.5208612233400345,17.07485482096672,0.30577012366077894,2.0330899517583965,0.0,0.35000000000000003,0.15150232156699034,0.21743790026250864,0.09399362057447433,0.12333345413208008,0.09399362057447433,0.2583976686000824,0.4192453622817993,65,0.06626181719283317,1.7630969008577841
station_wake_L5,Smooth stage-aware SAC,strict_two_stage_v3_v1,two_stage_v3,0,94,9094,1250094,station_wake,5,0.0,0.0,0.1,1,1,0,0,1,0,60,0.25,1,44,0.2979561388492584,0.21649130359948002,1.0002628713846207,0.7576616356306055,3.2578861713409424,11.354954093694687,0.28003849760952426,1.5567778851968836,0.0,0.5,0.12880296164552021,0.15372488953964902,0.10244350731372834,0.13386330008506775,0.10244350731372834,0.3100823163986206,0.40663301944732666,64,0.061996084099171685,0.44545960158294257
station_wake_L5,Smooth stage-aware SAC,strict_two_stage_v3_v1,two_stage_v3,0,95,9095,1250095,station_wake,5,0.0,0.0,0.1,1,1,0,0,1,0,60,0.25,1,43,0.173863023519516,0.1252067112448038,0.40093228220939636,0.28243740838516845,1.5789997577667236,6.2091779708862305,0.3298536961862955,1.9523499842270202,0.0,0.5,0.0834844238880081,0.10812939306234513,0.0945687398314476,0.12369251251220703,0.0945687398314476,0.25643685460090637,0.31807348132133484,64,0.08401529124946731,0.9175139320815049
station_wake_L5,Smooth stage-aware SAC,strict_two_stage_v3_v1,two_stage_v3,0,96,9096,1250096,station_wake,5,0.0,0.0,0.1,1,1,0,0,1,0,46,0.25,1,32,0.05677507445216179,0.029452073244789292,0.5014578253030777,0.2688021001336259,4.384960830211639,18.66872128099203,0.4266352474550163,2.3389166913733517,0.0,0.0,0.111392419537041,0.1601594903993154,0.004060745984315872,0.01250653900206089,0.004060745984315872,0.13488562777638435,0.32966073602437973,50,0.0703232905848979,0.9506535830475836
station_wake_L5,Smooth stage-aware SAC,strict_two_stage_v3_v1,two_stage_v3,0,97,9097,1250097,station_wake,5,0.0,0.0,0.1,1,1,0,0,1,0,64,0.25,1,36,0.07607129216194153,0.04800672983555509,0.4198990948498249,0.25306139038861436,2.433047294616699,9.101599585264921,0.4219431018231313,1.966583142917328,1.7190324690359757,0.0,0.07430261993861134,0.07652762683494685,0.0806446135044098,0.09696395695209503,0.0806446135044098,0.16407760977745056,0.17130538821220398,68,0.09521510992362366,1.7190324690359757
station_wake_L5,Smooth stage-aware SAC,strict_two_stage_v3_v1,two_stage_v3,0,98,9098,1250098,station_wake,5,0.0,0.0,0.1,1,1,0,0,1,0,67,0.25,1,55,0.16314347088336945,0.11642840041276864,0.3830452263355255,0.2365396443944356,3.141102120280266,12.407565861940384,0.2250563058761332,1.545485380875963,0.1596197066341997,0.35000000000000003,0.2651735668047152,0.36772189890273027,0.14409350454807282,0.2032904326915741,0.14409350454807282,0.5814611315727234,0.6822502613067627,71,0.0685428998573508,0.1596197066341997
station_wake_L5,Smooth stage-aware SAC,strict_two_stage_v3_v1,two_stage_v3,0,99,9099,1250099,station_wake,5,0.0,0.0,0.1,1,1,0,0,1,0,41,0.25,1,22,0.7463071346282959,0.5530574886066291,1.0071444511413574,0.8444301393532594,1.9496548175811768,11.56014010310173,0.24193781240888979,2.0126323359703457,0.7710058407762025,0.45,0.08990023731863832,0.10910771610152312,0.05767521932721138,0.07774457335472107,0.05767521932721138,0.2236378788948059,0.3965984284877777,45,0.09213705912930738,0.7710058407762025
station_wake_L5,Smooth stage-aware SAC,strict_two_stage_v3_v1,two_stage_v3,1,0,9000,1250000,station_wake,5,0.0,0.0,0.1,1,1,0,0,1,0,49,0.25,1,34,0.07601230591535568,0.05206812373470721,0.42837001383304596,0.27388016643174745,4.700255841016769,14.39111202955246,0.3406507868550475,1.6842135907205489,0.0,0.0,0.13126902800715276,0.17926177935934987,0.029266355186700822,0.03014395572245121,0.029266355186700822,0.02317306399345398,0.04461158066987991,53,0.0607616105591284,1.1278111877579662
station_wake_L5,Smooth stage-aware SAC,strict_two_stage_v3_v1,two_stage_v3,1,1,9001,1250001,station_wake,5,0.0,0.0,0.1,1,1,0,0,1,0,43,0.25,1,28,0.7228748202323914,0.4445458317092273,1.5319764614105225,1.1733918891625092,2.8479254245758057,13.613872975111008,0.34387362662332766,2.8904024017692582,0.0,0.35000000000000003,0.18702149532676482,0.25493257551296944,0.07085802853107452,0.07537779957056046,0.07085802853107452,0.052081942558288574,0.14440655708312988,47,0.06314468009109366,1.7044318724680156
station_wake_L5,Smooth stage-aware SAC,strict_two_stage_v3_v1,two_stage_v3,1,2,9002,1250002,station_wake,5,0.0,0.0,0.1,1,1,0,0,1,0,48,0.25,1,28,0.36102959513664246,0.32381903781519544,0.3888106346130371,0.2765313972753844,1.64387047290802,9.707303568720818,0.1871226634288248,1.451902128532574,0.0,0.15000000000000002,0.13031784908586597,0.14588092190181043,0.026620033383369445,0.03210695460438728,0.026620033383369445,0.059303320944309235,0.08139219135046005,52,0.07390234330113941,0.8684297381065603
station_wake_L5,Smooth stage-aware SAC,strict_two_stage_v3_v1,two_stage_v3,1,3,9003,1250003,station_wake,5,0.0,0.0,0.1,1,1,0,0,1,0,58,0.25,1,44,0.15466436743736267,0.08434590080470358,0.7366760075092316,0.4062350480028036,2.879774272441864,9.020709991455078,0.16570122219392855,1.0029201139287724,0.0,0.7000000000000001,0.15370918507073056,0.20093199869907669,0.14540470093488694,0.16432611644268036,0.14540470093488694,0.18624916672706604,0.26010289788246155,62,0.05876762349437362,3.2857211971728137
station_wake_L5,Smooth stage-aware SAC,strict_two_stage_v3_v1,two_stage_v3,1,4,9004,1250004,station_wake,5,0.0,0.0,0.1,1,1,0,0,1,0,62,0.25,1,39,0.25146761536598206,0.1187587052675637,1.168472170829773,0.6668498508945128,1.8319350481033325,7.049497365951538,0.18995293761920745,1.1890528808382719,0.0,0.7000000000000001,0.13580217670388484,0.1477182672177974,0.06257943287491799,0.07925090193748474,0.06257943287491799,0.16605190932750702,0.19247949123382568,66,0.08639617949475684,0.7166481004317733
station_wake_L5,Smooth stage-aware SAC,strict_two_stage_v3_v1,two_stage_v3,1,5,9005,1250005,station_wake,5,0.0,0.0,0.1,1,1,0,0,1,0,61,0.25,1,40,0.12016697227954865,0.10440815548649877,0.29145583510398865,0.2026610889501231,3.378404825925827,9.852207005023956,0.3307408874904024,1.5249198816476812,2.934891518662871,0.0,0.15574491163603763,0.16707932971989703,0.04606775566935539,0.05214183032512665,0.04606775566935539,0.06661547720432281,0.08048310875892639,65,0.08405064872037349,2.934891518662871
station_wake_L5,Smooth stage-aware SAC,strict_two_stage_v3_v1,two_stage_v3,1,6,9006,1250006,station_wake,5,0.0,0.0,0.1,1,1,0,0,1,0,43,0.25,0,-1,nan,nan,nan,nan,nan,nan,nan,nan,0.0,nan,0.11960459384256816,0.12739780133495773,0.013556413725018502,0.015974681824445724,0.013556413725018502,0.020436864346265793,0.03809191286563873,47,0.08787722160607998,0.09732171129707208
station_wake_L5,Smooth stage-aware SAC,strict_two_stage_v3_v1,two_stage_v3,1,7,9007,1250007,station_wake,5,0.0,0.0,0.1,1,1,0,0,1,0,65,0.25,1,45,0.12049432843923569,0.08022764725000377,1.0458671301603317,0.5945054547647125,5.219034254550934,13.529632687568665,0.2638944013479166,1.3117501214948133,0.9687061999107505,0.0,0.1546236443576992,0.18322791840915842,0.01880735494196415,0.02038654126226902,0.01880735494196415,0.01787746697664261,0.037095993757247925,69,0.0804691685362762,0.06492161507163233
station_wake_L5,Smooth stage-aware SAC,strict_two_stage_v3_v1,two_stage_v3,1,8,9008,1250008,station_wake,5,0.0,0.0,0.1,1,1,0,0,1,0,42,0.25,1,25,0.10057077556848526,0.058688743144204206,0.3894650936126709,0.2549444058033057,3.2883472740650177,13.878389447927475,0.4364058760462018,2.375392284927499,0.0,0.4,0.13218869751904488,0.17451891198740457,0.061393853276968,0.09332011640071869,0.061393853276968,0.2980494499206543,0.3798164427280426,46,0.06340296938802711,0.833975809333783
station_wake_L5,Smooth stage-aware SAC,strict_two_stage_v3_v1,two_stage_v3,1,9,9009,1250009,station_wake,5,0.0,0.0,0.1,1,1,0,0,1,0,56,0.25,1,28,0.05763990432024002,0.04337105586386495,0.23847628384828568,0.12537464628357517,1.9806776568293571,7.433737963438034,0.2334812915437901,1.1558296198650126,0.9797180656783977,0.6000000000000001,0.13928859836425755,0.1523029530402496,0.0361507348716259,0.0516083762049675,0.0361507348716259,0.15490862727165222,0.19255027174949646,60,0.08511717720405394,0.9797180656783977
station_wake_L5,Smooth stage-aware SAC,strict_two_stage_v3_v1,two_stage_v3,1,10,9010,1250010,station_wake,5,0.0,0.0,0.1,1,1,0,0,1,0,29,0.25,0,-1,nan,nan,nan,nan,nan,nan,nan,nan,0.0,nan,0.07581434391977752,0.09304026113232065,0.17658280581235886,0.2515820562839508,0.17658280581235886,0.8072783052921295,1.4735770225524902,33,0.03677802708768157,2.7712327156299605
station_wake_L5,Smooth stage-aware SAC,strict_two_stage_v3_v1,two_stage_v3,1,11,9011,1250011,station_wake,5,0.0,0.0,0.1,1,1,0,0,1,0,51,0.25,1,33,0.44628334045410156,0.4078053989235942,0.7362556457519531,0.4770454151851304,3.7623255141079426,18.248591423034668,0.31963472886139777,1.927582051910234,0.0,0.65,0.18197591941194308,0.2115579995041014,0.06786375567317009,0.08714623749256134,0.06786375567317009,0.19352604448795319,0.26073455810546875,55,0.07750592345665941,2.4351114226108166
station_wake_L5,Smooth stage-aware SAC,strict_two_stage_v3_v1,two_stage_v3,1,12,9012,1250012,station_wake,5,0.0,0.0,0.1,1,1,0,0,1,0,64,0.25,1,44,0.3811793923377991,0.3321140024354241,0.7180660963058472,0.5081692516430697,2.771158218383789,9.974450767040253,0.1454436673401331,0.8084667393736871,4.656756381770286,0.1,0.14197730265785083,0.15932082026845926,0.08436890691518784,0.09506829082965851,0.08436890691518784,0.10064134001731873,0.11264786124229431,68,0.07908338576582966,2.202358212490646
station_wake_L5,Smooth stage-aware SAC,strict_two_stage_v3_v1,two_stage_v3,1,13,9013,1250013,station_wake,5,0.0,0.0,0.1,1,1,0,0,1,0,63,0.25,1,48,0.36699506640434265,0.32838299323177333,0.542566180229187,0.3028989773473717,3.463749885559082,12.299072965979576,0.2140003030161953,1.198998061456317,1.241534584490619,0.15000000000000002,0.18343995287345113,0.24568581277760607,0.0587786003947258,0.0673028901219368,0.0587786003947258,0.2113112062215805,0.44392839074134827,67,0.055851061171335745,0.3113749040063793
station_wake_L5,Smooth stage-aware SAC,strict_two_stage_v3_v1,two_stage_v3,1,14,9014,1250014,station_wake,5,0.0,0.0,0.1,1,1,0,0,1,0,61,0.25,1,35,0.20181992650032043,0.13409110482809344,0.9171721339225769,0.4992310846441894,4.29117739200592,18.953042924404144,0.29102715031190635,1.5006552459809632,0.0,1.3,0.09994450609668219,0.10631209543248622,0.05343957245349884,0.06820902973413467,0.05343957245349884,0.14790500700473785,0.20462021231651306,65,0.07979507638343031,4.315097512881555
station_wake_L5,Smooth stage-aware SAC,strict_two_stage_v3_v1,two_stage_v3,1,15,9015,1250015,station_wake,5,0.0,0.0,0.1,1,1,0,0,1,0,57,0.25,1,36,0.4815994203090668,0.42638946566337205,0.705268383026123,0.44666388254960027,4.16965676471591,17.994536086916924,0.2473481714083043,1.6963798855148104,3.292366544348413,0.25,0.1471043284446686,0.1654013970350532,0.041974838450551034,0.053659867495298386,0.041974838450551034,0.1218169555068016,0.15528492629528046,61,0.08358534995793448,3.292366544348413
station_wake_L5,Smooth stage-aware SAC,strict_two_stage_v3_v1,two_stage_v3,1,16,9016,1250016,station_wake,5,0.0,0.0,0.1,1,1,0,0,1,0,40,0.25,1,18,1.3405927419662476,1.1777925690445752,1.103447675704956,0.8637788209114733,3.083021640777588,5.763372182846069,0.35838940585997214,1.98574567832164,0.0,0.7000000000000001,0.1114346289928014,0.13860475007528195,0.03404081612825394,0.03832213208079338,0.03404081612825394,0.0782102644443512,0.1773671805858612,44,0.09324104028082772,0.06319817958518092
station_wake_L5,Smooth stage-aware SAC,strict_two_stage_v3_v1,two_stage_v3,1,17,9017,1250017,station_wake,5,0.0,0.0,0.1,1,1,0,0,1,0,54,0.25,1,31,0.13383275270462036,0.055608993043134575,0.729687511920929,0.45597491200443485,1.858774721622467,11.380414217710495,0.215396291908665,1.5245660039760562,0.0,0.55,0.13306668468921268,0.14557996844787832,0.04130416661500931,0.04487818479537964,0.04130416661500931,0.03561100363731384,0.054516494274139404,58,0.0881701189805267,2.2311431909740183
station_wake_L5,Smooth stage-aware SAC,strict_two_stage_v3_v1,two_stage_v3,1,18,9018,1250018,station_wake,5,0.0,0.0,0.1,1,1,0,0,1,0,72,0.25,1,32,0.22284549474716187,0.18672970366689792,0.4649600386619568,0.30541409654405566,3.423297554254532,12.093311101198196,0.24173329137485491,1.5032307147269088,0.0,0.0,0.08389078813048978,0.08638923889625198,0.007152030616998673,0.007765181828290224,0.007152030616998673,0.006006175652146339,0.006851460784673691,76,0.09728293761859819,1.2775039614854928
station_wake_L5,Smooth stage-aware SAC,strict_two_stage_v3_v1,two_stage_v3,1,19,9019,1250019,station_wake,5,0.0,0.0,0.1,1,1,0,0,1,0,53,0.25,1,30,0.2712095379829407,0.18087270527969723,1.2464148551225662,0.9224368150357491,5.368371307849884,25.076700747013092,0.38072670968453615,2.482777085814337,6.2796652507391455,1.1500000000000001,0.05369989407918192,0.06652501970129876,0.08539527356624603,0.08911336213350296,0.08539527356624603,0.04005768895149231,0.05146324634552002,57,0.0505314172624643,3.9558620059374414
station_wake_L5,Smooth stage-aware SAC,strict_two_stage_v3_v1,two_stage_v3,1,20,9020,1250020,station_wake,5,0.0,0.0,0.1,1,1,0,0,1,0,35,0.25,1,20,1.0773371458053589,0.8753789629067005,1.7215704917907715,1.31446965251646,8.302475502714515,30.35788893699646,0.5916313235424234,3.1494823920195794,0.0,0.45,0.1965209775811024,0.24686979560291425,0.08921502828598023,0.12832102179527283,0.08921502828598023,0.3765503764152527,0.4677128791809082,39,0.06706352452275907,0.34194920528931
station_wake_L5,Smooth stage-aware SAC,strict_two_stage_v3_v1,two_stage_v3,1,21,9021,1250021,station_wake,5,0.0,0.0,0.1,1,1,0,0,1,0,58,0.25,1,42,0.4058835208415985,0.31307958460595736,1.5516650676727295,1.0428707069302527,5.006230473518372,16.919171512126923,0.33867811638509276,1.9815959614139766,0.6205778612175474,0.25,0.18629859896863282,0.23074057616629814,0.011464119609445333,0.026473598554730415,0.011464119609445333,0.2147890329360962,0.3258880600333214,62,0.07163723870287142,0.5754516551449195
station_wake_L5,Smooth stage-aware SAC,strict_two_stage_v3_v1,two_stage_v3,1,22,9022,1250022,station_wake,5,0.0,0.0,0.1,1,1,0,0,1,0,45,0.25,1,19,0.4159599244594574,0.22158668380700083,1.2023800611495972,1.0852927437376307,1.5884745121002197,7.975953221321106,0.3808440824399197,2.186829756853777,0.0,0.8,0.12132873451863042,0.13332820837763734,0.042944783717393874,0.05459131300449371,0.042944783717393874,0.11884920299053192,0.17152875661849976,49,0.08766197760434868,1.2197741354034872
station_wake_L5,Smooth stage-aware SAC,strict_two_stage_v3_v1,two_stage_v3,1,23,9023,1250023,station_wake,5,0.0,0.0,0.1,1,1,0,0,1,0,65,0.25,1,44,0.42423126101493835,0.3488129272766959,0.46718597412109375,0.31628364325045,2.734483852982521,12.667191177606583,0.16232381441511898,1.331385490692465,0.0,0.4,0.13956167639897427,0.15671269959534967,0.03452421240508556,0.044168535619974136,0.03452421240508556,0.10455929487943649,0.19687965512275696,69,0.08097563088803056,0.21985965391661141
station_wake_L5,Smooth stage-aware SAC,strict_two_stage_v3_v1,two_stage_v3,1,24,9024,1250024,station_wake,5,0.0,0.0,0.1,1,1,0,0,1,0,54,0.25,1,37,0.27551597356796265,0.23186884879954614,0.6164839863777161,0.32114870583242916,4.10948246717453,24.249407574534416,0.44899744041219636,2.49028454513994,0.0,0.05,0.1644348979204588,0.1972753978137125,0.028200918063521384,0.03427864983677864,0.028200918063521384,0.11659694090485573,0.21991143003106117,58,0.07755998369831814,0.6769643278280291
station_wake_L5,Smooth stage-aware SAC,strict_two_stage_v3_v1,two_stage_v3,1,25,9025,1250025,station_wake,5,0.0,0.0,0.1,1,1,0,0,1,0,31,0.25,1,21,0.5043060183525085,0.4659422315323604,0.9713757038116455,0.5537578443161745,4.1307054832577705,25.71553200483322,0.9949358413019487,3.8229847349609227,0.0,0.45,0.25483392789838044,0.3734654682983356,0.20327300131320952,0.24255797266960144,0.20327300131320952,0.37647944688796997,0.5873072147369385,35,0.04410044158973121,1.4097405859634653
station_wake_L5,Smooth stage-aware SAC,strict_two_stage_v3_v1,two_stage_v3,1,26,9026,1250026,station_wake,5,0.0,0.0,0.1,1,1,0,0,1,0,42,0.25,1,25,0.7552436590194702,0.5416214894718995,1.6336309909820557,1.0130095535213137,4.0861934423446655,17.508637011051178,0.2983958202226134,2.1775474322928807,4.247803074084004,0.0,0.18388179247506722,0.21008056366973335,0.08240379244089127,0.08982145041227341,0.08240379244089127,0.07670730352401733,0.1080089807510376,46,0.065458325246542,2.592362014098374
station_wake_L5,Smooth stage-aware SAC,strict_two_stage_v3_v1,two_stage_v3,1,27,9027,1250027,station_wake,5,0.0,0.0,0.1,1,1,0,0,1,0,40,0.25,1,20,0.3023947775363922,0.1964070934377947,0.924077033996582,0.49571848518736644,2.46286541223526,10.427644476294518,0.38655060912408634,1.7979172904777831,0.012628390284042132,0.0,0.1733861507900631,0.20132777265132298,0.009836944378912449,0.010692019946873188,0.009836944378912449,0.017190363258123398,0.025169160217046738,44,0.07855283087031252,0.17256275502881518
station_wake_L5,Smooth stage-aware SAC,strict_two_stage_v3_v1,two_stage_v3,1,28,9028,1250028,station_wake,5,0.0,0.0,0.1,1,1,0,0,1,0,49,0.25,1,27,0.41985177993774414,0.2716897206956343,0.8749884366989136,0.6105039216105428,1.43475741147995,7.7993011474609375,0.10003892350653078,0.8444073000691255,0.0,1.1,0.12070647125987952,0.14293674175959759,0.14834186434745789,0.1641317903995514,0.14834186434745789,0.14920687675476074,0.18087714910507202,53,0.07140175480847738,3.061484592617414
station_wake_L5,Smooth stage-aware SAC,strict_two_stage_v3_v1,two_stage_v3,1,29,9029,1250029,station_wake,5,0.0,0.0,0.1,1,1,0,0,1,0,46,0.25,1,26,1.1867096424102783,0.7696806163427891,2.3821473121643066,1.988111215135619,5.96721360925585,25.331029891967773,0.4620083895924058,3.175336434948712,0.0,0.7000000000000001,0.08779979871186913,0.10729939531609332,0.054246609658002855,0.056665174663066864,0.054246609658002855,0.022955119609832764,0.03156818449497223,50,0.07330722719199016,3.1064093081095265
station_wake_L5,Smooth stage-aware SAC,strict_two_stage_v3_v1,two_stage_v3,1,30,9030,1250030,station_wake,5,0.0,0.0,0.1,1,1,0,0,1,0,47,0.25,1,34,0.09954977035522461,0.07176694538069567,0.25380581617355347,0.13543184190808025,1.8493852019309998,9.28050294984132,0.28597285103029335,1.851887947948732,0.0,0.35000000000000003,0.1339861130772162,0.20103335040640122,0.06331816390156746,0.10006100684404373,0.06331816390156746,0.28795023262500763,0.45425280928611755,51,0.05980931356530458,2.5671746243168942
station_wake_L5,Smooth stage-aware SAC,strict_two_stage_v3_v1,two_stage_v3,1,31,9031,1250031,station_wake,5,0.0,0.0,0.1,1,1,0,0,1,0,55,0.25,1,42,0.27528122067451477,0.2601458077986373,0.5592313408851624,0.197050777706435,4.283421412110329,11.445385739207268,0.31307107934647516,1.6266919964061675,0.0,0.2,0.22800896522880337,0.3099815860842723,0.013047139160335064,0.022468917071819305,0.013047139160335064,0.21025130152702332,0.32450076192617416,59,0.06735150369310298,2.16991545426332
station_wake_L5,Smooth stage-aware SAC,strict_two_stage_v3_v1,two_stage_v3,1,32,9032,1250032,station_wake,5,0.0,0.0,0.1,1,1,0,0,1,0,64,0.25,1,43,0.3053736388683319,0.22155679047563331,0.48434317111968994,0.3654819491352433,1.1803287267684937,5.8269137144088745,0.1695360940454691,1.2947124508627574,0.0,0.65,0.1723511192400299,0.19439068154659264,0.07661999091506004,0.09689135104417801,0.07661999091506004,0.20796330273151398,0.2658414840698242,68,0.07583042958547606,0.6211058134960482
station_wake_L5,Smooth stage-aware SAC,strict_two_stage_v3_v1,two_stage_v3,1,33,9033,1250033,station_wake,5,0.0,0.0,0.1,1,1,0,0,1,0,34,0.25,0,-1,nan,nan,nan,nan,nan,nan,nan,nan,0.0,nan,0.08789081923865938,0.09891304249688335,0.22115792334079742,0.292621910572052,0.22115792334079742,0.7115163207054138,1.0004925727844238,38,0.06260475049639837,1.8791237788880237
station_wake_L5,Smooth stage-aware SAC,strict_two_stage_v3_v1,two_stage_v3,1,34,9034,1250034,station_wake,5,0.0,0.0,0.1,1,1,0,0,1,0,35,0.25,1,19,1.1719766855239868,1.1200122577958747,1.0867607593536377,0.6374030337954755,2.980600595474243,15.849989652633667,0.3309322026209497,2.371991114115517,0.0,0.8,0.1369957648576327,0.19048974664653365,0.22499722838401795,0.342187762260437,0.22499722838401795,1.1521486043930054,1.5023469924926758,39,0.051054140750083556,2.6149227692571606
station_wake_L5,Smooth stage-aware SAC,strict_two_stage_v3_v1,two_stage_v3,1,35,9035,1250035,station_wake,5,0.0,0.0,0.1,1,1,0,0,1,0,66,0.25,1,44,0.4248935878276825,0.3303235338899151,0.8315253257751465,0.5770902159494906,2.161874435842037,8.963831961154938,0.18860319392023125,1.2697168907547483,0.5853282687673166,0.0,0.17208464523838102,0.1904692688250953,0.008781118132174016,0.011333939619362354,0.008781118132174016,0.037181396037340164,0.06025973707437515,70,0.0804163425272989,0.4515422585648091
station_wake_L5,Smooth stage-aware SAC,strict_two_stage_v3_v1,two_stage_v3,1,36,9036,1250036,station_wake,5,0.0,0.0,0.1,1,1,0,0,1,0,37,0.25,1,12,1.2278482913970947,0.9692361196964553,1.5523314476013184,1.2626744331832889,0.9703242778778076,2.1533894538879395,0.522261385959137,2.6315849595820886,0.0,1.25,0.10292858879660952,0.11826314574244405,0.15922824442386627,0.197763130068779,0.15922824442386627,0.40050584077835083,0.5369779467582703,41,0.06700071412661872,3.188296659512221
station_wake_L5,Smooth stage-aware SAC,strict_two_stage_v3_v1,two_stage_v3,1,37,9037,1250037,station_wake,5,0.0,0.0,0.1,1,1,0,0,1,0,48,0.25,1,32,0.6911137700080872,0.465951185891662,1.1873435974121094,0.9229272653156648,1.5772980451583862,7.62058287858963,0.14407059741038855,1.2657826409268131,1.688651360720936,0.15000000000000002,0.23043646336483725,0.28417222835896616,0.021616045013070108,0.03331345319747925,0.021616045013070108,0.36544620990753174,0.5200567841529846,52,0.06704563220012096,1.49927380053346
station_wake_L5,Smooth stage-aware SAC,strict_two_stage_v3_v1,two_stage_v3,1,38,9038,1250038,station_wake,5,0.0,0.0,0.1,1,1,0,0,1,0,61,0.25,1,46,0.2513860762119293,0.17973678204422863,0.9785521030426025,0.7621834826876008,4.744078479707241,20.68107545375824,0.37346840443707685,1.7975681949109612,0.0,0.0,0.19072111794538246,0.23553566605603388,0.044883524626493455,0.04662691429257393,0.044883524626493455,0.02413111925125122,0.03462791442871094,65,0.057511983075694904,1.6188785237500227
station_wake_L5,Smooth stage-aware SAC,strict_two_stage_v3_v1,two_stage_v3,1,39,9039,1250039,station_wake,5,0.0,0.0,0.1,1,1,0,0,1,0,63,0.25,1,50,0.17970076203346252,0.14825959398379449,0.5128750205039978,0.28063829228011705,3.5039865970611572,18.701387345790863,0.34849893643843777,2.314321172727438,0.0,0.0,0.17902510531961807,0.2769036434071845,0.020855411142110824,0.02943393588066101,0.020855411142110824,0.2087334543466568,0.39235670119524,67,0.06487634236255088,0.8205877847869117
station_wake_L5,Smooth stage-aware SAC,strict_two_stage_v3_v1,two_stage_v3,1,40,9040,1250040,station_wake,5,0.0,0.0,0.1,1,1,0,0,1,0,72,0.25,1,46,0.4686860144138336,0.26773774795111055,1.1055660247802734,0.8980859049287643,2.472366690635681,12.042695581912994,0.3020465297530319,1.6965602868517617,0.5610886210940289,0.05,0.10057516952015533,0.10537877915523901,0.03091413639485836,0.03746718168258667,0.03091413639485836,0.06564150005578995,0.0741250067949295,76,0.09395495500899564,0.5610886210940289
station_wake_L5,Smooth stage-aware SAC,strict_two_stage_v3_v1,two_stage_v3,1,41,9041,1250041,station_wake,5,0.0,0.0,0.1,1,1,0,0,1,0,52,0.25,1,39,0.33593419194221497,0.1604597897634593,1.4194828271865845,0.8841876934154722,2.995069921016693,12.777321934700012,0.15837072897913598,1.008844286702647,0.0,0.6000000000000001,0.15075631415238805,0.2325065532717699,0.16885691583156587,0.20432692766189575,0.16885691583156587,0.3504742383956909,0.49724578857421875,56,0.06303473192511451,1.986206844365249
station_wake_L5,Smooth stage-aware SAC,strict_two_stage_v3_v1,two_stage_v3,1,42,9042,1250042,station_wake,5,0.0,0.0,0.1,1,1,0,0,1,0,33,0.25,1,5,0.7759968638420105,0.4940726920087272,1.9971619546413422,1.6488038954559483,19.637819528579712,20.301179885864258,1.835727414292782,3.6330471650228935,0.0,1.4000000000000001,0.0946777393984159,0.1281872051160771,0.2028880774974823,0.27482014894485474,0.2028880774974823,0.7447053790092468,1.1655402183532715,37,0.05033302746975124,2.7775416759889366
station_wake_L5,Smooth stage-aware SAC,strict_two_stage_v3_v1,two_stage_v3,1,43,9043,1250043,station_wake,5,0.0,0.0,0.1,1,1,0,0,1,0,56,0.25,1,39,0.49238821864128113,0.43121743602034157,0.8418649435043335,0.626364345751872,4.468297213315964,16.557202339172363,0.2763824375207281,1.2499041664590527,0.0,0.30000000000000004,0.21310805088352236,0.26159843934495275,0.020933779142796993,0.03234776481986046,0.020933779142796993,0.13805674389004707,0.28330445289611816,60,0.06569691592355349,1.0352288273320898
station_wake_L5,Smooth stage-aware SAC,strict_two_stage_v3_v1,two_stage_v3,1,44,9044,1250044,station_wake,5,0.0,0.0,0.1,1,1,0,0,1,0,33,0.25,1,20,0.9587685465812683,0.8031664044325783,1.5377652645111084,1.0308473217885634,4.720691442489624,27.106839418411255,0.3613837972151589,2.689849978120698,0.0,0.4,0.24717073316960225,0.3284260555503935,0.0687820553779602,0.09094413369894028,0.0687820553779602,0.24546250700950623,0.5693627893924713,37,0.05582205886353707,1.7750701157511106
station_wake_L5,Smooth stage-aware SAC,strict_two_stage_v3_v1,two_stage_v3,1,45,9045,1250045,station_wake,5,0.0,0.0,0.1,1,1,0,0,1,0,61,0.25,1,39,0.5152431726455688,0.2768423433187264,1.466260552406311,1.22145513695106,3.8258548080921173,13.180353194475174,0.29751399231169906,1.1889671078150228,0.0,0.7000000000000001,0.1397405744315719,0.15425232004868705,0.046218959242105485,0.058638155460357666,0.046218959242105485,0.12684299051761627,0.16252771019935608,65,0.08292922333433535,2.131287105968901
station_wake_L5,Smooth stage-aware SAC,strict_two_stage_v3_v1,two_stage_v3,1,46,9046,1250046,station_wake,5,0.0,0.0,0.1,1,1,0,0,1,0,48,0.25,1,33,0.2721858024597168,0.19015535847602896,0.5880236625671387,0.3634048297102881,2.44363471865654,12.86785401403904,0.3616752752817486,1.9369871700990005,0.0,0.4,0.13933649204942467,0.18414019538348758,0.07879635617136956,0.09859462082386017,0.07879635617136956,0.18042002618312836,0.24924591183662415,52,0.060722083089158885,1.8930654756444891
station_wake_L5,Smooth stage-aware SAC,strict_two_stage_v3_v1,two_stage_v3,1,47,9047,1250047,station_wake,5,0.0,0.0,0.1,1,1,0,0,1,0,89,0.25,1,61,0.37216466665267944,0.32384069302939084,0.7927483320236206,0.5020225417217844,2.3626184463500977,11.000495627522469,0.17347053036167911,1.0579213467308624,8.137149282789276,1.4000000000000001,0.09936602272190934,0.10796289261198228,0.06171024739742279,0.0729307010769844,0.06171024739742279,0.11228059232234955,0.12945249676704407,93,0.06766246703816334,4.156441183085444
station_wake_L5,Smooth stage-aware SAC,strict_two_stage_v3_v1,two_stage_v3,1,48,9048,1250048,station_wake,5,0.0,0.0,0.1,1,1,0,0,1,0,62,0.25,1,36,0.09644357860088348,0.06398421002338538,0.6903224438428879,0.41364522185028996,2.3468896746635437,12.17664435505867,0.17212618448774597,1.1768664440074201,0.8331834006683557,0.4,0.12082704035064995,0.1305252220134137,0.04417448565363884,0.05731944739818573,0.04417448565363884,0.13152208924293518,0.1600956916809082,66,0.085281360535931,0.8331834006683557
station_wake_L5,Smooth stage-aware SAC,strict_two_stage_v3_v1,two_stage_v3,1,49,9049,1250049,station_wake,5,0.0,0.0,0.1,1,1,0,0,1,0,41,0.25,1,18,0.43037790060043335,0.21179875670063222,1.7953068017959595,1.3276043228304484,4.1302573680877686,21.994918435811996,0.44022477825120293,2.2676617573205555,2.66373514304748,0.0,0.12317521038464005,0.13764496654044636,0.015125608071684837,0.01626766286790371,0.015125608071684837,0.009873948991298676,0.013849455863237381,45,0.08872759039154803,2.106036536937599
station_wake_L5,Smooth stage-aware SAC,strict_two_stage_v3_v1,two_stage_v3,1,50,9050,1250050,station_wake,5,0.0,0.0,0.1,1,1,0,0,1,0,35,0.25,1,18,1.2545732259750366,1.0918412191005107,1.2388086318969727,0.9356717429207254,3.7311649322509766,8.036062717437744,0.3673779784778718,2.5406798012428284,0.0,0.75,0.15109215180643362,0.1872361868311765,0.1653274953365326,0.2451304942369461,0.1653274953365326,0.7769689559936523,0.8879989385604858,39,0.06186205832711191,1.4539456769934935
station_wake_L5,Smooth stage-aware SAC,strict_two_stage_v3_v1,two_stage_v3,1,51,9051,1250051,station_wake,5,0.0,0.0,0.1,1,1,0,0,1,0,60,0.25,1,42,0.41003426909446716,0.21826500296700396,1.349320411682129,1.002721826395898,5.632708296179771,23.053602278232574,0.42259957144915855,1.8841415925344205,0.5547792338482296,0.0,0.18064650327435897,0.2073302621664096,0.05704327747225761,0.069806769490242,0.05704327747225761,0.13147121667861938,0.1540202647447586,64,0.07662948913491031,0.5547792338482296
station_wake_L5,Smooth stage-aware SAC,strict_two_stage_v3_v1,two_stage_v3,1,52,9052,1250052,station_wake,5,0.0,0.0,0.1,1,1,0,0,1,0,59,0.25,1,44,0.11593494564294815,0.0907091510239443,0.39107903838157654,0.27347854275787475,2.98081174492836,13.826372921466827,0.24889494870830395,1.4066862551633381,0.0,0.6000000000000001,0.16225023460249702,0.22239336853115976,0.16912298500537873,0.2124730497598648,0.16912298500537873,0.3996466398239136,0.5269327759742737,63,0.0777547582197149,1.1776904584409826
station_wake_L5,Smooth stage-aware SAC,strict_two_stage_v3_v1,two_stage_v3,1,53,9053,1250053,station_wake,5,0.0,0.0,0.1,1,1,0,0,1,0,61,0.25,1,41,0.15610606968402863,0.10111997958876416,0.4428274929523468,0.2681342216398015,3.1077614426612854,10.01054897904396,0.18221455464160177,1.1329921366446265,0.0,1.0,0.18175713798526896,0.21189405827329602,0.08512263894081115,0.08609995245933533,0.08512263894081115,0.02703547477722168,0.0745081901550293,65,0.0752511054147759,3.971121502316896
station_wake_L5,Smooth stage-aware SAC,strict_two_stage_v3_v1,two_stage_v3,1,54,9054,1250054,station_wake,5,0.0,0.0,0.1,1,1,0,0,1,0,50,0.25,1,34,0.2666163742542267,0.1875294736494381,1.1688467860221863,0.882886213919125,5.460323691368103,21.97680652141571,0.40608742417024285,2.53331521229306,0.0,0.30000000000000004,0.17423038271189664,0.22361458527676012,0.05714411959052086,0.06498076766729355,0.05714411959052086,0.09965105354785919,0.15486136078834534,54,0.06867161487564216,1.1479488265869853
station_wake_L5,Smooth stage-aware SAC,strict_two_stage_v3_v1,two_stage_v3,1,55,9055,1250055,station_wake,5,0.0,0.0,0.1,1,1,0,0,1,0,69,0.25,1,48,0.5824332237243652,0.527422815330013,0.6671416759490967,0.43554024970517935,2.1732765436172485,14.573867209255695,0.19670161385847554,1.5407358497130414,0.0,0.65,0.15838192815473326,0.17650302970575518,0.0915588080883026,0.10732321441173553,0.0915588080883026,0.140828937292099,0.1678648591041565,73,0.08134622777921427,0.5380037556381494
station_wake_L5,Smooth stage-aware SAC,strict_two_stage_v3_v1,two_stage_v3,1,56,9056,1250056,station_wake,5,0.0,0.0,0.1,1,1,0,0,1,0,55,0.25,1,41,0.1288149207830429,0.05455568862397263,0.8817054331302643,0.5628791807368173,3.0685871839523315,19.216904044151306,0.3244583406656156,1.9396969286387458,0.0,0.7000000000000001,0.15089450399677934,0.21423823312930912,0.20537339448928832,0.24863429367542267,0.20537339448928832,0.4807596206665039,0.624135434627533,59,0.03342959122471004,2.266205753634867
station_wake_L5,Smooth stage-aware SAC,strict_two_stage_v3_v1,two_stage_v3,1,57,9057,1250057,station_wake,5,0.0,0.0,0.1,1,1,0,0,1,0,45,0.25,1,26,0.7894729971885681,0.6904537349540983,0.9457361698150635,0.5641999142337243,5.128850042819977,14.629421383142471,0.4516492546313094,2.345644013807518,0.0,0.9500000000000001,0.12080993244003535,0.15368133899312617,0.11217041611671448,0.13359200954437256,0.11217041611671448,0.20760083198547363,0.34573107957839966,49,0.03553492846389784,3.7421880754900547
station_wake_L5,Smooth stage-aware SAC,strict_two_stage_v3_v1,two_stage_v3,1,58,9058,1250058,station_wake,5,0.0,0.0,0.1,1,1,0,0,1,0,98,0.25,1,39,0.40586018562316895,0.3837958801587275,0.6178921461105347,0.2830099072498457,3.048023567534983,9.741184711456299,0.4401632557217695,2.0280291833631816,2.839151049519509,0.4,0.07399018356256098,0.07458027033248169,0.0034067293163388968,0.003932200837880373,0.0034067293163388968,0.005269868299365044,0.006200876086950302,102,0.09889825782677626,1.6953564720517729
station_wake_L5,Smooth stage-aware SAC,strict_two_stage_v3_v1,two_stage_v3,1,59,9059,1250059,station_wake,5,0.0,0.0,0.1,1,1,0,0,1,0,28,0.25,1,14,0.2918451130390167,0.16074420022089425,1.0676577687263489,0.6969013174292118,4.587922394275665,27.54679873585701,0.6338601322176841,3.9890130828376615,0.0,0.0,0.16459949844500069,0.21594979927133015,0.04969791546463966,0.06004781648516655,0.04969791546463966,0.16070973128080368,0.2741430699825287,32,0.06412547624909105,2.2127317757360143
station_wake_L5,Smooth stage-aware SAC,strict_two_stage_v3_v1,two_stage_v3,1,60,9060,1250060,station_wake,5,0.0,0.0,0.1,1,1,0,0,1,0,58,0.25,1,34,0.864662766456604,0.6437515024686835,1.3441407680511475,1.0193696523347833,2.7805280685424805,13.437409400939941,0.3213961403104562,1.970940841502444,3.4009855486152447,0.05,0.16943756410484415,0.18928047495638914,0.032055056840181353,0.04079725593328476,0.032055056840181353,0.09535767138004303,0.11183030903339386,62,0.07652455915940692,0.7147283370273237
station_wake_L5,Smooth stage-aware SAC,strict_two_stage_v3_v1,two_stage_v3,1,61,9061,1250061,station_wake,5,0.0,0.0,0.1,1,1,0,0,1,0,61,0.25,1,49,0.33586832880973816,0.30338098084513787,0.6939995288848877,0.3512178085401303,5.239118784666061,14.868464320898056,0.310332765410316,1.7901407396265618,0.0,0.2,0.19703554066294598,0.28935835719754954,0.06088390052318573,0.06800506263971329,0.06088390052318573,0.13083013892173767,0.29700517654418945,65,0.04608412492029434,0.6111828292924891
station_wake_L5,Smooth stage-aware SAC,strict_two_stage_v3_v1,two_stage_v3,1,62,9062,1250062,station_wake,5,0.0,0.0,0.1,1,1,0,0,1,0,42,0.25,1,26,1.0365351438522339,0.642980891341753,2.4476349353790283,1.8393725658429851,8.290768563747406,33.58967185020447,0.4997300296284489,3.1114253409921044,0.0,0.05,0.133781381558485,0.15981996498753762,0.018679500091820955,0.03897412121295929,0.018679500091820955,0.18104731477797031,0.2829969674348831,46,0.07798012855639584,0.6053646286975489
station_wake_L5,Smooth stage-aware SAC,strict_two_stage_v3_v1,two_stage_v3,1,63,9063,1250063,station_wake,5,0.0,0.0,0.1,0,0,0,0,0,0,-1,nan,1,30,0.2615392506122589,0.18240492920175863,0.4862883687019348,0.3785414485366851,1.3918913528323174,6.530091464519501,0.1402526660366356,0.7623924087829604,0.0,nan,nan,nan,nan,nan,2.3680354033217553e-08,nan,nan,1000,0.08838773480045027,5.412229945487057
station_wake_L5,Smooth stage-aware SAC,strict_two_stage_v3_v1,two_stage_v3,1,64,9064,1250064,station_wake,5,0.0,0.0,0.1,1,1,0,0,1,0,53,0.25,1,40,0.15451021492481232,0.11022049517780294,0.5543038249015808,0.3888131557696135,3.7976355850696564,14.255364015698433,0.22577936279633137,1.3662247944120194,0.0,0.0,0.26812968965677575,0.3795158284115211,0.03914161026477814,0.06850063800811768,0.03914161026477814,0.28423475474119186,0.530414953827858,57,0.051024694166787336,1.7446839915158991
station_wake_L5,Smooth stage-aware SAC,strict_two_stage_v3_v1,two_stage_v3,1,65,9065,1250065,station_wake,5,0.0,0.0,0.1,1,1,0,0,1,0,42,0.25,1,24,0.8898310661315918,0.7832612916212263,1.4332866668701172,1.0191075016841784,9.889276921749115,25.256149172782898,0.8132899463381221,3.550172696887864,2.5559355480376382,0.25,0.1848580829724995,0.2130410036164823,0.01213616095483303,0.021024513989686966,0.01213616095483303,0.20764265209436417,0.3044995665550232,46,0.07071553152500115,2.437742326101741
station_wake_L5,Smooth stage-aware SAC,strict_two_stage_v3_v1,two_stage_v3,1,66,9066,1250066,station_wake,5,0.0,0.0,0.1,1,1,0,0,1,0,39,0.25,1,22,0.6830193996429443,0.516622917247857,1.1018621921539307,0.8021374942282413,1.4670216664671898,11.775512993335724,0.14276031670305117,1.0335379294876326,0.0,0.35000000000000003,0.2028100978551024,0.24173222058332758,0.02057627271860838,0.033844947814941406,0.02057627271860838,0.12897583097219467,0.18221408128738403,43,0.07080527290265079,1.9783307824785779
station_wake_L5,Smooth stage-aware SAC,strict_two_stage_v3_v1,two_stage_v3,1,67,9067,1250067,station_wake,5,0.0,0.0,0.1,1,1,0,0,1,0,68,0.25,1,54,0.3154652416706085,0.19465288434204403,1.0211482644081116,0.5847314224781618,4.114223420619965,15.993740856647491,0.2505892561179123,1.7216032374341774,1.6040400444998757,0.0,0.18847581717975978,0.2687839890739247,0.020969280786812306,0.025343885645270348,0.020969280786812306,0.07014210149645805,0.16187818720936775,72,0.06914272423893653,1.6040400444998757
station_wake_L5,Smooth stage-aware SAC,strict_two_stage_v3_v1,two_stage_v3,1,68,9068,1250068,station_wake,5,0.0,0.0,0.1,1,1,0,0,1,0,51,0.25,1,38,0.21028165519237518,0.13257859026926896,0.983673706650734,0.664707737147416,7.332407981157303,29.888258576393127,0.4669216693171727,2.188310499866982,0.0,0.0,0.15363223624344766,0.2512898022917103,0.11653137654066086,0.13981176912784576,0.11653137654066086,0.41931819915771484,0.7641090452671051,55,0.0744785513654198,3.220692460189003
station_wake_L5,Smooth stage-aware SAC,strict_two_stage_v3_v1,two_stage_v3,1,69,9069,1250069,station_wake,5,0.0,0.0,0.1,1,1,0,0,1,0,55,0.25,1,32,0.47218045592308044,0.43218451089386783,0.45753180980682373,0.31776480259096185,1.89446359872818,8.381598740816116,0.20665408894168522,0.9970571039731843,0.0,0.65,0.13813378230183224,0.1531609301370592,0.05724013224244118,0.06645552068948746,0.05724013224244118,0.0886421650648117,0.10280869901180267,59,0.08625621468787362,1.3509941289121856
station_wake_L5,Smooth stage-aware SAC,strict_two_stage_v3_v1,two_stage_v3,1,70,9070,1250070,station_wake,5,0.0,0.0,0.1,1,1,0,0,1,0,43,0.25,1,23,0.1582956314086914,0.10912508394986843,0.475674644112587,0.29107253859675286,3.2622024416923523,8.208957388997078,0.4925487694483199,2.4434329287927343,0.0,0.5,0.1703175857038149,0.19661275796859873,0.028666659072041512,0.05444731563329697,0.028666659072041512,0.25010986626148224,0.3723108768463135,47,0.0732083168117918,0.9107017788797692
station_wake_L5,Smooth stage-aware SAC,strict_two_stage_v3_v1,two_stage_v3,1,71,9071,1250071,station_wake,5,0.0,0.0,0.1,1,1,0,0,1,0,35,0.25,1,19,0.3237072229385376,0.24393641755694956,0.9930256009101868,0.5566940932975433,3.0545642971992493,19.34230536222458,0.4378053157027643,2.6596921552555037,0.0,0.0,0.12038589159214781,0.14811716826453872,0.023847609385848047,0.04715937376022339,0.023847609385848047,0.19355889409780502,0.27362022548913956,39,0.07607517856705048,2.8627384674879135
station_wake_L5,Smooth stage-aware SAC,strict_two_stage_v3_v1,two_stage_v3,1,72,9072,1250072,station_wake,5,0.0,0.0,0.1,1,1,0,0,1,0,49,0.25,1,28,0.6234865188598633,0.5134997002779625,0.5969500541687012,0.4263328034047663,1.387494527734816,6.336131989955902,0.5429741142842637,2.044015063503493,0.0,0.65,0.14749623275010743,0.1640249575656301,0.09541482180356979,0.11219611763954163,0.09541482180356979,0.16219234466552734,0.17751559615135193,53,0.08381195530279938,0.49746546233621297
station_wake_L5,Smooth stage-aware SAC,strict_two_stage_v3_v1,two_stage_v3,1,73,9073,1250073,station_wake,5,0.0,0.0,0.1,1,1,0,0,1,0,41,0.25,1,24,0.10635591298341751,0.06669454339386961,0.5764782428741455,0.2695605057758673,2.9783745110034943,13.195937424898148,0.48883469237035027,2.2864692851411195,0.0,0.05,0.18424437448529124,0.23279040897048567,0.07438917979598045,0.08794062584638596,0.07438917979598045,0.12963734567165375,0.22312983870506287,45,0.0702976734602806,0.7519820030295715
station_wake_L5,Smooth stage-aware SAC,strict_two_stage_v3_v1,two_stage_v3,1,74,9074,1250074,station_wake,5,0.0,0.0,0.1,1,1,0,0,1,0,60,0.25,1,41,0.10906721651554108,0.07142748281467116,0.2569897472858429,0.1814553102260972,1.0433615744113922,5.723804086446762,0.13927968998705328,0.7153980883530421,0.0,0.75,0.08098749685577955,0.09928599619928334,0.08834287077188492,0.10590559989213943,0.08834287077188492,0.16470295190811157,0.19474908709526062,64,0.06662525365443471,2.5580140599794374
station_wake_L5,Smooth stage-aware SAC,strict_two_stage_v3_v1,two_stage_v3,1,75,9075,1250075,station_wake,5,0.0,0.0,0.1,1,1,0,0,1,0,59,0.25,1,47,0.2748563885688782,0.24257774732585302,0.49514979124069214,0.2846016571552723,2.638787627220154,13.623102307319641,0.299607559544395,1.9705815067713461,0.0,0.25,0.1864936308354921,0.28072762699408077,0.0934162087738514,0.1271878480911255,0.0934162087738514,0.3192306309938431,0.457720011472702,63,0.06345653688956955,0.5420103552774495
station_wake_L5,Smooth stage-aware SAC,strict_two_stage_v3_v1,two_stage_v3,1,76,9076,1250076,station_wake,5,0.0,0.0,0.1,1,1,0,0,1,0,57,0.25,1,38,0.30789878964424133,0.19840731763822855,1.3743332028388977,1.1323824265112206,6.656729429960251,22.826229333877563,0.4501260764183927,1.7721130971819843,1.0654591378768603,0.5,0.13175525564032714,0.16492568400220814,0.052731824666261674,0.06645525246858597,0.052731824666261674,0.15378916263580322,0.18742606043815613,61,0.08178643124340165,1.0654591378768603
station_wake_L5,Smooth stage-aware SAC,strict_two_stage_v3_v1,two_stage_v3,1,77,9077,1250077,station_wake,5,0.0,0.0,0.1,1,1,0,0,1,0,64,0.25,1,50,0.0953478068113327,0.046484615450966334,0.41236624121665955,0.2828623440844724,3.4654168784618378,10.776091814041138,0.19679664710269437,1.464698250828635,0.0,0.4,0.22320716586575945,0.28881215195967286,0.0972786471247673,0.1163916140794754,0.0972786471247673,0.2195245325565338,0.3646427392959595,68,0.05053511523828798,1.9579998706403887
station_wake_L5,Smooth stage-aware SAC,strict_two_stage_v3_v1,two_stage_v3,1,78,9078,1250078,station_wake,5,0.0,0.0,0.1,1,1,0,0,1,0,70,0.25,1,58,0.1411612331867218,0.09937494995398881,0.5398887395858765,0.3440871603785047,3.6147771403193474,15.610418543219566,0.21495263784147634,1.7358953106832014,0.0,0.0,0.23799446622471296,0.3337659740613549,0.04975232183933258,0.05508626624941826,0.04975232183933258,0.10363276302814484,0.16624130308628082,74,0.058167466603712255,0.38256094980525046
station_wake_L5,Smooth stage-aware SAC,strict_two_stage_v3_v1,two_stage_v3,1,79,9079,1250079,station_wake,5,0.0,0.0,0.1,1,1,0,0,1,0,39,0.25,1,24,1.071753978729248,0.9874493215025801,2.052011489868164,0.953883960326752,5.82592710852623,27.769557237625122,0.39651082124551296,2.5312395218817842,0.0,0.6000000000000001,0.1791925974896716,0.21247272398293215,0.10626689046621322,0.13453279435634613,0.10626689046621322,0.3098300099372864,0.5571261048316956,43,0.07534857259120291,1.9559303233218748
station_wake_L5,Smooth stage-aware SAC,strict_two_stage_v3_v1,two_stage_v3,1,80,9080,1250080,station_wake,5,0.0,0.0,0.1,1,1,0,0,1,0,28,0.25,1,15,0.28504645824432373,0.162227371782961,0.9011567384004593,0.6686565432526511,8.729650974273682,24.598041474819183,0.5623146634191344,2.063433784960711,0.0,0.45,0.18256010245246634,0.2832104177005664,0.08665000349283218,0.0945577323436737,0.08665000349283218,0.11330509185791016,0.22935286164283752,32,0.0572369012362759,2.8814058013763817
station_wake_L5,Smooth stage-aware SAC,strict_two_stage_v3_v1,two_stage_v3,1,81,9081,1250081,station_wake,5,0.0,0.0,0.1,1,1,0,0,1,0,51,0.25,1,37,0.19072560966014862,0.15818707900370055,0.6500345468521118,0.3428665366760713,3.5127629339694977,16.751288399100304,0.45763341580198447,2.0910129776985085,0.0,0.1,0.12194224534611123,0.16900013432793143,0.03587961234152317,0.05914071947336197,0.03587961234152317,0.23140013962984085,0.4810534417629242,55,0.05669862617909159,0.19896390411036066
station_wake_L5,Smooth stage-aware SAC,strict_two_stage_v3_v1,two_stage_v3,1,82,9082,1250082,station_wake,5,0.0,0.0,0.1,1,1,0,0,1,0,45,0.25,1,31,0.4441602826118469,0.2922962713126848,0.8094188570976257,0.6825264668123104,2.5444454699754715,9.409322515130043,0.20500397941656232,1.4837350929962143,0.0,0.7000000000000001,0.11912955760679662,0.19544403003349733,0.10901039093732834,0.12960298359394073,0.10901039093732834,0.3825862407684326,0.5671843886375427,49,0.04174221808886361,3.5252659632055043
station_wake_L5,Smooth stage-aware SAC,strict_two_stage_v3_v1,two_stage_v3,1,83,9083,1250083,station_wake,5,0.0,0.0,0.1,1,1,0,0,1,0,45,0.25,1,28,0.6505309343338013,0.5486181879000112,0.6615132093429565,0.5143044980830461,2.256469577550888,11.966891959309578,0.39539853125299784,2.1016613667125115,0.0,0.8500000000000001,0.05841254668161276,0.09898332433625914,0.1775039404630661,0.21947994828224182,0.1775039404630661,0.4414411783218384,0.6959372758865356,49,0.039532754952441226,3.058802462707715
station_wake_L5,Smooth stage-aware SAC,strict_two_stage_v3_v1,two_stage_v3,1,84,9084,1250084,station_wake,5,0.0,0.0,0.1,1,1,0,0,1,0,44,0.25,1,22,0.09392335265874863,0.05565773963965337,0.41259802877902985,0.2997029140899798,1.2110033631324768,8.26684221625328,0.2501295270986336,1.6408638334246486,0.0,0.0,0.1454412466088743,0.16071962980992419,0.06634327173233032,0.07897492498159409,0.06634327173233032,0.10673666000366211,0.1467624306678772,48,0.08381886601852358,1.743644948988411
station_wake_L5,Smooth stage-aware SAC,strict_two_stage_v3_v1,two_stage_v3,1,85,9085,1250085,station_wake,5,0.0,0.0,0.1,1,1,0,0,1,0,61,0.25,1,45,0.06054459884762764,0.04670837198965279,0.7528478652238846,0.3158839239255139,3.6846530437469482,17.855408638715744,0.4882459604993329,1.9342953649814305,0.0,0.0,0.19207421543231612,0.23219813493643165,0.03913651630282402,0.0660354420542717,0.03913651630282402,0.2521665245294571,0.30634574592113495,65,0.06554965816364355,1.0760653544408323
station_wake_L5,Smooth stage-aware SAC,strict_two_stage_v3_v1,two_stage_v3,1,86,9086,1250086,station_wake,5,0.0,0.0,0.1,1,1,0,0,1,0,31,0.25,1,10,1.036472201347351,0.7887581284686609,1.5165644884109497,1.229053917451805,0.7873165607452393,3.002263307571411,0.3076295282366388,1.851373992230404,0.0,0.9,0.14174926164737972,0.1713036779755133,0.12314783185720443,0.20264452695846558,0.12314783185720443,0.8359061777591705,1.3351327180862427,35,0.08214469894379048,0.14846606108042176
station_wake_L5,Smooth stage-aware SAC,strict_two_stage_v3_v1,two_stage_v3,1,87,9087,1250087,station_wake,5,0.0,0.0,0.1,1,1,0,0,1,0,59,0.25,1,41,0.1597636342048645,0.08015010395834804,0.6264874339103699,0.4522194743451974,1.5108087658882141,6.246742606163025,0.16928914819976873,0.8913924668930705,3.332991442314591,0.0,0.13936791723905273,0.15907284401181868,0.0315471388399601,0.04000650718808174,0.0315471388399601,0.1419108286499977,0.2747849002480507,63,0.06885348707025014,2.868137732026809
station_wake_L5,Smooth stage-aware SAC,strict_two_stage_v3_v1,two_stage_v3,1,88,9088,1250088,station_wake,5,0.0,0.0,0.1,1,1,0,0,1,0,49,0.25,1,35,0.15599137544631958,0.13410887490360598,0.24256199598312378,0.13560789025016637,1.656491532921791,8.146747909486294,0.3168634014537212,1.5174882170066815,0.0,0.55,0.1530377965691077,0.22762027464939363,0.11885130405426025,0.13254030048847198,0.11885130405426025,0.20634552836418152,0.3750547766685486,53,0.05586413167889463,2.6109347925555197
station_wake_L5,Smooth stage-aware SAC,strict_two_stage_v3_v1,two_stage_v3,1,89,9089,1250089,station_wake,5,0.0,0.0,0.1,1,1,0,0,1,0,50,0.25,1,37,0.27280130982398987,0.13688594202906237,1.390809416770935,0.966776304332626,4.261610209941864,22.615750059485435,0.47030050696505477,2.5146036787965094,0.0,0.0,0.17625955272227847,0.2461945620984213,0.008974859514273703,0.020726852118968964,0.008974859514273703,0.10130799049511552,0.15303096733987331,54,0.06180895264177772,0.7458181308296054
station_wake_L5,Smooth stage-aware SAC,strict_two_stage_v3_v1,two_stage_v3,1,90,9090,1250090,station_wake,5,0.0,0.0,0.1,1,1,0,0,1,0,28,0.25,0,-1,nan,nan,nan,nan,nan,nan,nan,nan,0.0,nan,0.17596732504634474,0.2104438298967551,0.31261221766471864,0.4923602342605591,0.31261221766471864,1.743364691734314,2.2395098209381104,32,0.0729032392391165,1.2747046511428455
station_wake_L5,Smooth stage-aware SAC,strict_two_stage_v3_v1,two_stage_v3,1,91,9091,1250091,station_wake,5,0.0,0.0,0.1,1,1,0,0,1,0,71,0.25,1,47,0.15459901094436646,0.11002073552082242,0.6104391813278198,0.3650367169001103,2.2741500474512577,11.90829336643219,0.23544147753007566,1.271926623133553,0.0,0.75,0.13658955521705868,0.1573114178424846,0.05365919843316078,0.06042519956827164,0.05365919843316078,0.06727138161659241,0.11130526661872864,75,0.06862786035331288,1.4674378619252075
station_wake_L5,Smooth stage-aware SAC,strict_two_stage_v3_v1,two_stage_v3,1,92,9092,1250092,station_wake,5,0.0,0.0,0.1,1,1,0,0,1,0,67,0.25,1,47,0.3052314519882202,0.28622719691850484,0.3750878572463989,0.23822377322142946,1.3006036542356014,7.241251319646835,0.15132761368629763,0.8329278262707409,0.0,1.0,0.1443894358522975,0.16344442821020944,0.07953388839960099,0.086237333714962,0.07953388839960099,0.06941139698028564,0.07767528295516968,71,0.07975519892729471,4.036645641458944
station_wake_L5,Smooth stage-aware SAC,strict_two_stage_v3_v1,two_stage_v3,1,93,9093,1250093,station_wake,5,0.0,0.0,0.1,1,1,0,0,1,0,61,0.25,1,50,0.19361141324043274,0.13222045445685757,0.46823829412460327,0.3255159105318465,3.740820027887821,13.051122864708304,0.4257749418537478,2.003551924495524,2.4259681471896966,0.0,0.2271495834242808,0.3244666288433057,0.01414311844855547,0.029667561873793602,0.01414311844855547,0.23339511826634407,0.3698170930147171,65,0.05047998166116171,2.34039313396543
station_wake_L5,Smooth stage-aware SAC,strict_two_stage_v3_v1,two_stage_v3,1,94,9094,1250094,station_wake,5,0.0,0.0,0.1,1,1,0,0,1,0,52,0.25,1,41,0.47874215245246887,0.3895566394680697,1.0784375667572021,0.7781005682076908,7.126471400260925,23.77518653869629,0.6026480294612175,2.633502932849104,0.9893853446749046,0.25,0.21829089615438263,0.32194406820093796,0.13210269063711166,0.1976102590560913,0.13210269063711166,0.5955833494663239,0.7396718859672546,56,0.05223177061579025,0.9893853446749046
station_wake_L5,Smooth stage-aware SAC,strict_two_stage_v3_v1,two_stage_v3,1,95,9095,1250095,station_wake,5,0.0,0.0,0.1,1,1,0,0,1,0,53,0.25,1,42,0.21758075058460236,0.1477090156738356,1.0520269721746445,0.7726904130286161,4.078430533409119,16.65367305278778,0.386581707145106,2.276507742516395,1.866900088151228,0.0,0.30468717870618434,0.40055211625677517,0.039331727847456935,0.08495289087295532,0.039331727847456935,0.4136965647339821,0.5520494282245636,57,0.05129083709937062,1.8527823005802233
station_wake_L5,Smooth stage-aware SAC,strict_two_stage_v3_v1,two_stage_v3,1,96,9096,1250096,station_wake,5,0.0,0.0,0.1,1,1,0,0,1,0,47,0.25,1,30,0.36000359058380127,0.33359217610211755,0.8493474125862122,0.43174274071032487,2.8975413739681244,13.16760316491127,0.3736733048414388,2.091686108729274,0.3495699088144724,0.4,0.13173175111756702,0.1407909712401246,0.033746779710054395,0.09539124369621277,0.033746779710054395,0.5971262753009796,0.957103967666626,51,0.0758782048162818,0.33228053891062803
station_wake_L5,Smooth stage-aware SAC,strict_two_stage_v3_v1,two_stage_v3,1,97,9097,1250097,station_wake,5,0.0,0.0,0.1,1,1,0,0,1,0,53,0.25,1,35,0.25357022881507874,0.187103788347256,1.795867383480072,1.1835136631972367,3.3722731471061707,17.208419740200043,0.23086936300732758,1.7625197788023435,0.0,0.9,0.15851923177990707,0.187941098874401,0.10475598275661469,0.1276126652956009,0.10475598275661469,0.2496119737625122,0.41174471378326416,57,0.05413488505571226,3.5532964192290017
station_wake_L5,Smooth stage-aware SAC,strict_two_stage_v3_v1,two_stage_v3,1,98,9098,1250098,station_wake,5,0.0,0.0,0.1,1,1,0,0,1,0,77,0.25,1,54,0.2969440519809723,0.16996185661305313,1.2015652656555176,0.9518850402674078,5.882685631513596,19.275504648685455,0.3824546948594581,1.5421695007470055,1.5603126398249252,0.0,0.13203306279359783,0.1445612222978494,0.009347710199654103,0.009685304947197437,0.009347710199654103,0.009637270122766495,0.033219754695892334,81,0.08441298434571806,1.5603126398249252
station_wake_L5,Smooth stage-aware SAC,strict_two_stage_v3_v1,two_stage_v3,1,99,9099,1250099,station_wake,5,0.0,0.0,0.1,1,1,0,0,1,0,59,0.25,1,23,0.8273148536682129,0.6020381794018391,1.3420844078063965,0.8527743207930031,4.778601378202438,24.428888857364655,0.30935304118772944,2.1519652286575703,0.7540271110774615,0.35000000000000003,0.09123286621518253,0.09533861413891973,0.0016568336402997374,0.0037843803875148296,0.0016568336402997374,0.024189639138057828,0.032807616516947746,63,0.09342549951569629,0.04547645337078949
station_wake_L5,Smooth stage-aware SAC,strict_two_stage_v3_v1,two_stage_v3,2,0,9000,1250000,station_wake,5,0.0,0.0,0.1,1,1,0,0,1,0,46,0.25,1,33,0.11109216511249542,0.07714573822308954,0.7760491967201233,0.49848800869750165,4.190925303846598,16.475914120674133,0.35376488703664527,2.4097825188520354,0.0,0.65,0.17745191155137938,0.23513519566425922,0.20184120535850525,0.2723415791988373,0.20184120535850525,0.6565483808517456,0.7910192012786865,50,0.05057630707129702,2.491262621220903
station_wake_L5,Smooth stage-aware SAC,strict_two_stage_v3_v1,two_stage_v3,2,1,9001,1250001,station_wake,5,0.0,0.0,0.1,1,1,0,0,1,0,41,0.25,1,28,0.9869251847267151,0.6310619049541274,2.078813314437866,1.5502147016318804,7.38025039434433,28.60867142677307,0.42929555409396114,2.825883295210704,0.0,0.15000000000000002,0.21141123119627725,0.2428159712434613,0.006983564887195826,0.023674964904785156,0.006983564887195826,0.1999431885778904,0.4272197186946869,45,0.07047570966355317,1.474902938522914
station_wake_L5,Smooth stage-aware SAC,strict_two_stage_v3_v1,two_stage_v3,2,2,9002,1250002,station_wake,5,0.0,0.0,0.1,1,1,0,0,1,0,41,0.25,1,27,0.5984810590744019,0.3535277134125035,1.3051575422286987,1.1830822411939048,1.620039939880371,8.785702586174011,0.41434961634507633,2.013262808889358,0.0,0.7000000000000001,0.15492395703689843,0.2593462990522554,0.10732318460941315,0.16586607694625854,0.10732318460941315,0.48293086886405945,0.7210546731948853,45,0.05987302279879151,3.894027876494493
station_wake_L5,Smooth stage-aware SAC,strict_two_stage_v3_v1,two_stage_v3,2,3,9003,1250003,station_wake,5,0.0,0.0,0.1,1,1,0,0,1,0,53,0.25,1,41,0.29434269666671753,0.2716528686248781,0.4022836685180664,0.2501326259940504,1.6736313700675964,8.70057113468647,0.2510818243090293,1.4451510010841428,0.0,0.45,0.19735631488196673,0.29238387242096536,0.09288328140974045,0.14082711935043335,0.09288328140974045,0.4560198485851288,0.6832580268383026,57,0.044765602123052355,2.447577371619736
station_wake_L5,Smooth stage-aware SAC,strict_two_stage_v3_v1,two_stage_v3,2,4,9004,1250004,station_wake,5,0.0,0.0,0.1,1,1,0,0,1,0,60,0.25,1,42,0.14452794194221497,0.13356772533732794,0.6141860783100128,0.2335514353962547,2.390180230140686,9.330329075455666,0.19643026754822382,1.314695729582145,2.6947683209848443,0.0,0.11904388897118298,0.14778002509808788,0.09932454973459244,0.1468399465084076,0.09932454973459244,0.39889293909072876,0.5456547439098358,64,0.0883158293095303,1.014795142491233
station_wake_L5,Smooth stage-aware SAC,strict_two_stage_v3_v1,two_stage_v3,2,5,9005,1250005,station_wake,5,0.0,0.0,0.1,1,1,0,0,1,0,60,0.25,1,40,0.10798661410808563,0.07103507072753934,0.4782921075820923,0.21374280726807132,1.5117981284856796,6.543239206075668,0.12072938111871304,0.8087014922080198,0.0,0.0,0.14704169794936503,0.16967149869957995,0.06031536906957626,0.06997498869895935,0.06031536906957626,0.09385928511619568,0.13690665364265442,64,0.0838353790944582,1.2641239410665552
station_wake_L5,Smooth stage-aware SAC,strict_two_stage_v3_v1,two_stage_v3,2,6,9006,1250006,station_wake,5,0.0,0.0,0.1,1,1,0,0,1,0,29,0.25,0,-1,nan,nan,nan,nan,nan,nan,nan,nan,0.0,nan,0.18347620067311857,0.22878839987470662,0.038612039759755135,0.05988230183720589,0.038612039759755135,0.31736772507429123,0.9080689400434494,33,0.07526135776611584,3.163127412420724
station_wake_L5,Smooth stage-aware SAC,strict_two_stage_v3_v1,two_stage_v3,2,7,9007,1250007,station_wake,5,0.0,0.0,0.1,1,1,0,0,1,0,66,0.25,1,44,0.27567940950393677,0.19668657308023427,1.380738615989685,0.8222803523960209,2.5116056203842163,12.543510496616364,0.17031658727208637,1.1420194757233386,1.917756182607262,0.1,0.13372273573597976,0.1494424077344389,0.007104652654379606,0.01063963957130909,0.007104652654379606,0.03629862517118454,0.057299695909023285,70,0.08218907825251955,1.5160550417156524
station_wake_L5,Smooth stage-aware SAC,strict_two_stage_v3_v1,two_stage_v3,2,8,9008,1250008,station_wake,5,0.0,0.0,0.1,1,1,0,0,1,0,36,0.25,1,24,0.09129266440868378,0.061396372793451434,0.743330642580986,0.40429980364293144,3.2394732534885406,13.812802359461784,0.4967238124590878,2.47554537022754,0.0,0.0,0.20738824601252892,0.309775832047487,0.02706991396844387,0.06232655048370361,0.02706991396844387,0.3450465276837349,0.46173229813575745,40,0.059556559952194096,0.8300677671897722
station_wake_L5,Smooth stage-aware SAC,strict_two_stage_v3_v1,two_stage_v3,2,9,9009,1250009,station_wake,5,0.0,0.0,0.1,1,1,0,0,1,0,42,0.25,1,23,0.21306246519088745,0.1552352883904666,0.6068181991577148,0.42238358703404516,1.7290398478507996,8.646911084651947,0.21456417871130593,1.677170908023448,0.0,0.30000000000000004,0.14004551949995686,0.18283010608538278,0.05141782239079475,0.057820096611976624,0.05141782239079475,0.17425261437892914,0.3974858671426773,46,0.08630918537821064,1.8303743709041156
station_wake_L5,Smooth stage-aware SAC,strict_two_stage_v3_v1,two_stage_v3,2,10,9010,1250010,station_wake,5,0.0,0.0,0.1,1,1,0,0,1,0,30,0.25,0,-1,nan,nan,nan,nan,nan,nan,nan,nan,0.0,nan,0.08714182449182149,0.09716937947983975,0.21264162957668303,0.2547978162765503,0.21264162957668303,0.44521719217300415,0.585932731628418,34,0.0349282310898397,2.536176877985849
station_wake_L5,Smooth stage-aware SAC,strict_two_stage_v3_v1,two_stage_v3,2,11,9011,1250011,station_wake,5,0.0,0.0,0.1,1,1,0,0,1,0,47,0.25,1,33,0.450555682182312,0.27291234003251064,1.2108564376831055,0.8235988674333667,3.1510788202285767,11.615860760211945,0.2311972915219465,1.718755837513913,0.0,0.5,0.2157277670395506,0.2897444482300753,0.10615183264017106,0.11864139139652252,0.10615183264017106,0.09742969274520874,0.23289531469345093,51,0.06999364234086092,2.2908469417261577
station_wake_L5,Smooth stage-aware SAC,strict_two_stage_v3_v1,two_stage_v3,2,12,9012,1250012,station_wake,5,0.0,0.0,0.1,1,1,0,0,1,0,59,0.25,1,41,0.08667074143886566,0.05672498427012395,0.35577423870563507,0.2519063483133031,1.4629576355218887,7.4429357051849365,0.21018618485267784,1.184355071206496,0.08831504632945907,0.0,0.14328231356586002,0.15961473245717558,0.05775264352560043,0.06735390424728394,0.05775264352560043,0.07018564641475677,0.12240052223205566,63,0.0768665836425451,0.08831504632945907
station_wake_L5,Smooth stage-aware SAC,strict_two_stage_v3_v1,two_stage_v3,2,13,9013,1250013,station_wake,5,0.0,0.0,0.1,1,1,0,0,1,0,58,0.25,1,44,0.1955367475748062,0.10320955206047834,0.7869341969490051,0.6468538500727067,5.140255391597748,13.761072978377342,0.29925722091447743,1.1681236983428693,0.0,0.0,0.16474326505734133,0.26761538728978457,0.04948182925581932,0.058125004172325134,0.04948182925581932,0.153364896774292,0.3190385550260544,62,0.07760945157770849,1.6221833748129568
station_wake_L5,Smooth stage-aware SAC,strict_two_stage_v3_v1,two_stage_v3,2,14,9014,1250014,station_wake,5,0.0,0.0,0.1,1,1,0,0,1,0,51,0.25,1,34,0.32844653725624084,0.3037239462630976,0.45884013175964355,0.24262866126467386,1.8070287629961967,8.142553716897964,0.265701704284152,1.5023113859307025,0.0,0.4,0.18254385470018067,0.2075581641276159,0.038045845553278924,0.0541103295981884,0.038045845553278924,0.15349847823381424,0.25433458387851715,55,0.07321750128047506,0.8606286482182008
station_wake_L5,Smooth stage-aware SAC,strict_two_stage_v3_v1,two_stage_v3,2,15,9015,1250015,station_wake,5,0.0,0.0,0.1,1,1,0,0,1,0,49,0.25,1,34,0.5883697271347046,0.45827757178447803,1.4879661798477173,1.002111128907451,5.097135864198208,21.27829283475876,0.6987337601323662,2.7047388389266285,2.2429875927684666,0.0,0.18464668655640115,0.23045348579135017,0.03637751489877701,0.040677376091480255,0.03637751489877701,0.09554281085729599,0.20264632999897003,53,0.07341895049395276,2.2429875927684666
station_wake_L5,Smooth stage-aware SAC,strict_two_stage_v3_v1,two_stage_v3,2,16,9016,1250016,station_wake,5,0.0,0.0,0.1,1,1,0,0,1,0,47,0.25,1,19,1.3045458793640137,1.1781448133864287,2.0707249641418457,1.2085390245421845,10.13620987534523,31.419633626937866,0.6603505912803204,3.8062753778109224,0.0,1.05,0.1078233247274412,0.11789063460407118,0.08330748528242111,0.10341062396764755,0.08330748528242111,0.1982100009918213,0.23407995700836182,51,0.0951504898215439,0.7574751293087014
station_wake_L5,Smooth stage-aware SAC,strict_two_stage_v3_v1,two_stage_v3,2,17,9017,1250017,station_wake,5,0.0,0.0,0.1,1,1,0,0,1,0,49,0.25,1,29,0.29476720094680786,0.17319465211296534,0.93422532081604,0.7572890981618221,2.3909392952919006,12.4349844455719,0.4615406746356305,2.186511505790407,0.0,0.0,0.1465775344207953,0.16174100297364102,0.033640075102448465,0.03722512349486351,0.033640075102448465,0.05179622024297714,0.13173826038837433,53,0.08455703177645894,0.05239318383903108
station_wake_L5,Smooth stage-aware SAC,strict_two_stage_v3_v1,two_stage_v3,2,18,9018,1250018,station_wake,5,0.0,0.0,0.1,1,1,0,0,1,0,58,0.25,1,31,0.12307356297969818,0.09145304257422693,0.7699718326330185,0.4661858046704293,3.1948041915893555,11.102675795555115,0.48098191597993273,2.378746214552962,0.0,0.0,0.0895906949028416,0.09753119797242858,0.0202142134308815,0.026787564158439636,0.0202142134308815,0.06372269988059998,0.07655154913663864,62,0.0969726084902656,0.0955515317034884
station_wake_L5,Smooth stage-aware SAC,strict_two_stage_v3_v1,two_stage_v3,2,19,9019,1250019,station_wake,5,0.0,0.0,0.1,1,1,0,0,1,0,39,0.25,1,29,0.20412831008434296,0.14086739297582362,1.1788211017847061,0.6594296145853695,4.918463975191116,23.39458078145981,0.5170265276709191,2.618691325595818,0.0,0.0,0.3076065694806004,0.4226461692312653,0.03289788998663425,0.075270876288414,0.03289788998663425,0.4938184916973114,0.6787692010402679,43,0.026862080812638495,2.073456107709815
station_wake_L5,Smooth stage-aware SAC,strict_two_stage_v3_v1,two_stage_v3,2,20,9020,1250020,station_wake,5,0.0,0.0,0.1,1,1,0,0,1,0,39,0.25,1,20,1.0390962362289429,0.8366604139792715,1.748514175415039,1.1646440341328435,5.628865957260132,27.594504356384277,0.3123740992767875,2.257325335644083,0.0,0.5,0.14236697353315342,0.16641972835786192,0.04697027131915092,0.06340275704860687,0.04697027131915092,0.1646403968334198,0.1886408030986786,43,0.07619259320980853,1.2731473680120826
station_wake_L5,Smooth stage-aware SAC,strict_two_stage_v3_v1,two_stage_v3,2,21,9021,1250021,station_wake,5,0.0,0.0,0.1,1,1,0,0,1,0,57,0.25,1,41,0.31486305594444275,0.1984004106183855,1.6286051273345947,1.2728029704779367,0.8380043506622314,4.355974197387695,0.355648750735063,1.299346330356728,0.0,0.6000000000000001,0.1749490636997982,0.21988087582291743,0.08252037465572357,0.10253412276506424,0.08252037465572357,0.23885369300842285,0.40416598320007324,61,0.07270583978771529,2.3165773315466534
station_wake_L5,Smooth stage-aware SAC,strict_two_stage_v3_v1,two_stage_v3,2,22,9022,1250022,station_wake,5,0.0,0.0,0.1,1,1,0,0,1,0,31,0.25,1,19,0.3253321945667267,0.19111740354464143,1.6155076026916504,1.130451120246496,5.579845309257507,30.11755883693695,0.3876837132304083,3.0682827266899495,0.24365491240702514,0.2,0.21513422839553947,0.3221886409728405,0.08032666146755219,0.11052465438842773,0.08032666146755219,0.33005985617637634,0.5270001292228699,35,0.06181566833015767,0.24365491240702514
station_wake_L5,Smooth stage-aware SAC,strict_two_stage_v3_v1,two_stage_v3,2,23,9023,1250023,station_wake,5,0.0,0.0,0.1,1,1,0,0,1,0,57,0.25,1,42,0.3108992576599121,0.1615393076887629,0.9021309018135071,0.6931225439528367,3.9199279248714447,16.805776953697205,0.20391010438930068,1.1441504337154558,0.0,0.75,0.15849814067573548,0.22486095317070778,0.15940493643283843,0.17844368517398834,0.15940493643283843,0.21579432487487793,0.4825103282928467,61,0.06724549236239687,2.999533069298106
station_wake_L5,Smooth stage-aware SAC,strict_two_stage_v3_v1,two_stage_v3,2,24,9024,1250024,station_wake,5,0.0,0.0,0.1,1,1,0,0,1,0,52,0.25,1,37,0.3374393880367279,0.17522902474745813,1.3432227075099945,0.9938275903575532,5.013886988162994,22.56044328212738,0.36530671837098494,2.0596465328939133,0.0,0.35000000000000003,0.15867253547621232,0.24335759351072647,0.05875073969364166,0.09107401967048645,0.05875073969364166,0.3123778849840164,0.4841528832912445,56,0.07134007140983284,1.128624407156021
station_wake_L5,Smooth stage-aware SAC,strict_two_stage_v3_v1,two_stage_v3,2,25,9025,1250025,station_wake,5,0.0,0.0,0.1,1,1,0,0,1,0,35,0.25,1,22,0.551314115524292,0.4324199914038433,0.7356035709381104,0.5454196031977512,1.765955314040184,9.534082561731339,0.26452624886679976,2.046686805856503,0.0,0.2,0.16042745007041864,0.21674592242325294,0.017942152731120587,0.03579844534397125,0.017942152731120587,0.19344698265194893,0.3675701469182968,39,0.05225638036045858,0.1963591207569264
station_wake_L5,Smooth stage-aware SAC,strict_two_stage_v3_v1,two_stage_v3,2,26,9026,1250026,station_wake,5,0.0,0.0,0.1,1,1,0,0,1,0,37,0.25,1,22,0.7306423187255859,0.5403943248614969,1.2967157363891602,0.7704703978353905,3.1762292981147766,12.465987280011177,0.4451653899833965,2.3148432931955654,0.0,0.75,0.12377367037659412,0.17456456269731624,0.11398558169603348,0.14002837240695953,0.11398558169603348,0.24148190021514893,0.342189222574234,41,0.055423798223827495,3.6242738240930703
station_wake_L5,Smooth stage-aware SAC,strict_two_stage_v3_v1,two_stage_v3,2,27,9027,1250027,station_wake,5,0.0,0.0,0.1,1,1,0,0,1,0,35,0.25,1,19,0.2725789248943329,0.22857026606507272,0.5768647789955139,0.38796820237061425,6.82184636592865,25.392352640628815,0.464259656442138,2.953922628125102,0.0,0.35000000000000003,0.19363881616340467,0.22948972054881386,0.06451316475868225,0.08366330713033676,0.06451316475868225,0.20106402039527893,0.2662372589111328,39,0.06606938729307563,0.3770735064569535
station_wake_L5,Smooth stage-aware SAC,strict_two_stage_v3_v1,two_stage_v3,2,28,9028,1250028,station_wake,5,0.0,0.0,0.1,1,1,0,0,1,0,43,0.25,1,25,0.6034563183784485,0.4859307728155115,0.6464207172393799,0.4966849728728419,2.6054531894624233,13.674444630742073,0.4146308900547505,2.0963006958937735,0.0,0.30000000000000004,0.130040869493327,0.1821361379335956,0.01611648388206959,0.021468231454491615,0.01611648388206959,0.13020237535238266,0.34255437552928925,47,0.08726303556839997,0.5761397433429454
station_wake_L5,Smooth stage-aware SAC,strict_two_stage_v3_v1,two_stage_v3,2,29,9029,1250029,station_wake,5,0.0,0.0,0.1,1,1,0,0,1,0,40,0.25,1,25,0.8558489680290222,0.548551984783167,1.6665375232696533,1.3480657214961667,2.935059070587158,9.006129503250122,0.3461913058429252,2.322246664250704,0.0,0.2,0.18367218330453045,0.22394059235280084,0.02718487158417702,0.03773990273475647,0.02718487158417702,0.11382246017456055,0.15567198395729065,44,0.06308379180605249,1.5637497190813225
station_wake_L5,Smooth stage-aware SAC,strict_two_stage_v3_v1,two_stage_v3,2,30,9030,1250030,station_wake,5,0.0,0.0,0.1,1,1,0,0,1,0,49,0.25,1,33,0.1449747532606125,0.09631321167325947,0.612761452794075,0.40267404432309956,3.883102536201477,14.961884021759033,0.28073994722778417,1.3434903008116634,0.0,0.4,0.14901626247259428,0.1704971970873,0.06933236643671989,0.09820456057786942,0.06933236643671989,0.2717745304107666,0.3492473065853119,53,0.06024351344171726,1.0276306687672736
station_wake_L5,Smooth stage-aware SAC,strict_two_stage_v3_v1,two_stage_v3,2,31,9031,1250031,station_wake,5,0.0,0.0,0.1,1,1,0,0,1,0,56,0.25,1,41,0.0934247225522995,0.03636803145209094,0.7638785243034363,0.3748074627562098,1.4175868034362793,8.90161506831646,0.15337332831477407,0.8570908527434182,0.0,0.0,0.17939017430708215,0.25328010965624487,0.11510132402181625,0.12376566231250763,0.11510132402181625,0.16301259398460388,0.41864633560180664,60,0.08074513534785141,1.2282917014636106
station_wake_L5,Smooth stage-aware SAC,strict_two_stage_v3_v1,two_stage_v3,2,32,9032,1250032,station_wake,5,0.0,0.0,0.1,1,1,0,0,1,0,59,0.25,1,41,0.2047828584909439,0.17217627490387238,0.3835579752922058,0.21489867029834261,1.7546727880835533,8.912667110562325,0.3150975646848313,1.8306664791499017,0.0,0.0,0.15081289492909103,0.180717411384217,0.01120296549052,0.017055632546544075,0.01120296549052,0.1261834166944027,0.23700876161456108,63,0.0838857879942383,1.5516069233975094
station_wake_L5,Smooth stage-aware SAC,strict_two_stage_v3_v1,two_stage_v3,2,33,9033,1250033,station_wake,5,0.0,0.0,0.1,1,1,0,0,1,0,35,0.25,0,-1,nan,nan,nan,nan,nan,nan,nan,nan,0.0,nan,0.07170225246113296,0.07183244916678375,0.18604868352413179,0.2271449714899063,0.18604868352413179,0.4105772376060486,0.502866804599762,39,0.05969635148889088,2.7213552592159425
station_wake_L5,Smooth stage-aware SAC,strict_two_stage_v3_v1,two_stage_v3,2,34,9034,1250034,station_wake,5,0.0,0.0,0.1,1,1,0,0,1,0,41,0.25,1,21,1.2964332103729248,1.1456693221400962,1.9919955730438232,1.3623047732210198,9.07274842262268,31.70247197151184,0.46238513366102935,2.53315514580402,0.0,1.0,0.10850762383021265,0.13390606814369369,0.1281653717160225,0.14747366309165955,0.1281653717160225,0.19293522834777832,0.21590694785118103,45,0.04585091931174228,3.366147955310183
station_wake_L5,Smooth stage-aware SAC,strict_two_stage_v3_v1,two_stage_v3,2,35,9035,1250035,station_wake,5,0.0,0.0,0.1,1,1,0,0,1,0,61,0.25,1,43,0.1821574568748474,0.11092739751052841,0.6771549582481384,0.37450214873074533,1.5599045157432556,10.042219907045364,0.3347556532963626,1.821032222767758,1.6909765065247964,0.0,0.15631867034555702,0.1775586080070439,0.04390690326690674,0.05517533794045448,0.04390690326690674,0.1086873859167099,0.12893259525299072,65,0.07974430336681433,1.6909765065247964
station_wake_L5,Smooth stage-aware SAC,strict_two_stage_v3_v1,two_stage_v3,2,36,9036,1250036,station_wake,5,0.0,0.0,0.1,1,1,0,0,1,0,35,0.25,1,13,1.2825446128845215,1.018534260825322,1.4433848857879639,1.2251819939695183,0.1450347900390625,0.7188749313354492,0.4521200299199384,2.4719414072220793,0.0,1.1,0.07454064577777368,0.08733908019239782,0.16328473389148712,0.2070125788450241,0.16328473389148712,0.4570828676223755,0.6759774684906006,39,0.07064627827983908,2.6961612526887038
station_wake_L5,Smooth stage-aware SAC,strict_two_stage_v3_v1,two_stage_v3,2,37,9037,1250037,station_wake,5,0.0,0.0,0.1,1,1,0,0,1,0,51,0.25,1,29,1.0035536289215088,0.5930879650265304,2.1804046630859375,1.811209431671283,3.2601165771484375,14.283456802368164,0.31704499966064936,2.1112139788865343,0.0,0.6000000000000001,0.10492780005754991,0.11939371319399723,0.04642111212015152,0.06260481476783752,0.04642111212015152,0.147282674908638,0.17990253865718842,55,0.08860269743936956,1.4590971337315641
station_wake_L5,Smooth stage-aware SAC,strict_two_stage_v3_v1,two_stage_v3,2,38,9038,1250038,station_wake,5,0.0,0.0,0.1,1,1,0,0,1,0,65,0.25,1,48,0.29033127427101135,0.2720797590900237,0.6164583563804626,0.26402806427619685,2.8469227254390717,12.31532335281372,0.28514658986519076,1.9219700092944518,4.100043457335002,0.0,0.13556352372570363,0.159235828505441,0.0857875682413578,0.10986201465129852,0.0857875682413578,0.24934382736682892,0.2954261004924774,69,0.07935478318792884,0.1714848791406358
station_wake_L5,Smooth stage-aware SAC,strict_two_stage_v3_v1,two_stage_v3,2,39,9039,1250039,station_wake,5,0.0,0.0,0.1,1,1,0,0,1,0,63,0.25,1,47,0.11460566520690918,0.06866653052504403,1.3449740409851074,0.7116920163648444,3.857189416885376,13.480872064828873,0.19881562055510982,1.068899614686119,0.0,0.0,0.16414269406672088,0.2005710922572286,0.0644157886505127,0.09015928953886032,0.0644157886505127,0.2132098376750946,0.3518269956111908,67,0.07321178620118299,2.113032571638396
station_wake_L5,Smooth stage-aware SAC,strict_two_stage_v3_v1,two_stage_v3,2,40,9040,1250040,station_wake,5,0.0,0.0,0.1,1,1,0,0,1,0,64,0.25,1,46,0.22221486270427704,0.1478244642120932,0.8915120363235474,0.5472179894423506,1.9678393006324768,9.67094786465168,0.18353038027578664,1.5067878713964444,0.0,0.5,0.11959338440944851,0.13761158445196128,0.07245081067085266,0.0806012749671936,0.07245081067085266,0.07927265763282776,0.110178142786026,68,0.08678037996406397,1.6082081674408761
station_wake_L5,Smooth stage-aware SAC,strict_two_stage_v3_v1,two_stage_v3,2,41,9041,1250041,station_wake,5,0.0,0.0,0.1,1,1,0,0,1,0,54,0.25,1,39,0.1452993005514145,0.06989747446957571,0.8537667989730835,0.4174468998704525,3.092753291130066,14.417580403387547,0.26247005258615547,1.8138218956278271,0.0,0.0,0.12331024686752967,0.15892355490250404,0.06664160564541817,0.097075454890728,0.06664160564541817,0.31310851871967316,0.43958351016044617,58,0.06814385578413873,0.017385157637363157
station_wake_L5,Smooth stage-aware SAC,strict_two_stage_v3_v1,two_stage_v3,2,42,9042,1250042,station_wake,5,0.0,0.0,0.1,1,1,0,0,1,0,35,0.25,1,5,0.7836530804634094,0.4978945338638606,1.9720050692558289,1.662439314951252,19.38624858856201,19.718384742736816,1.4293130463501746,2.008840489648011,0.0,1.5,0.08162862207343645,0.08752201814906935,0.1492680236697197,0.19520451128482819,0.1492680236697197,0.4642399251461029,0.6193140149116516,39,0.05403243936382332,3.197080923115092
station_wake_L5,Smooth stage-aware SAC,strict_two_stage_v3_v1,two_stage_v3,2,43,9043,1250043,station_wake,5,0.0,0.0,0.1,1,1,0,0,1,0,57,0.25,1,39,0.3467547297477722,0.33254001096987146,0.39695918560028076,0.21293012620994511,1.4135652757249773,7.801799774169922,0.12722762385892547,0.9144006143393028,0.7243230452638991,0.25,0.11700819386989861,0.14900546538743814,0.0033116675447672607,0.005705853924155235,0.0033116675447672607,0.061664385721087456,0.17241908237338066,61,0.07970641340358658,0.7243230452638991
station_wake_L5,Smooth stage-aware SAC,strict_two_stage_v3_v1,two_stage_v3,2,44,9044,1250044,station_wake,5,0.0,0.0,0.1,1,1,0,0,1,0,35,0.25,1,19,1.0185773372650146,0.7795105906090544,1.745588779449463,1.3031523712303332,11.127686202526093,38.26778203248978,0.5572719807434474,2.7569231024511205,0.0,0.65,0.11942539381916577,0.16887823755113285,0.10684332698583603,0.11157432198524475,0.10684332698583603,0.10532549023628235,0.20498931407928467,39,0.08520669632849874,2.264095011737922
station_wake_L5,Smooth stage-aware SAC,strict_two_stage_v3_v1,two_stage_v3,2,45,9045,1250045,station_wake,5,0.0,0.0,0.1,1,1,0,0,1,0,55,0.25,1,39,0.2689194977283478,0.160199950938914,0.6773942708969116,0.4616447863598204,1.253240704536438,8.415850177407265,0.23093564542717412,1.114262204471791,1.7310676892403614,0.0,0.1769962024186257,0.20521257859289224,0.014089629054069519,0.019515953958034515,0.014089629054069519,0.060382451862096786,0.09987553581595421,59,0.0779967825631433,1.5165853418716804
station_wake_L5,Smooth stage-aware SAC,strict_two_stage_v3_v1,two_stage_v3,2,46,9046,1250046,station_wake,5,0.0,0.0,0.1,1,1,0,0,1,0,45,0.25,1,32,0.43661171197891235,0.36248798492567935,0.4249608516693115,0.30805576824593806,5.205228924751282,18.345742374658585,0.5025352895666796,2.0686017261643372,0.05740441159075811,0.2,0.1707102056890959,0.23723009820302243,0.03299867920577526,0.06366059929132462,0.03299867920577526,0.3049219325184822,0.41663505136966705,49,0.059582677813121245,0.05740441159075811
station_wake_L5,Smooth stage-aware SAC,strict_two_stage_v3_v1,two_stage_v3,2,47,9047,1250047,station_wake,5,0.0,0.0,0.1,1,1,0,0,1,0,74,0.25,1,56,0.09470916539430618,0.0662767651061282,0.5262024700641632,0.28191463832408853,2.6813606917858124,14.76717434823513,0.1588343969351728,1.1093145347138902,0.7942163176797867,0.0,0.16825454150775654,0.19324549497833493,0.03878306299448013,0.04026419296860695,0.03878306299448013,0.03007473051548004,0.06998471915721893,78,0.06902552942887716,0.28610605888296176
station_wake_L5,Smooth stage-aware SAC,strict_two_stage_v3_v1,two_stage_v3,2,48,9048,1250048,station_wake,5,0.0,0.0,0.1,1,1,0,0,1,0,51,0.25,1,34,0.3533986806869507,0.27918424256084906,0.6315755844116211,0.3975832260830731,2.912045568227768,9.615584015846252,0.4595901558420755,1.9060828385910327,0.0,0.25,0.17289135729987082,0.21570509317352865,0.02152278833091259,0.023223906755447388,0.02152278833091259,0.029619470238685608,0.0395522266626358,55,0.0778725557026117,2.5293791322143937
station_wake_L5,Smooth stage-aware SAC,strict_two_stage_v3_v1,two_stage_v3,2,49,9049,1250049,station_wake,5,0.0,0.0,0.1,1,1,0,0,1,0,38,0.25,1,18,0.26737847924232483,0.11524993659415084,1.396874189376831,0.8170503898092101,4.493825435638428,15.701276306062937,0.33953532484707005,2.032505438635011,0.15618067970667185,0.0,0.15170561272882055,0.1695157557369741,0.018907612562179564,0.020460344851017,0.018907612562179564,0.01467519998550415,0.024747103452682495,42,0.0816715576549582,0.15618067970667185
station_wake_L5,Smooth stage-aware SAC,strict_two_stage_v3_v1,two_stage_v3,2,50,9050,1250050,station_wake,5,0.0,0.0,0.1,1,1,0,0,1,0,36,0.25,1,18,1.1895700693130493,1.0867886648028402,1.61712646484375,1.037708760934847,10.134486556053162,26.26364827156067,0.5164828549452992,2.6021064761185664,0.0,0.9,0.07963989110534717,0.11497570038994084,0.13068798333406448,0.16540655493736267,0.13068798333406448,0.38025009632110596,0.6226801872253418,40,0.007960000452825949,3.1449369111136876
station_wake_L5,Smooth stage-aware SAC,strict_two_stage_v3_v1,two_stage_v3,2,51,9051,1250051,station_wake,5,0.0,0.0,0.1,1,1,0,0,1,0,61,0.25,1,44,0.21171385049819946,0.1562507703897934,0.40633201599121094,0.22308148374299885,1.8668558076024055,9.91336777806282,0.12113042509603576,0.7694139040522209,0.0,0.7000000000000001,0.13576707887111547,0.17837012061810753,0.10831589549779892,0.1404060572385788,0.10831589549779892,0.3974236249923706,0.8269500732421875,65,0.07854053690558237,1.853286880805158
station_wake_L5,Smooth stage-aware SAC,strict_two_stage_v3_v1,two_stage_v3,2,52,9052,1250052,station_wake,5,0.0,0.0,0.1,1,1,0,0,1,0,65,0.25,1,45,0.29121190309524536,0.23800678541030226,0.5224928259849548,0.3057205982811023,2.741663157939911,9.45801466703415,0.14424312585841786,0.9825250611094604,2.2936624737680837,0.0,0.10103533017897084,0.12048297300037265,0.06332599073648452,0.0919858068227768,0.06332599073648452,0.25865018367767334,0.32481998205184937,69,0.09295635582274572,0.4010589163466433
station_wake_L5,Smooth stage-aware SAC,strict_two_stage_v3_v1,two_stage_v3,2,53,9053,1250053,station_wake,5,0.0,0.0,0.1,1,1,0,0,1,0,56,0.25,1,38,0.2749343514442444,0.14026323346086403,1.1314541101455688,0.6507592360014339,1.5229463577270508,7.775456011295319,0.1819694760137518,0.9942945235558837,0.4086693479076242,0.0,0.14903028203789564,0.2009403351735203,0.051632705703377725,0.07085812091827393,0.051632705703377725,0.3090926334261894,0.48483412712812424,60,0.0844228509112776,0.33091466115918416
station_wake_L5,Smooth stage-aware SAC,strict_two_stage_v3_v1,two_stage_v3,2,54,9054,1250054,station_wake,5,0.0,0.0,0.1,1,1,0,0,1,0,51,0.25,1,34,0.2079518437385559,0.16529524378831073,0.6190188229084015,0.36328118744672366,4.30448591709137,17.026289850473404,0.2999998998992702,1.7678784997703896,1.0021135089149291,0.0,0.10679704729879717,0.13373813403163468,0.14204395115375518,0.18631227314472198,0.14204395115375518,0.3556510806083679,0.5154934525489807,55,0.07938457344207611,1.0021135089149291
station_wake_L5,Smooth stage-aware SAC,strict_two_stage_v3_v1,two_stage_v3,2,55,9055,1250055,station_wake,5,0.0,0.0,0.1,1,1,0,0,1,0,65,0.25,1,48,0.24446265399456024,0.12024433347338029,1.1723154783248901,0.7563286345426371,5.542349070310593,21.517153084278107,0.34803403582731296,1.8845764558739198,0.0,0.6000000000000001,0.17497218532822348,0.2186422662524349,0.09822754859924317,0.11630049347877502,0.09822754859924317,0.16081929206848145,0.24884745478630066,69,0.07710823747268128,2.039344435447479
station_wake_L5,Smooth stage-aware SAC,strict_two_stage_v3_v1,two_stage_v3,2,56,9056,1250056,station_wake,5,0.0,0.0,0.1,1,1,0,0,1,0,55,0.25,1,41,0.2983914017677307,0.2588674596736358,0.3263509273529053,0.2169761668037035,2.4166229367256165,13.07245746254921,0.17415978144250516,1.1676562884843418,0.0,0.45,0.14469701977269894,0.1896213072548358,0.06434798613190651,0.09424738585948944,0.06434798613190651,0.3123141825199127,0.5024810135364532,59,0.06341164872794845,2.037729949482417
station_wake_L5,Smooth stage-aware SAC,strict_two_stage_v3_v1,two_stage_v3,2,57,9057,1250057,station_wake,5,0.0,0.0,0.1,1,1,0,0,1,0,36,0.25,1,22,1.1861909627914429,0.9701054562657649,2.0598196983337402,1.480704041145565,10.055831372737885,33.536217212677,0.6752628082432521,3.385419650248879,0.0,0.7000000000000001,0.1571448906075838,0.23221123016853573,0.19010080099105836,0.26505157351493835,0.19010080099105836,0.7230201959609985,0.8117601275444031,40,0.04123069071003565,2.4066301741020983
station_wake_L5,Smooth stage-aware SAC,strict_two_stage_v3_v1,two_stage_v3,2,58,9058,1250058,station_wake,5,0.0,0.0,0.1,1,1,0,0,1,0,55,0.25,1,41,0.3923643231391907,0.22683902013175974,1.3994871079921722,1.1564539869331192,2.397666573524475,7.575706839561462,0.3786584034463201,1.5908642255173275,0.0,0.4,0.15109872415015232,0.2089520932523005,0.09800884574651718,0.10744604468345642,0.09800884574651718,0.10691645741462708,0.15633031725883484,59,0.055539521904986115,0.3694683843008352
station_wake_L5,Smooth stage-aware SAC,strict_two_stage_v3_v1,two_stage_v3,2,59,9059,1250059,station_wake,5,0.0,0.0,0.1,1,1,0,0,1,0,27,0.25,1,14,0.28850582242012024,0.20319825828557644,1.0872647166252136,0.7286071477210371,8.125258088111877,24.032821655273438,0.7410037386277144,3.1079968444112107,0.0,0.0,0.22735763058229508,0.27897772580642716,0.07345006018877029,0.08260314911603928,0.07345006018877029,0.1194518506526947,0.2904188632965088,31,0.05791881512534401,0.06419594749295815
station_wake_L5,Smooth stage-aware SAC,strict_two_stage_v3_v1,two_stage_v3,2,60,9060,1250060,station_wake,5,0.0,0.0,0.1,1,1,0,0,1,0,51,0.25,1,33,0.6925427317619324,0.5090107229667253,0.995635986328125,0.7228206696177802,2.069108821451664,10.600962936878204,0.5459975836340973,1.7612984954718214,0.12670677259184043,0.35000000000000003,0.1608036650587874,0.21190886055182287,0.06511501893401146,0.08018758147954941,0.06511501893401146,0.326058030128479,0.8012490719556808,55,0.08284300329705022,0.8059971666984422
station_wake_L5,Smooth stage-aware SAC,strict_two_stage_v3_v1,two_stage_v3,2,61,9061,1250061,station_wake,5,0.0,0.0,0.1,1,1,0,0,1,0,67,0.25,1,52,0.40011730790138245,0.36885894838599614,0.767066478729248,0.33148872938854035,4.503924995660782,13.747061155736446,0.2532407959808659,1.4832559046736262,0.0,0.25,0.15011667498123055,0.19169831547287147,0.04339211136102676,0.04708784818649292,0.04339211136102676,0.04425311088562012,0.10835662484169006,71,0.06860760424593539,0.44940440935459514
station_wake_L5,Smooth stage-aware SAC,strict_two_stage_v3_v1,two_stage_v3,2,62,9062,1250062,station_wake,5,0.0,0.0,0.1,1,1,0,0,1,0,43,0.25,1,28,0.6224740147590637,0.32041795963250214,2.3269355297088623,1.3902919591895635,5.3874993324279785,15.768232941627502,0.5057036166750917,2.3061148640106284,0.0,0.5,0.16488947352281616,0.20023886503956234,0.09093789532780647,0.13839620351791382,0.09093789532780647,0.46465568244457245,0.5972754955291748,47,0.0642839629448965,1.380535017237608
station_wake_L5,Smooth stage-aware SAC,strict_two_stage_v3_v1,two_stage_v3,2,63,9063,1250063,station_wake,5,0.0,0.0,0.1,1,1,0,0,1,0,48,0.25,1,28,0.07619965821504593,0.060163111592569325,0.9524351358413696,0.4752322308836169,2.708677351474762,10.691845379769802,0.32760802155253116,1.907678409953761,0.0,0.0,0.13458121364175687,0.14381541423255806,0.006419747928157448,0.009306925348937511,0.006419747928157448,0.03304723929613829,0.07442014757543802,52,0.08396667419723039,0.2563594377892191
station_wake_L5,Smooth stage-aware SAC,strict_two_stage_v3_v1,two_stage_v3,2,64,9064,1250064,station_wake,5,0.0,0.0,0.1,1,1,0,0,1,0,55,0.25,1,40,0.2579177916049957,0.23969751947351498,0.31349867582321167,0.17440819345685596,1.3220036029815674,6.581003814935684,0.1307569935196367,0.7519758484308185,2.380140779510085,0.0,0.1660688425585364,0.2214138906158322,0.0622439906001091,0.0792175754904747,0.0622439906001091,0.226259246468544,0.3626769036054611,59,0.06954578605466177,1.2388161692009538
station_wake_L5,Smooth stage-aware SAC,strict_two_stage_v3_v1,two_stage_v3,2,65,9065,1250065,station_wake,5,0.0,0.0,0.1,1,1,0,0,1,0,51,0.25,1,26,0.7320154309272766,0.4629731650207024,1.3955128192901611,1.137832050891064,2.0060759782791138,8.329629004001617,0.1931413326684967,1.046350527495785,0.0,0.6000000000000001,0.1223921932906004,0.13307765473829897,0.017751337401568888,0.021194184198975563,0.017751337401568888,0.0397057868540287,0.07359374314546585,55,0.08696692279836796,2.8456079261626988
station_wake_L5,Smooth stage-aware SAC,strict_two_stage_v3_v1,two_stage_v3,2,66,9066,1250066,station_wake,5,0.0,0.0,0.1,1,1,0,0,1,0,36,0.25,1,20,0.5181785821914673,0.47028832457276964,0.948636531829834,0.4285278525787942,3.767733573913574,22.991574704647064,0.41225186511657436,2.5662077382806316,0.0,0.6000000000000001,0.1690803983340174,0.1996179742119492,0.08207656741142273,0.10306259989738464,0.08207656741142273,0.2347000539302826,0.4163794219493866,40,0.07882222183294489,2.4864413614405203
station_wake_L5,Smooth stage-aware SAC,strict_two_stage_v3_v1,two_stage_v3,2,67,9067,1250067,station_wake,5,0.0,0.0,0.1,1,1,0,0,1,0,74,0.25,1,57,0.26711782813072205,0.18088093608535855,0.5715127289295197,0.45405016688817806,2.3094867914915085,9.458434879779816,0.1552414335465261,1.1671300757474077,0.0,0.0,0.163507872171134,0.18448909361595303,0.0673651248216629,0.08313996344804764,0.0673651248216629,0.1578216403722763,0.18085911870002747,78,0.07843791181194576,1.326829133072092
station_wake_L5,Smooth stage-aware SAC,strict_two_stage_v3_v1,two_stage_v3,2,68,9068,1250068,station_wake,5,0.0,0.0,0.1,1,1,0,0,1,0,52,0.25,1,39,0.039604976773262024,0.01609399064637,0.23249927908182144,0.1323038427487013,2.166123688220978,9.03728574514389,0.27952765773834176,1.3227425449148131,0.2149466534898963,0.0,0.16192224982638703,0.22143275554967123,0.021319149993360043,0.02526327595114708,0.021319149993360043,0.11262756958603859,0.32162610441446304,56,0.04895052780518778,0.09042768253668218
station_wake_L5,Smooth stage-aware SAC,strict_two_stage_v3_v1,two_stage_v3,2,69,9069,1250069,station_wake,5,0.0,0.0,0.1,1,1,0,0,1,0,45,0.25,1,29,0.3332723081111908,0.2304499860308619,0.8217513561248779,0.5523535188411115,3.0400975793600082,14.278782904148102,0.2888024450023731,1.8440123571286535,0.0,0.8,0.19342688635504776,0.25696656050226585,0.12602559775114058,0.16974331438541412,0.12602559775114058,0.36678317189216614,0.5217128992080688,49,0.06931499043869786,3.2776451388095085
station_wake_L5,Smooth stage-aware SAC,strict_two_stage_v3_v1,two_stage_v3,2,70,9070,1250070,station_wake,5,0.0,0.0,0.1,1,1,0,0,1,0,46,0.25,1,23,0.0977756679058075,0.07832607656418984,0.85908442735672,0.370755461347484,2.4232566356658936,11.339318677783012,0.4686449414721062,2.165644765266589,0.0,0.7000000000000001,0.1293636701396356,0.14238238812998738,0.03972865417599678,0.04989142715930939,0.03972865417599678,0.1045265644788742,0.1528991013765335,50,0.08699632252654128,2.8250407324679094
station_wake_L5,Smooth stage-aware SAC,strict_two_stage_v3_v1,two_stage_v3,2,71,9071,1250071,station_wake,5,0.0,0.0,0.1,1,1,0,0,1,0,35,0.25,1,18,0.1398671716451645,0.07114233601035874,1.1535575985908508,0.598364359557335,4.3514785170555115,18.781014680862427,0.4677955458063454,2.5390708221612277,0.0,0.8500000000000001,0.10074372640992413,0.1234302260407707,0.12230824232101441,0.1586010456085205,0.12230824232101441,0.3472285568714142,0.423317551612854,39,0.011762283043828654,3.685185451111244
station_wake_L5,Smooth stage-aware SAC,strict_two_stage_v3_v1,two_stage_v3,2,72,9072,1250072,station_wake,5,0.0,0.0,0.1,1,1,0,0,1,0,43,0.25,1,27,0.5259001851081848,0.394916617000171,0.9182882308959961,0.5435690257549802,1.4911657571792603,6.271834000945091,0.29233621339227667,1.6268228656955164,0.0,0.65,0.2105331752607698,0.2779861216225131,0.13252536952495575,0.16077783703804016,0.13252536952495575,0.2845968008041382,0.39480626583099365,47,0.07163135117330416,1.5703429860645004
station_wake_L5,Smooth stage-aware SAC,strict_two_stage_v3_v1,two_stage_v3,2,73,9073,1250073,station_wake,5,0.0,0.0,0.1,1,1,0,0,1,0,44,0.25,1,23,0.08272087574005127,0.06311151443507124,1.039716973900795,0.473141059208155,2.7956193685531616,14.499302804470062,0.4842741591764713,2.1365082583640005,0.0,0.0,0.1273625374268527,0.14827506271720897,0.02616426758468151,0.041945651173591614,0.02616426758468151,0.16901680827140808,0.25592178106307983,48,0.08547080150901275,1.6110451505456642
station_wake_L5,Smooth stage-aware SAC,strict_two_stage_v3_v1,two_stage_v3,2,74,9074,1250074,station_wake,5,0.0,0.0,0.1,1,1,0,0,1,0,50,0.25,1,38,0.30217716097831726,0.26019363133278556,0.38411617279052734,0.23294509044684425,1.951538324356079,9.790524262934923,0.15479234780671075,1.1172579699336185,0.0,0.6000000000000001,0.16961805943908445,0.27346024267866315,0.14995861202478408,0.23943211138248444,0.14995861202478408,0.7005612850189209,1.0928964614868164,54,0.04783280257935364,3.3324066073669085
station_wake_L5,Smooth stage-aware SAC,strict_two_stage_v3_v1,two_stage_v3,2,75,9075,1250075,station_wake,5,0.0,0.0,0.1,1,1,0,0,1,0,57,0.25,1,45,0.3195962607860565,0.16275393909894423,1.0847553610801697,0.6824845510927032,3.8547495007514954,16.748072914779186,0.412902356024693,2.489448437781335,0.13968607968599517,0.0,0.20554294809047996,0.29932247221356234,0.016192150302231312,0.02802114561200142,0.016192150302231312,0.1578284539282322,0.2796543575823307,61,0.0621664166462113,0.11322449943855094
station_wake_L5,Smooth stage-aware SAC,strict_two_stage_v3_v1,two_stage_v3,2,76,9076,1250076,station_wake,5,0.0,0.0,0.1,1,1,0,0,1,0,48,0.25,1,37,0.17007708549499512,0.11404853920429799,0.8436870574951172,0.49885833139535596,6.10624298453331,18.273790627717972,0.31669507766827165,1.782327325457018,0.0,0.0,0.26302858172750604,0.37379586161780787,0.02598522063344717,0.03171025961637497,0.02598522063344717,0.11438364163041115,0.2333725057542324,52,0.05168382888186242,0.7256659244877471
station_wake_L5,Smooth stage-aware SAC,strict_two_stage_v3_v1,two_stage_v3,2,77,9077,1250077,station_wake,5,0.0,0.0,0.1,1,1,0,0,1,0,61,0.25,1,46,0.1480608731508255,0.08179181857306189,0.6878059357404709,0.48028776000057244,3.1181541085243225,10.09634755551815,0.2055190351769605,1.043041757205112,1.010320194646111,0.0,0.1892038486613258,0.2298371778669736,0.016771385446190834,0.04061778262257576,0.016771385446190834,0.22457856684923172,0.6055094674229622,65,0.05456252193442599,0.6101270848180461
station_wake_L5,Smooth stage-aware SAC,strict_two_stage_v3_v1,two_stage_v3,2,78,9078,1250078,station_wake,5,0.0,0.0,0.1,1,1,0,0,1,0,74,0.25,1,58,0.19532404839992523,0.15371280468209658,1.1025873571634293,0.6487931523698859,2.144320011138916,11.141734104603529,0.1188879864613202,0.8767517879298596,0.0,0.30000000000000004,0.13186712212566576,0.16459260936284423,0.014615885354578495,0.03283745050430298,0.014615885354578495,0.19048350304365158,0.29375381767749786,78,0.066804225708418,1.3305155142331948
station_wake_L5,Smooth stage-aware SAC,strict_two_stage_v3_v1,two_stage_v3,2,79,9079,1250079,station_wake,5,0.0,0.0,0.1,1,1,0,0,1,0,45,0.25,1,25,1.1560945510864258,0.914733497512561,1.8774473667144775,1.38782404874864,4.751436337828636,28.20029616355896,0.26262743042850906,1.9331575173876008,0.0,0.45,0.14619833743548855,0.1734317789575069,0.07888032346963883,0.09395260363817215,0.07888032346963883,0.1314517855644226,0.17115280032157898,49,0.0743852678901138,1.0444497961550185
station_wake_L5,Smooth stage-aware SAC,strict_two_stage_v3_v1,two_stage_v3,2,80,9080,1250080,station_wake,5,0.0,0.0,0.1,1,1,0,0,1,0,27,0.25,1,14,0.36656683683395386,0.3082350363589685,1.3543455302715302,0.7795825107339647,8.98464024066925,23.964398335665464,0.5400460442252206,2.4239588008156043,1.9214726592893951,0.0,0.18055983044344992,0.2664639230974102,0.0630138136446476,0.08960893005132675,0.0630138136446476,0.2527572363615036,0.388338640332222,31,0.05585120710980667,0.17281818009138988
station_wake_L5,Smooth stage-aware SAC,strict_two_stage_v3_v1,two_stage_v3,2,81,9081,1250081,station_wake,5,0.0,0.0,0.1,1,1,0,0,1,0,50,0.25,1,38,0.590818464756012,0.307108041180697,1.8300294876098633,1.3695248838807867,6.480000615119934,26.93846955895424,0.7643890457649691,2.7133744609209556,0.0,0.35000000000000003,0.18149370629041456,0.26754826598159537,0.11757063567638397,0.12994155287742615,0.11757063567638397,0.20794063806533813,0.3492194414138794,54,0.04763536553553972,1.5409816036482025
station_wake_L5,Smooth stage-aware SAC,strict_two_stage_v3_v1,two_stage_v3,2,82,9082,1250082,station_wake,5,0.0,0.0,0.1,1,1,0,0,1,0,41,0.25,1,28,0.40449824929237366,0.26407760033591715,0.7556772232055664,0.6134196495083949,2.8510185331106186,13.625431880354881,0.39001461183303393,2.1129589629355254,0.0,0.6000000000000001,0.18557750494886904,0.24961937121395197,0.16707843989133836,0.21478205919265747,0.16707843989133836,0.5741100609302521,0.9509998559951782,45,0.04928234574962857,2.2886337469916618
station_wake_L5,Smooth stage-aware SAC,strict_two_stage_v3_v1,two_stage_v3,2,83,9083,1250083,station_wake,5,0.0,0.0,0.1,1,1,0,0,1,0,42,0.25,1,28,0.7051906585693359,0.5160070616910403,1.5355181694030762,0.8213183608096883,2.071284204721451,10.342983081936836,0.3018780927851938,1.7379248965178506,0.0,0.65,0.19288384459837687,0.2834222969840286,0.16522712558507918,0.222074955701828,0.16522712558507918,0.5346401035785675,0.6844821572303772,46,0.05953261063615859,2.4718851611021653
station_wake_L5,Smooth stage-aware SAC,strict_two_stage_v3_v1,two_stage_v3,2,84,9084,1250084,station_wake,5,0.0,0.0,0.1,1,1,0,0,1,0,40,0.25,1,21,0.1453913301229477,0.09708613630886871,0.6884836405515671,0.5515627995304907,3.485557436943054,15.371515154838562,0.4010480769881052,2.368035584215026,0.0,0.6000000000000001,0.12375500051240003,0.14787308695171045,0.05340971425175667,0.09032908082008362,0.05340971425175667,0.32735762000083923,0.5076083540916443,44,0.08645551094097591,1.4305164205930574
station_wake_L5,Smooth stage-aware SAC,strict_two_stage_v3_v1,two_stage_v3,2,85,9085,1250085,station_wake,5,0.0,0.0,0.1,1,1,0,0,1,0,56,0.25,1,43,0.28513333201408386,0.1430672822505635,1.0844656825065613,0.7981440571463818,4.892434775829315,15.114258788526058,0.3884290102901146,1.784705310669835,0.8401028091844018,0.0,0.2545800823384214,0.35997122061414233,0.033011216670274734,0.0437212772667408,0.033011216670274734,0.17027904838323593,0.31884368509054184,60,0.07213078684063749,0.8401028091844018
station_wake_L5,Smooth stage-aware SAC,strict_two_stage_v3_v1,two_stage_v3,2,86,9086,1250086,station_wake,5,0.0,0.0,0.1,1,1,0,0,1,0,32,0.25,1,10,1.1394511461257935,0.865381478067726,1.6505545377731323,1.3371069538816995,0.2873241901397705,1.1727643013000488,0.1557687279541353,1.2868974017422918,0.0,1.1,0.10324478350314015,0.12643669457916917,0.12553934752941132,0.15986238420009613,0.12553934752941132,0.3616436719894409,0.4900464415550232,36,0.04745444504160586,3.342587858098459
station_wake_L5,Smooth stage-aware SAC,strict_two_stage_v3_v1,two_stage_v3,2,87,9087,1250087,station_wake,5,0.0,0.0,0.1,1,1,0,0,1,0,56,0.25,1,39,0.24866966903209686,0.16604684991008922,0.8682921528816223,0.6632918071434782,5.008532255887985,16.123265624046326,0.4698855352246186,2.2641830627324016,0.0,0.8500000000000001,0.08462703287043691,0.10040034860428045,0.03793125040829182,0.04717814922332764,0.03793125040829182,0.1009296402335167,0.11826522648334503,60,0.058499303069092644,4.4939161342207194
station_wake_L5,Smooth stage-aware SAC,strict_two_stage_v3_v1,two_stage_v3,2,88,9088,1250088,station_wake,5,0.0,0.0,0.1,1,1,0,0,1,0,44,0.25,1,32,0.34703388810157776,0.17828387280664942,1.1107125878334045,0.9014057982000303,3.8133663684129715,13.719411864876747,0.2841736945111575,1.9278214179265405,0.0,0.5,0.15782765293064244,0.26345384319988374,0.10043871104717254,0.10373324900865555,0.10043871104717254,0.1038261353969574,0.15403136610984802,48,0.046735790878834525,3.130419557476237
station_wake_L5,Smooth stage-aware SAC,strict_two_stage_v3_v1,two_stage_v3,2,89,9089,1250089,station_wake,5,0.0,0.0,0.1,1,1,0,0,1,0,52,0.25,1,37,0.14445723593235016,0.12128232978033379,0.4515014588832855,0.26838603832496216,2.81841691583395,17.203838527202606,0.5463822511926707,2.246456174124589,0.0,0.65,0.1744466552323372,0.23198676557979456,0.10834804773330689,0.1158851683139801,0.10834804773330689,0.08418968319892883,0.13597458600997925,56,0.07629008002049821,2.9006857178560352
station_wake_L5,Smooth stage-aware SAC,strict_two_stage_v3_v1,two_stage_v3,2,90,9090,1250090,station_wake,5,0.0,0.0,0.1,1,1,0,0,1,0,36,0.25,0,-1,nan,nan,nan,nan,nan,nan,nan,nan,0.0,nan,0.056115230792535484,0.05649870976186316,0.10420119166374206,0.13845497369766235,0.10420119166374206,0.34984341263771057,0.46100080013275146,40,0.08444506324367723,3.8624963081911288
station_wake_L5,Smooth stage-aware SAC,strict_two_stage_v3_v1,two_stage_v3,2,91,9091,1250091,station_wake,5,0.0,0.0,0.1,1,1,0,0,1,0,52,0.25,1,41,0.3758505582809448,0.17413513447533635,1.4233553409576416,1.0638215520079515,8.627774864435196,19.723134338855743,0.4394801647074061,2.7576718251365584,0.0,0.0,0.21037788535047303,0.3220890812911744,0.024056731909513473,0.03657911345362663,0.024056731909513473,0.281089186668396,0.557219497859478,56,0.05103430774641265,2.0551424495543067
station_wake_L5,Smooth stage-aware SAC,strict_two_stage_v3_v1,two_stage_v3,2,92,9092,1250092,station_wake,5,0.0,0.0,0.1,1,1,0,0,1,0,60,0.25,1,43,0.0999416932463646,0.062398984881616514,0.5610744282603264,0.3137844559497635,3.5975394397974014,21.84987962245941,0.2357536162804448,1.48772071148059,0.0,0.0,0.166468681418391,0.1834292278149955,0.018217305652797222,0.020592188462615013,0.018217305652797222,0.049375712871551514,0.08305108174681664,64,0.07499451832811696,0.9934528290473529
station_wake_L5,Smooth stage-aware SAC,strict_two_stage_v3_v1,two_stage_v3,2,93,9093,1250093,station_wake,5,0.0,0.0,0.1,1,1,0,0,1,0,66,0.25,1,52,0.20253439247608185,0.18456330818199895,0.23101627826690674,0.1457267382712257,1.6744334995746613,8.731982093304396,0.3249273401553327,1.3584515437176252,3.16792177833125,0.0,0.15397645756767914,0.21263773437151995,0.10702845007181168,0.129529669880867,0.10702845007181168,0.3439251780509949,0.4779288172721863,70,0.059294961057467684,1.0855455502871043
station_wake_L5,Smooth stage-aware SAC,strict_two_stage_v3_v1,two_stage_v3,2,94,9094,1250094,station_wake,5,0.0,0.0,0.1,1,1,0,0,1,0,54,0.25,1,42,0.2679465413093567,0.23305097557642732,0.7678276300430298,0.4066764568181383,2.6413728296756744,13.902540504932404,0.4419496653638875,1.9907985062388929,0.0,0.25,0.20469923166693368,0.3182340378480636,0.05915691778063774,0.08381698280572891,0.05915691778063774,0.34810546040534973,0.5558955669403076,58,0.061843172611294295,2.4934651437848205
station_wake_L5,Smooth stage-aware SAC,strict_two_stage_v3_v1,two_stage_v3,2,95,9095,1250095,station_wake,5,0.0,0.0,0.1,1,1,0,0,1,0,57,0.25,1,43,0.17994850873947144,0.12173362871810367,1.0321348160505295,0.7068693505728896,3.4183652326464653,17.51218408346176,0.2663074926748411,1.3690537345358855,0.0,0.4,0.16388142516540877,0.2126817623658498,0.07152557894587516,0.08765382319688797,0.07152557894587516,0.15271411836147308,0.19644707441329956,61,0.05192963131699068,2.13778346964323
station_wake_L5,Smooth stage-aware SAC,strict_two_stage_v3_v1,two_stage_v3,2,96,9096,1250096,station_wake,5,0.0,0.0,0.1,1,1,0,0,1,0,42,0.25,1,32,0.04322299361228943,0.01883667118213104,0.4488321952521801,0.24904761835807734,3.6938920617103577,17.609885185956955,0.7501836583098199,2.5574851379656085,0.0,0.0,0.2921194238730486,0.42011962565366917,0.006852917978540063,0.021278979256749153,0.006852917978540063,0.18049571011215448,0.3619619086384773,46,0.055118816553468265,0.29182268709442444
station_wake_L5,Smooth stage-aware SAC,strict_two_stage_v3_v1,two_stage_v3,2,97,9097,1250097,station_wake,5,0.0,0.0,0.1,1,1,0,0,1,0,53,0.25,1,35,0.34369194507598877,0.22041690550270737,1.550784409046173,1.2374468112725485,3.0303558707237244,11.932956874370575,0.18685997451215502,1.346088574782188,0.09653939450294777,0.35000000000000003,0.09479344480068821,0.12137998503352558,0.020073065906763075,0.02536981739103794,0.020073065906763075,0.16470517963171005,0.43778397142887115,57,0.08000799573709409,0.19098609641744033
station_wake_L5,Smooth stage-aware SAC,strict_two_stage_v3_v1,two_stage_v3,2,98,9098,1250098,station_wake,5,0.0,0.0,0.1,1,1,0,0,1,0,75,0.25,1,56,0.09555885195732117,0.059330981921559965,0.3344053030014038,0.18338074344769809,2.018955983221531,9.038786701858044,0.11339386447294894,0.761369265114832,0.8510877810821922,0.0,0.15944833441871614,0.17421521929707515,0.004448509169742465,0.010443482547998428,0.004448509169742465,0.0794164389371872,0.11687073856592178,79,0.08098719479741272,0.8390613654185335
station_wake_L5,Smooth stage-aware SAC,strict_two_stage_v3_v1,two_stage_v3,2,99,9099,1250099,station_wake,5,0.0,0.0,0.1,1,1,0,0,1,0,37,0.25,1,20,0.5985342860221863,0.5459084076319352,1.370861530303955,0.734101794163921,5.7647407706826925,37.23611354827881,0.49379956114036166,3.4456833131524607,0.0,0.75,0.16565045966139288,0.2020210359010181,0.1190919354557991,0.1455083191394806,0.1190919354557991,0.2692009508609772,0.323198139667511,41,0.07701794067264299,2.3257748215943104
station_wake_L5,Smooth stage-aware SAC,strict_two_stage_v3_v1,two_stage_v3,3,0,9000,1250000,station_wake,5,0.0,0.0,0.1,1,1,0,0,1,0,45,0.25,1,33,0.3417338728904724,0.22362027098148868,1.069406196475029,0.7805797532655453,6.7000412940979,26.409860849380493,0.3449755558008205,2.382510458415301,0.0,0.0,0.17311005899847168,0.26213212650444534,0.044527658820152284,0.0852103903889656,0.044527658820152284,0.29459063708782196,0.5782321095466614,49,0.06042324974160829,2.0593500595264462
station_wake_L5,Smooth stage-aware SAC,strict_two_stage_v3_v1,two_stage_v3,3,1,9001,1250001,station_wake,5,0.0,0.0,0.1,1,1,0,0,1,0,48,0.25,1,29,0.6158210039138794,0.47341715379284455,1.405753493309021,0.9199086536423543,4.789905622601509,25.880204737186432,0.47954101959931045,2.8235104041093555,0.0,0.2,0.130150398936771,0.15007057538052412,0.056010130792856216,0.0722484216094017,0.056010130792856216,0.15258897840976715,0.18945693969726562,52,0.07998877290153975,0.38911347577724636
station_wake_L5,Smooth stage-aware SAC,strict_two_stage_v3_v1,two_stage_v3,3,2,9002,1250002,station_wake,5,0.0,0.0,0.1,1,1,0,0,1,0,42,0.25,1,27,0.3497389554977417,0.23083213781605183,0.7801759243011475,0.5935603339387582,1.8998891115188599,10.826309025287628,0.17969970506752944,1.1573739461714416,0.3694314585906348,0.0,0.1878083076132108,0.268321193869161,0.01824022363871336,0.022474238649010658,0.01824022363871336,0.07795143127441406,0.1750965230166912,46,0.05765064269296507,0.22693954519772633
station_wake_L5,Smooth stage-aware SAC,strict_two_stage_v3_v1,two_stage_v3,3,3,9003,1250003,station_wake,5,0.0,0.0,0.1,1,1,0,0,1,0,56,0.25,1,44,0.2117248773574829,0.20587250579759722,0.25006383657455444,0.09610392060570709,2.182629257440567,9.054261445999146,0.21808346074577395,0.9945836718045082,0.0,0.25,0.2171082979165364,0.31955295585002197,0.08406342752277851,0.15108245611190796,0.08406342752277851,0.6016677096486092,0.8504971116781235,60,0.04939504683756858,0.22076364012543317
station_wake_L5,Smooth stage-aware SAC,strict_two_stage_v3_v1,two_stage_v3,3,4,9004,1250004,station_wake,5,0.0,0.0,0.1,1,1,0,0,1,0,52,0.25,1,38,0.24103623628616333,0.12734277218133228,0.9403479099273682,0.5540635578193525,2.0802347362041473,11.447413563728333,0.35241074467512995,1.5332881139859005,0.0,0.0,0.20315477829295348,0.2895751270541346,0.05283398777246475,0.07836183905601501,0.05283398777246475,0.22986724972724915,0.3339533507823944,56,0.05990269564029992,0.6238767358649578
station_wake_L5,Smooth stage-aware SAC,strict_two_stage_v3_v1,two_stage_v3,3,5,9005,1250005,station_wake,5,0.0,0.0,0.1,1,1,0,0,1,0,61,0.25,1,42,0.3296110928058624,0.237163792893344,0.6463509798049927,0.40123926660275355,4.241768717765808,13.424659445881844,0.3287040566921402,1.4945746539679854,1.7441863482018403,0.0,0.17537631257885128,0.20562690080789323,0.035541707277297975,0.040651194751262665,0.035541707277297975,0.12429266422986984,0.258680023252964,65,0.06735406730522048,1.191327464727442
station_wake_L5,Smooth stage-aware SAC,strict_two_stage_v3_v1,two_stage_v3,3,6,9006,1250006,station_wake,5,0.0,0.0,0.1,1,1,0,0,1,0,27,0.25,0,-1,nan,nan,nan,nan,nan,nan,nan,nan,0.0,nan,0.1743022078553808,0.24778228869459254,0.162431201338768,0.2081061601638794,0.162431201338768,0.4468145966529846,0.5381938815116882,31,0.06795002924506524,1.8605473718928816
station_wake_L5,Smooth stage-aware SAC,strict_two_stage_v3_v1,two_stage_v3,3,7,9007,1250007,station_wake,5,0.0,0.0,0.1,1,1,0,0,1,0,61,0.25,1,45,0.39659661054611206,0.25673366234370637,0.8010423183441162,0.6776468268841771,2.0072290673851967,8.414819911122322,0.12090375608036012,0.9499080261220028,0.0,0.0,0.18319493059448647,0.21361371699681872,0.06914147585630417,0.06991416215896606,0.06914147585630417,0.03206738829612732,0.07735386490821838,65,0.07107588750477808,2.2770881659734017
station_wake_L5,Smooth stage-aware SAC,strict_two_stage_v3_v1,two_stage_v3,3,8,9008,1250008,station_wake,5,0.0,0.0,0.1,1,1,0,0,1,0,37,0.25,1,25,0.2430267333984375,0.16080258229083633,0.9885150194168091,0.5885415975697531,3.521740436553955,24.17430989444256,0.2322180909411641,2.003516952048166,2.7179369629797625,0.0,0.2711758278286317,0.3663212736662168,0.03144727237522602,0.05033975839614868,0.03144727237522602,0.2932814210653305,0.46404633671045303,41,0.029412358816335003,2.267915008474663
station_wake_L5,Smooth stage-aware SAC,strict_two_stage_v3_v1,two_stage_v3,3,9,9009,1250009,station_wake,5,0.0,0.0,0.1,1,1,0,0,1,0,39,0.25,1,24,0.06123247742652893,0.026480557253105615,0.46496111899614334,0.26713697087210025,3.5517102107405663,21.316499263048172,0.33062233344896486,2.0555730668923604,0.0,0.0,0.18863560742432062,0.2549475852353764,0.025345714949071407,0.03874821588397026,0.025345714949071407,0.12183627113699913,0.15659362077713013,43,0.07973409294193826,0.7593852343987778
station_wake_L5,Smooth stage-aware SAC,strict_two_stage_v3_v1,two_stage_v3,3,10,9010,1250010,station_wake,5,0.0,0.0,0.1,1,1,0,0,1,0,35,0.25,0,-1,nan,nan,nan,nan,nan,nan,nan,nan,0.0,nan,0.07830751492993068,0.0798255562609816,0.1453596606850624,0.1787760853767395,0.1453596606850624,0.3287089765071869,0.38762718439102173,39,0.03829466049389962,3.2536020191574173
station_wake_L5,Smooth stage-aware SAC,strict_two_stage_v3_v1,two_stage_v3,3,11,9011,1250011,station_wake,5,0.0,0.0,0.1,1,1,0,0,1,0,51,0.25,1,30,0.6092597246170044,0.47486269814329946,0.8781272172927856,0.551453327188327,3.5491254180669785,10.438801795244217,0.4512327668072194,1.9632957242096256,0.11951179529125346,0.65,0.12596782836240428,0.1488812267071588,0.08672322779893875,0.11267100274562836,0.08672322779893875,0.2647973895072937,0.2914811670780182,55,0.09114223191222465,0.11951179529125346
station_wake_L5,Smooth stage-aware SAC,strict_two_stage_v3_v1,two_stage_v3,3,12,9012,1250012,station_wake,5,0.0,0.0,0.1,1,1,0,0,1,0,55,0.25,1,41,0.13189955055713654,0.08614480757459857,0.5449081212282181,0.37510544408054114,2.4181555956602097,7.574136480689049,0.2670737993172701,1.7056067722347787,0.0,0.0,0.15855952516688734,0.21275186260762335,0.07718170434236526,0.100422702729702,0.07718170434236526,0.21030807495117188,0.2707965672016144,59,0.0715359768740028,0.8623574331301546
station_wake_L5,Smooth stage-aware SAC,strict_two_stage_v3_v1,two_stage_v3,3,13,9013,1250013,station_wake,5,0.0,0.0,0.1,1,1,0,0,1,0,58,0.25,1,44,0.12804198265075684,0.0715205165691127,0.49855682998895645,0.3720368037086378,1.529856026172638,7.552842944860458,0.28902150082803746,1.1721095658673295,0.5243369206349241,0.0,0.14080596045308966,0.18742429319689555,0.04798126369714737,0.05734417960047722,0.04798126369714737,0.14956262707710266,0.28623513877391815,62,0.06972710277334561,0.5243369206349241
station_wake_L5,Smooth stage-aware SAC,strict_two_stage_v3_v1,two_stage_v3,3,14,9014,1250014,station_wake,5,0.0,0.0,0.1,1,1,0,0,1,0,54,0.25,1,38,0.31991299986839294,0.26941467217753906,0.6536811590194702,0.3468523739367348,4.76981595158577,14.056615605950356,0.26707688586252676,1.4661403324634876,0.0,0.4,0.17598674424992738,0.2092452934199531,0.02467236965894699,0.03421994298696518,0.02467236965894699,0.10837733745574951,0.18885232508182526,58,0.07657020410187854,2.2476378843761875
station_wake_L5,Smooth stage-aware SAC,strict_two_stage_v3_v1,two_stage_v3,3,15,9015,1250015,station_wake,5,0.0,0.0,0.1,1,1,0,0,1,0,54,0.25,1,35,0.5253403186798096,0.2659629722346262,1.6824710369110107,1.3875372469390732,3.2403749227523804,12.478230595588684,0.2663597069544469,1.7282409560753829,0.7764078800794478,0.0,0.11740960911936418,0.14791664519238,0.034705516695976255,0.05237746983766556,0.034705516695976255,0.25788725167512894,0.37463732063770294,58,0.09209390527436734,0.27928798262655524
station_wake_L5,Smooth stage-aware SAC,strict_two_stage_v3_v1,two_stage_v3,3,16,9016,1250016,station_wake,5,0.0,0.0,0.1,1,1,0,0,1,0,38,0.25,1,16,1.333153486251831,1.1567630277119962,1.3318562507629395,1.026134438197751,4.908082485198975,9.122306108474731,0.27090980405750653,1.817068173298118,0.0,1.1,0.11596810755911428,0.13673257651767057,0.17706566751003266,0.21722176671028137,0.17706566751003266,0.4088956117630005,0.5244174599647522,42,0.06834140949271753,2.626848279548003
station_wake_L5,Smooth stage-aware SAC,strict_two_stage_v3_v1,two_stage_v3,3,17,9017,1250017,station_wake,5,0.0,0.0,0.1,1,1,0,0,1,0,49,0.25,1,31,0.2854805886745453,0.21724096110220603,0.4742521047592163,0.26376676568720586,5.117465704679489,14.400925412774086,0.3511162797963599,1.9392038995682186,0.0,0.25,0.14666469246267053,0.16685314951201918,0.04508637711405754,0.061499856412410736,0.04508637711405754,0.15648482739925385,0.19458234310150146,53,0.08121818277183147,0.34559532568690676
station_wake_L5,Smooth stage-aware SAC,strict_two_stage_v3_v1,two_stage_v3,3,18,9018,1250018,station_wake,5,0.0,0.0,0.1,1,1,0,0,1,0,50,0.25,1,31,0.06650713831186295,0.04817680109192583,0.7967571169137955,0.3481030436989744,4.362337589263916,13.055991679430008,0.2868523803708907,1.7073684980346984,0.0,0.0,0.12930111945851094,0.1608104151766276,0.03234438970685005,0.040863536298274994,0.03234438970685005,0.1076405681669712,0.17795957624912262,54,0.08758149138263692,0.5202955830803921
station_wake_L5,Smooth stage-aware SAC,strict_two_stage_v3_v1,two_stage_v3,3,19,9019,1250019,station_wake,5,0.0,0.0,0.1,1,1,0,0,1,0,42,0.25,1,30,0.21232350170612335,0.12312894055073709,1.1190598458051682,0.7454913434127277,2.7981293201446533,14.313026294112206,0.2639776381156472,1.947089459491123,0.0,0.6000000000000001,0.18647348888222087,0.2637898878310886,0.1473980352282524,0.1955825239419937,0.1473980352282524,0.45160654187202454,0.5873820185661316,46,0.05096891562862825,3.287627887168305
station_wake_L5,Smooth stage-aware SAC,strict_two_stage_v3_v1,two_stage_v3,3,20,9020,1250020,station_wake,5,0.0,0.0,0.1,1,1,0,0,1,0,36,0.25,1,18,0.9202651381492615,0.8314795542901746,1.108243465423584,0.5321495816563537,5.146595453843474,28.110094740986824,0.3943423772467593,2.751507830415703,0.0,0.65,0.1722035553199654,0.20735252136034166,0.09325610548257827,0.12258933484554291,0.09325610548257827,0.30415311455726624,0.4665714502334595,40,0.07398395767639102,1.5079845328810477
station_wake_L5,Smooth stage-aware SAC,strict_two_stage_v3_v1,two_stage_v3,3,21,9021,1250021,station_wake,5,0.0,0.0,0.1,1,1,0,0,1,0,60,0.25,1,40,0.16139525175094604,0.1107667359302817,0.4617440700531006,0.30044419741903183,2.3024938255548477,10.396087616682053,0.34449433543956803,1.4404771131500984,0.0,0.0,0.15773357075968808,0.18068051259687162,0.004739916883409023,0.011704770848155022,0.004739916883409023,0.07943761441856623,0.13729386031627655,64,0.07915988312979667,1.4017019869188891
station_wake_L5,Smooth stage-aware SAC,strict_two_stage_v3_v1,two_stage_v3,3,22,9022,1250022,station_wake,5,0.0,0.0,0.1,1,1,0,0,1,0,34,0.25,1,19,0.3340851068496704,0.24095700288447894,0.9569308161735535,0.6647429673482483,4.329563528299332,16.45856887102127,0.3783805718758038,2.631114038788918,0.0,0.0,0.17308540120833443,0.2191593590473316,0.022016295790672304,0.034274738281965256,0.022016295790672304,0.15812841057777405,0.24855626747012138,38,0.07339183534372165,3.7105869246345216
station_wake_L5,Smooth stage-aware SAC,strict_two_stage_v3_v1,two_stage_v3,3,23,9023,1250023,station_wake,5,0.0,0.0,0.1,1,1,0,0,1,0,100,0.25,1,46,0.2670617699623108,0.2008806608498376,0.3889086842536926,0.2635522228948466,0.9563261270523071,4.608772695064545,0.13232380650542963,0.6778894674087649,0.0,0.45,0.07616038246425937,0.07661760775948842,0.007743845973163843,0.00847738329321146,0.007743845973163843,0.007205020636320114,0.007427427917718887,104,0.09790199948876517,0.377806204327996
station_wake_L5,Smooth stage-aware SAC,strict_two_stage_v3_v1,two_stage_v3,3,24,9024,1250024,station_wake,5,0.0,0.0,0.1,1,1,0,0,1,0,54,0.25,1,39,0.12904801964759827,0.08122288877356254,0.5509717762470245,0.3900259254173205,1.7197123169898987,7.07974499091506,0.13975649752736696,0.7955845556760606,0.6152922019344567,0.0,0.1661727447174846,0.23808353621878336,0.07338427752256393,0.07946670055389404,0.07338427752256393,0.17459280788898468,0.4479224234819412,58,0.07816602239975004,0.6352608469423708
station_wake_L5,Smooth stage-aware SAC,strict_two_stage_v3_v1,two_stage_v3,3,25,9025,1250025,station_wake,5,0.0,0.0,0.1,1,1,0,0,1,0,34,0.25,1,21,0.6767762899398804,0.3492589801232389,2.080768346786499,1.4666786534524043,3.641488552093506,18.880225867033005,0.5376891852396452,3.047278823485514,0.0,0.65,0.1313650889166759,0.2195474533938943,0.1292653948068619,0.1410175859928131,0.1292653948068619,0.16485783457756042,0.33115923404693604,38,0.06196818088195372,3.40864774020353
station_wake_L5,Smooth stage-aware SAC,strict_two_stage_v3_v1,two_stage_v3,3,26,9026,1250026,station_wake,5,0.0,0.0,0.1,1,1,0,0,1,0,34,0.25,1,22,0.8440996408462524,0.560603881444774,1.5711700916290283,1.1212065705629315,8.808890581130981,21.44422471523285,0.45475573753710785,2.841424025079892,0.0,0.6000000000000001,0.20478692322691333,0.3081570415337843,0.09556268751621247,0.13998521864414215,0.09556268751621247,0.44368672370910645,0.5695179104804993,38,0.061335950401395646,3.808880603866998
station_wake_L5,Smooth stage-aware SAC,strict_two_stage_v3_v1,two_stage_v3,3,27,9027,1250027,station_wake,5,0.0,0.0,0.1,1,1,0,0,1,0,39,0.25,1,19,0.34909674525260925,0.253616850656396,1.0132327675819397,0.6013519549355618,6.778855323791504,30.566376447677612,0.6540083215136892,2.9247318239182274,0.0,0.5,0.1521023198350034,0.17412785991204824,0.05954133048653602,0.06525259464979172,0.05954133048653602,0.05929236114025116,0.06627202033996582,43,0.08634065281645166,1.657265787711081
station_wake_L5,Smooth stage-aware SAC,strict_two_stage_v3_v1,two_stage_v3,3,28,9028,1250028,station_wake,5,0.0,0.0,0.1,1,1,0,0,1,0,44,0.25,1,28,0.39848655462265015,0.32971045373446106,0.5161643028259277,0.29796461957331477,2.3772260267287493,8.441106081008911,0.28168980517103287,1.699195709289825,0.0,0.55,0.15420974712352514,0.188281780374037,0.10261599570512772,0.13394740223884583,0.10261599570512772,0.3330647051334381,0.5470848083496094,48,0.0817404835906243,0.6764741550333748
station_wake_L5,Smooth stage-aware SAC,strict_two_stage_v3_v1,two_stage_v3,3,29,9029,1250029,station_wake,5,0.0,0.0,0.1,1,1,0,0,1,0,40,0.25,1,25,0.6691333055496216,0.5702979314680947,1.4022260904312134,0.8036751635963575,6.908649802207947,20.867847502231598,0.6292753010311561,2.466633683645672,0.0,0.45,0.18965651377396955,0.22099596211627942,0.0448429711163044,0.050176531076431274,0.0448429711163044,0.05450117588043213,0.06148688495159149,44,0.05478772124125012,3.1516072311684398
station_wake_L5,Smooth stage-aware SAC,strict_two_stage_v3_v1,two_stage_v3,3,30,9030,1250030,station_wake,5,0.0,0.0,0.1,1,1,0,0,1,0,46,0.25,1,32,0.1520135998725891,0.06287833037781579,1.0425817966461182,0.6490392545988098,4.24752552062273,20.759941935539246,0.29340119501060963,2.1145088208519347,0.0,0.0,0.14046330521571387,0.17688290517924343,0.06653288155794143,0.07587773352861404,0.06653288155794143,0.12017294764518738,0.21074846386909485,50,0.059227120680127004,0.9658550228190933
station_wake_L5,Smooth stage-aware SAC,strict_two_stage_v3_v1,two_stage_v3,3,31,9031,1250031,station_wake,5,0.0,0.0,0.1,1,1,0,0,1,0,56,0.25,1,41,0.2243722826242447,0.15051060879454548,0.6825020909309387,0.47027270524623926,3.8523879647254944,18.972662389278412,0.24623162690921904,1.84665189221321,0.0,0.6000000000000001,0.17585814851798434,0.22150279687846225,0.13084249645471574,0.1616564244031906,0.13084249645471574,0.34678199887275696,0.62186598777771,60,0.07556304635263893,1.8369853536904532
station_wake_L5,Smooth stage-aware SAC,strict_two_stage_v3_v1,two_stage_v3,3,32,9032,1250032,station_wake,5,0.0,0.0,0.1,1,1,0,0,1,0,53,0.25,1,40,0.4812052845954895,0.4009733882981447,1.4139527082443237,0.8912190731089381,6.115561127662659,27.94486004859209,0.5425534184405648,2.991883918781996,0.0,0.55,0.24164241661411417,0.35083971687683724,0.12491432875394821,0.20189149677753448,0.12491432875394821,0.7062656879425049,1.020970344543457,57,0.06454507989046375,2.06016178482062
station_wake_L5,Smooth stage-aware SAC,strict_two_stage_v3_v1,two_stage_v3,3,33,9033,1250033,station_wake,5,0.0,0.0,0.1,1,1,0,0,1,0,41,0.25,0,-1,nan,nan,nan,nan,nan,nan,nan,nan,0.0,nan,0.07056512399778911,0.07506446236169069,0.10901294201612473,0.13550478219985962,0.10901294201612473,0.2669985890388489,0.3421139717102051,45,0.06044505505338884,3.5209930395494267
station_wake_L5,Smooth stage-aware SAC,strict_two_stage_v3_v1,two_stage_v3,3,34,9034,1250034,station_wake,5,0.0,0.0,0.1,1,1,0,0,1,0,40,0.25,1,19,1.183273196220398,1.0822961557041735,1.248483657836914,0.9700572443500769,6.668192744255066,23.407616317272186,0.4161567874873579,3.094384550522106,0.0,1.05,0.12328141064792213,0.18348078998123468,0.15888125598430633,0.2167535126209259,0.15888125598430633,0.6025564074516296,0.8999568223953247,44,0.030104275276535343,2.8818303403219803
station_wake_L5,Smooth stage-aware SAC,strict_two_stage_v3_v1,two_stage_v3,3,35,9035,1250035,station_wake,5,0.0,0.0,0.1,1,1,0,0,1,0,57,0.25,1,44,0.16061994433403015,0.1023651784072791,0.9645849466323853,0.6820460680231039,1.990327537059784,7.227579653263092,0.2836576882211779,1.6282273326648034,0.0,0.05,0.1935102207594795,0.27892819869494284,0.015793550573289395,0.038736239075660706,0.015793550573289395,0.2517373040318489,0.4769118130207062,61,0.07687076582506186,0.7237227890297314
station_wake_L5,Smooth stage-aware SAC,strict_two_stage_v3_v1,two_stage_v3,3,36,9036,1250036,station_wake,5,0.0,0.0,0.1,1,1,0,0,1,0,39,0.25,1,15,1.3348267078399658,1.1104457567393888,1.3304030895233154,1.0822274318312903,2.5969958305358887,3.3069908618927,0.3226092307638238,1.7392461112303743,0.0,1.2000000000000002,0.08654926568142081,0.10040413676282639,0.15628437101840972,0.18796321749687195,0.15628437101840972,0.3171529173851013,0.36609917879104614,43,0.0433619234020694,3.1885954802884093
station_wake_L5,Smooth stage-aware SAC,strict_two_stage_v3_v1,two_stage_v3,3,37,9037,1250037,station_wake,5,0.0,0.0,0.1,1,1,0,0,1,0,50,0.25,1,29,0.6105519533157349,0.5651084649331782,1.1595690250396729,0.5083414072448538,9.52098697423935,32.26747751235962,0.49773184418354643,2.4709326323096925,0.0,0.6000000000000001,0.1324347938871145,0.15896179652011194,0.07520085200667381,0.0878138467669487,0.07520085200667381,0.13001032173633575,0.16569092869758606,54,0.08709671950189944,0.18485685541100014
station_wake_L5,Smooth stage-aware SAC,strict_two_stage_v3_v1,two_stage_v3,3,38,9038,1250038,station_wake,5,0.0,0.0,0.1,1,1,0,0,1,0,58,0.25,1,45,0.3505277633666992,0.207102181327822,0.9069657325744629,0.6023336068666756,4.750044047832489,20.70733204483986,0.26519862864240323,1.7421076014084254,0.0,0.05,0.17197737332599644,0.23535094895917197,0.08238052576780319,0.09423481673002243,0.08238052576780319,0.123196542263031,0.17437636852264404,62,0.06099435891528876,0.6307529754510153
station_wake_L5,Smooth stage-aware SAC,strict_two_stage_v3_v1,two_stage_v3,3,39,9039,1250039,station_wake,5,0.0,0.0,0.1,1,1,0,0,1,0,65,0.25,1,48,0.2211643010377884,0.11027555510651643,0.7970577478408813,0.6374124744774894,4.624883234500885,19.748640656471252,0.3357530628839624,1.8349000406226421,0.0,0.6000000000000001,0.15322949684716253,0.17759818465137164,0.10513930320739746,0.14045219123363495,0.10513930320739746,0.4042646884918213,0.6687432527542114,69,0.0855249139980883,0.22961009580234842
station_wake_L5,Smooth stage-aware SAC,strict_two_stage_v3_v1,two_stage_v3,3,40,9040,1250040,station_wake,5,0.0,0.0,0.1,1,1,0,0,1,0,56,0.25,1,43,0.27424031496047974,0.20262743214412618,0.5121535062789917,0.3315909950131001,3.3501043915748596,13.585523217916489,0.872006671519464,2.5260181159996034,0.0,0.45,0.22326073169722957,0.2909157207996119,0.10976462066173553,0.11845575273036957,0.10976462066173553,0.07424280047416687,0.12916788458824158,60,0.06322606979294847,2.1650741308022505
station_wake_L5,Smooth stage-aware SAC,strict_two_stage_v3_v1,two_stage_v3,3,41,9041,1250041,station_wake,5,0.0,0.0,0.1,1,1,0,0,1,0,48,0.25,1,38,0.2507587671279907,0.16661016890128477,1.8726515769958496,1.2340620592406994,4.678776264190674,19.750252068042755,0.4599949866472755,2.4467482864519234,0.0,0.2,0.2614353559437699,0.385610027984891,0.10815554335713387,0.16223710775375366,0.10815554335713387,0.537892147898674,0.7246168702840805,52,0.05495483358430172,0.4633780159010892
station_wake_L5,Smooth stage-aware SAC,strict_two_stage_v3_v1,two_stage_v3,3,42,9042,1250042,station_wake,5,0.0,0.0,0.1,1,1,0,0,1,0,40,0.25,1,5,0.7833457589149475,0.5010454854671825,2.0090265572071075,1.6654561283174092,19.756464958190918,20.601507425308228,1.6074108697374956,2.4826914149765034,0.0,1.75,0.05211327680213228,0.05583991830017063,0.14188464879989623,0.17021310329437256,0.14188464879989623,0.28539252281188965,0.37253618240356445,44,0.0450221975950012,3.139105850553201
station_wake_L5,Smooth stage-aware SAC,strict_two_stage_v3_v1,two_stage_v3,3,43,9043,1250043,station_wake,5,0.0,0.0,0.1,1,1,0,0,1,0,56,0.25,1,37,0.2214367687702179,0.13281612007957258,0.5261111259460449,0.4201772270063756,1.7420625686645508,5.729278922080994,0.12043618506059568,0.6049334884374888,0.0,0.9500000000000001,0.12358948179645554,0.1483732773391143,0.11398309916257858,0.1333751082420349,0.11398309916257858,0.1734539270401001,0.23442476987838745,60,0.0676158379556034,3.384989245579075
station_wake_L5,Smooth stage-aware SAC,strict_two_stage_v3_v1,two_stage_v3,3,44,9044,1250044,station_wake,5,0.0,0.0,0.1,1,1,0,0,1,0,38,0.25,1,17,0.7723345756530762,0.6621625633582809,0.9856092929840088,0.6838715017686341,7.532844543457031,27.84976363182068,0.4142202336567422,2.616060729837551,0.0,1.05,0.17196871237583766,0.2116671555115265,0.1280929833650589,0.1516493260860443,0.1280929833650589,0.23885679244995117,0.2817898988723755,42,0.05910318851210094,3.402219251534078
station_wake_L5,Smooth stage-aware SAC,strict_two_stage_v3_v1,two_stage_v3,3,45,9045,1250045,station_wake,5,0.0,0.0,0.1,1,1,0,0,1,0,51,0.25,1,37,0.4191601276397705,0.25679205143947986,2.0092621445655823,1.646992547092152,6.033450663089752,19.990074336528778,0.30493919013177134,1.8648964543186932,1.323939322722942,0.2,0.28819785640440343,0.36552051556272913,0.023700891621410848,0.05711556598544121,0.023700891621410848,0.37243280187249184,0.6196976453065872,55,0.047854620465932245,1.2989627083103805
station_wake_L5,Smooth stage-aware SAC,strict_two_stage_v3_v1,two_stage_v3,3,46,9046,1250046,station_wake,5,0.0,0.0,0.1,1,1,0,0,1,0,44,0.25,1,32,0.25761374831199646,0.11585547936033548,1.3331061601638794,0.8055999167016413,3.165009617805481,19.955076575279236,0.5209423598277255,2.725855343156167,0.0,0.55,0.1751134298071855,0.2531708132107593,0.1217335045337677,0.14923378825187683,0.1217335045337677,0.31844839453697205,0.457712858915329,48,0.049894952052067405,3.010627644387734
station_wake_L5,Smooth stage-aware SAC,strict_two_stage_v3_v1,two_stage_v3,3,47,9047,1250047,station_wake,5,0.0,0.0,0.1,1,1,0,0,1,0,69,0.25,1,55,0.08656240254640579,0.051688209565940606,0.2852245420217514,0.16292272063550947,1.0188500583171844,6.11687645316124,0.1842320222910566,1.2477300689596198,0.0,0.0,0.13308950789883195,0.1677576834856259,0.011029922869056463,0.01446892973035574,0.011029922869056463,0.04645148105919361,0.08384744636714458,73,0.07381915269405312,0.3368367019738497
station_wake_L5,Smooth stage-aware SAC,strict_two_stage_v3_v1,two_stage_v3,3,48,9048,1250048,station_wake,5,0.0,0.0,0.1,1,1,0,0,1,0,53,0.25,1,32,0.1957664042711258,0.11495743051219881,0.5776482820510864,0.4033239290679078,1.2794259190559387,6.012375056743622,0.287005306230662,1.5750951029627223,0.7811028880818912,0.0,0.1576559803649445,0.17775648736024,0.02312850281596184,0.030796809121966362,0.02312850281596184,0.0754094123840332,0.07918279618024826,57,0.08312520652623998,0.7811028880818912
station_wake_L5,Smooth stage-aware SAC,strict_two_stage_v3_v1,two_stage_v3,3,49,9049,1250049,station_wake,5,0.0,0.0,0.1,1,1,0,0,1,0,38,0.25,1,18,0.39620062708854675,0.20416318891897348,1.3884162902832031,0.881313250456644,3.3581584692001343,12.7670356631279,0.29520677167248166,1.9557124291576946,0.0,0.0,0.12517842614379165,0.14117418633411347,0.005795227736234665,0.00937069021165371,0.005795227736234665,0.05268768593668938,0.08823009207844734,42,0.08649107988469673,2.567389988719161
station_wake_L5,Smooth stage-aware SAC,strict_two_stage_v3_v1,two_stage_v3,3,50,9050,1250050,station_wake,5,0.0,0.0,0.1,1,1,0,0,1,0,36,0.25,1,18,1.1883121728897095,1.0844823326736877,1.4387202262878418,0.9854915156334905,9.083304554224014,24.245553612709045,0.5235359641370119,3.4930083021427367,0.0,0.9,0.07298227066208328,0.10267006780056992,0.13368891924619675,0.1760016530752182,0.13368891924619675,0.4521459937095642,0.7326778769493103,40,0.03433414383450731,3.10667611237398
station_wake_L5,Smooth stage-aware SAC,strict_two_stage_v3_v1,two_stage_v3,3,51,9051,1250051,station_wake,5,0.0,0.0,0.1,1,1,0,0,1,0,64,0.25,1,45,0.06403496861457825,0.03171946454711618,0.2774670720100403,0.20536715463597555,1.7016389966011047,7.535429634153843,0.1442538121212931,0.8553933359717765,0.0,0.0,0.0924298078705614,0.10490139439732375,0.011153205949813127,0.02730340138077736,0.011153205949813127,0.17388475127518177,0.24344898760318756,68,0.08813498778863468,1.6907263508464445
station_wake_L5,Smooth stage-aware SAC,strict_two_stage_v3_v1,two_stage_v3,3,52,9052,1250052,station_wake,5,0.0,0.0,0.1,1,1,0,0,1,0,58,0.25,1,43,0.16209456324577332,0.09187944399073521,0.41454076766967773,0.2910074159395078,2.5527841597795486,9.262191653251648,0.26319586578748927,1.3534140696377135,0.0,0.45,0.19472278573926552,0.25744595203672105,0.050060287863016126,0.08645931631326675,0.050060287863016126,0.2966790348291397,0.45381858944892883,62,0.07785336521463096,2.1909483814821398
station_wake_L5,Smooth stage-aware SAC,strict_two_stage_v3_v1,two_stage_v3,3,53,9053,1250053,station_wake,5,0.0,0.0,0.1,1,1,0,0,1,0,46,0.25,1,34,0.5603475570678711,0.3596265449302027,1.2184208631515503,0.9663818464654711,3.0946817994117737,13.477591872215271,0.5644088759586785,2.4302872163666147,2.0516268231224544,0.0,0.16619398926522402,0.23767653229319108,0.022772905230522156,0.03190840780735016,0.022772905230522156,0.252505861222744,0.5223288014531136,50,0.07869647234084155,2.0516268231224544
station_wake_L5,Smooth stage-aware SAC,strict_two_stage_v3_v1,two_stage_v3,3,54,9054,1250054,station_wake,5,0.0,0.0,0.1,1,1,0,0,1,0,47,0.25,1,34,0.3831210732460022,0.3093528872365906,1.6626936197280884,0.8705481416022419,5.54871141910553,23.426759243011475,0.27845257631278997,1.8505700836727332,0.0,0.15000000000000002,0.17605197400130113,0.23795269506490804,0.03581984788179397,0.043853022158145905,0.03581984788179397,0.17657174170017242,0.4145154356956482,51,0.05195322899575764,0.7683443615165718
station_wake_L5,Smooth stage-aware SAC,strict_two_stage_v3_v1,two_stage_v3,3,55,9055,1250055,station_wake,5,0.0,0.0,0.1,1,1,0,0,1,0,69,0.25,1,49,0.5552197098731995,0.4864359274245727,0.7810783386230469,0.5093856473768098,3.522753417491913,14.64448481798172,0.1993029370192196,1.1940908693623151,0.0,0.65,0.1133090745842299,0.1427875518036351,0.009965465310961008,0.012773900292813778,0.009965465310961008,0.08036458306014538,0.17201099544763565,73,0.0939186849824907,4.304379238526512
station_wake_L5,Smooth stage-aware SAC,strict_two_stage_v3_v1,two_stage_v3,3,56,9056,1250056,station_wake,5,0.0,0.0,0.1,1,1,0,0,1,0,53,0.25,1,42,0.21582026779651642,0.1896539248413378,0.2738618850708008,0.1722123360674489,1.1698208283632994,4.9456629157066345,0.22514010288902545,1.3811262055318874,0.4579818462916618,0.0,0.23493476863565382,0.34970445877069645,0.016482362151145936,0.02802683599293232,0.016482362151145936,0.29680418223142624,0.40860366076231003,57,0.041646826585930205,0.27055531896842944
station_wake_L5,Smooth stage-aware SAC,strict_two_stage_v3_v1,two_stage_v3,3,57,9057,1250057,station_wake,5,0.0,0.0,0.1,1,1,0,0,1,0,38,0.25,1,23,1.2558479309082031,0.9904270349628093,1.6441333293914795,1.3415950844436975,9.678417779505253,30.355730652809143,0.48789989119013666,2.8045265353687907,0.7939848916607997,0.4,0.10256785393887127,0.14040945115306658,0.054219966381788255,0.11101856827735901,0.054219966381788255,0.5243378281593323,0.9050050377845764,42,0.06676605202295023,0.7939848916607997
station_wake_L5,Smooth stage-aware SAC,strict_two_stage_v3_v1,two_stage_v3,3,58,9058,1250058,station_wake,5,0.0,0.0,0.1,1,1,0,0,1,0,56,0.25,1,43,0.12001881003379822,0.07666237648803773,1.0243474692106247,0.7448968312031582,4.928232282400131,23.002946078777313,0.3879577271822906,1.9142849827045691,0.0,0.0,0.25077828315489803,0.3170132415614005,0.07027297019958496,0.08626419305801392,0.07027297019958496,0.20042100548744202,0.37279993295669556,60,0.03031281543315276,0.8498686990370506
station_wake_L5,Smooth stage-aware SAC,strict_two_stage_v3_v1,two_stage_v3,3,59,9059,1250059,station_wake,5,0.0,0.0,0.1,1,1,0,0,1,0,32,0.25,1,15,0.1995122730731964,0.14935239625424632,0.797373503446579,0.4451169262109208,5.8731259405612946,19.98094841837883,0.3389026548509633,1.9468719032203914,1.0020141510068465,0.0,0.15247290557577117,0.1797739901848731,0.027801269292831422,0.0377085842192173,0.027801269292831422,0.0902680829167366,0.13885736465454102,36,0.07134250228023416,1.0020141510068465
station_wake_L5,Smooth stage-aware SAC,strict_two_stage_v3_v1,two_stage_v3,3,60,9060,1250060,station_wake,5,0.0,0.0,0.1,1,1,0,0,1,0,56,0.25,1,32,0.8117997646331787,0.5565217977528841,1.846851110458374,1.1172666454400955,3.6368095874786377,17.8390920907259,0.2496916905140538,2.079115752072332,0.1815648909940391,0.2,0.13445959984435046,0.1429899577327848,0.012439002841711044,0.013726463541388512,0.012439002841711044,0.017418842762708664,0.028969086706638336,60,0.08866737267848432,0.1667031330718186
station_wake_L5,Smooth stage-aware SAC,strict_two_stage_v3_v1,two_stage_v3,3,61,9061,1250061,station_wake,5,0.0,0.0,0.1,1,1,0,0,1,0,64,0.25,1,49,0.2678832709789276,0.17199490848493945,0.751846432685852,0.4550115330320397,3.5178763419389725,15.636913513299078,0.20395027904971907,1.2925893118399179,0.0,0.30000000000000004,0.1447534813763078,0.19971801010125637,0.07814728915691375,0.08355776965618134,0.07814728915691375,0.12470701336860657,0.31719475984573364,68,0.04987937242970153,0.5182747008597146
station_wake_L5,Smooth stage-aware SAC,strict_two_stage_v3_v1,two_stage_v3,3,62,9062,1250062,station_wake,5,0.0,0.0,0.1,1,1,0,0,1,0,38,0.25,1,26,0.7722346782684326,0.499053041914125,1.7302358150482178,1.158477121521967,1.8390437960624695,7.507344186306,0.4116114473401651,1.866935014146122,0.0,0.35000000000000003,0.19763655088017404,0.30664556769192164,0.1134497806429863,0.130373015999794,0.1134497806429863,0.13800793886184692,0.3466072678565979,42,0.06643472728108968,1.4712321387308553
station_wake_L5,Smooth stage-aware SAC,strict_two_stage_v3_v1,two_stage_v3,3,63,9063,1250063,station_wake,5,0.0,0.0,0.1,1,1,0,0,1,0,43,0.25,1,28,0.18077361583709717,0.11125412716193155,0.7666957378387451,0.4604736357168817,3.2134658098220825,10.984597206115723,0.2554398795854364,1.8976106310795653,0.0,0.6000000000000001,0.20007717076630813,0.2429024410314083,0.07251412570476531,0.09219067543745041,0.07251412570476531,0.1700517237186432,0.28944581747055054,47,0.07779123711633905,3.2722763966784667
station_wake_L5,Smooth stage-aware SAC,strict_two_stage_v3_v1,two_stage_v3,3,64,9064,1250064,station_wake,5,0.0,0.0,0.1,1,1,0,0,1,0,51,0.25,1,39,0.10193386673927307,0.07023672495162485,0.9062866866588593,0.5808536706605235,4.710234552621841,26.567706167697906,0.7118929733934892,2.8624374652367073,1.1787839290384194,0.0,0.19301064256460512,0.2666232368502193,0.039900344982743266,0.06495034694671631,0.039900344982743266,0.21290933340787888,0.3152860701084137,55,0.0754241656792867,1.1787839290384194
station_wake_L5,Smooth stage-aware SAC,strict_two_stage_v3_v1,two_stage_v3,3,65,9065,1250065,station_wake,5,0.0,0.0,0.1,1,1,0,0,1,0,47,0.25,1,26,0.6439359784126282,0.5399085911083917,1.0253769159317017,0.6965694965732431,2.657323107123375,16.08363375067711,0.19788682615114842,1.716691397602371,0.0,0.25,0.1763847324958979,0.2089418088293676,0.009443671815097332,0.01527315005660057,0.009443671815097332,0.04922671243548393,0.07309218868613243,51,0.07262802341593187,1.3872112069861782
station_wake_L5,Smooth stage-aware SAC,strict_two_stage_v3_v1,two_stage_v3,3,66,9066,1250066,station_wake,5,0.0,0.0,0.1,1,1,0,0,1,0,36,0.25,1,21,0.6331950426101685,0.41812331300629424,1.3834786415100098,0.8906262209018765,1.8603837490081787,10.530039370059967,0.28450414816234326,1.685687428519858,0.0,0.5,0.20438528865988878,0.2592625548778232,0.0497385136783123,0.06188422814011574,0.0497385136783123,0.13930323719978333,0.2799854427576065,40,0.07154619202770904,2.6224438747504024
station_wake_L5,Smooth stage-aware SAC,strict_two_stage_v3_v1,two_stage_v3,3,67,9067,1250067,station_wake,5,0.0,0.0,0.1,1,1,0,0,1,0,64,0.25,1,51,0.5120022296905518,0.3822756847858038,1.0977476835250854,0.694362651612065,5.939522981643677,17.90776699781418,0.6597019527486109,2.22301587776264,0.0,0.1,0.19805888226992266,0.2812722814046529,0.011320901941508055,0.019964318722486496,0.011320901941508055,0.13346810638904572,0.3817989304661751,68,0.06760738711745325,0.7158794907067354
station_wake_L5,Smooth stage-aware SAC,strict_two_stage_v3_v1,two_stage_v3,3,68,9068,1250068,station_wake,5,0.0,0.0,0.1,1,1,0,0,1,0,54,0.25,1,39,0.33973684906959534,0.2529301085115875,1.011030673980713,0.7861604551594603,7.816707640886307,29.091359674930573,0.5421359829915402,3.044670075521467,2.2474577381368284,0.0,0.18700455302628458,0.2586608972978684,0.008217565866652876,0.022198956459760666,0.008217565866652876,0.28719322686083615,0.4507945477962494,58,0.07308478036716437,2.1744063036426033
station_wake_L5,Smooth stage-aware SAC,strict_two_stage_v3_v1,two_stage_v3,3,69,9069,1250069,station_wake,5,0.0,0.0,0.1,1,1,0,0,1,0,46,0.25,1,30,0.2980335056781769,0.19277213989700942,0.9156125783920288,0.4796016537948295,1.6137370467185974,9.838408306241035,0.2106336797090646,1.1279854274690844,0.0,0.45,0.18268413892506702,0.2693552609213895,0.04671259000897408,0.0637827068567276,0.04671259000897408,0.21473447978496552,0.4628881812095642,50,0.07705145827002413,2.1097077636164805
station_wake_L5,Smooth stage-aware SAC,strict_two_stage_v3_v1,two_stage_v3,3,70,9070,1250070,station_wake,5,0.0,0.0,0.1,1,1,0,0,1,0,39,0.25,1,23,0.1526826173067093,0.12457923774096302,0.5468356609344482,0.30950257287804805,2.1670011430978775,11.100236624479294,0.3205462752543019,2.1050510632492254,0.0,0.05,0.18589228293997923,0.2238589661392871,0.03990920521318912,0.0574583075940609,0.03990920521318912,0.1462354138493538,0.18645554780960083,43,0.07182781193436583,0.14969418779012825
station_wake_L5,Smooth stage-aware SAC,strict_two_stage_v3_v1,two_stage_v3,3,71,9071,1250071,station_wake,5,0.0,0.0,0.1,1,1,0,0,1,0,32,0.25,1,19,0.2384961098432541,0.15732165660937455,0.8153685927391052,0.39369677421287363,2.037757635116577,9.903050418943167,0.3370339459374696,2.2719993319904774,0.0,0.5,0.18869162066770168,0.25961133484133075,0.11520806699991226,0.14522691071033478,0.11520806699991226,0.4089444577693939,0.5492815375328064,36,0.06868902411783849,2.842112363411533
station_wake_L5,Smooth stage-aware SAC,strict_two_stage_v3_v1,two_stage_v3,3,72,9072,1250072,station_wake,5,0.0,0.0,0.1,1,1,0,0,1,0,49,0.25,1,28,0.6209259629249573,0.3436367229859217,1.6344010829925537,1.247699630969444,4.5337975025177,18.04211251437664,0.2287592544130552,1.5886798633818382,0.0,0.15000000000000002,0.08754066275899015,0.09701648690812144,0.015308232232928275,0.03468315303325653,0.015308232232928275,0.16988812945783138,0.2370232343673706,53,0.09511645610610128,3.714622712660353
station_wake_L5,Smooth stage-aware SAC,strict_two_stage_v3_v1,two_stage_v3,3,73,9073,1250073,station_wake,5,0.0,0.0,0.1,1,1,0,0,1,0,38,0.25,1,23,0.23334020376205444,0.19998452469302874,0.49604713916778564,0.30579247769011314,2.0683662965893745,12.915428057312965,0.32012953888214574,2.1454041192359417,0.7854604420506536,0.0,0.1815444202244223,0.23108313579174888,0.013439040444791318,0.021690957248210907,0.013439040444791318,0.0864957794547081,0.1756766438484192,42,0.07786398812514905,0.7854604420506536
station_wake_L5,Smooth stage-aware SAC,strict_two_stage_v3_v1,two_stage_v3,3,74,9074,1250074,station_wake,5,0.0,0.0,0.1,1,1,0,0,1,0,51,0.25,1,39,0.4205246567726135,0.3389544021956062,1.1895234882831573,0.6883120226210909,2.3674628138542175,13.050230145454407,0.48758082982778717,2.2587463722477934,0.0,0.4,0.2032170466795553,0.28098035169655605,0.1302269369363785,0.1688430905342102,0.1302269369363785,0.48983293771743774,0.7425400614738464,55,0.06187293798173376,0.1732659576884224
station_wake_L5,Smooth stage-aware SAC,strict_two_stage_v3_v1,two_stage_v3,3,75,9075,1250075,station_wake,5,0.0,0.0,0.1,1,1,0,0,1,0,61,0.25,1,47,0.2902911603450775,0.17604533247162762,1.2466775625944138,0.8411713755159389,5.3173040226101875,26.05472207069397,0.38525283154358386,2.0348335709186287,0.0,0.4,0.14025415925641885,0.18775806338111256,0.07280966192483902,0.08034659177064896,0.07280966192483902,0.07397028803825378,0.14618143439292908,65,0.057637225594164454,2.346777226405276
station_wake_L5,Smooth stage-aware SAC,strict_two_stage_v3_v1,two_stage_v3,3,76,9076,1250076,station_wake,5,0.0,0.0,0.1,1,1,0,0,1,0,55,0.25,1,36,0.5032785534858704,0.33555788066138637,1.6201943159103394,1.2702652442516345,12.110119313001633,32.861870527267456,0.6734244038611633,2.727896116904894,0.0,0.2,0.15334601531263786,0.17627278868710863,0.022570985555648803,0.03042757511138916,0.022570985555648803,0.07021822780370712,0.10391689836978912,59,0.08110182351063552,0.7838911527279903
station_wake_L5,Smooth stage-aware SAC,strict_two_stage_v3_v1,two_stage_v3,3,77,9077,1250077,station_wake,5,0.0,0.0,0.1,1,1,0,0,1,0,62,0.25,1,46,0.22482353448867798,0.1432509426801176,1.079263687133789,0.5410970359536794,2.9025952517986298,14.60205540060997,0.24970129827408222,1.6456609297891536,0.6076029030329033,0.35000000000000003,0.15829570512419758,0.20214240598459016,0.08044270724058152,0.1115158349275589,0.08044270724058152,0.29974815249443054,0.3286980092525482,66,0.08030209332388014,0.6076029030329033
station_wake_L5,Smooth stage-aware SAC,strict_two_stage_v3_v1,two_stage_v3,3,78,9078,1250078,station_wake,5,0.0,0.0,0.1,1,1,0,0,1,0,72,0.25,1,60,0.20820049941539764,0.1133426905792211,0.6835911422967911,0.5181911672029728,2.8074082732200623,10.662689432501793,0.22698822311301342,1.3824747128302304,0.21145003686188613,0.0,0.24125805463605662,0.35347141604812626,0.018778151273727416,0.03227298706769943,0.018778151273727416,0.38179244846105576,0.5534779280424118,76,0.05130153858937321,0.05698084648072476
station_wake_L5,Smooth stage-aware SAC,strict_two_stage_v3_v1,two_stage_v3,3,79,9079,1250079,station_wake,5,0.0,0.0,0.1,1,1,0,0,1,0,39,0.25,1,23,0.998823344707489,0.8822802461665916,1.142503023147583,0.7082343690469437,3.0309810489416122,15.275529026985168,0.4405095230196785,2.1634617112697367,0.0,0.7000000000000001,0.1758908741697537,0.21895100144725976,0.16939990520477294,0.20813018083572388,0.16939990520477294,0.3870067596435547,0.4963710904121399,43,0.06401117993178172,1.796098347214876
station_wake_L5,Smooth stage-aware SAC,strict_two_stage_v3_v1,two_stage_v3,3,80,9080,1250080,station_wake,5,0.0,0.0,0.1,1,1,0,0,1,0,29,0.25,1,14,0.3219154477119446,0.19991327661109554,1.0229545831680298,0.6000891741605077,4.4894299656152725,17.463110983371735,0.7008811693125401,2.417506817665637,1.320206090733001,0.0,0.13523058102380395,0.16945249288574665,0.01060818787664175,0.02410954050719738,0.01060818787664175,0.13676310889422894,0.18374672159552574,33,0.06491911685829578,1.3164126677009995
station_wake_L5,Smooth stage-aware SAC,strict_two_stage_v3_v1,two_stage_v3,3,81,9081,1250081,station_wake,5,0.0,0.0,0.1,1,1,0,0,1,0,48,0.25,1,37,0.31388723850250244,0.24675399503881132,1.2208318710327148,0.7031372663460761,5.354357063770294,23.409766107797623,0.34259390091204067,2.358815037638966,0.09272926285388475,0.0,0.2215541595957759,0.34181293350582026,0.03220224566757679,0.05131865292787552,0.03220224566757679,0.3003290742635727,0.4065341129899025,52,0.051343826087512555,0.09272926285388475
station_wake_L5,Smooth stage-aware SAC,strict_two_stage_v3_v1,two_stage_v3,3,82,9082,1250082,station_wake,5,0.0,0.0,0.1,1,1,0,0,1,0,43,0.25,1,29,0.1447151154279709,0.09635984056246528,1.214989572763443,0.697287354353166,3.625575304031372,20.923532247543335,0.34543211914531036,2.0226412156350833,0.0,0.55,0.14167633706638288,0.2159353680283787,0.11827179938554763,0.13552968204021454,0.11827179938554763,0.24136993288993835,0.4171334207057953,47,0.05107094148417938,1.9734913800082123
station_wake_L5,Smooth stage-aware SAC,strict_two_stage_v3_v1,two_stage_v3,3,83,9083,1250083,station_wake,5,0.0,0.0,0.1,1,1,0,0,1,0,43,0.25,1,31,0.6190688014030457,0.44911088662258236,1.0493528842926025,0.7519763556060399,1.3670802116394043,7.207663655281067,0.27523051501737167,1.1091939460984266,0.0,0.45,0.23315245754596803,0.3366458530215195,0.11344491392374038,0.1444670855998993,0.11344491392374038,0.2851104140281677,0.43346136808395386,47,0.04991636157448121,2.1092704180661883
station_wake_L5,Smooth stage-aware SAC,strict_two_stage_v3_v1,two_stage_v3,3,84,9084,1250084,station_wake,5,0.0,0.0,0.1,1,1,0,0,1,0,45,0.25,1,22,0.055211395025253296,0.03529291455072079,0.3936612233519554,0.2216495621036595,2.062941351905465,12.101230919361115,0.3173768687298842,1.5811166602260025,0.0,0.0,0.1240713648408591,0.13467412497182463,0.005845497618429363,0.014893687330186367,0.005845497618429363,0.09978048643097281,0.16515804454684258,49,0.09068608447988097,0.662888641969955
station_wake_L5,Smooth stage-aware SAC,strict_two_stage_v3_v1,two_stage_v3,3,85,9085,1250085,station_wake,5,0.0,0.0,0.1,1,1,0,0,1,0,62,0.25,1,45,0.07572948187589645,0.048671055482982936,0.2567276358604431,0.1942081231898969,2.4260585010051727,7.198582040145993,0.16628642401329033,0.8324157376194203,0.0,0.1,0.1762410894264908,0.2139272044611908,0.006848377850838005,0.015622584149241447,0.006848377850838005,0.07884922297671437,0.1135752908885479,66,0.07405768503109494,2.799982475950425
station_wake_L5,Smooth stage-aware SAC,strict_two_stage_v3_v1,two_stage_v3,3,86,9086,1250086,station_wake,5,0.0,0.0,0.1,1,1,0,0,1,0,30,0.25,1,10,1.1508488655090332,0.8654638195446823,1.6332346200942993,1.3640565983941446,0.1400303840637207,0.46080708503723145,0.2107009651154369,1.6066815534102494,0.0,1.0,0.09942357723503756,0.14595437114545953,0.14854046553373337,0.1847667396068573,0.14854046553373337,0.3701018989086151,0.3802521526813507,34,0.04496390093746695,3.2159175176289296
station_wake_L5,Smooth stage-aware SAC,strict_two_stage_v3_v1,two_stage_v3,3,87,9087,1250087,station_wake,5,0.0,0.0,0.1,1,1,0,0,1,0,54,0.25,1,39,0.222976952791214,0.12582210197805235,0.9131553769111633,0.6660287749359146,3.2536673545837402,8.482954204082489,0.20887329669831003,1.4390572494513045,0.5919434670610326,0.0,0.16734087033619985,0.24522652005871381,0.025498088076710702,0.05395142361521721,0.025498088076710702,0.36452557891607285,0.4155544936656952,58,0.06433501150284342,0.5246374489584047
station_wake_L5,Smooth stage-aware SAC,strict_two_stage_v3_v1,two_stage_v3,3,88,9088,1250088,station_wake,5,0.0,0.0,0.1,1,1,0,0,1,0,51,0.25,1,36,0.16027909517288208,0.12052462012860603,1.2712855637073517,0.8643948381203965,3.950490355491638,25.03604292869568,0.35152086118498577,1.7561962622349607,0.0,0.6000000000000001,0.16099709173601462,0.20775561112259597,0.09895363301038743,0.11115993559360504,0.09895363301038743,0.106181800365448,0.14542937278747559,55,0.06563149297256932,2.751715023189826
station_wake_L5,Smooth stage-aware SAC,strict_two_stage_v3_v1,two_stage_v3,3,89,9089,1250089,station_wake,5,0.0,0.0,0.1,1,1,0,0,1,0,54,0.25,1,40,0.09938997775316238,0.051654641803403775,0.5224689841270447,0.3409005754999392,2.5930802524089813,10.109370425343513,0.22136191950133785,1.1830900430944264,0.34461143160088115,0.0,0.15561614524824025,0.2219734269743719,0.048131579905748366,0.06308422982692719,0.048131579905748366,0.26693426817655563,0.600571297109127,58,0.06524305974077296,0.3448226605370491
station_wake_L5,Smooth stage-aware SAC,strict_two_stage_v3_v1,two_stage_v3,3,90,9090,1250090,station_wake,5,0.0,0.0,0.1,1,1,0,0,1,0,34,0.25,0,-1,nan,nan,nan,nan,nan,nan,nan,nan,0.0,nan,0.05564888165007862,0.06402247824929251,0.15616130232810974,0.2061799019575119,0.15616130232810974,0.5049880146980286,0.6120148301124573,38,0.0437667337356609,3.033225538700133
station_wake_L5,Smooth stage-aware SAC,strict_two_stage_v3_v1,two_stage_v3,3,91,9091,1250091,station_wake,5,0.0,0.0,0.1,1,1,0,0,1,0,65,0.25,1,50,0.2590791881084442,0.1979548715529696,1.2226253002882004,0.8169010665332954,3.6801569163799286,24.816319942474365,0.43752331839830155,2.476500920902318,0.0,0.45,0.1626418913366092,0.20219042348595154,0.08132861405611039,0.08905782550573349,0.08132861405611039,0.07282721996307373,0.0821472704410553,69,0.06627841462850984,2.1133038582144925
station_wake_L5,Smooth stage-aware SAC,strict_two_stage_v3_v1,two_stage_v3,3,92,9092,1250092,station_wake,5,0.0,0.0,0.1,1,1,0,0,1,0,57,0.25,1,43,0.1560218632221222,0.09984351196972545,0.4508477449417114,0.2627786477493875,2.3144224286079407,13.882159851491451,0.25291895138041626,1.7363728263959666,0.0,0.30000000000000004,0.17485437476930143,0.22933262778925304,0.07892174050211906,0.09779699146747589,0.07892174050211906,0.21923445165157318,0.32753676176071167,61,0.07153033238454712,0.9486700534239296
station_wake_L5,Smooth stage-aware SAC,strict_two_stage_v3_v1,two_stage_v3,3,93,9093,1250093,station_wake,5,0.0,0.0,0.1,1,1,0,0,1,0,61,0.25,1,47,0.3539625108242035,0.27902343474285946,1.8061958253383636,0.9916059079467475,7.686870247125626,22.797126322984695,0.39860513091798744,2.72856689422794,0.9024680925570246,0.15000000000000002,0.16472579391181713,0.20092103998875202,0.03946477044373751,0.07025837153196335,0.03946477044373751,0.3158395253121853,0.43977081775665283,65,0.07865540423883753,0.9024680925570246
station_wake_L5,Smooth stage-aware SAC,strict_two_stage_v3_v1,two_stage_v3,3,94,9094,1250094,station_wake,5,0.0,0.0,0.1,1,1,0,0,1,0,56,0.25,1,42,0.20145222544670105,0.10851619297199559,0.6707370281219482,0.36340322016017457,1.6671931743621826,7.973514869809151,0.17188322743850137,1.2730624065200309,0.0,0.7000000000000001,0.19910950170640543,0.26645765810470456,0.11675707548856736,0.1377076357603073,0.11675707548856736,0.269153356552124,0.5772891640663147,60,0.04371317070456474,3.3540674851025463
station_wake_L5,Smooth stage-aware SAC,strict_two_stage_v3_v1,two_stage_v3,3,95,9095,1250095,station_wake,5,0.0,0.0,0.1,1,1,0,0,1,0,62,0.25,1,43,0.29806578159332275,0.21484294041992155,1.3527360558509827,0.8996253628135227,2.51913845539093,13.805185742676258,0.3074867371460892,1.5252509263265275,0.14535237527296865,0.15000000000000002,0.15585542528481686,0.18047222490248904,0.0024843365885317326,0.004435510840266943,0.0024843365885317326,0.02016035094857216,0.031056059524416924,66,0.07461666935239782,0.08259766439594932
station_wake_L5,Smooth stage-aware SAC,strict_two_stage_v3_v1,two_stage_v3,3,96,9096,1250096,station_wake,5,0.0,0.0,0.1,1,1,0,0,1,0,44,0.25,1,32,0.2080288976430893,0.14844974347878714,0.8099749684333801,0.6258876094691773,4.167069792747498,19.0212345123291,0.5645622751517393,2.3202435351043857,0.0,0.0,0.18969613985923947,0.262192260708667,0.08681477904319763,0.09411633014678955,0.08681477904319763,0.13705921173095703,0.24833574891090393,48,0.046444425579574705,2.7134883753959684
station_wake_L5,Smooth stage-aware SAC,strict_two_stage_v3_v1,two_stage_v3,3,97,9097,1250097,station_wake,5,0.0,0.0,0.1,1,1,0,0,1,0,53,0.25,1,35,0.36689493060112,0.2577050296539506,0.6980034708976746,0.5699574694375921,3.381611853837967,11.478012204170227,0.43317578604892204,1.7290073957756804,0.0,0.55,0.11543635357722663,0.13806668662740249,0.11472557783126831,0.12704336643218994,0.11472557783126831,0.12209343910217285,0.18132925033569336,57,0.08460783219601192,0.7497020538681096
station_wake_L5,Smooth stage-aware SAC,strict_two_stage_v3_v1,two_stage_v3,3,98,9098,1250098,station_wake,5,0.0,0.0,0.1,1,1,0,0,1,0,71,0.25,1,56,0.35036125779151917,0.2545047970781068,1.1598718166351318,0.7548277027908699,7.0164744555950165,29.804057776927948,0.4539541309552811,2.4266227345537894,0.5671274154548193,0.0,0.21223612487562288,0.2840187922398569,0.038811301440000535,0.04596318304538727,0.038811301440000535,0.24975912272930145,0.7397355884313583,75,0.06160599485834247,0.011196472640802696
station_wake_L5,Smooth stage-aware SAC,strict_two_stage_v3_v1,two_stage_v3,3,99,9099,1250099,station_wake,5,0.0,0.0,0.1,1,1,0,0,1,0,39,0.25,1,21,0.7956631183624268,0.5741887387635227,1.1854135990142822,0.884488635233004,3.145079091191292,17.216268107295036,0.36537046617389657,2.188077556406049,0.0,0.65,0.13596852596262715,0.1570809058615762,0.09358230829238892,0.11810551583766937,0.09358230829238892,0.24911251664161682,0.31252235174179077,43,0.07945371998310859,1.3180636524894385
station_wake_L5,Smooth stage-aware SAC,strict_two_stage_v3_v1,two_stage_v3,4,0,9000,1250000,station_wake,5,0.0,0.0,0.1,1,1,0,0,1,0,43,0.25,1,32,0.19803908467292786,0.15032379855838318,0.47796890139579773,0.2746778765885032,3.277844488620758,20.130305886268616,0.3749075597913501,2.7660835813421722,0.0,0.2,0.3079168241751222,0.4166852283143213,0.04983590804040432,0.11595380306243896,0.04983590804040432,0.5823451951146126,0.8299900591373444,47,0.03299111596255786,1.1749656398489707
station_wake_L5,Smooth stage-aware SAC,strict_two_stage_v3_v1,two_stage_v3,4,1,9001,1250001,station_wake,5,0.0,0.0,0.1,1,1,0,0,1,0,44,0.25,1,28,1.0211427211761475,0.6337468250295257,2.1126365661621094,1.720811168149828,4.004988074302673,15.929199755191803,0.48252606694852973,2.6271125019989374,0.0,0.5,0.14704728179458887,0.17886329907957368,0.09342091232538223,0.10447350144386292,0.09342091232538223,0.09903627634048462,0.13590291142463684,48,0.06993089871747825,2.345854083650267
station_wake_L5,Smooth stage-aware SAC,strict_two_stage_v3_v1,two_stage_v3,4,2,9002,1250002,station_wake,5,0.0,0.0,0.1,1,1,0,0,1,0,43,0.25,1,29,0.27590686082839966,0.16444361796729018,0.9152436256408691,0.5106793152960499,0.946112871170044,6.372891366481781,0.2315284614448296,1.4993733407022825,0.0,0.0,0.24634421230058937,0.3395579224996815,0.0940000668168068,0.09991063177585602,0.0940000668168068,0.10772377252578735,0.23590967059135437,47,0.0627920236000416,1.6535271129141453
station_wake_L5,Smooth stage-aware SAC,strict_two_stage_v3_v1,two_stage_v3,4,3,9003,1250003,station_wake,5,0.0,0.0,0.1,1,1,0,0,1,0,53,0.25,1,41,0.14262285828590393,0.06858858426619475,1.1651676893234253,0.5440811082235296,2.649882435798645,15.078973174095154,0.3008236115283436,2.0947995501862477,0.0,0.6000000000000001,0.1997677790073329,0.2924731833093694,0.1930973082780838,0.21255023777484894,0.1930973082780838,0.19102376699447632,0.30380040407180786,57,0.04295473240820979,2.4179179154791903
station_wake_L5,Smooth stage-aware SAC,strict_two_stage_v3_v1,two_stage_v3,4,4,9004,1250004,station_wake,5,0.0,0.0,0.1,1,1,0,0,1,0,54,0.25,1,41,0.46138909459114075,0.328709888779833,0.9558278322219849,0.7505786876926949,3.3717603236436844,13.334571123123169,0.34366345198176557,2.0618519375015394,0.0,0.0,0.17941550495094022,0.2740729222687549,0.03871799744665623,0.07534666359424591,0.03871799744665623,0.5932042002677917,0.9397469088435173,58,0.06678130550826429,1.880555343849376
station_wake_L5,Smooth stage-aware SAC,strict_two_stage_v3_v1,two_stage_v3,4,5,9005,1250005,station_wake,5,0.0,0.0,0.1,1,1,0,0,1,0,62,0.25,1,40,0.06711280345916748,0.030422001753278114,0.8193397521972656,0.35397694755641756,2.183733880519867,10.40926318615675,0.15232715419410317,0.9780941311597573,0.0,0.5,0.12344446830061553,0.13777258400712886,0.0461437851190567,0.05862560495734215,0.0461437851190567,0.12331634759902954,0.14130614697933197,66,0.08633352620271632,0.621155279006678
station_wake_L5,Smooth stage-aware SAC,strict_two_stage_v3_v1,two_stage_v3,4,6,9006,1250006,station_wake,5,0.0,0.0,0.1,1,1,0,0,1,0,25,0.25,0,-1,nan,nan,nan,nan,nan,nan,nan,nan,0.0,nan,0.20996393593862214,0.305902030524229,0.16495002806186676,0.2196742594242096,0.16495002806186676,0.5963837504386902,0.88756263256073,29,0.06208636561396402,0.30312675689250135
station_wake_L5,Smooth stage-aware SAC,strict_two_stage_v3_v1,two_stage_v3,4,7,9007,1250007,station_wake,5,0.0,0.0,0.1,1,1,0,0,1,0,67,0.25,1,46,0.3038124740123749,0.23227157837559514,0.8800980448722839,0.6671408342730191,5.4555344581604,16.90161168575287,0.284225381728682,1.3296159773754055,0.0,0.65,0.11367827743131687,0.1261165770317124,0.07607815191149711,0.08933292329311371,0.07607815191149711,0.13154010474681854,0.1496240496635437,71,0.08851801844170626,1.3666905439551096
station_wake_L5,Smooth stage-aware SAC,strict_two_stage_v3_v1,two_stage_v3,4,8,9008,1250008,station_wake,5,0.0,0.0,0.1,1,1,0,0,1,0,35,0.25,1,25,0.2792132496833801,0.20376512711752293,0.8729225397109985,0.5529649878305892,4.198002815246582,18.360798358917236,0.3484712528002713,2.152946320705241,0.0,0.0,0.27826357554888775,0.41025969032057186,0.13633952736854554,0.15084949135780334,0.13633952736854554,0.3425274193286896,0.6963939964771271,39,0.032285844345304834,1.922099756032567
station_wake_L5,Smooth stage-aware SAC,strict_two_stage_v3_v1,two_stage_v3,4,9,9009,1250009,station_wake,5,0.0,0.0,0.1,1,1,0,0,1,0,38,0.25,1,24,0.11518214643001556,0.08405466853478949,0.9855276346206665,0.5397573456049407,4.938984401524067,21.56948894262314,0.4519703172959757,2.4941862183292414,0.0,0.0,0.1580078053247343,0.24885591602271537,0.06975552141666412,0.09178885817527771,0.06975552141666412,0.5111869871616364,1.0279250144958496,42,0.07996751586234249,1.278207044083181
station_wake_L5,Smooth stage-aware SAC,strict_two_stage_v3_v1,two_stage_v3,4,10,9010,1250010,station_wake,5,0.0,0.0,0.1,1,1,0,0,1,0,29,0.25,0,-1,nan,nan,nan,nan,nan,nan,nan,nan,0.0,nan,0.06042718443355013,0.08741545536750295,0.1420063629746437,0.22042524814605713,0.1420063629746437,0.8209619522094727,1.4085769653320312,33,0.04340222994967113,3.443354492697303
station_wake_L5,Smooth stage-aware SAC,strict_two_stage_v3_v1,two_stage_v3,4,11,9011,1250011,station_wake,5,0.0,0.0,0.1,1,1,0,0,1,0,49,0.25,1,31,0.5354126691818237,0.3458488576339653,1.1534667015075684,0.7862477068738809,2.6224544644355774,9.917821139097214,0.17078008906061018,1.1356175206444832,0.0,0.6000000000000001,0.1749946210645228,0.21345383343817179,0.09448987990617752,0.11825303733348846,0.09448987990617752,0.26392287015914917,0.36328911781311035,53,0.07592243689136144,1.2462833802327762
station_wake_L5,Smooth stage-aware SAC,strict_two_stage_v3_v1,two_stage_v3,4,12,9012,1250012,station_wake,5,0.0,0.0,0.1,1,1,0,0,1,0,64,0.25,1,42,0.10987119376659393,0.06133743619345435,1.1266332864761353,0.5624128905146943,2.0554639399051666,13.469085693359375,0.14540019444540941,1.104099089571232,0.2506848846102608,0.55,0.11214793013364403,0.1239862774727929,0.08403368145227433,0.10280395299196243,0.08403368145227433,0.17475301027297974,0.20493939518928528,68,0.09292654299466717,0.2506848846102608
station_wake_L5,Smooth stage-aware SAC,strict_two_stage_v3_v1,two_stage_v3,4,13,9013,1250013,station_wake,5,0.0,0.0,0.1,1,1,0,0,1,0,62,0.25,1,45,0.2676932215690613,0.1412697674297559,0.8698052167892456,0.7198862569823502,1.9401034712791443,9.514762461185455,0.14259293148990254,1.0040339194220491,0.0,0.8500000000000001,0.14747724622222516,0.18476415539886473,0.16478126645088195,0.19791308045387268,0.16478126645088195,0.32078778743743896,0.36570459604263306,66,0.06002913938432693,2.816044733000768
station_wake_L5,Smooth stage-aware SAC,strict_two_stage_v3_v1,two_stage_v3,4,14,9014,1250014,station_wake,5,0.0,0.0,0.1,1,1,0,0,1,0,56,0.25,1,35,0.19121615588665009,0.1370593183547976,0.4877004027366638,0.31530751743331736,4.059102311730385,11.507279798388481,0.20988394065295782,1.2914453066083742,0.0,0.65,0.15981155831979454,0.17294375943487783,0.08318335115909577,0.10134750604629517,0.08318335115909577,0.18235895037651062,0.23311734199523926,60,0.08398785210599657,0.5130160955290395
station_wake_L5,Smooth stage-aware SAC,strict_two_stage_v3_v1,two_stage_v3,4,15,9015,1250015,station_wake,5,0.0,0.0,0.1,1,1,0,0,1,0,59,0.25,1,36,0.3725326359272003,0.27298119463731424,0.6815266609191895,0.5085058098980398,2.277502715587616,9.657184556126595,0.2767806652595813,1.499996381314126,3.199629224005742,0.0,0.12762701037146168,0.14209897959746412,0.04526629447937012,0.055334098637104034,0.04526629447937012,0.10678823292255402,0.16498655080795288,63,0.09223460415255888,0.5773601060485563
station_wake_L5,Smooth stage-aware SAC,strict_two_stage_v3_v1,two_stage_v3,4,16,9016,1250016,station_wake,5,0.0,0.0,0.1,1,1,0,0,1,0,43,0.25,1,18,1.3436161279678345,1.2280212249828328,1.2361621856689453,0.9154130946828315,7.837072908878326,17.834570109844208,0.491310899327488,3.0950971488191943,0.0,0.75,0.13176507691339145,0.144352636727551,0.018652907200157644,0.029782067984342575,0.018652907200157644,0.10434924438595772,0.11734254658222198,47,0.08537762882023901,1.454392734219012
station_wake_L5,Smooth stage-aware SAC,strict_two_stage_v3_v1,two_stage_v3,4,17,9017,1250017,station_wake,5,0.0,0.0,0.1,1,1,0,0,1,0,55,0.25,1,31,0.15133392810821533,0.08529403125842307,0.5802853032946587,0.3971661187615624,5.365621894598007,21.347061097621918,0.3506042903294338,1.5906624715078932,0.0,0.65,0.12151741754774673,0.13334844297269582,0.059106574207544324,0.06960820406675339,0.059106574207544324,0.10617351531982422,0.12686699628829956,59,0.08773092106125441,0.8490129510392421
station_wake_L5,Smooth stage-aware SAC,strict_two_stage_v3_v1,two_stage_v3,4,18,9018,1250018,station_wake,5,0.0,0.0,0.1,1,1,0,0,1,0,54,0.25,1,32,0.30452045798301697,0.1897646526583726,1.0750451683998108,0.6965009287602594,5.429256558418274,25.37438228726387,0.37545879986686415,2.705765889355447,0.0,0.0,0.10175580765997583,0.1124732545732689,0.008379119168967008,0.008806413970887661,0.008379119168967008,0.007932988926768303,0.014892751350998878,58,0.09165678944076594,2.013881063334848
station_wake_L5,Smooth stage-aware SAC,strict_two_stage_v3_v1,two_stage_v3,4,19,9019,1250019,station_wake,5,0.0,0.0,0.1,1,1,0,0,1,0,45,0.25,1,29,0.17787858843803406,0.13556107481341353,0.5542841553688049,0.4299446431656415,4.029269441962242,14.924288392066956,0.4628002040410539,2.240859930905863,0.0,0.0,0.12788340985652513,0.17567642080647475,0.0814102441072464,0.09009196609258652,0.0814102441072464,0.0727512538433075,0.13422757387161255,49,0.0758459615346561,0.9954308091423063
station_wake_L5,Smooth stage-aware SAC,strict_two_stage_v3_v1,two_stage_v3,4,20,9020,1250020,station_wake,5,0.0,0.0,0.1,1,1,0,0,1,0,44,0.25,1,19,1.0667539834976196,0.8373244242019365,1.7190885543823242,1.220166039710315,6.493903398513794,33.87700915336609,0.5220274397853526,3.3959399007766886,0.0,0.7000000000000001,0.12502081686459604,0.13691600862982645,0.05375946909189224,0.05865427106618881,0.05375946909189224,0.04583129286766052,0.07515110075473785,48,0.08409546221061763,2.071224556841925
station_wake_L5,Smooth stage-aware SAC,strict_two_stage_v3_v1,two_stage_v3,4,21,9021,1250021,station_wake,5,0.0,0.0,0.1,1,1,0,0,1,0,54,0.25,1,39,0.34646108746528625,0.2974788218962723,0.46666204929351807,0.3093593798752381,2.428860515356064,9.028446525335312,0.2141580490441773,1.49757602744435,0.0,0.75,0.1513296022622332,0.22264040672766902,0.14010876715183257,0.16474080085754395,0.14010876715183257,0.2471962571144104,0.32594650983810425,58,0.02329622915156348,3.269400460151068
station_wake_L5,Smooth stage-aware SAC,strict_two_stage_v3_v1,two_stage_v3,4,22,9022,1250022,station_wake,5,0.0,0.0,0.1,1,1,0,0,1,0,32,0.25,1,19,0.28244268894195557,0.19151356104062442,1.5674673020839691,1.099427180726664,9.601890742778778,24.936819076538086,0.699317456669756,2.737150695694363,3.260798904108495,0.0,0.23339427089039427,0.3081028391302328,0.06955412700772286,0.10426727682352066,0.06955412700772286,0.5523310601711273,0.7787350565195084,36,0.06649535995793575,2.2645093053997654
station_wake_L5,Smooth stage-aware SAC,strict_two_stage_v3_v1,two_stage_v3,4,23,9023,1250023,station_wake,5,0.0,0.0,0.1,1,1,0,0,1,0,60,0.25,1,42,0.37630563974380493,0.2206328100980744,1.5240426361560822,1.322468492411061,1.7993688583374023,9.24745261669159,0.3915930723091152,1.6213963124466446,0.0,0.8,0.09988578198593427,0.11935054481043272,0.14224229604005814,0.17092177271842957,0.14224229604005814,0.28126195073127747,0.31330883502960205,64,0.07946956440899908,2.069837601553589
station_wake_L5,Smooth stage-aware SAC,strict_two_stage_v3_v1,two_stage_v3,4,24,9024,1250024,station_wake,5,0.0,0.0,0.1,1,1,0,0,1,0,57,0.25,1,40,0.2009948343038559,0.11884280443244859,0.6648202985525131,0.48850253051865045,1.9701280444860458,11.911388635635376,0.2013534376096016,1.3895536521256313,0.0,0.0,0.15899158440877603,0.2059318210629124,0.008907730225473642,0.01977304182946682,0.008907730225473642,0.1086435355246067,0.18977349624037743,61,0.08527091965197828,1.053898829263202
station_wake_L5,Smooth stage-aware SAC,strict_two_stage_v3_v1,two_stage_v3,4,25,9025,1250025,station_wake,5,0.0,0.0,0.1,1,1,0,0,1,0,35,0.25,1,22,0.4506036639213562,0.3353807788243443,1.1788749694824219,0.5712860324775334,3.0067871510982513,11.439382806420326,0.440903778923289,2.198355210721724,0.0,0.45,0.16184474728357584,0.2036175333612888,0.08248878121376038,0.1164434477686882,0.08248878121376038,0.3721218705177307,0.7425282895565033,39,0.057988876371246695,1.757680027237435
station_wake_L5,Smooth stage-aware SAC,strict_two_stage_v3_v1,two_stage_v3,4,26,9026,1250026,station_wake,5,0.0,0.0,0.1,1,1,0,0,1,0,39,0.25,1,23,0.921806275844574,0.6423530805379073,1.5752792358398438,1.2451796988140857,3.5325241088867188,15.554307401180267,0.22327366186135753,1.9914117150896962,2.95340880183301,0.15000000000000002,0.17349745302506422,0.19497571482278553,0.0570197980850935,0.10174936056137085,0.0570197980850935,0.43965908139944077,0.4893001914024353,43,0.06924962130910865,2.95340880183301
station_wake_L5,Smooth stage-aware SAC,strict_two_stage_v3_v1,two_stage_v3,4,27,9027,1250027,station_wake,5,0.0,0.0,0.1,1,1,0,0,1,0,41,0.25,1,19,0.4570716917514801,0.3498360042629046,0.983688235282898,0.7316053518404638,4.9655745178461075,26.22110240161419,0.44693656347310284,2.951219528428882,0.0,0.65,0.11804280482660068,0.1273937576591186,0.045281776785850526,0.06283365935087204,0.045281776785850526,0.17277537286281586,0.21026462316513062,45,0.08706196225073677,1.8362867534044078
station_wake_L5,Smooth stage-aware SAC,strict_two_stage_v3_v1,two_stage_v3,4,28,9028,1250028,station_wake,5,0.0,0.0,0.1,1,1,0,0,1,0,51,0.25,1,27,0.3420183062553406,0.27117866642945787,0.5413198471069336,0.31364782645796807,2.4860551953315735,8.359289318323135,0.21970731230368498,1.2006779873988451,0.0,0.8500000000000001,0.1143070716970321,0.12173397640026673,0.06355524808168411,0.07739955186843872,0.06355524808168411,0.1413479596376419,0.17456114292144775,55,0.08421425333826331,1.7198870964558737
station_wake_L5,Smooth stage-aware SAC,strict_two_stage_v3_v1,two_stage_v3,4,29,9029,1250029,station_wake,5,0.0,0.0,0.1,1,1,0,0,1,0,45,0.25,1,24,0.6383285522460938,0.5500658825982968,1.036149263381958,0.5694119120824589,5.024271458387375,20.027550905942917,0.46401359345965154,2.2980217642213923,1.0252589922996924,0.45,0.141552141239938,0.15953606423381309,0.013725845795124769,0.03623557090759277,0.013725845795124769,0.21637268364429474,0.3212744742631912,49,0.07891683994378873,1.0201199152794926
station_wake_L5,Smooth stage-aware SAC,strict_two_stage_v3_v1,two_stage_v3,4,30,9030,1250030,station_wake,5,0.0,0.0,0.1,1,1,0,0,1,0,46,0.25,1,33,0.23692648112773895,0.19262130823850374,0.8707751333713531,0.517426210715827,4.560568481683731,19.166744351387024,0.31177515776536774,1.773362866447345,1.1914634281806076,0.0,0.15415723680559265,0.20976126788024152,0.01868837820366025,0.02994881570339203,0.01868837820366025,0.12898525409400463,0.1951424777507782,50,0.056564672867473874,0.8648987437490753
station_wake_L5,Smooth stage-aware SAC,strict_two_stage_v3_v1,two_stage_v3,4,31,9031,1250031,station_wake,5,0.0,0.0,0.1,1,1,0,0,1,0,57,0.25,1,42,0.19224923849105835,0.127022918476972,0.7303844392299652,0.41853292396878417,3.815661445260048,14.894061535596848,0.2270372172373125,1.3576276139205978,0.0,0.75,0.1622355854832218,0.21633162926195243,0.10497681796550751,0.12049207836389542,0.10497681796550751,0.16912958025932312,0.21631047129631042,61,0.07814499265127883,3.759441133333507
station_wake_L5,Smooth stage-aware SAC,strict_two_stage_v3_v1,two_stage_v3,4,32,9032,1250032,station_wake,5,0.0,0.0,0.1,1,1,0,0,1,0,57,0.25,1,42,0.18268275260925293,0.13849576374024727,0.7928182929754257,0.49352072943560726,3.2602347433567047,14.019359052181244,0.3143823890370907,2.0760002613678283,0.0,0.0,0.11657245865513355,0.18659415192003823,0.026914608478546143,0.034869443625211716,0.026914608478546143,0.13877877593040466,0.2683465927839279,61,0.08852583540888218,0.8357425871729949
station_wake_L5,Smooth stage-aware SAC,strict_two_stage_v3_v1,two_stage_v3,4,33,9033,1250033,station_wake,5,0.0,0.0,0.1,1,1,0,0,1,0,35,0.25,0,-1,nan,nan,nan,nan,nan,nan,nan,nan,0.0,nan,0.114030641600572,0.12266919093614277,0.16769830584526063,0.2127263993024826,0.16769830584526063,0.45908963680267334,0.6081956624984741,39,0.07960823471800617,3.072469244350087
station_wake_L5,Smooth stage-aware SAC,strict_two_stage_v3_v1,two_stage_v3,4,34,9034,1250034,station_wake,5,0.0,0.0,0.1,1,1,0,0,1,0,36,0.25,1,19,1.3578414916992188,1.2326874531413696,2.0316338539123535,1.2003734710077552,8.893961012363434,30.674524307250977,0.6330458887906323,2.7125631231085476,0.0,0.8500000000000001,0.08439070387407781,0.09102388803893709,0.1548172727227211,0.19990839064121246,0.1548172727227211,0.40214821696281433,0.4894182085990906,40,0.06022755588269895,3.072466469585737
station_wake_L5,Smooth stage-aware SAC,strict_two_stage_v3_v1,two_stage_v3,4,35,9035,1250035,station_wake,5,0.0,0.0,0.1,1,1,0,0,1,0,60,0.25,1,44,0.13408635556697845,0.07793529362261582,0.6859020888805389,0.5040682914865873,3.8165000453591347,15.6717449426651,0.21112621510724933,1.4211732788856635,0.0,0.25,0.10700888917794156,0.12499112764009833,0.06907096058130265,0.07903291285037994,0.06907096058130265,0.30315202474594116,0.7312782108783722,64,0.0926772507232757,2.2827326769921825
station_wake_L5,Smooth stage-aware SAC,strict_two_stage_v3_v1,two_stage_v3,4,36,9036,1250036,station_wake,5,0.0,0.0,0.1,1,1,0,0,1,0,39,0.25,1,14,1.3051387071609497,1.0653397385623444,1.3974583148956299,1.1325355069206198,0.3515934944152832,0.98968505859375,0.2921507215245934,2.172909765394863,0.0,1.25,0.09089965931043886,0.10842371363379284,0.12359706610441208,0.1562889814376831,0.12359706610441208,0.3339167535305023,0.44159531593322754,43,0.03719777873728342,3.491028786217169
station_wake_L5,Smooth stage-aware SAC,strict_two_stage_v3_v1,two_stage_v3,4,37,9037,1250037,station_wake,5,0.0,0.0,0.1,1,1,0,0,1,0,46,0.25,1,28,0.6631729006767273,0.4636648380184256,2.0060431957244873,0.9802914734315328,4.152447581291199,17.198925614356995,0.350005574817618,1.609298449305419,0.0,0.9,0.1243478977425629,0.15813931039776627,0.12850358188152314,0.17585217952728271,0.12850358188152314,0.4427006244659424,0.5030953884124756,50,0.08477521355752653,3.4137537334949375
station_wake_L5,Smooth stage-aware SAC,strict_two_stage_v3_v1,two_stage_v3,4,38,9038,1250038,station_wake,5,0.0,0.0,0.1,1,1,0,0,1,0,61,0.25,1,44,0.24581636488437653,0.1774028431752378,0.6146758794784546,0.3624759644952928,3.8480253517627716,16.093113124370575,0.27017651629683026,1.8746921934030554,0.0,0.4,0.09750459697807116,0.12560934298890122,0.026064015179872512,0.03551068902015686,0.026064015179872512,0.10466980561614037,0.173790343105793,65,0.08406346347147395,2.8063806556554343
station_wake_L5,Smooth stage-aware SAC,strict_two_stage_v3_v1,two_stage_v3,4,39,9039,1250039,station_wake,5,0.0,0.0,0.1,1,1,0,0,1,0,66,0.25,1,50,0.2033144235610962,0.09767439706877046,0.8349333703517914,0.4991827259955043,2.8127309679985046,12.742107957601547,0.18926909993731497,1.2274031070580873,0.0,0.8,0.16215023241823356,0.19725326568750473,0.17964054346084596,0.21542960405349731,0.17964054346084596,0.35533612966537476,0.42787641286849976,70,0.0757307762086967,2.997714104544767
station_wake_L5,Smooth stage-aware SAC,strict_two_stage_v3_v1,two_stage_v3,4,40,9040,1250040,station_wake,5,0.0,0.0,0.1,1,1,0,0,1,0,60,0.25,1,45,0.18077485263347626,0.14303869468328964,0.43508678674697876,0.2669763044736788,3.3353231847286224,12.645489275455475,0.2200208470790696,1.3672122780377574,0.0,0.35000000000000003,0.15468406560182102,0.20391553967696724,0.05852151587605477,0.08059733361005783,0.05852151587605477,0.23033489286899567,0.3110966086387634,64,0.0723012914185405,1.1082915743271275
station_wake_L5,Smooth stage-aware SAC,strict_two_stage_v3_v1,two_stage_v3,4,41,9041,1250041,station_wake,5,0.0,0.0,0.1,1,1,0,0,1,0,52,0.25,1,40,0.25438031554222107,0.17267265959197436,0.502280592918396,0.34231290605296055,1.764783263206482,8.546203738078475,0.22154320529646598,1.6414995401395232,0.7255387122144556,0.0,0.22831883987190227,0.30712692417343596,0.037014656513929364,0.051215287297964096,0.037014656513929364,0.3566177189350128,0.7324139028787613,56,0.058830449472145024,0.19534279661255644
station_wake_L5,Smooth stage-aware SAC,strict_two_stage_v3_v1,two_stage_v3,4,42,9042,1250042,station_wake,5,0.0,0.0,0.1,1,1,0,0,1,0,31,0.25,1,5,0.7866206765174866,0.4995613634449406,1.991446614265442,1.6683928072734657,19.580665826797485,19.850904941558838,1.80418618426297,3.1100892033011,0.0,1.3,0.0873103760357273,0.10590785682368907,0.2655363529920578,0.38251250982284546,0.2655363529920578,1.1638433337211609,1.7178350687026978,35,0.04946257001980062,1.941040084044424
station_wake_L5,Smooth stage-aware SAC,strict_two_stage_v3_v1,two_stage_v3,4,43,9043,1250043,station_wake,5,0.0,0.0,0.1,1,1,0,0,1,0,57,0.25,1,41,0.09237627685070038,0.05043998938423174,0.558137483894825,0.3530711941312753,4.035644233226776,20.03432620316744,0.3698467909463345,1.9045392016326868,0.0,0.0,0.14506630963613415,0.17878553531260685,0.045969270169734955,0.06163724139332771,0.045969270169734955,0.12916311621665955,0.24974368512630463,61,0.07261180367523809,2.493867271172205
station_wake_L5,Smooth stage-aware SAC,strict_two_stage_v3_v1,two_stage_v3,4,44,9044,1250044,station_wake,5,0.0,0.0,0.1,1,1,0,0,1,0,36,0.25,1,19,1.0346894264221191,0.885097768625467,1.5804147720336914,1.142302764189201,5.2014536410570145,29.045393466949463,0.5598421323412486,3.117492850684835,0.10623176644052644,0.35000000000000003,0.12395598424196703,0.13450017224293515,0.04272985532879829,0.05140769109129906,0.04272985532879829,0.07052689790725708,0.16232430934906006,40,0.07962485439313692,0.10623176644052644
station_wake_L5,Smooth stage-aware SAC,strict_two_stage_v3_v1,two_stage_v3,4,45,9045,1250045,station_wake,5,0.0,0.0,0.1,1,1,0,0,1,0,57,0.25,1,40,0.208179771900177,0.1814977165652766,0.5823755264282227,0.3240169116556703,3.685569390654564,18.232468962669373,0.20417689548860884,1.6074587398561366,0.0,0.25,0.16181751652807422,0.18582832251290604,0.0601639062166214,0.06274820119142532,0.0601639062166214,0.033348798751831055,0.05403846502304077,61,0.0844433308620522,1.5637254932541103
station_wake_L5,Smooth stage-aware SAC,strict_two_stage_v3_v1,two_stage_v3,4,46,9046,1250046,station_wake,5,0.0,0.0,0.1,1,1,0,0,1,0,48,0.25,1,34,0.32052797079086304,0.15808807518147464,1.120125949382782,0.8311685447774658,4.7095173597335815,25.70971116423607,0.2651851882847887,1.6263932574912046,0.0,0.55,0.1927252597540838,0.26220944648393424,0.1399986743927002,0.15311262011528015,0.1399986743927002,0.12933897972106934,0.15313833951950073,52,0.05649187778894221,1.5937123715879933
station_wake_L5,Smooth stage-aware SAC,strict_two_stage_v3_v1,two_stage_v3,4,47,9047,1250047,station_wake,5,0.0,0.0,0.1,1,1,0,0,1,0,78,0.25,1,56,0.16922536492347717,0.1126054663286626,0.762876346707344,0.4414181543751012,2.7469342947006226,6.925853192806244,0.15204717607619322,0.9087274877092678,0.0,0.65,0.1269370587241397,0.1382713950864955,0.09348590224981308,0.11021019518375397,0.09348590224981308,0.16565248370170593,0.17205342650413513,82,0.08512165247970545,0.011502999057653505
station_wake_L5,Smooth stage-aware SAC,strict_two_stage_v3_v1,two_stage_v3,4,48,9048,1250048,station_wake,5,0.0,0.0,0.1,1,1,0,0,1,0,49,0.25,1,33,0.0970197394490242,0.05576666895675702,0.6787411868572235,0.4113185814643509,2.354651242494583,16.408734233118594,0.36455640847833876,2.102485199300977,0.0,0.0,0.15873868570845612,0.202816475828641,0.015232735127210618,0.03655853867530823,0.015232735127210618,0.2008848749101162,0.45088306069374084,53,0.08103680702850119,0.9583212174428635
station_wake_L5,Smooth stage-aware SAC,strict_two_stage_v3_v1,two_stage_v3,4,49,9049,1250049,station_wake,5,0.0,0.0,0.1,1,1,0,0,1,0,33,0.25,1,18,0.36579251289367676,0.16377005166338893,1.8228363990783691,1.3857387834359807,13.72299611568451,29.681909680366516,0.8033578350912868,3.406737465926409,0.02093364601696308,0.0,0.14353577543455096,0.1759025217470638,0.052221573889255524,0.056450262665748596,0.052221573889255524,0.0888419896364212,0.15727221965789795,37,0.0856287991084201,0.2094333434681605
station_wake_L5,Smooth stage-aware SAC,strict_two_stage_v3_v1,two_stage_v3,4,50,9050,1250050,station_wake,5,0.0,0.0,0.1,1,1,0,0,1,0,36,0.25,1,19,1.1010948419570923,1.0532464505643828,1.0170042514801025,0.502826913551737,3.6942942440509796,19.075342118740082,0.39776557190208744,2.5918045870054573,0.0,0.7000000000000001,0.12739503950530257,0.16164732299215115,0.15285554230213166,0.22392438352108002,0.15285554230213166,0.7080717086791992,1.0809996724128723,40,0.07039491640212349,0.40368704507321723
station_wake_L5,Smooth stage-aware SAC,strict_two_stage_v3_v1,two_stage_v3,4,51,9051,1250051,station_wake,5,0.0,0.0,0.1,1,1,0,0,1,0,62,0.25,1,45,0.16092023253440857,0.11872429986978952,0.3898236155509949,0.2812889074026856,2.2414327785372734,8.29087644815445,0.17603729124896034,1.1550456041791355,0.40476544122971236,0.0,0.19092757742751482,0.23600133801279644,0.006570394220761955,0.016283068805933,0.006570394220761955,0.1047562356106937,0.22292949259281158,66,0.08057591699326248,0.40476544122971236
station_wake_L5,Smooth stage-aware SAC,strict_two_stage_v3_v1,two_stage_v3,4,52,9052,1250052,station_wake,5,0.0,0.0,0.1,1,1,0,0,1,0,60,0.25,1,43,0.23240214586257935,0.17712243976632897,0.8196559548377991,0.4360527064856607,3.4837889671325684,21.512709259986877,0.371700971370547,2.5261581122239742,0.0,0.05,0.1395025957794228,0.1575851539225807,0.01568493414670229,0.04151831567287445,0.01568493414670229,0.2500200644135475,0.514160543680191,64,0.08530940825314837,1.2942633247180002
station_wake_L5,Smooth stage-aware SAC,strict_two_stage_v3_v1,two_stage_v3,4,53,9053,1250053,station_wake,5,0.0,0.0,0.1,1,1,0,0,1,0,47,0.25,1,35,0.7270917892456055,0.6482919484556746,1.397460699081421,0.6311866084232571,7.084107547998428,25.5067241191864,0.3772882772051637,2.9323830549146095,0.0,0.55,0.2548539571851621,0.33040525685888206,0.12542118430137633,0.18472781777381897,0.12542118430137633,0.5728203356266022,0.8250075578689575,51,0.050554609627167714,2.557687064672923
station_wake_L5,Smooth stage-aware SAC,strict_two_stage_v3_v1,two_stage_v3,4,54,9054,1250054,station_wake,5,0.0,0.0,0.1,1,1,0,0,1,0,48,0.25,1,33,0.09087461233139038,0.04874104702380935,0.4636026918888092,0.2652833322385686,2.725978121161461,15.507823824882507,0.4420576782465494,2.1063317131468766,0.1637523179276012,0.0,0.13068110430102625,0.1787147549776802,0.0417010560631752,0.07247807085514069,0.0417010560631752,0.24909713864326477,0.3817513585090637,52,0.06562916909798255,1.04314032082508
station_wake_L5,Smooth stage-aware SAC,strict_two_stage_v3_v1,two_stage_v3,4,55,9055,1250055,station_wake,5,0.0,0.0,0.1,1,1,0,0,1,0,69,0.25,1,45,0.4610064923763275,0.31634156448144557,1.7218811810016632,1.2883565830318444,8.011038303375244,23.679510354995728,0.5873653217299275,2.363678908110743,0.0,0.65,0.09361745199979753,0.09996328091484981,0.035111143440008166,0.04407864809036255,0.035111143440008166,0.09004255384206772,0.11532589793205261,73,0.09135906835471434,0.6018546585161029
station_wake_L5,Smooth stage-aware SAC,strict_two_stage_v3_v1,two_stage_v3,4,56,9056,1250056,station_wake,5,0.0,0.0,0.1,1,1,0,0,1,0,55,0.25,1,42,0.21886080503463745,0.09844756944847215,1.0718008875846863,0.6207060919729902,4.388475120067596,21.47093690931797,0.2886221746044927,1.8493228142359275,0.0,0.6000000000000001,0.11309836141492231,0.1698093830186999,0.14815728962421418,0.1649162918329239,0.14815728962421418,0.2070031762123108,0.3077325224876404,59,0.06115276294837274,2.5996312563659716
station_wake_L5,Smooth stage-aware SAC,strict_two_stage_v3_v1,two_stage_v3,4,57,9057,1250057,station_wake,5,0.0,0.0,0.1,1,1,0,0,1,0,40,0.25,1,22,1.1082496643066406,0.9941491582084823,1.0819721221923828,0.6244511740008728,14.80958178639412,22.297585755586624,0.7761766057041105,2.3324642252332564,0.0,0.6000000000000001,0.11006081572256676,0.1326790299375541,0.07601958513259888,0.10186441242694855,0.07601958513259888,0.27288511395454407,0.5475205183029175,44,0.0800853542562109,0.2322904648039024
station_wake_L5,Smooth stage-aware SAC,strict_two_stage_v3_v1,two_stage_v3,4,58,9058,1250058,station_wake,5,0.0,0.0,0.1,1,1,0,0,1,0,50,0.25,1,38,0.12599201500415802,0.09989838259450891,0.7244756817817688,0.2711074452919126,3.172690272331238,15.516243427991867,0.2309268461261267,1.6638304063869955,0.0,0.5,0.17949240625636984,0.2605887142273533,0.15395779013633729,0.17413227260112762,0.15395779013633729,0.39519262313842773,0.9204122424125671,54,0.05557519473431411,2.349385931781398
station_wake_L5,Smooth stage-aware SAC,strict_two_stage_v3_v1,two_stage_v3,4,59,9059,1250059,station_wake,5,0.0,0.0,0.1,1,1,0,0,1,0,31,0.25,1,14,0.42842790484428406,0.32783107811294787,1.0263657569885254,0.7816420881929882,11.81520864367485,24.980797171592712,0.7554663584414963,3.2053717802750628,0.0,0.75,0.13082344733233003,0.1551087026866293,0.12022038549184799,0.14074337482452393,0.12022038549184799,0.1852876842021942,0.25371253490448,35,0.07055222559363683,2.6685952495287673
station_wake_L5,Smooth stage-aware SAC,strict_two_stage_v3_v1,two_stage_v3,4,60,9060,1250060,station_wake,5,0.0,0.0,0.1,1,1,0,0,1,0,56,0.25,1,33,0.9874610900878906,0.6289012837550663,1.9819045066833496,1.6740744617192882,1.3744783401489258,8.684111833572388,0.2237333382806179,1.836392298402794,0.0,0.45,0.11336187662809012,0.1249082847437864,0.025658490136265755,0.03392358869314194,0.025658490136265755,0.07895349711179733,0.08573491126298904,60,0.09240528008221136,3.2828424858810648
station_wake_L5,Smooth stage-aware SAC,strict_two_stage_v3_v1,two_stage_v3,4,61,9061,1250061,station_wake,5,0.0,0.0,0.1,1,1,0,0,1,0,65,0.25,1,51,0.18663860857486725,0.13706931389945004,0.5610768496990204,0.3697926232573487,3.9738954603672028,19.653300940990448,0.21613813189651648,1.6073483856869943,0.0,0.0,0.09621008205768843,0.13179331776903516,0.01746378494426608,0.027529990300536156,0.01746378494426608,0.08834550529718399,0.17950113862752914,69,0.06955159261750732,0.3319182453999265
station_wake_L5,Smooth stage-aware SAC,strict_two_stage_v3_v1,two_stage_v3,4,62,9062,1250062,station_wake,5,0.0,0.0,0.1,1,1,0,0,1,0,40,0.25,1,27,0.7534650564193726,0.5623722802581865,1.3337236642837524,0.9661918963062069,4.432002604007721,19.363869624212384,0.8077869181874111,3.0377254888245058,0.0,0.25,0.20550006194567727,0.30724692514502827,0.025310892984271048,0.07289900630712509,0.025310892984271048,0.5184217095375061,0.8775407075881958,44,0.05387060804290909,0.5175557700887179
station_wake_L5,Smooth stage-aware SAC,strict_two_stage_v3_v1,two_stage_v3,4,63,9063,1250063,station_wake,5,0.0,0.0,0.1,1,1,0,0,1,0,45,0.25,1,27,0.0877734050154686,0.06180699108558896,0.5362867191433907,0.36067184567222277,1.7935652006417513,12.366974698379636,0.4128931321963571,2.2432712613059396,0.0,0.8500000000000001,0.19804073034057307,0.23590420460464473,0.13411383777856828,0.16054114699363708,0.13411383777856828,0.2165457010269165,0.3162109851837158,49,0.07223406946335129,2.978851896821542
station_wake_L5,Smooth stage-aware SAC,strict_two_stage_v3_v1,two_stage_v3,4,64,9064,1250064,station_wake,5,0.0,0.0,0.1,1,1,0,0,1,0,53,0.25,1,41,0.22981640696525574,0.17071810947441918,1.0311700403690338,0.5900770393154502,5.310049653053284,22.25442998111248,0.290776025934153,1.7259862424152277,0.0,0.45,0.2510800014057798,0.345251478733902,0.1404305577278137,0.1563253551721573,0.1404305577278137,0.22608983516693115,0.360625684261322,57,0.06990217839520566,2.2589582825952492
station_wake_L5,Smooth stage-aware SAC,strict_two_stage_v3_v1,two_stage_v3,4,65,9065,1250065,station_wake,5,0.0,0.0,0.1,1,1,0,0,1,0,36,0.25,1,24,1.052679181098938,0.6924286940548019,1.8339860439300537,1.5463418028144182,7.758257985115051,21.815894842147827,0.5459285737615333,3.2217513037323426,1.8403645897823169,0.05,0.29598697315947253,0.40475389065665285,0.08048238307237625,0.0963350459933281,0.08048238307237625,0.35990846157073975,0.6315155327320099,40,0.05527073432407106,0.5602812180289394
station_wake_L5,Smooth stage-aware SAC,strict_two_stage_v3_v1,two_stage_v3,4,66,9066,1250066,station_wake,5,0.0,0.0,0.1,1,1,0,0,1,0,38,0.25,1,21,0.5915600061416626,0.3514077413970503,1.3490557670593262,0.9912922170681382,4.277108311653137,19.461651891469955,0.26758426428669785,1.971806734759956,0.0,0.8500000000000001,0.1783400911402763,0.20457607844191772,0.21080730855464935,0.25921469926834106,0.21080730855464935,0.47761160135269165,0.5018502473831177,42,0.05673463455582074,2.021706325689567
station_wake_L5,Smooth stage-aware SAC,strict_two_stage_v3_v1,two_stage_v3,4,67,9067,1250067,station_wake,5,0.0,0.0,0.1,1,1,0,0,1,0,71,0.25,1,55,0.25998908281326294,0.15519016776021813,0.753563717007637,0.5280526597311503,2.260569706559181,14.142868518829346,0.15835624311322152,1.1274260710927195,0.0,0.0,0.16808976529194,0.20364238911534996,0.0217982929199934,0.02682623639702797,0.0217982929199934,0.0690857395529747,0.11329352855682373,75,0.07866949121025306,0.1894498508029296
station_wake_L5,Smooth stage-aware SAC,strict_two_stage_v3_v1,two_stage_v3,4,68,9068,1250068,station_wake,5,0.0,0.0,0.1,1,1,0,0,1,0,53,0.25,1,40,0.06665010750293732,0.03870073688256825,0.6063780933618546,0.34946660795522727,3.23942668735981,14.09199059009552,0.20626073770573386,1.2840102450520507,0.0,0.35000000000000003,0.1716864302743744,0.23899069320620356,0.07892401963472366,0.10758015513420105,0.07892401963472366,0.2778649628162384,0.39929449558258057,57,0.05332476200682456,1.5796493322520544
station_wake_L5,Smooth stage-aware SAC,strict_two_stage_v3_v1,two_stage_v3,4,69,9069,1250069,station_wake,5,0.0,0.0,0.1,1,1,0,0,1,0,56,0.25,1,29,0.6558529138565063,0.4414745684418873,1.2575075030326843,1.0202275497984332,1.9392842054367065,9.704532325267792,0.3024194545488727,1.7622420515626729,3.4465254080194816,0.0,0.10501669801729818,0.11062913774647175,0.03372589312493801,0.03761330246925354,0.03372589312493801,0.037020765244960785,0.039199329912662506,60,0.09519675092920121,1.5302039920247454
station_wake_L5,Smooth stage-aware SAC,strict_two_stage_v3_v1,two_stage_v3,4,70,9070,1250070,station_wake,5,0.0,0.0,0.1,1,1,0,0,1,0,48,0.25,1,23,0.2597184479236603,0.17593402967116606,1.316022276878357,0.9548813151515834,7.081668823957443,23.192561268806458,0.5268787076737194,2.384842837976294,0.0,1.0,0.11868555715032654,0.12876515186088283,0.06874819174408912,0.08162310719490051,0.06874819174408912,0.12657417356967926,0.1313963532447815,52,0.0877930296762895,2.6434264293240934
station_wake_L5,Smooth stage-aware SAC,strict_two_stage_v3_v1,two_stage_v3,4,71,9071,1250071,station_wake,5,0.0,0.0,0.1,1,1,0,0,1,0,33,0.25,1,19,0.21675686538219452,0.12781414867554358,0.5632822215557098,0.4119200072895588,4.112861678004265,14.539579600095749,0.3961356475293413,2.5910794578276333,0.0,0.7000000000000001,0.12337616737105232,0.1584331011792035,0.2036236584186554,0.2460513710975647,0.2036236584186554,0.3775991201400757,0.5346393585205078,37,0.04223096020294377,2.1445634996115253
station_wake_L5,Smooth stage-aware SAC,strict_two_stage_v3_v1,two_stage_v3,4,72,9072,1250072,station_wake,5,0.0,0.0,0.1,1,1,0,0,1,0,46,0.25,1,28,0.7177095413208008,0.4884133747275599,1.1024081707000732,1.0028778419874569,1.4970561861991882,9.50764775276184,0.30070936588599556,1.9982755707064666,0.8791755466616944,0.15000000000000002,0.1880119168539495,0.23556954451074366,0.013934550248086453,0.0179608054459095,0.013934550248086453,0.2510577142238617,0.5722567439079285,50,0.0817873627426841,0.7240470095718955
station_wake_L5,Smooth stage-aware SAC,strict_two_stage_v3_v1,two_stage_v3,4,73,9073,1250073,station_wake,5,0.0,0.0,0.1,1,1,0,0,1,0,44,0.25,1,24,0.20962539315223694,0.14325936737493747,1.1073869466781616,0.8395371560524955,5.8188654482364655,21.99086844921112,0.3643269163451037,2.1859547742884438,0.0,0.9,0.145247318501388,0.16057841390712832,0.0927222341299057,0.11292117834091187,0.0927222341299057,0.2036094069480896,0.2268601953983307,48,0.08099292221341557,2.9958618426192243
station_wake_L5,Smooth stage-aware SAC,strict_two_stage_v3_v1,two_stage_v3,4,74,9074,1250074,station_wake,5,0.0,0.0,0.1,1,1,0,0,1,0,56,0.25,1,41,0.2903118133544922,0.157487054073855,0.7359427213668823,0.6563530124671735,0.9027093648910522,3.9745616912841797,0.21865289407084856,1.3572778924915294,0.0,0.0,0.1815860132440439,0.2119980157589927,0.052181532979011534,0.05766230821609497,0.052181532979011534,0.15576767921447754,0.3438645601272583,60,0.06769340962152866,1.0147112592304888
station_wake_L5,Smooth stage-aware SAC,strict_two_stage_v3_v1,two_stage_v3,4,75,9075,1250075,station_wake,5,0.0,0.0,0.1,1,1,0,0,1,0,61,0.25,1,47,0.18824446201324463,0.10273087223335199,0.6860621273517609,0.46735699400302055,4.435096420347691,15.26753157377243,0.475369844853758,1.8886019758186834,0.0,0.0,0.1324348336191225,0.1566948847552708,0.018453094363212585,0.020445194095373154,0.018453094363212585,0.028317399322986603,0.043103136122226715,65,0.06672038009142257,0.2297257821314155
station_wake_L5,Smooth stage-aware SAC,strict_two_stage_v3_v1,two_stage_v3,4,76,9076,1250076,station_wake,5,0.0,0.0,0.1,1,1,0,0,1,0,49,0.25,1,37,0.19181694090366364,0.14428462390319033,0.9112730622291565,0.5658754554529296,5.2684807777404785,14.29623007774353,0.30032112107591596,1.3898558464385828,0.0,0.55,0.2456269494552652,0.34999341572071024,0.11614939272403717,0.14367851614952087,0.11614939272403717,0.2673216462135315,0.5929109454154968,53,0.06451423385843359,2.9984581682774754
station_wake_L5,Smooth stage-aware SAC,strict_two_stage_v3_v1,two_stage_v3,4,77,9077,1250077,station_wake,5,0.0,0.0,0.1,1,1,0,0,1,0,59,0.25,1,46,0.38876378536224365,0.28850518944297865,1.1317211389541626,0.8400606451170876,7.582978457212448,32.452402561903,0.3870981603742603,2.315799119527769,0.0,0.6000000000000001,0.20433756281114804,0.2653858723944754,0.1418069690465927,0.15247905254364014,0.1418069690465927,0.09985977411270142,0.17273396253585815,63,0.05972567768021851,2.77013604338135
station_wake_L5,Smooth stage-aware SAC,strict_two_stage_v3_v1,two_stage_v3,4,78,9078,1250078,station_wake,5,0.0,0.0,0.1,1,1,0,0,1,0,83,0.25,1,61,0.05369311943650246,0.04081283641995925,0.2948298119008541,0.13305953472334536,0.7531589269638062,5.415836647152901,0.13799787621196402,0.9559416449895787,0.0,0.0,0.08123317208287247,0.08755085057880521,0.020915429294109344,0.024641701951622963,0.020915429294109344,0.06483244895935059,0.11542540043592453,87,0.09307980208276861,1.4057415102044228
station_wake_L5,Smooth stage-aware SAC,strict_two_stage_v3_v1,two_stage_v3,4,79,9079,1250079,station_wake,5,0.0,0.0,0.1,1,1,0,0,1,0,35,0.25,1,23,1.277251958847046,1.0458505390611879,2.2833251953125,1.653406387767086,8.440439701080322,34.58654999732971,0.7192759013248671,3.5121220319328645,0.0,0.4,0.20348216885044684,0.2684569955933605,0.08805769309401512,0.14909833669662476,0.08805769309401512,0.5870673507452011,0.9501588344573975,39,0.06583685679491055,1.463215097470847
station_wake_L5,Smooth stage-aware SAC,strict_two_stage_v3_v1,two_stage_v3,4,80,9080,1250080,station_wake,5,0.0,0.0,0.1,1,1,0,0,1,0,29,0.25,1,14,0.1407703310251236,0.10074061847847175,0.5855754017829895,0.3272595341721249,3.5723045468330383,13.071100413799286,0.31086771380026257,1.9073759120614389,0.0,0.55,0.15977390326814483,0.20752782431822148,0.09913672804832459,0.13625285029411316,0.09913672804832459,0.3389928936958313,0.517064779996872,33,0.06170347924813524,2.072515462595057
station_wake_L5,Smooth stage-aware SAC,strict_two_stage_v3_v1,two_stage_v3,4,81,9081,1250081,station_wake,5,0.0,0.0,0.1,1,1,0,0,1,0,53,0.25,1,41,0.2052111178636551,0.13938602659614038,0.36611080169677734,0.28589514534733357,1.117628812789917,5.602684766054153,0.20361625286166962,1.3220126106624,0.0,0.2,0.16120331637807714,0.2636209242739619,0.02988665606826544,0.06497909128665924,0.02988665606826544,0.5485071167349815,1.206078827381134,57,0.051402567162418804,0.3968107788067334
station_wake_L5,Smooth stage-aware SAC,strict_two_stage_v3_v1,two_stage_v3,4,82,9082,1250082,station_wake,5,0.0,0.0,0.1,1,1,0,0,1,0,43,0.25,1,28,0.19602932035923004,0.13540583139813703,0.4538300633430481,0.2598541853332573,1.807745099067688,9.451602967455983,0.4785360542000172,2.119078386455478,0.0,0.75,0.12355169187467716,0.18832020204402164,0.20744375586509706,0.22537922859191895,0.20744375586509706,0.2334008812904358,0.5025047063827515,47,0.043240643402917917,2.32282076477828
station_wake_L5,Smooth stage-aware SAC,strict_two_stage_v3_v1,two_stage_v3,4,83,9083,1250083,station_wake,5,0.0,0.0,0.1,1,1,0,0,1,0,47,0.25,1,29,0.6205251812934875,0.46544560873175017,0.9747624397277832,0.6581126263633515,1.3947689533233643,8.622054606676102,0.1571127666479797,1.0647190088588556,0.0,0.9,0.09999944578700533,0.13114412706474285,0.16858676075935364,0.1928289532661438,0.16858676075935364,0.2459559440612793,0.2680814266204834,51,0.07264805507241624,2.603057023121556
station_wake_L5,Smooth stage-aware SAC,strict_two_stage_v3_v1,two_stage_v3,4,84,9084,1250084,station_wake,5,0.0,0.0,0.1,1,1,0,0,1,0,38,0.25,1,21,0.07852032035589218,0.06491789885815658,0.5449971184134483,0.21937685062800816,2.1086907386779785,9.922413360327482,0.357632850518513,2.1947622542141882,0.0,0.5,0.19995512652430839,0.2656662735681319,0.11982085853815079,0.13537608087062836,0.11982085853815079,0.22907346487045288,0.36098092794418335,42,0.07976492254277665,1.9560060957329797
station_wake_L5,Smooth stage-aware SAC,strict_two_stage_v3_v1,two_stage_v3,4,85,9085,1250085,station_wake,5,0.0,0.0,0.1,1,1,0,0,1,0,64,0.25,1,45,0.0338221974670887,0.02939809149838473,0.05902700126171112,0.03308160855590327,2.1404267475008965,5.026612542569637,0.1326547158005088,0.7593144836641126,0.0,0.0,0.1404275249631481,0.17112119919291743,0.08020132780075073,0.08342623710632324,0.08020132780075073,0.08308804035186768,0.16868412494659424,68,0.08018540536325362,2.46508058514154
station_wake_L5,Smooth stage-aware SAC,strict_two_stage_v3_v1,two_stage_v3,4,86,9086,1250086,station_wake,5,0.0,0.0,0.1,1,1,0,0,1,0,33,0.25,1,11,1.122489333152771,0.8971112342430829,1.5400618314743042,1.20038169301138,4.877654314041138,6.775785684585571,0.25438111138979563,1.7271692319845018,0.0,1.1,0.09402369624874529,0.11291215061442114,0.23092985451221465,0.27638208866119385,0.23092985451221465,0.45293229818344116,0.4957151412963867,37,0.05112476025124631,2.076984967633184
station_wake_L5,Smooth stage-aware SAC,strict_two_stage_v3_v1,two_stage_v3,4,87,9087,1250087,station_wake,5,0.0,0.0,0.1,1,1,0,0,1,0,54,0.25,1,39,0.13810886442661285,0.10670045616312822,0.24894900619983673,0.16477556654934422,0.72854308411479,4.151810873299837,0.17442315381069315,0.7808879114196092,0.0,0.0,0.17341762961967022,0.24447145691431527,0.14376674890518187,0.15805254876613617,0.14376674890518187,0.4046776294708252,0.9733524918556213,58,0.08440866012335288,0.03617001380174299
station_wake_L5,Smooth stage-aware SAC,strict_two_stage_v3_v1,two_stage_v3,4,88,9088,1250088,station_wake,5,0.0,0.0,0.1,1,1,0,0,1,0,43,0.25,1,32,0.10740356147289276,0.07840429272602248,0.9089550375938416,0.3167275703217505,3.867879807949066,13.366011139005423,0.5366588244888432,2.0968628946274297,0.0,0.0,0.23916691045706534,0.34701424568246036,0.04205545037984848,0.052224211394786835,0.04205545037984848,0.11125138401985168,0.1911802589893341,47,0.05032408329538303,0.5810220479390351
station_wake_L5,Smooth stage-aware SAC,strict_two_stage_v3_v1,two_stage_v3,4,89,9089,1250089,station_wake,5,0.0,0.0,0.1,1,1,0,0,1,0,52,0.25,1,38,0.1883605718612671,0.12470643397831183,0.6636800616979599,0.4938865928109399,3.6445990204811096,12.000950798392296,0.24808857772252615,1.643557901071602,3.0386640768267554,0.0,0.16954043016548695,0.24492916666042416,0.06923147439956664,0.0851127877831459,0.06923147439956664,0.25393127650022507,0.3680011257529259,56,0.07060765037174006,1.977529942798394
station_wake_L5,Smooth stage-aware SAC,strict_two_stage_v3_v1,two_stage_v3,4,90,9090,1250090,station_wake,5,0.0,0.0,0.1,1,1,0,0,1,0,30,0.25,0,-1,nan,nan,nan,nan,nan,nan,nan,nan,0.0,nan,0.07452725970197768,0.07693759908570914,0.28121539056301115,0.36411234736442566,0.28121539056301115,0.852175235748291,1.1626613140106201,34,0.07887863373256054,1.963486433534613
station_wake_L5,Smooth stage-aware SAC,strict_two_stage_v3_v1,two_stage_v3,4,91,9091,1250091,station_wake,5,0.0,0.0,0.1,1,1,0,0,1,0,52,0.25,1,40,0.3150228261947632,0.2102355924598188,1.3303261995315552,0.6010934230527835,3.3412551879882812,18.33948589861393,0.29490493879640695,1.5305020901381152,0.0,0.0,0.17711202743408241,0.2656161282360793,0.08645865321159363,0.0951625183224678,0.08645865321159363,0.08611124753952026,0.16158029437065125,56,0.06646679161351816,0.8456829670145964
station_wake_L5,Smooth stage-aware SAC,strict_two_stage_v3_v1,two_stage_v3,4,92,9092,1250092,station_wake,5,0.0,0.0,0.1,1,1,0,0,1,0,61,0.25,1,43,0.18074315786361694,0.10356364605161618,0.8071652054786682,0.6156359989250207,2.1743226051330566,11.906195878982544,0.14062279972683547,1.1679190116275462,0.0,0.65,0.1469088844890018,0.16960694130171616,0.13707030415534974,0.1584872007369995,0.13707030415534974,0.21624255180358887,0.23340433835983276,65,0.0848537132332286,0.7758401739655435
station_wake_L5,Smooth stage-aware SAC,strict_two_stage_v3_v1,two_stage_v3,4,93,9093,1250093,station_wake,5,0.0,0.0,0.1,1,1,0,0,1,0,64,0.25,1,47,0.5329273343086243,0.28377976766656865,1.4870637655258179,1.3604088375022227,2.077265977859497,9.129172563552856,0.18746324527031918,1.2725604941947082,0.0,0.55,0.1404249545873654,0.16261310888572814,0.06262019202113152,0.07196645438671112,0.06262019202113152,0.11227542161941528,0.2435275912284851,68,0.07029753964099576,0.5347162468524047
station_wake_L5,Smooth stage-aware SAC,strict_two_stage_v3_v1,two_stage_v3,4,94,9094,1250094,station_wake,5,0.0,0.0,0.1,1,1,0,0,1,0,54,0.25,1,43,0.05568540096282959,0.02142859866981008,0.6170949339866638,0.30607126182722966,2.8672485053539276,12.105887681245804,0.45444532207444943,2.17034049949678,0.0,0.0,0.21907649877150712,0.33347450767771714,0.07354669719934463,0.09597530961036682,0.07354669719934463,0.1986936628818512,0.3592081367969513,58,0.06004612338754592,1.3739470863397192
station_wake_L5,Smooth stage-aware SAC,strict_two_stage_v3_v1,two_stage_v3,4,95,9095,1250095,station_wake,5,0.0,0.0,0.1,1,1,0,0,1,0,54,0.25,1,42,0.0793604776263237,0.06988757251814423,0.10845392942428589,0.06555344399185778,1.5190674923360348,5.209708549082279,0.23469082555914095,1.879835313199423,0.6529309732120169,0.0,0.2728348682246996,0.3739546013957735,0.04249834641814232,0.06568893790245056,0.04249834641814232,0.30670829117298126,0.40853139013051987,58,0.052483040613163605,0.04418700170089835
station_wake_L5,Smooth stage-aware SAC,strict_two_stage_v3_v1,two_stage_v3,4,96,9096,1250096,station_wake,5,0.0,0.0,0.1,1,1,0,0,1,0,46,0.25,1,33,0.058637745678424835,0.04518738316137619,0.28521403670310974,0.16114582838106442,1.367284208536148,8.870863355696201,0.4261189550672134,2.1832139911282717,0.0,0.30000000000000004,0.15055470329602955,0.2226128773553625,0.08339897841215134,0.09288819134235382,0.08339897841215134,0.11641713976860046,0.22047311067581177,50,0.06019727176673829,1.7042119190324
station_wake_L5,Smooth stage-aware SAC,strict_two_stage_v3_v1,two_stage_v3,4,97,9097,1250097,station_wake,5,0.0,0.0,0.1,1,1,0,0,1,0,52,0.25,1,37,0.25130870938301086,0.17094794575949837,0.7413361966609955,0.5175310337307116,2.626757323741913,11.726028621196747,0.2506385315458522,1.489228489452864,0.0,0.75,0.15333341717073454,0.19301405172687966,0.14326508790254594,0.16512781381607056,0.14326508790254594,0.23672321438789368,0.31329065561294556,56,0.059448810421599926,2.9644995349412295
station_wake_L5,Smooth stage-aware SAC,strict_two_stage_v3_v1,two_stage_v3,4,98,9098,1250098,station_wake,5,0.0,0.0,0.1,1,1,0,0,1,0,77,0.25,1,58,0.19611595571041107,0.15800616480719373,0.8847633004188538,0.5611078058357457,3.3909693360328674,13.967648670077324,0.2062165276088901,1.454962939517466,0.0,0.55,0.15139461325285153,0.16672171076741996,0.06640715748071671,0.0822032019495964,0.06640715748071671,0.16124680638313293,0.1988913118839264,81,0.08372132123327085,1.1781437055254365
station_wake_L5,Smooth stage-aware SAC,strict_two_stage_v3_v1,two_stage_v3,4,99,9099,1250099,station_wake,5,0.0,0.0,0.1,1,1,0,0,1,0,40,0.25,1,21,0.73274827003479,0.5634952394318852,1.1902439594268799,0.8543098164445906,3.1011565029621124,18.337126709520817,0.3999921640139112,2.2053980495867007,0.0,0.9500000000000001,0.15860982496066986,0.1959325137151612,0.15840980112552644,0.17980514466762543,0.15840980112552644,0.2216346263885498,0.2689695358276367,44,0.0461743944196561,2.85003431563169
