method,method_key,model_seed,episode,eval_seed,condition,delay_steps,delay_seconds,current_speed_m_s,position_noise_sigma_m,yaw_noise_sigma_deg,mass_inertia_scale,damping_scale,actuator_effectiveness,init_dist_xyz_m,init_abs_yaw_deg,instant_entry,strict_success,first_entry_maintained,first_entry_not_maintained,instant_only_failure,pre_success_exit,reentry_then_success,first_entry_step,first_exit_step,first_reentry_step,first_strict_success_step,terminal_entry_count,terminal_exit_count,one_step_lead_steps,one_step_lead_seconds,extra_recovery_steps,extra_recovery_seconds,timeout,out_of_bound,steps,final_dist_xyz_m,final_yaw_error_deg,final_hold_count
Proposed smooth SAC,smooth,0,0,12000,enlarged_delay_only,0,0.0,0.0,0.0,0.0,1.0,1.0,1.0,1.4011169590411672,3.680448288035017,1,1,1,0,0,0,0,42,-1,-1,46,1,0,4,0.2,0,0.0,0,0,46,0.07633892279258019,3.18725035990874,5
Proposed smooth SAC,smooth,0,1,12001,enlarged_delay_only,0,0.0,0.0,0.0,0.0,1.0,1.0,1.0,1.8698938269216967,60.07772922240686,1,1,1,0,0,0,0,48,-1,-1,52,1,0,4,0.2,0,0.0,0,0,52,0.05488550655126509,0.6630032077211114,5
Proposed smooth SAC,smooth,0,2,12002,enlarged_delay_only,0,0.0,0.0,0.0,0.0,1.0,1.0,1.0,1.5052862077716045,52.14187244464703,1,1,1,0,0,0,0,50,-1,-1,54,1,0,4,0.2,0,0.0,0,0,54,0.06266282710801419,0.7723749735396727,5
Proposed smooth SAC,smooth,0,3,12003,enlarged_delay_only,0,0.0,0.0,0.0,0.0,1.0,1.0,1.0,1.11052274394814,63.72168295593285,1,1,1,0,0,0,0,40,-1,-1,44,1,0,4,0.2,0,0.0,0,0,44,0.06853540233160424,1.7453498282382696,5
Proposed smooth SAC,smooth,0,4,12004,enlarged_delay_only,0,0.0,0.0,0.0,0.0,1.0,1.0,1.0,2.0622948587954135,27.609846144219087,1,1,1,0,0,0,0,63,-1,-1,67,1,0,4,0.2,0,0.0,0,0,67,0.07660098827327179,0.2500386846817541,5
Proposed smooth SAC,smooth,0,5,12005,enlarged_delay_only,0,0.0,0.0,0.0,0.0,1.0,1.0,1.0,0.7836208893081577,86.33696522241115,1,1,1,0,0,0,0,45,-1,-1,49,1,0,4,0.2,0,0.0,0,0,49,0.08007384983865151,0.21066567234503214,5
Proposed smooth SAC,smooth,0,6,12006,enlarged_delay_only,0,0.0,0.0,0.0,0.0,1.0,1.0,1.0,1.4039658384766267,70.50865751906693,1,1,1,0,0,0,0,58,-1,-1,62,1,0,4,0.2,0,0.0,0,0,62,0.0783152192043343,1.8654939229558516,5
Proposed smooth SAC,smooth,0,7,12007,enlarged_delay_only,0,0.0,0.0,0.0,0.0,1.0,1.0,1.0,2.023389540687327,41.417218692919725,1,1,1,0,0,0,0,56,-1,-1,60,1,0,4,0.2,0,0.0,0,0,60,0.06394694888831504,0.4087873821142185,5
Proposed smooth SAC,smooth,0,8,12008,enlarged_delay_only,0,0.0,0.0,0.0,0.0,1.0,1.0,1.0,0.6761041193866284,47.03972454974209,1,1,1,0,0,0,0,30,-1,-1,34,1,0,4,0.2,0,0.0,0,0,34,0.07159920008309324,1.9658366589393321,5
Proposed smooth SAC,smooth,0,9,12009,enlarged_delay_only,0,0.0,0.0,0.0,0.0,1.0,1.0,1.0,0.8365610729382312,17.566701837686487,1,1,1,0,0,0,0,38,-1,-1,42,1,0,4,0.2,0,0.0,0,0,42,0.06629659866371765,3.784322658706217,5
Proposed smooth SAC,smooth,0,10,12010,enlarged_delay_only,0,0.0,0.0,0.0,0.0,1.0,1.0,1.0,2.0882312594206844,67.10242168941406,1,1,1,0,0,0,0,53,-1,-1,57,1,0,4,0.2,0,0.0,0,0,57,0.07086159471123214,3.6599824799607203,5
Proposed smooth SAC,smooth,0,11,12011,enlarged_delay_only,0,0.0,0.0,0.0,0.0,1.0,1.0,1.0,1.0363136503576447,39.13181690606595,1,1,1,0,0,0,0,40,-1,-1,44,1,0,4,0.2,0,0.0,0,0,44,0.09483130253782063,0.652958293968697,5
Proposed smooth SAC,smooth,0,12,12012,enlarged_delay_only,0,0.0,0.0,0.0,0.0,1.0,1.0,1.0,1.0633346171025668,74.10415106043168,1,1,1,0,0,0,0,46,-1,-1,50,1,0,4,0.2,0,0.0,0,0,50,0.07974555764546365,1.246228205110887,5
Proposed smooth SAC,smooth,0,13,12013,enlarged_delay_only,0,0.0,0.0,0.0,0.0,1.0,1.0,1.0,2.9321695975105375,64.82631579002067,1,1,1,0,0,0,0,64,-1,-1,68,1,0,4,0.2,0,0.0,0,0,68,0.07027596448042901,0.4376645948318126,5
Proposed smooth SAC,smooth,0,14,12014,enlarged_delay_only,0,0.0,0.0,0.0,0.0,1.0,1.0,1.0,1.5727126782681156,69.85363554747353,1,1,1,0,0,0,0,48,-1,-1,52,1,0,4,0.2,0,0.0,0,0,52,0.06361478823268617,0.9985613836596994,5
Proposed smooth SAC,smooth,0,15,12015,enlarged_delay_only,0,0.0,0.0,0.0,0.0,1.0,1.0,1.0,1.7941221940119125,66.18821452938619,1,1,1,0,0,0,0,47,-1,-1,51,1,0,4,0.2,0,0.0,0,0,51,0.06853088201478007,1.485187816030778,5
Proposed smooth SAC,smooth,0,16,12016,enlarged_delay_only,0,0.0,0.0,0.0,0.0,1.0,1.0,1.0,2.0956191639967527,80.76412508613855,1,1,1,0,0,0,0,60,-1,-1,64,1,0,4,0.2,0,0.0,0,0,64,0.06251806288168447,1.1510805750431419,5
Proposed smooth SAC,smooth,0,17,12017,enlarged_delay_only,0,0.0,0.0,0.0,0.0,1.0,1.0,1.0,2.3497476747776798,68.42664510531779,1,1,1,0,0,0,0,58,-1,-1,62,1,0,4,0.2,0,0.0,0,0,62,0.06751028515167987,1.3189527510203036,5
Proposed smooth SAC,smooth,0,18,12018,enlarged_delay_only,0,0.0,0.0,0.0,0.0,1.0,1.0,1.0,1.3063656328926654,58.185179426044705,1,1,1,0,0,0,0,40,-1,-1,44,1,0,4,0.2,0,0.0,0,0,44,0.07470514216089767,1.1820894204315882,5
Proposed smooth SAC,smooth,0,19,12019,enlarged_delay_only,0,0.0,0.0,0.0,0.0,1.0,1.0,1.0,1.569053725441394,46.92282244700273,1,1,1,0,0,0,0,115,-1,-1,119,1,0,4,0.2,0,0.0,0,0,119,0.08126563915880261,4.953644641310054,5
Proposed smooth SAC,smooth,0,20,12020,enlarged_delay_only,0,0.0,0.0,0.0,0.0,1.0,1.0,1.0,2.8509785660679805,57.54032760612546,1,1,1,0,0,0,0,67,-1,-1,71,1,0,4,0.2,0,0.0,0,0,71,0.06582344992101573,0.2541228443207308,5
Proposed smooth SAC,smooth,0,21,12021,enlarged_delay_only,0,0.0,0.0,0.0,0.0,1.0,1.0,1.0,1.721321109839246,84.23015922197487,1,1,1,0,0,0,0,58,-1,-1,62,1,0,4,0.2,0,0.0,0,0,62,0.07089281357178523,1.3350897132646935,5
Proposed smooth SAC,smooth,0,22,12022,enlarged_delay_only,0,0.0,0.0,0.0,0.0,1.0,1.0,1.0,2.0714459852992766,7.241713190147896,1,1,1,0,0,0,0,54,-1,-1,58,1,0,4,0.2,0,0.0,0,0,58,0.06927803314282327,0.17278665716754468,5
Proposed smooth SAC,smooth,0,23,12023,enlarged_delay_only,0,0.0,0.0,0.0,0.0,1.0,1.0,1.0,1.96706721911142,29.687929491648173,1,1,1,0,0,0,0,56,-1,-1,60,1,0,4,0.2,0,0.0,0,0,60,0.06996964801400671,0.5013487984053355,5
Proposed smooth SAC,smooth,0,24,12024,enlarged_delay_only,0,0.0,0.0,0.0,0.0,1.0,1.0,1.0,2.3296647946987346,59.32330750782227,1,1,1,0,0,0,0,69,-1,-1,73,1,0,4,0.2,0,0.0,0,0,73,0.0800567706345105,1.1011407931529473,5
Proposed smooth SAC,smooth,0,25,12025,enlarged_delay_only,0,0.0,0.0,0.0,0.0,1.0,1.0,1.0,1.7406706115734212,29.68845883130885,1,1,1,0,0,0,0,52,-1,-1,56,1,0,4,0.2,0,0.0,0,0,56,0.07128439526764693,1.0077920641578542,5
Proposed smooth SAC,smooth,0,26,12026,enlarged_delay_only,0,0.0,0.0,0.0,0.0,1.0,1.0,1.0,1.2890960116783232,58.822470226552745,1,1,1,0,0,0,0,51,-1,-1,55,1,0,4,0.2,0,0.0,0,0,55,0.07859554588350343,2.7329770395321304,5
Proposed smooth SAC,smooth,0,27,12027,enlarged_delay_only,0,0.0,0.0,0.0,0.0,1.0,1.0,1.0,1.679512651290201,27.36887877784833,1,1,1,0,0,0,0,45,-1,-1,49,1,0,4,0.2,0,0.0,0,0,49,0.0710116555812634,2.4952275460340956,5
Proposed smooth SAC,smooth,0,28,12028,enlarged_delay_only,0,0.0,0.0,0.0,0.0,1.0,1.0,1.0,2.161397968359572,63.816718208044406,1,1,1,0,0,0,0,59,-1,-1,63,1,0,4,0.2,0,0.0,0,0,63,0.06809383235680858,2.2412147317920255,5
Proposed smooth SAC,smooth,0,29,12029,enlarged_delay_only,0,0.0,0.0,0.0,0.0,1.0,1.0,1.0,1.4273638277059564,34.274883047648224,1,1,1,0,0,0,0,47,-1,-1,51,1,0,4,0.2,0,0.0,0,0,51,0.09160864451546712,0.6494338096352645,5
Proposed smooth SAC,smooth,0,30,12030,enlarged_delay_only,0,0.0,0.0,0.0,0.0,1.0,1.0,1.0,1.7462896683471236,26.955215200955678,1,1,1,0,0,0,0,45,-1,-1,49,1,0,4,0.2,0,0.0,0,0,49,0.09333197527888494,2.032653838268628,5
Proposed smooth SAC,smooth,0,31,12031,enlarged_delay_only,0,0.0,0.0,0.0,0.0,1.0,1.0,1.0,0.831092090571535,57.81877392801937,1,1,1,0,0,0,0,41,-1,-1,45,1,0,4,0.2,0,0.0,0,0,45,0.07623950935995838,2.2988559788582323,5
Proposed smooth SAC,smooth,0,32,12032,enlarged_delay_only,0,0.0,0.0,0.0,0.0,1.0,1.0,1.0,2.3622064651248813,65.6166711298287,1,1,1,0,0,0,0,63,-1,-1,67,1,0,4,0.2,0,0.0,0,0,67,0.0634277342226172,0.9175114774822719,5
Proposed smooth SAC,smooth,0,33,12033,enlarged_delay_only,0,0.0,0.0,0.0,0.0,1.0,1.0,1.0,0.7030471412582213,16.83992189867294,1,1,1,0,0,0,0,28,-1,-1,32,1,0,4,0.2,0,0.0,0,0,32,0.0625115708362215,0.8945638561400273,5
Proposed smooth SAC,smooth,0,34,12034,enlarged_delay_only,0,0.0,0.0,0.0,0.0,1.0,1.0,1.0,2.282842407805926,24.938362791888462,1,1,1,0,0,0,0,58,-1,-1,62,1,0,4,0.2,0,0.0,0,0,62,0.05775683281873462,2.4851515229044456,5
Proposed smooth SAC,smooth,0,35,12035,enlarged_delay_only,0,0.0,0.0,0.0,0.0,1.0,1.0,1.0,2.371908074838775,71.96116554796184,1,1,1,0,0,0,0,66,-1,-1,70,1,0,4,0.2,0,0.0,0,0,70,0.07215946742329012,0.09332689106604765,5
Proposed smooth SAC,smooth,0,36,12036,enlarged_delay_only,0,0.0,0.0,0.0,0.0,1.0,1.0,1.0,0.8829462334714887,87.90779944848737,1,1,1,0,0,0,0,43,-1,-1,47,1,0,4,0.2,0,0.0,0,0,47,0.0612993194605808,3.301824648801588,5
Proposed smooth SAC,smooth,0,37,12037,enlarged_delay_only,0,0.0,0.0,0.0,0.0,1.0,1.0,1.0,0.817844285721509,43.45796651879823,1,1,1,0,0,0,0,32,-1,-1,36,1,0,4,0.2,0,0.0,0,0,36,0.08554359667771917,1.4501335776629802,5
Proposed smooth SAC,smooth,0,38,12038,enlarged_delay_only,0,0.0,0.0,0.0,0.0,1.0,1.0,1.0,1.5743284929286714,57.88825061225674,1,1,1,0,0,0,0,47,-1,-1,51,1,0,4,0.2,0,0.0,0,0,51,0.07532495248561143,0.7244299804130921,5
Proposed smooth SAC,smooth,0,39,12039,enlarged_delay_only,0,0.0,0.0,0.0,0.0,1.0,1.0,1.0,0.8994689163493125,9.298986658723248,1,1,1,0,0,0,0,46,-1,-1,50,1,0,4,0.2,0,0.0,0,0,50,0.08639435570498581,0.32092828426239084,5
Proposed smooth SAC,smooth,0,40,12040,enlarged_delay_only,0,0.0,0.0,0.0,0.0,1.0,1.0,1.0,1.8657719186487738,68.44804408798744,1,1,1,0,0,0,0,56,-1,-1,60,1,0,4,0.2,0,0.0,0,0,60,0.08351863906199664,2.4101037521818727,5
Proposed smooth SAC,smooth,0,41,12041,enlarged_delay_only,0,0.0,0.0,0.0,0.0,1.0,1.0,1.0,2.1801507199074694,36.011752342258276,1,1,1,0,0,0,0,50,-1,-1,54,1,0,4,0.2,0,0.0,0,0,54,0.057294616948320345,3.5416189301823957,5
Proposed smooth SAC,smooth,0,42,12042,enlarged_delay_only,0,0.0,0.0,0.0,0.0,1.0,1.0,1.0,2.890509486387824,8.39370570216694,1,1,1,0,0,0,0,72,-1,-1,76,1,0,4,0.2,0,0.0,0,0,76,0.07287336257507454,0.13260146596939945,5
Proposed smooth SAC,smooth,0,43,12043,enlarged_delay_only,0,0.0,0.0,0.0,0.0,1.0,1.0,1.0,1.4295379479494126,86.66219834011966,1,1,1,0,0,0,0,55,-1,-1,59,1,0,4,0.2,0,0.0,0,0,59,0.07353054432699789,3.3109045315294736,5
Proposed smooth SAC,smooth,0,44,12044,enlarged_delay_only,0,0.0,0.0,0.0,0.0,1.0,1.0,1.0,1.4633774253790757,25.79388667411487,1,1,1,0,0,0,0,49,-1,-1,53,1,0,4,0.2,0,0.0,0,0,53,0.07757668258280699,1.3110182056388646,5
Proposed smooth SAC,smooth,0,45,12045,enlarged_delay_only,0,0.0,0.0,0.0,0.0,1.0,1.0,1.0,2.7817081294799144,45.277112272150255,1,1,1,0,0,0,0,67,-1,-1,71,1,0,4,0.2,0,0.0,0,0,71,0.062190002925046964,0.8734254345150428,5
Proposed smooth SAC,smooth,0,46,12046,enlarged_delay_only,0,0.0,0.0,0.0,0.0,1.0,1.0,1.0,2.448255495287487,6.5296484668143195,1,1,1,0,0,0,0,60,-1,-1,64,1,0,4,0.2,0,0.0,0,0,64,0.07140698128702873,1.211481752142563,5
Proposed smooth SAC,smooth,0,47,12047,enlarged_delay_only,0,0.0,0.0,0.0,0.0,1.0,1.0,1.0,2.0375889749407565,48.300679923363994,1,1,1,0,0,0,0,59,-1,-1,63,1,0,4,0.2,0,0.0,0,0,63,0.07136940318887051,1.443903804809694,5
Proposed smooth SAC,smooth,0,48,12048,enlarged_delay_only,0,0.0,0.0,0.0,0.0,1.0,1.0,1.0,1.595910055499794,38.132652438046875,1,1,1,0,0,0,0,44,-1,-1,48,1,0,4,0.2,0,0.0,0,0,48,0.07237599376969074,1.3286674144541775,5
Proposed smooth SAC,smooth,0,49,12049,enlarged_delay_only,0,0.0,0.0,0.0,0.0,1.0,1.0,1.0,1.5300451933387877,9.115019782297185,1,1,1,0,0,0,0,49,-1,-1,53,1,0,4,0.2,0,0.0,0,0,53,0.06685382054250553,0.015166992005915361,5
Proposed smooth SAC,smooth,0,50,12050,enlarged_delay_only,0,0.0,0.0,0.0,0.0,1.0,1.0,1.0,2.262693545269486,73.02772690761601,1,1,1,0,0,0,0,59,-1,-1,63,1,0,4,0.2,0,0.0,0,0,63,0.07419470130103148,0.3993723665497526,5
Proposed smooth SAC,smooth,0,51,12051,enlarged_delay_only,0,0.0,0.0,0.0,0.0,1.0,1.0,1.0,1.6263518811985,35.99433194478016,1,1,1,0,0,0,0,51,-1,-1,55,1,0,4,0.2,0,0.0,0,0,55,0.07383737313318887,0.49113574460546233,5
Proposed smooth SAC,smooth,0,52,12052,enlarged_delay_only,0,0.0,0.0,0.0,0.0,1.0,1.0,1.0,0.7048587995105587,83.91519870877808,1,1,1,0,0,0,0,37,-1,-1,41,1,0,4,0.2,0,0.0,0,0,41,0.04956945927377039,2.6333841302534706,5
Proposed smooth SAC,smooth,0,53,12053,enlarged_delay_only,0,0.0,0.0,0.0,0.0,1.0,1.0,1.0,1.470188620244381,45.138920469767974,1,1,1,0,0,0,0,44,-1,-1,48,1,0,4,0.2,0,0.0,0,0,48,0.07666512563174138,1.7421415603190675,5
Proposed smooth SAC,smooth,0,54,12054,enlarged_delay_only,0,0.0,0.0,0.0,0.0,1.0,1.0,1.0,2.2790002868522827,82.51781713667434,1,1,1,0,0,0,0,69,-1,-1,73,1,0,4,0.2,0,0.0,0,0,73,0.07121682844953946,1.7653052931155195,5
Proposed smooth SAC,smooth,0,55,12055,enlarged_delay_only,0,0.0,0.0,0.0,0.0,1.0,1.0,1.0,2.8850994760210127,23.46271066699096,1,1,1,0,0,0,0,75,-1,-1,79,1,0,4,0.2,0,0.0,0,0,79,0.07993409086015246,0.017938177844036056,5
Proposed smooth SAC,smooth,0,56,12056,enlarged_delay_only,0,0.0,0.0,0.0,0.0,1.0,1.0,1.0,1.826905546699788,11.925707512554547,1,1,1,0,0,0,0,54,-1,-1,58,1,0,4,0.2,0,0.0,0,0,58,0.07407367185992043,0.12951350009303966,5
Proposed smooth SAC,smooth,0,57,12057,enlarged_delay_only,0,0.0,0.0,0.0,0.0,1.0,1.0,1.0,1.7691751722646727,27.276807827836556,1,1,1,0,0,0,0,51,-1,-1,55,1,0,4,0.2,0,0.0,0,0,55,0.07552433255193769,1.7869452533968242,5
Proposed smooth SAC,smooth,0,58,12058,enlarged_delay_only,0,0.0,0.0,0.0,0.0,1.0,1.0,1.0,2.3268545695420997,62.93145738971906,1,1,1,0,0,0,0,64,-1,-1,68,1,0,4,0.2,0,0.0,0,0,68,0.07395230369306986,2.1461566412354305,5
Proposed smooth SAC,smooth,0,59,12059,enlarged_delay_only,0,0.0,0.0,0.0,0.0,1.0,1.0,1.0,2.1903482121613216,54.840688506488746,1,1,1,0,0,0,0,54,-1,-1,58,1,0,4,0.2,0,0.0,0,0,58,0.06485923181377183,3.3550597835229024,5
Proposed smooth SAC,smooth,0,60,12060,enlarged_delay_only,0,0.0,0.0,0.0,0.0,1.0,1.0,1.0,1.0973360553047116,33.91806713521758,1,1,1,0,0,0,0,41,-1,-1,45,1,0,4,0.2,0,0.0,0,0,45,0.0632927930844216,1.5071313995650308,5
Proposed smooth SAC,smooth,0,61,12061,enlarged_delay_only,0,0.0,0.0,0.0,0.0,1.0,1.0,1.0,1.936928029361262,42.58082679539602,1,1,1,0,0,0,0,44,-1,-1,48,1,0,4,0.2,0,0.0,0,0,48,0.05519267135310952,1.8388677111370264,5
Proposed smooth SAC,smooth,0,62,12062,enlarged_delay_only,0,0.0,0.0,0.0,0.0,1.0,1.0,1.0,1.8981880108378766,55.958209907540386,1,1,1,0,0,0,0,49,-1,-1,53,1,0,4,0.2,0,0.0,0,0,53,0.06852306762079534,1.571203163013099,5
Proposed smooth SAC,smooth,0,63,12063,enlarged_delay_only,0,0.0,0.0,0.0,0.0,1.0,1.0,1.0,1.3410819077846639,71.65242733709893,1,1,1,0,0,0,0,48,-1,-1,52,1,0,4,0.2,0,0.0,0,0,52,0.0672983563884609,0.27381489334768583,5
Proposed smooth SAC,smooth,0,64,12064,enlarged_delay_only,0,0.0,0.0,0.0,0.0,1.0,1.0,1.0,3.236122857778983,77.84361815931113,1,1,1,0,0,0,0,68,-1,-1,72,1,0,4,0.2,0,0.0,0,0,72,0.06966803407397008,2.5793169931138844,5
Proposed smooth SAC,smooth,0,65,12065,enlarged_delay_only,0,0.0,0.0,0.0,0.0,1.0,1.0,1.0,2.27680658754703,16.046224888813487,1,1,1,0,0,0,0,56,-1,-1,60,1,0,4,0.2,0,0.0,0,0,60,0.07619607307825382,0.9427112469816225,5
Proposed smooth SAC,smooth,0,66,12066,enlarged_delay_only,0,0.0,0.0,0.0,0.0,1.0,1.0,1.0,0.7254567305431476,42.00001141404023,1,1,1,0,0,0,0,30,-1,-1,34,1,0,4,0.2,0,0.0,0,0,34,0.059692554771195,1.5740238176969026,5
Proposed smooth SAC,smooth,0,67,12067,enlarged_delay_only,0,0.0,0.0,0.0,0.0,1.0,1.0,1.0,1.5334421939190404,11.645351299013972,1,1,1,0,0,0,0,47,-1,-1,51,1,0,4,0.2,0,0.0,0,0,51,0.07232776598773748,0.11735633699958553,5
Proposed smooth SAC,smooth,0,68,12068,enlarged_delay_only,0,0.0,0.0,0.0,0.0,1.0,1.0,1.0,1.8681160247703945,59.46436457456137,1,1,1,0,0,0,0,54,-1,-1,58,1,0,4,0.2,0,0.0,0,0,58,0.06947462409218626,0.22055375855080075,5
Proposed smooth SAC,smooth,0,69,12069,enlarged_delay_only,0,0.0,0.0,0.0,0.0,1.0,1.0,1.0,1.886519728757838,51.09646759594697,1,1,1,0,0,0,0,55,-1,-1,59,1,0,4,0.2,0,0.0,0,0,59,0.07261913043908458,1.638888096532104,5
Proposed smooth SAC,smooth,0,70,12070,enlarged_delay_only,0,0.0,0.0,0.0,0.0,1.0,1.0,1.0,1.6986806001597525,76.52323330972095,1,1,1,0,0,0,0,46,-1,-1,50,1,0,4,0.2,0,0.0,0,0,50,0.06759590817251247,1.7350179931798617,5
Proposed smooth SAC,smooth,0,71,12071,enlarged_delay_only,0,0.0,0.0,0.0,0.0,1.0,1.0,1.0,2.6459208153503964,67.50779341665432,1,1,1,0,0,0,0,73,-1,-1,77,1,0,4,0.2,0,0.0,0,0,77,0.07394420688139829,1.211353686095625,5
Proposed smooth SAC,smooth,0,72,12072,enlarged_delay_only,0,0.0,0.0,0.0,0.0,1.0,1.0,1.0,0.48175087121353316,49.596093601348606,1,1,1,0,0,0,0,26,-1,-1,30,1,0,4,0.2,0,0.0,0,0,30,0.04143778242880129,3.345800394885892,5
Proposed smooth SAC,smooth,0,73,12073,enlarged_delay_only,0,0.0,0.0,0.0,0.0,1.0,1.0,1.0,1.3565823895626754,84.90849262920553,1,1,1,0,0,0,0,53,-1,-1,57,1,0,4,0.2,0,0.0,0,0,57,0.08655242579184162,0.4242951131813209,5
Proposed smooth SAC,smooth,0,74,12074,enlarged_delay_only,0,0.0,0.0,0.0,0.0,1.0,1.0,1.0,2.034268978334935,63.584860606479154,1,1,1,0,0,0,0,56,-1,-1,60,1,0,4,0.2,0,0.0,0,0,60,0.08513222216611467,0.7200923300424581,5
Proposed smooth SAC,smooth,0,75,12075,enlarged_delay_only,0,0.0,0.0,0.0,0.0,1.0,1.0,1.0,2.7867133802887056,59.621185717904865,1,1,1,0,0,0,0,75,-1,-1,79,1,0,4,0.2,0,0.0,0,0,79,0.0678645899932208,0.36693633178989093,5
Proposed smooth SAC,smooth,0,76,12076,enlarged_delay_only,0,0.0,0.0,0.0,0.0,1.0,1.0,1.0,1.4672375160200708,30.3721436917542,1,1,1,0,0,0,0,42,-1,-1,46,1,0,4,0.2,0,0.0,0,0,46,0.07494572559964838,0.9455625307949854,5
Proposed smooth SAC,smooth,0,77,12077,enlarged_delay_only,0,0.0,0.0,0.0,0.0,1.0,1.0,1.0,1.9775577095396648,51.41426263764932,1,1,1,0,0,0,0,60,-1,-1,64,1,0,4,0.2,0,0.0,0,0,64,0.07922361990618133,1.4612421332960654,5
Proposed smooth SAC,smooth,0,78,12078,enlarged_delay_only,0,0.0,0.0,0.0,0.0,1.0,1.0,1.0,2.327760709820301,60.008956047653996,1,1,1,0,0,0,0,60,-1,-1,64,1,0,4,0.2,0,0.0,0,0,64,0.07063383851176115,2.5914412192208918,5
Proposed smooth SAC,smooth,0,79,12079,enlarged_delay_only,0,0.0,0.0,0.0,0.0,1.0,1.0,1.0,1.5278991276633485,40.17317828277736,1,1,1,0,0,0,0,47,-1,-1,51,1,0,4,0.2,0,0.0,0,0,51,0.06851401891442194,0.8853345630240477,5
Proposed smooth SAC,smooth,0,80,12080,enlarged_delay_only,0,0.0,0.0,0.0,0.0,1.0,1.0,1.0,2.3192768073204557,47.36251928991689,1,1,1,0,0,0,0,62,-1,-1,66,1,0,4,0.2,0,0.0,0,0,66,0.06286986021051948,1.5596675071134765,5
Proposed smooth SAC,smooth,0,81,12081,enlarged_delay_only,0,0.0,0.0,0.0,0.0,1.0,1.0,1.0,2.348060423688873,77.305474384795,1,1,1,0,0,0,0,67,-1,-1,71,1,0,4,0.2,0,0.0,0,0,71,0.07314462757336086,0.674533047287769,5
Proposed smooth SAC,smooth,0,82,12082,enlarged_delay_only,0,0.0,0.0,0.0,0.0,1.0,1.0,1.0,1.657062365864348,55.61082307125895,1,1,1,0,0,0,0,48,-1,-1,52,1,0,4,0.2,0,0.0,0,0,52,0.0666403118595426,1.2369587846335337,5
Proposed smooth SAC,smooth,0,83,12083,enlarged_delay_only,0,0.0,0.0,0.0,0.0,1.0,1.0,1.0,1.7829506075254924,2.609497891508878,1,1,1,0,0,0,0,50,-1,-1,54,1,0,4,0.2,0,0.0,0,0,54,0.06830249502034198,0.5953809732042531,5
Proposed smooth SAC,smooth,0,84,12084,enlarged_delay_only,0,0.0,0.0,0.0,0.0,1.0,1.0,1.0,1.6404890956693123,1.3837049720644343,1,1,1,0,0,0,0,44,-1,-1,48,1,0,4,0.2,0,0.0,0,0,48,0.04532610976131396,3.506839180041868,5
Proposed smooth SAC,smooth,0,85,12085,enlarged_delay_only,0,0.0,0.0,0.0,0.0,1.0,1.0,1.0,2.497746521837666,36.904581010184,1,1,1,0,0,0,0,55,-1,-1,59,1,0,4,0.2,0,0.0,0,0,59,0.06287160880901872,2.0550839660595384,5
Proposed smooth SAC,smooth,0,86,12086,enlarged_delay_only,0,0.0,0.0,0.0,0.0,1.0,1.0,1.0,1.8263883792562778,0.33389918702221527,1,1,1,0,0,0,0,47,-1,-1,51,1,0,4,0.2,0,0.0,0,0,51,0.07445049752007238,0.022023231277298702,5
Proposed smooth SAC,smooth,0,87,12087,enlarged_delay_only,0,0.0,0.0,0.0,0.0,1.0,1.0,1.0,2.03592606033529,9.710697655286923,1,1,1,0,0,0,0,56,-1,-1,60,1,0,4,0.2,0,0.0,0,0,60,0.08168536560478488,1.1640199415389079,5
Proposed smooth SAC,smooth,0,88,12088,enlarged_delay_only,0,0.0,0.0,0.0,0.0,1.0,1.0,1.0,2.799243954274032,20.695729317232512,1,1,1,0,0,0,0,56,-1,-1,60,1,0,4,0.2,0,0.0,0,0,60,0.04827369844893955,2.0870270532603956,5
Proposed smooth SAC,smooth,0,89,12089,enlarged_delay_only,0,0.0,0.0,0.0,0.0,1.0,1.0,1.0,1.9684957245170929,46.29750155301514,1,1,1,0,0,0,0,58,-1,-1,62,1,0,4,0.2,0,0.0,0,0,62,0.07222240661654754,0.9935697960368893,5
Proposed smooth SAC,smooth,0,90,12090,enlarged_delay_only,0,0.0,0.0,0.0,0.0,1.0,1.0,1.0,1.911320050192248,50.27198521595098,1,1,1,0,0,0,0,50,-1,-1,54,1,0,4,0.2,0,0.0,0,0,54,0.05456798106513222,3.6021175441991953,5
Proposed smooth SAC,smooth,0,91,12091,enlarged_delay_only,0,0.0,0.0,0.0,0.0,1.0,1.0,1.0,2.127844865867529,32.123072930770725,1,1,1,0,0,0,0,64,-1,-1,68,1,0,4,0.2,0,0.0,0,0,68,0.07753232903580289,1.0532461193106428,5
Proposed smooth SAC,smooth,0,92,12092,enlarged_delay_only,0,0.0,0.0,0.0,0.0,1.0,1.0,1.0,2.1800958407414126,47.35001662864118,1,1,1,0,0,0,0,59,-1,-1,63,1,0,4,0.2,0,0.0,0,0,63,0.07001328057113904,0.12038856746510096,5
Proposed smooth SAC,smooth,0,93,12093,enlarged_delay_only,0,0.0,0.0,0.0,0.0,1.0,1.0,1.0,3.259884867767638,59.350430189016386,1,1,1,0,0,0,0,75,-1,-1,79,1,0,4,0.2,0,0.0,0,0,79,0.06504322138056758,1.5013756845288257,5
Proposed smooth SAC,smooth,0,94,12094,enlarged_delay_only,0,0.0,0.0,0.0,0.0,1.0,1.0,1.0,0.7611576363914472,18.846404373032783,1,1,1,0,0,0,0,31,-1,-1,35,1,0,4,0.2,0,0.0,0,0,35,0.0721426694914621,0.4328490713431156,5
Proposed smooth SAC,smooth,0,95,12095,enlarged_delay_only,0,0.0,0.0,0.0,0.0,1.0,1.0,1.0,2.315981959981536,11.583421973809466,1,1,1,0,0,0,0,58,-1,-1,62,1,0,4,0.2,0,0.0,0,0,62,0.069678814764627,0.3510793005797659,5
Proposed smooth SAC,smooth,0,96,12096,enlarged_delay_only,0,0.0,0.0,0.0,0.0,1.0,1.0,1.0,2.6433593115574596,23.402961879678983,1,1,1,0,0,0,0,58,-1,-1,62,1,0,4,0.2,0,0.0,0,0,62,0.07669499242173501,0.7793496105384606,5
Proposed smooth SAC,smooth,0,97,12097,enlarged_delay_only,0,0.0,0.0,0.0,0.0,1.0,1.0,1.0,2.517006739513531,35.98333875531102,1,1,1,0,0,0,0,64,-1,-1,68,1,0,4,0.2,0,0.0,0,0,68,0.0691562281345259,0.7670370739816019,5
Proposed smooth SAC,smooth,0,98,12098,enlarged_delay_only,0,0.0,0.0,0.0,0.0,1.0,1.0,1.0,3.120283930411399,82.53858091175118,1,1,1,0,0,0,0,68,-1,-1,72,1,0,4,0.2,0,0.0,0,0,72,0.052349077560219594,3.9828173474968964,5
Proposed smooth SAC,smooth,0,99,12099,enlarged_delay_only,0,0.0,0.0,0.0,0.0,1.0,1.0,1.0,0.19539344804534206,10.475630177230514,1,1,1,0,0,0,0,15,-1,-1,19,1,0,4,0.2,0,0.0,0,0,19,0.06853351307229448,3.888571409121299,5
Proposed smooth SAC,smooth,1,0,12000,enlarged_delay_only,0,0.0,0.0,0.0,0.0,1.0,1.0,1.0,1.4011169590411672,3.680448288035017,1,1,1,0,0,0,0,39,-1,-1,43,1,0,4,0.2,0,0.0,0,0,43,0.055030479975769084,0.5889253238606803,5
Proposed smooth SAC,smooth,1,1,12001,enlarged_delay_only,0,0.0,0.0,0.0,0.0,1.0,1.0,1.0,1.8698938269216967,60.07772922240686,1,1,1,0,0,0,0,47,-1,-1,51,1,0,4,0.2,0,0.0,0,0,51,0.055312967369758284,0.9304218156740653,5
Proposed smooth SAC,smooth,1,2,12002,enlarged_delay_only,0,0.0,0.0,0.0,0.0,1.0,1.0,1.0,1.5052862077716045,52.14187244464703,1,1,1,0,0,0,0,52,-1,-1,56,1,0,4,0.2,0,0.0,0,0,56,0.06553018440991581,1.580122216130372,5
Proposed smooth SAC,smooth,1,3,12003,enlarged_delay_only,0,0.0,0.0,0.0,0.0,1.0,1.0,1.0,1.11052274394814,63.72168295593285,1,1,1,0,0,0,0,35,-1,-1,39,1,0,4,0.2,0,0.0,0,0,39,0.061681439193296154,0.13577685026300745,5
Proposed smooth SAC,smooth,1,4,12004,enlarged_delay_only,0,0.0,0.0,0.0,0.0,1.0,1.0,1.0,2.0622948587954135,27.609846144219087,1,1,1,0,0,0,0,55,-1,-1,59,1,0,4,0.2,0,0.0,0,0,59,0.06888624604944027,1.1412547075918438,5
Proposed smooth SAC,smooth,1,5,12005,enlarged_delay_only,0,0.0,0.0,0.0,0.0,1.0,1.0,1.0,0.7836208893081577,86.33696522241115,1,1,1,0,0,0,0,40,-1,-1,44,1,0,4,0.2,0,0.0,0,0,44,0.07052814027277174,1.785282635942455,5
Proposed smooth SAC,smooth,1,6,12006,enlarged_delay_only,0,0.0,0.0,0.0,0.0,1.0,1.0,1.0,1.4039658384766267,70.50865751906693,1,1,1,0,0,0,0,63,-1,-1,67,1,0,4,0.2,0,0.0,0,0,67,0.07645684481454873,4.410648871162271,5
Proposed smooth SAC,smooth,1,7,12007,enlarged_delay_only,0,0.0,0.0,0.0,0.0,1.0,1.0,1.0,2.023389540687327,41.417218692919725,1,1,1,0,0,0,0,52,-1,-1,56,1,0,4,0.2,0,0.0,0,0,56,0.065716525610093,0.23528894452996443,5
Proposed smooth SAC,smooth,1,8,12008,enlarged_delay_only,0,0.0,0.0,0.0,0.0,1.0,1.0,1.0,0.6761041193866284,47.03972454974209,1,1,1,0,0,0,0,35,-1,-1,39,1,0,4,0.2,0,0.0,0,0,39,0.07198041074011305,0.7306595398229669,5
Proposed smooth SAC,smooth,1,9,12009,enlarged_delay_only,0,0.0,0.0,0.0,0.0,1.0,1.0,1.0,0.8365610729382312,17.566701837686487,1,1,1,0,0,0,0,35,-1,-1,39,1,0,4,0.2,0,0.0,0,0,39,0.06907093957846264,0.22056809928001514,5
Proposed smooth SAC,smooth,1,10,12010,enlarged_delay_only,0,0.0,0.0,0.0,0.0,1.0,1.0,1.0,2.0882312594206844,67.10242168941406,1,1,1,0,0,0,0,57,-1,-1,61,1,0,4,0.2,0,0.0,0,0,61,0.06966562064740058,0.9318375858229621,5
Proposed smooth SAC,smooth,1,11,12011,enlarged_delay_only,0,0.0,0.0,0.0,0.0,1.0,1.0,1.0,1.0363136503576447,39.13181690606595,1,1,1,0,0,0,0,39,-1,-1,43,1,0,4,0.2,0,0.0,0,0,43,0.06910983427437356,3.0701839057424833,5
Proposed smooth SAC,smooth,1,12,12012,enlarged_delay_only,0,0.0,0.0,0.0,0.0,1.0,1.0,1.0,1.0633346171025668,74.10415106043168,1,1,1,0,0,0,0,42,-1,-1,46,1,0,4,0.2,0,0.0,0,0,46,0.060493993737847446,2.930196617382133,5
Proposed smooth SAC,smooth,1,13,12013,enlarged_delay_only,0,0.0,0.0,0.0,0.0,1.0,1.0,1.0,2.9321695975105375,64.82631579002067,1,1,1,0,0,0,0,64,-1,-1,68,1,0,4,0.2,0,0.0,0,0,68,0.07042128785067384,0.09476124413196355,5
Proposed smooth SAC,smooth,1,14,12014,enlarged_delay_only,0,0.0,0.0,0.0,0.0,1.0,1.0,1.0,1.5727126782681156,69.85363554747353,1,1,1,0,0,0,0,55,-1,-1,59,1,0,4,0.2,0,0.0,0,0,59,0.06501698758733096,0.7535070028443356,5
Proposed smooth SAC,smooth,1,15,12015,enlarged_delay_only,0,0.0,0.0,0.0,0.0,1.0,1.0,1.0,1.7941221940119125,66.18821452938619,1,1,1,0,0,0,0,52,-1,-1,56,1,0,4,0.2,0,0.0,0,0,56,0.07797396129018555,1.9583629378834573,5
Proposed smooth SAC,smooth,1,16,12016,enlarged_delay_only,0,0.0,0.0,0.0,0.0,1.0,1.0,1.0,2.0956191639967527,80.76412508613855,1,1,1,0,0,0,0,50,-1,-1,54,1,0,4,0.2,0,0.0,0,0,54,0.05464481125212201,0.3912719489571026,5
Proposed smooth SAC,smooth,1,17,12017,enlarged_delay_only,0,0.0,0.0,0.0,0.0,1.0,1.0,1.0,2.3497476747776798,68.42664510531779,1,1,1,0,0,0,0,61,-1,-1,65,1,0,4,0.2,0,0.0,0,0,65,0.06412287619075208,1.8358681908743328,5
Proposed smooth SAC,smooth,1,18,12018,enlarged_delay_only,0,0.0,0.0,0.0,0.0,1.0,1.0,1.0,1.3063656328926654,58.185179426044705,1,1,1,0,0,0,0,38,-1,-1,42,1,0,4,0.2,0,0.0,0,0,42,0.06425343556819407,1.5014672517523862,5
Proposed smooth SAC,smooth,1,19,12019,enlarged_delay_only,0,0.0,0.0,0.0,0.0,1.0,1.0,1.0,1.569053725441394,46.92282244700273,1,1,1,0,0,0,0,45,-1,-1,49,1,0,4,0.2,0,0.0,0,0,49,0.05451565851947435,1.4473484613072016,5
Proposed smooth SAC,smooth,1,20,12020,enlarged_delay_only,0,0.0,0.0,0.0,0.0,1.0,1.0,1.0,2.8509785660679805,57.54032760612546,1,1,1,0,0,0,0,60,-1,-1,64,1,0,4,0.2,0,0.0,0,0,64,0.08250088313018228,2.609179007052003,5
Proposed smooth SAC,smooth,1,21,12021,enlarged_delay_only,0,0.0,0.0,0.0,0.0,1.0,1.0,1.0,1.721321109839246,84.23015922197487,1,1,1,0,0,0,0,53,-1,-1,57,1,0,4,0.2,0,0.0,0,0,57,0.06530170814388778,1.9112485064321207,5
Proposed smooth SAC,smooth,1,22,12022,enlarged_delay_only,0,0.0,0.0,0.0,0.0,1.0,1.0,1.0,2.0714459852992766,7.241713190147896,1,1,1,0,0,0,0,56,-1,-1,60,1,0,4,0.2,0,0.0,0,0,60,0.062391457953279356,2.3915713145295125,5
Proposed smooth SAC,smooth,1,23,12023,enlarged_delay_only,0,0.0,0.0,0.0,0.0,1.0,1.0,1.0,1.96706721911142,29.687929491648173,1,1,1,0,0,0,0,53,-1,-1,57,1,0,4,0.2,0,0.0,0,0,57,0.058803838057813806,1.581356666101146,5
Proposed smooth SAC,smooth,1,24,12024,enlarged_delay_only,0,0.0,0.0,0.0,0.0,1.0,1.0,1.0,2.3296647946987346,59.32330750782227,1,1,1,0,0,0,0,63,-1,-1,67,1,0,4,0.2,0,0.0,0,0,67,0.07210117322515693,0.18618911582512288,5
Proposed smooth SAC,smooth,1,25,12025,enlarged_delay_only,0,0.0,0.0,0.0,0.0,1.0,1.0,1.0,1.7406706115734212,29.68845883130885,1,1,1,0,0,0,0,54,-1,-1,58,1,0,4,0.2,0,0.0,0,0,58,0.07449116660427195,0.13172350651657513,5
Proposed smooth SAC,smooth,1,26,12026,enlarged_delay_only,0,0.0,0.0,0.0,0.0,1.0,1.0,1.0,1.2890960116783232,58.822470226552745,1,1,1,0,0,0,0,48,-1,-1,52,1,0,4,0.2,0,0.0,0,0,52,0.08064923374508721,0.3381940953496839,5
Proposed smooth SAC,smooth,1,27,12027,enlarged_delay_only,0,0.0,0.0,0.0,0.0,1.0,1.0,1.0,1.679512651290201,27.36887877784833,1,1,1,0,0,0,0,49,-1,-1,53,1,0,4,0.2,0,0.0,0,0,53,0.07135945248329124,0.882717960241698,5
Proposed smooth SAC,smooth,1,28,12028,enlarged_delay_only,0,0.0,0.0,0.0,0.0,1.0,1.0,1.0,2.161397968359572,63.816718208044406,1,1,1,0,0,0,0,55,-1,-1,59,1,0,4,0.2,0,0.0,0,0,59,0.06264502636872214,0.09236254039239325,5
Proposed smooth SAC,smooth,1,29,12029,enlarged_delay_only,0,0.0,0.0,0.0,0.0,1.0,1.0,1.0,1.4273638277059564,34.274883047648224,1,1,1,0,0,0,0,41,-1,-1,45,1,0,4,0.2,0,0.0,0,0,45,0.05289891297108434,2.8195844785381268,5
Proposed smooth SAC,smooth,1,30,12030,enlarged_delay_only,0,0.0,0.0,0.0,0.0,1.0,1.0,1.0,1.7462896683471236,26.955215200955678,1,1,1,0,0,0,0,47,-1,-1,51,1,0,4,0.2,0,0.0,0,0,51,0.06912924382633218,0.766858848732947,5
Proposed smooth SAC,smooth,1,31,12031,enlarged_delay_only,0,0.0,0.0,0.0,0.0,1.0,1.0,1.0,0.831092090571535,57.81877392801937,1,1,1,0,0,0,0,38,-1,-1,42,1,0,4,0.2,0,0.0,0,0,42,0.0729564295497942,3.3019431098950056,5
Proposed smooth SAC,smooth,1,32,12032,enlarged_delay_only,0,0.0,0.0,0.0,0.0,1.0,1.0,1.0,2.3622064651248813,65.6166711298287,1,1,1,0,0,0,0,59,-1,-1,63,1,0,4,0.2,0,0.0,0,0,63,0.05924153440365557,0.43665532766023746,5
Proposed smooth SAC,smooth,1,33,12033,enlarged_delay_only,0,0.0,0.0,0.0,0.0,1.0,1.0,1.0,0.7030471412582213,16.83992189867294,1,1,1,0,0,0,0,35,-1,-1,39,1,0,4,0.2,0,0.0,0,0,39,0.07468891083186553,1.792315276188335,5
Proposed smooth SAC,smooth,1,34,12034,enlarged_delay_only,0,0.0,0.0,0.0,0.0,1.0,1.0,1.0,2.282842407805926,24.938362791888462,1,1,1,0,0,0,0,64,-1,-1,68,1,0,4,0.2,0,0.0,0,0,68,0.08037196592486766,0.7040374901506671,5
Proposed smooth SAC,smooth,1,35,12035,enlarged_delay_only,0,0.0,0.0,0.0,0.0,1.0,1.0,1.0,2.371908074838775,71.96116554796184,1,1,1,0,0,0,0,58,-1,-1,62,1,0,4,0.2,0,0.0,0,0,62,0.07343737307474668,0.9981411135823319,5
Proposed smooth SAC,smooth,1,36,12036,enlarged_delay_only,0,0.0,0.0,0.0,0.0,1.0,1.0,1.0,0.8829462334714887,87.90779944848737,1,1,1,0,0,0,0,36,-1,-1,40,1,0,4,0.2,0,0.0,0,0,40,0.05385187755806409,1.743396821022469,5
Proposed smooth SAC,smooth,1,37,12037,enlarged_delay_only,0,0.0,0.0,0.0,0.0,1.0,1.0,1.0,0.817844285721509,43.45796651879823,1,1,1,0,0,0,0,35,-1,-1,39,1,0,4,0.2,0,0.0,0,0,39,0.0521103112892578,2.7077463207381034,5
Proposed smooth SAC,smooth,1,38,12038,enlarged_delay_only,0,0.0,0.0,0.0,0.0,1.0,1.0,1.0,1.5743284929286714,57.88825061225674,1,1,1,0,0,0,0,41,-1,-1,45,1,0,4,0.2,0,0.0,0,0,45,0.04352367656967423,1.6865667656419068,5
Proposed smooth SAC,smooth,1,39,12039,enlarged_delay_only,0,0.0,0.0,0.0,0.0,1.0,1.0,1.0,0.8994689163493125,9.298986658723248,1,1,1,0,0,0,0,40,-1,-1,44,1,0,4,0.2,0,0.0,0,0,44,0.07367857869726328,1.1414352807180261,5
Proposed smooth SAC,smooth,1,40,12040,enlarged_delay_only,0,0.0,0.0,0.0,0.0,1.0,1.0,1.0,1.8657719186487738,68.44804408798744,1,1,1,0,0,0,0,58,-1,-1,62,1,0,4,0.2,0,0.0,0,0,62,0.07231457130071525,2.200445972966454,5
Proposed smooth SAC,smooth,1,41,12041,enlarged_delay_only,0,0.0,0.0,0.0,0.0,1.0,1.0,1.0,2.1801507199074694,36.011752342258276,1,1,1,0,0,0,0,56,-1,-1,60,1,0,4,0.2,0,0.0,0,0,60,0.07328013952564164,2.351163061626071,5
Proposed smooth SAC,smooth,1,42,12042,enlarged_delay_only,0,0.0,0.0,0.0,0.0,1.0,1.0,1.0,2.890509486387824,8.39370570216694,1,1,1,0,0,0,0,92,-1,-1,96,1,0,4,0.2,0,0.0,0,0,96,0.07803821660587743,4.516466857539163,5
Proposed smooth SAC,smooth,1,43,12043,enlarged_delay_only,0,0.0,0.0,0.0,0.0,1.0,1.0,1.0,1.4295379479494126,86.66219834011966,1,1,1,0,0,0,0,51,-1,-1,55,1,0,4,0.2,0,0.0,0,0,55,0.07225185617255478,0.15501246389454842,5
Proposed smooth SAC,smooth,1,44,12044,enlarged_delay_only,0,0.0,0.0,0.0,0.0,1.0,1.0,1.0,1.4633774253790757,25.79388667411487,1,1,1,0,0,0,0,59,-1,-1,63,1,0,4,0.2,0,0.0,0,0,63,0.04524724185503817,4.343460300296855,5
Proposed smooth SAC,smooth,1,45,12045,enlarged_delay_only,0,0.0,0.0,0.0,0.0,1.0,1.0,1.0,2.7817081294799144,45.277112272150255,1,1,1,0,0,0,0,70,-1,-1,74,1,0,4,0.2,0,0.0,0,0,74,0.07055758427177333,1.9239281122960148,5
Proposed smooth SAC,smooth,1,46,12046,enlarged_delay_only,0,0.0,0.0,0.0,0.0,1.0,1.0,1.0,2.448255495287487,6.5296484668143195,1,1,1,0,0,0,0,59,-1,-1,63,1,0,4,0.2,0,0.0,0,0,63,0.04207867686545478,3.922588739395724,5
Proposed smooth SAC,smooth,1,47,12047,enlarged_delay_only,0,0.0,0.0,0.0,0.0,1.0,1.0,1.0,2.0375889749407565,48.300679923363994,1,1,1,0,0,0,0,59,-1,-1,63,1,0,4,0.2,0,0.0,0,0,63,0.06735993133330018,1.3636434258116377,5
Proposed smooth SAC,smooth,1,48,12048,enlarged_delay_only,0,0.0,0.0,0.0,0.0,1.0,1.0,1.0,1.595910055499794,38.132652438046875,1,1,1,0,0,0,0,48,-1,-1,52,1,0,4,0.2,0,0.0,0,0,52,0.04155882981548414,3.7605702489806747,5
Proposed smooth SAC,smooth,1,49,12049,enlarged_delay_only,0,0.0,0.0,0.0,0.0,1.0,1.0,1.0,1.5300451933387877,9.115019782297185,1,1,1,0,0,0,0,45,-1,-1,49,1,0,4,0.2,0,0.0,0,0,49,0.05620924246043647,2.1602456139458743,5
Proposed smooth SAC,smooth,1,50,12050,enlarged_delay_only,0,0.0,0.0,0.0,0.0,1.0,1.0,1.0,2.262693545269486,73.02772690761601,1,1,1,0,0,0,0,57,-1,-1,61,1,0,4,0.2,0,0.0,0,0,61,0.030810574916555127,3.804428601188619,5
Proposed smooth SAC,smooth,1,51,12051,enlarged_delay_only,0,0.0,0.0,0.0,0.0,1.0,1.0,1.0,1.6263518811985,35.99433194478016,1,1,1,0,0,0,0,50,-1,-1,54,1,0,4,0.2,0,0.0,0,0,54,0.06691483375456521,0.7896326737773264,5
Proposed smooth SAC,smooth,1,52,12052,enlarged_delay_only,0,0.0,0.0,0.0,0.0,1.0,1.0,1.0,0.7048587995105587,83.91519870877808,1,1,1,0,0,0,0,40,-1,-1,44,1,0,4,0.2,0,0.0,0,0,44,0.05174728764385232,3.305436751655467,5
Proposed smooth SAC,smooth,1,53,12053,enlarged_delay_only,0,0.0,0.0,0.0,0.0,1.0,1.0,1.0,1.470188620244381,45.138920469767974,1,1,1,0,0,0,0,48,-1,-1,52,1,0,4,0.2,0,0.0,0,0,52,0.07227159832754357,1.4032298148588565,5
Proposed smooth SAC,smooth,1,54,12054,enlarged_delay_only,0,0.0,0.0,0.0,0.0,1.0,1.0,1.0,2.2790002868522827,82.51781713667434,1,1,1,0,0,0,0,72,-1,-1,76,1,0,4,0.2,0,0.0,0,0,76,0.06788397449480929,0.3162888515882332,5
Proposed smooth SAC,smooth,1,55,12055,enlarged_delay_only,0,0.0,0.0,0.0,0.0,1.0,1.0,1.0,2.8850994760210127,23.46271066699096,1,1,1,0,0,0,0,69,-1,-1,73,1,0,4,0.2,0,0.0,0,0,73,0.07229000480956262,0.9825143878132833,5
Proposed smooth SAC,smooth,1,56,12056,enlarged_delay_only,0,0.0,0.0,0.0,0.0,1.0,1.0,1.0,1.826905546699788,11.925707512554547,1,1,1,0,0,0,0,49,-1,-1,53,1,0,4,0.2,0,0.0,0,0,53,0.050073137831010105,2.9603034509133144,5
Proposed smooth SAC,smooth,1,57,12057,enlarged_delay_only,0,0.0,0.0,0.0,0.0,1.0,1.0,1.0,1.7691751722646727,27.276807827836556,1,1,1,0,0,0,0,49,-1,-1,53,1,0,4,0.2,0,0.0,0,0,53,0.06369277022876811,2.8764248859241497,5
Proposed smooth SAC,smooth,1,58,12058,enlarged_delay_only,0,0.0,0.0,0.0,0.0,1.0,1.0,1.0,2.3268545695420997,62.93145738971906,1,1,1,0,0,0,0,64,-1,-1,68,1,0,4,0.2,0,0.0,0,0,68,0.07036051339925195,0.21897753231726164,5
Proposed smooth SAC,smooth,1,59,12059,enlarged_delay_only,0,0.0,0.0,0.0,0.0,1.0,1.0,1.0,2.1903482121613216,54.840688506488746,1,1,1,0,0,0,0,75,-1,-1,79,1,0,4,0.2,0,0.0,0,0,79,0.06493913090048561,3.319343443692436,5
Proposed smooth SAC,smooth,1,60,12060,enlarged_delay_only,0,0.0,0.0,0.0,0.0,1.0,1.0,1.0,1.0973360553047116,33.91806713521758,1,1,1,0,0,0,0,32,-1,-1,36,1,0,4,0.2,0,0.0,0,0,36,0.04929549062837956,1.1590421210161437,5
Proposed smooth SAC,smooth,1,61,12061,enlarged_delay_only,0,0.0,0.0,0.0,0.0,1.0,1.0,1.0,1.936928029361262,42.58082679539602,1,1,1,0,0,0,0,48,-1,-1,52,1,0,4,0.2,0,0.0,0,0,52,0.06935476857784832,1.51234208684981,5
Proposed smooth SAC,smooth,1,62,12062,enlarged_delay_only,0,0.0,0.0,0.0,0.0,1.0,1.0,1.0,1.8981880108378766,55.958209907540386,1,1,1,0,0,0,0,51,-1,-1,55,1,0,4,0.2,0,0.0,0,0,55,0.0691383572855628,0.4599947243844057,5
Proposed smooth SAC,smooth,1,63,12063,enlarged_delay_only,0,0.0,0.0,0.0,0.0,1.0,1.0,1.0,1.3410819077846639,71.65242733709893,1,1,1,0,0,0,0,48,-1,-1,52,1,0,4,0.2,0,0.0,0,0,52,0.050202889106205274,2.7073356556142563,5
Proposed smooth SAC,smooth,1,64,12064,enlarged_delay_only,0,0.0,0.0,0.0,0.0,1.0,1.0,1.0,3.236122857778983,77.84361815931113,1,1,1,0,0,0,0,86,-1,-1,90,1,0,4,0.2,0,0.0,0,0,90,0.05754864106234409,3.5248141035032257,5
Proposed smooth SAC,smooth,1,65,12065,enlarged_delay_only,0,0.0,0.0,0.0,0.0,1.0,1.0,1.0,2.27680658754703,16.046224888813487,1,1,1,0,0,0,0,57,-1,-1,61,1,0,4,0.2,0,0.0,0,0,61,0.07006825734211859,2.39506026053492,5
Proposed smooth SAC,smooth,1,66,12066,enlarged_delay_only,0,0.0,0.0,0.0,0.0,1.0,1.0,1.0,0.7254567305431476,42.00001141404023,1,1,1,0,0,0,0,31,-1,-1,35,1,0,4,0.2,0,0.0,0,0,35,0.0612150217340555,2.8549964480637042,5
Proposed smooth SAC,smooth,1,67,12067,enlarged_delay_only,0,0.0,0.0,0.0,0.0,1.0,1.0,1.0,1.5334421939190404,11.645351299013972,1,1,1,0,0,0,0,46,-1,-1,50,1,0,4,0.2,0,0.0,0,0,50,0.06984658061228372,0.6355910439000586,5
Proposed smooth SAC,smooth,1,68,12068,enlarged_delay_only,0,0.0,0.0,0.0,0.0,1.0,1.0,1.0,1.8681160247703945,59.46436457456137,1,1,1,0,0,0,0,50,-1,-1,54,1,0,4,0.2,0,0.0,0,0,54,0.06809374314909472,1.658880700562966,5
Proposed smooth SAC,smooth,1,69,12069,enlarged_delay_only,0,0.0,0.0,0.0,0.0,1.0,1.0,1.0,1.886519728757838,51.09646759594697,1,1,1,0,0,0,0,54,-1,-1,58,1,0,4,0.2,0,0.0,0,0,58,0.06326073262029466,0.8715003883861571,5
Proposed smooth SAC,smooth,1,70,12070,enlarged_delay_only,0,0.0,0.0,0.0,0.0,1.0,1.0,1.0,1.6986806001597525,76.52323330972095,1,1,1,0,0,0,0,46,-1,-1,50,1,0,4,0.2,0,0.0,0,0,50,0.04047149475366754,3.8821548732828948,5
Proposed smooth SAC,smooth,1,71,12071,enlarged_delay_only,0,0.0,0.0,0.0,0.0,1.0,1.0,1.0,2.6459208153503964,67.50779341665432,1,1,1,0,0,0,0,65,-1,-1,69,1,0,4,0.2,0,0.0,0,0,69,0.08022889334883372,4.085184380795639,5
Proposed smooth SAC,smooth,1,72,12072,enlarged_delay_only,0,0.0,0.0,0.0,0.0,1.0,1.0,1.0,0.48175087121353316,49.596093601348606,1,1,1,0,0,0,0,29,-1,-1,33,1,0,4,0.2,0,0.0,0,0,33,0.0512305206644117,3.7022118320516166,5
Proposed smooth SAC,smooth,1,73,12073,enlarged_delay_only,0,0.0,0.0,0.0,0.0,1.0,1.0,1.0,1.3565823895626754,84.90849262920553,1,1,1,0,0,0,0,58,-1,-1,62,1,0,4,0.2,0,0.0,0,0,62,0.04248715361705762,3.3211617681155405,5
Proposed smooth SAC,smooth,1,74,12074,enlarged_delay_only,0,0.0,0.0,0.0,0.0,1.0,1.0,1.0,2.034268978334935,63.584860606479154,1,1,1,0,0,0,0,60,-1,-1,64,1,0,4,0.2,0,0.0,0,0,64,0.0677355123066422,0.7412083934700814,5
Proposed smooth SAC,smooth,1,75,12075,enlarged_delay_only,0,0.0,0.0,0.0,0.0,1.0,1.0,1.0,2.7867133802887056,59.621185717904865,1,1,1,0,0,0,0,68,-1,-1,72,1,0,4,0.2,0,0.0,0,0,72,0.0682867249447553,0.11628587826995793,5
Proposed smooth SAC,smooth,1,76,12076,enlarged_delay_only,0,0.0,0.0,0.0,0.0,1.0,1.0,1.0,1.4672375160200708,30.3721436917542,1,1,1,0,0,0,0,52,-1,-1,56,1,0,4,0.2,0,0.0,0,0,56,0.08006368017477052,1.6532081217355645,5
Proposed smooth SAC,smooth,1,77,12077,enlarged_delay_only,0,0.0,0.0,0.0,0.0,1.0,1.0,1.0,1.9775577095396648,51.41426263764932,1,1,1,0,0,0,0,54,-1,-1,58,1,0,4,0.2,0,0.0,0,0,58,0.07024114521090605,0.3426895070818895,5
Proposed smooth SAC,smooth,1,78,12078,enlarged_delay_only,0,0.0,0.0,0.0,0.0,1.0,1.0,1.0,2.327760709820301,60.008956047653996,1,1,1,0,0,0,0,63,-1,-1,67,1,0,4,0.2,0,0.0,0,0,67,0.07299896600382458,1.0140678340663323,5
Proposed smooth SAC,smooth,1,79,12079,enlarged_delay_only,0,0.0,0.0,0.0,0.0,1.0,1.0,1.0,1.5278991276633485,40.17317828277736,1,1,1,0,0,0,0,48,-1,-1,52,1,0,4,0.2,0,0.0,0,0,52,0.06693683624913137,2.876171315151213,5
Proposed smooth SAC,smooth,1,80,12080,enlarged_delay_only,0,0.0,0.0,0.0,0.0,1.0,1.0,1.0,2.3192768073204557,47.36251928991689,1,1,1,0,0,0,0,61,-1,-1,65,1,0,4,0.2,0,0.0,0,0,65,0.05687482387330661,1.205030104862957,5
Proposed smooth SAC,smooth,1,81,12081,enlarged_delay_only,0,0.0,0.0,0.0,0.0,1.0,1.0,1.0,2.348060423688873,77.305474384795,1,1,1,0,0,0,0,68,-1,-1,72,1,0,4,0.2,0,0.0,0,0,72,0.07226569848433385,1.500004844218063,5
Proposed smooth SAC,smooth,1,82,12082,enlarged_delay_only,0,0.0,0.0,0.0,0.0,1.0,1.0,1.0,1.657062365864348,55.61082307125895,1,1,1,0,0,0,0,45,-1,-1,49,1,0,4,0.2,0,0.0,0,0,49,0.07047038589017397,1.746766665604224,5
Proposed smooth SAC,smooth,1,83,12083,enlarged_delay_only,0,0.0,0.0,0.0,0.0,1.0,1.0,1.0,1.7829506075254924,2.609497891508878,1,1,1,0,0,0,0,42,-1,-1,46,1,0,4,0.2,0,0.0,0,0,46,0.04099201973714642,1.5711764825866537,5
Proposed smooth SAC,smooth,1,84,12084,enlarged_delay_only,0,0.0,0.0,0.0,0.0,1.0,1.0,1.0,1.6404890956693123,1.3837049720644343,1,1,1,0,0,0,0,50,-1,-1,54,1,0,4,0.2,0,0.0,0,0,54,0.07418833543696633,1.6765446369736767,5
Proposed smooth SAC,smooth,1,85,12085,enlarged_delay_only,0,0.0,0.0,0.0,0.0,1.0,1.0,1.0,2.497746521837666,36.904581010184,1,1,1,0,0,0,0,54,-1,-1,58,1,0,4,0.2,0,0.0,0,0,58,0.059561148751136446,1.6511230997697124,5
Proposed smooth SAC,smooth,1,86,12086,enlarged_delay_only,0,0.0,0.0,0.0,0.0,1.0,1.0,1.0,1.8263883792562778,0.33389918702221527,1,1,1,0,0,0,0,55,-1,-1,59,1,0,4,0.2,0,0.0,0,0,59,0.060350072750699923,4.0312655868270895,5
Proposed smooth SAC,smooth,1,87,12087,enlarged_delay_only,0,0.0,0.0,0.0,0.0,1.0,1.0,1.0,2.03592606033529,9.710697655286923,1,1,1,0,0,0,0,54,-1,-1,58,1,0,4,0.2,0,0.0,0,0,58,0.06212591406406725,0.8249698847480038,5
Proposed smooth SAC,smooth,1,88,12088,enlarged_delay_only,0,0.0,0.0,0.0,0.0,1.0,1.0,1.0,2.799243954274032,20.695729317232512,1,1,1,0,0,0,0,60,-1,-1,64,1,0,4,0.2,0,0.0,0,0,64,0.07678680390941948,2.60550351150489,5
Proposed smooth SAC,smooth,1,89,12089,enlarged_delay_only,0,0.0,0.0,0.0,0.0,1.0,1.0,1.0,1.9684957245170929,46.29750155301514,1,1,1,0,0,0,0,56,-1,-1,60,1,0,4,0.2,0,0.0,0,0,60,0.06677678387801927,0.6919105960010152,5
Proposed smooth SAC,smooth,1,90,12090,enlarged_delay_only,0,0.0,0.0,0.0,0.0,1.0,1.0,1.0,1.911320050192248,50.27198521595098,1,1,1,0,0,0,0,51,-1,-1,55,1,0,4,0.2,0,0.0,0,0,55,0.07007576365741082,2.8396266014404716,5
Proposed smooth SAC,smooth,1,91,12091,enlarged_delay_only,0,0.0,0.0,0.0,0.0,1.0,1.0,1.0,2.127844865867529,32.123072930770725,1,1,1,0,0,0,0,57,-1,-1,61,1,0,4,0.2,0,0.0,0,0,61,0.07165640902221443,0.2867434009098886,5
Proposed smooth SAC,smooth,1,92,12092,enlarged_delay_only,0,0.0,0.0,0.0,0.0,1.0,1.0,1.0,2.1800958407414126,47.35001662864118,1,1,1,0,0,0,0,47,-1,-1,51,1,0,4,0.2,0,0.0,0,0,51,0.041198151304327676,0.9649816123789778,5
Proposed smooth SAC,smooth,1,93,12093,enlarged_delay_only,0,0.0,0.0,0.0,0.0,1.0,1.0,1.0,3.259884867767638,59.350430189016386,1,1,1,0,0,0,0,70,-1,-1,74,1,0,4,0.2,0,0.0,0,0,74,0.05977488156151343,1.091688238228473,5
Proposed smooth SAC,smooth,1,94,12094,enlarged_delay_only,0,0.0,0.0,0.0,0.0,1.0,1.0,1.0,0.7611576363914472,18.846404373032783,1,1,1,0,0,0,0,30,-1,-1,34,1,0,4,0.2,0,0.0,0,0,34,0.06847348565894305,3.0375595071719173,5
Proposed smooth SAC,smooth,1,95,12095,enlarged_delay_only,0,0.0,0.0,0.0,0.0,1.0,1.0,1.0,2.315981959981536,11.583421973809466,1,1,1,0,0,0,0,55,-1,-1,59,1,0,4,0.2,0,0.0,0,0,59,0.06730559384131005,1.2930716701512444,5
Proposed smooth SAC,smooth,1,96,12096,enlarged_delay_only,0,0.0,0.0,0.0,0.0,1.0,1.0,1.0,2.6433593115574596,23.402961879678983,1,1,1,0,0,0,0,60,-1,-1,64,1,0,4,0.2,0,0.0,0,0,64,0.06870297830015802,0.8514114146549744,5
Proposed smooth SAC,smooth,1,97,12097,enlarged_delay_only,0,0.0,0.0,0.0,0.0,1.0,1.0,1.0,2.517006739513531,35.98333875531102,1,1,1,0,0,0,0,59,-1,-1,63,1,0,4,0.2,0,0.0,0,0,63,0.0672483289832163,1.6144141413537731,5
Proposed smooth SAC,smooth,1,98,12098,enlarged_delay_only,0,0.0,0.0,0.0,0.0,1.0,1.0,1.0,3.120283930411399,82.53858091175118,1,1,1,0,0,0,0,73,-1,-1,77,1,0,4,0.2,0,0.0,0,0,77,0.06963246570797636,1.1566837847617852,5
Proposed smooth SAC,smooth,1,99,12099,enlarged_delay_only,0,0.0,0.0,0.0,0.0,1.0,1.0,1.0,0.19539344804534206,10.475630177230514,1,1,1,0,0,0,0,9,-1,-1,13,1,0,4,0.2,0,0.0,0,0,13,0.06821498824454778,2.6259187334906464,5
Proposed smooth SAC,smooth,2,0,12000,enlarged_delay_only,0,0.0,0.0,0.0,0.0,1.0,1.0,1.0,1.4011169590411672,3.680448288035017,1,1,1,0,0,0,0,41,-1,-1,45,1,0,4,0.2,0,0.0,0,0,45,0.074459834925899,0.967578898532581,5
Proposed smooth SAC,smooth,2,1,12001,enlarged_delay_only,0,0.0,0.0,0.0,0.0,1.0,1.0,1.0,1.8698938269216967,60.07772922240686,1,1,1,0,0,0,0,50,-1,-1,54,1,0,4,0.2,0,0.0,0,0,54,0.05724828855938111,1.1786626931806516,5
Proposed smooth SAC,smooth,2,2,12002,enlarged_delay_only,0,0.0,0.0,0.0,0.0,1.0,1.0,1.0,1.5052862077716045,52.14187244464703,1,1,1,0,0,0,0,49,-1,-1,53,1,0,4,0.2,0,0.0,0,0,53,0.06088702235228191,0.9694107766123196,5
Proposed smooth SAC,smooth,2,3,12003,enlarged_delay_only,0,0.0,0.0,0.0,0.0,1.0,1.0,1.0,1.11052274394814,63.72168295593285,1,1,1,0,0,0,0,39,-1,-1,43,1,0,4,0.2,0,0.0,0,0,43,0.06390961667481646,1.6993173414401455,5
Proposed smooth SAC,smooth,2,4,12004,enlarged_delay_only,0,0.0,0.0,0.0,0.0,1.0,1.0,1.0,2.0622948587954135,27.609846144219087,1,1,1,0,0,0,0,53,-1,-1,57,1,0,4,0.2,0,0.0,0,0,57,0.067007173802751,1.0547526029094538,5
Proposed smooth SAC,smooth,2,5,12005,enlarged_delay_only,0,0.0,0.0,0.0,0.0,1.0,1.0,1.0,0.7836208893081577,86.33696522241115,1,1,1,0,0,0,0,37,-1,-1,41,1,0,4,0.2,0,0.0,0,0,41,0.06433194752389435,2.3835195887151253,5
Proposed smooth SAC,smooth,2,6,12006,enlarged_delay_only,0,0.0,0.0,0.0,0.0,1.0,1.0,1.0,1.4039658384766267,70.50865751906693,1,1,1,0,0,0,0,41,-1,-1,45,1,0,4,0.2,0,0.0,0,0,45,0.044636475602783124,2.2779765174523265,5
Proposed smooth SAC,smooth,2,7,12007,enlarged_delay_only,0,0.0,0.0,0.0,0.0,1.0,1.0,1.0,2.023389540687327,41.417218692919725,1,1,1,0,0,0,0,52,-1,-1,56,1,0,4,0.2,0,0.0,0,0,56,0.07123722353157674,1.1382876307277079,5
Proposed smooth SAC,smooth,2,8,12008,enlarged_delay_only,0,0.0,0.0,0.0,0.0,1.0,1.0,1.0,0.6761041193866284,47.03972454974209,1,1,1,0,0,0,0,31,-1,-1,35,1,0,4,0.2,0,0.0,0,0,35,0.053737942673488366,3.4023202102677477,5
Proposed smooth SAC,smooth,2,9,12009,enlarged_delay_only,0,0.0,0.0,0.0,0.0,1.0,1.0,1.0,0.8365610729382312,17.566701837686487,1,1,1,0,0,0,0,32,-1,-1,36,1,0,4,0.2,0,0.0,0,0,36,0.05947299291199937,1.7405446834354599,5
Proposed smooth SAC,smooth,2,10,12010,enlarged_delay_only,0,0.0,0.0,0.0,0.0,1.0,1.0,1.0,2.0882312594206844,67.10242168941406,1,1,1,0,0,0,0,58,-1,-1,62,1,0,4,0.2,0,0.0,0,0,62,0.07690665198237547,0.09741652686255228,5
Proposed smooth SAC,smooth,2,11,12011,enlarged_delay_only,0,0.0,0.0,0.0,0.0,1.0,1.0,1.0,1.0363136503576447,39.13181690606595,1,1,1,0,0,0,0,34,-1,-1,38,1,0,4,0.2,0,0.0,0,0,38,0.07675693362835105,1.9182182875932958,5
Proposed smooth SAC,smooth,2,12,12012,enlarged_delay_only,0,0.0,0.0,0.0,0.0,1.0,1.0,1.0,1.0633346171025668,74.10415106043168,1,1,1,0,0,0,0,43,-1,-1,47,1,0,4,0.2,0,0.0,0,0,47,0.08132817703619484,0.07251213636437841,5
Proposed smooth SAC,smooth,2,13,12013,enlarged_delay_only,0,0.0,0.0,0.0,0.0,1.0,1.0,1.0,2.9321695975105375,64.82631579002067,1,1,1,0,0,0,0,61,-1,-1,65,1,0,4,0.2,0,0.0,0,0,65,0.055957062383134644,0.4417344804426411,5
Proposed smooth SAC,smooth,2,14,12014,enlarged_delay_only,0,0.0,0.0,0.0,0.0,1.0,1.0,1.0,1.5727126782681156,69.85363554747353,1,1,1,0,0,0,0,50,-1,-1,54,1,0,4,0.2,0,0.0,0,0,54,0.06633005880749711,0.6380932943746633,5
Proposed smooth SAC,smooth,2,15,12015,enlarged_delay_only,0,0.0,0.0,0.0,0.0,1.0,1.0,1.0,1.7941221940119125,66.18821452938619,1,1,1,0,0,0,0,47,-1,-1,51,1,0,4,0.2,0,0.0,0,0,51,0.05756616218922369,0.6523989655086964,5
Proposed smooth SAC,smooth,2,16,12016,enlarged_delay_only,0,0.0,0.0,0.0,0.0,1.0,1.0,1.0,2.0956191639967527,80.76412508613855,1,1,1,0,0,0,0,55,-1,-1,59,1,0,4,0.2,0,0.0,0,0,59,0.0682429773658583,1.157854842039325,5
Proposed smooth SAC,smooth,2,17,12017,enlarged_delay_only,0,0.0,0.0,0.0,0.0,1.0,1.0,1.0,2.3497476747776798,68.42664510531779,1,1,1,0,0,0,0,55,-1,-1,59,1,0,4,0.2,0,0.0,0,0,59,0.06691818095392987,1.851574851201012,5
Proposed smooth SAC,smooth,2,18,12018,enlarged_delay_only,0,0.0,0.0,0.0,0.0,1.0,1.0,1.0,1.3063656328926654,58.185179426044705,1,1,1,0,0,0,0,40,-1,-1,44,1,0,4,0.2,0,0.0,0,0,44,0.06940976922124004,1.1568952004609383,5
Proposed smooth SAC,smooth,2,19,12019,enlarged_delay_only,0,0.0,0.0,0.0,0.0,1.0,1.0,1.0,1.569053725441394,46.92282244700273,1,1,1,0,0,0,0,43,-1,-1,47,1,0,4,0.2,0,0.0,0,0,47,0.05991144068591704,1.948190011444958,5
Proposed smooth SAC,smooth,2,20,12020,enlarged_delay_only,0,0.0,0.0,0.0,0.0,1.0,1.0,1.0,2.8509785660679805,57.54032760612546,1,1,1,0,0,0,0,67,-1,-1,71,1,0,4,0.2,0,0.0,0,0,71,0.05839558355719629,1.9284330489404613,5
Proposed smooth SAC,smooth,2,21,12021,enlarged_delay_only,0,0.0,0.0,0.0,0.0,1.0,1.0,1.0,1.721321109839246,84.23015922197487,1,1,1,0,0,0,0,53,-1,-1,57,1,0,4,0.2,0,0.0,0,0,57,0.07144668275376591,0.009331089781792031,5
Proposed smooth SAC,smooth,2,22,12022,enlarged_delay_only,0,0.0,0.0,0.0,0.0,1.0,1.0,1.0,2.0714459852992766,7.241713190147896,1,1,1,0,0,0,0,53,-1,-1,57,1,0,4,0.2,0,0.0,0,0,57,0.06976600103929619,1.285154840572965,5
Proposed smooth SAC,smooth,2,23,12023,enlarged_delay_only,0,0.0,0.0,0.0,0.0,1.0,1.0,1.0,1.96706721911142,29.687929491648173,1,1,1,0,0,0,0,61,-1,-1,65,1,0,4,0.2,0,0.0,0,0,65,0.08199743716507008,0.8362809448178095,5
Proposed smooth SAC,smooth,2,24,12024,enlarged_delay_only,0,0.0,0.0,0.0,0.0,1.0,1.0,1.0,2.3296647946987346,59.32330750782227,1,1,1,0,0,0,0,62,-1,-1,66,1,0,4,0.2,0,0.0,0,0,66,0.07100479918681564,0.6058972233702513,5
Proposed smooth SAC,smooth,2,25,12025,enlarged_delay_only,0,0.0,0.0,0.0,0.0,1.0,1.0,1.0,1.7406706115734212,29.68845883130885,1,1,1,0,0,0,0,56,-1,-1,60,1,0,4,0.2,0,0.0,0,0,60,0.07751188277510566,0.5350093046564806,5
Proposed smooth SAC,smooth,2,26,12026,enlarged_delay_only,0,0.0,0.0,0.0,0.0,1.0,1.0,1.0,1.2890960116783232,58.822470226552745,1,1,1,0,0,0,0,43,-1,-1,47,1,0,4,0.2,0,0.0,0,0,47,0.08014058018996764,1.6229972345412462,5
Proposed smooth SAC,smooth,2,27,12027,enlarged_delay_only,0,0.0,0.0,0.0,0.0,1.0,1.0,1.0,1.679512651290201,27.36887877784833,1,1,1,0,0,0,0,45,-1,-1,49,1,0,4,0.2,0,0.0,0,0,49,0.057906797704945424,0.3475979851763221,5
Proposed smooth SAC,smooth,2,28,12028,enlarged_delay_only,0,0.0,0.0,0.0,0.0,1.0,1.0,1.0,2.161397968359572,63.816718208044406,1,1,1,0,0,0,0,59,-1,-1,63,1,0,4,0.2,0,0.0,0,0,63,0.06473913775535212,0.7498143251025917,5
Proposed smooth SAC,smooth,2,29,12029,enlarged_delay_only,0,0.0,0.0,0.0,0.0,1.0,1.0,1.0,1.4273638277059564,34.274883047648224,1,1,1,0,0,0,0,43,-1,-1,47,1,0,4,0.2,0,0.0,0,0,47,0.060651594840844106,1.7503791953449261,5
Proposed smooth SAC,smooth,2,30,12030,enlarged_delay_only,0,0.0,0.0,0.0,0.0,1.0,1.0,1.0,1.7462896683471236,26.955215200955678,1,1,1,0,0,0,0,49,-1,-1,53,1,0,4,0.2,0,0.0,0,0,53,0.07253671539876991,1.2989945113787034,5
Proposed smooth SAC,smooth,2,31,12031,enlarged_delay_only,0,0.0,0.0,0.0,0.0,1.0,1.0,1.0,0.831092090571535,57.81877392801937,1,1,1,0,0,0,0,32,-1,-1,36,1,0,4,0.2,0,0.0,0,0,36,0.06512484674302527,1.21963315603015,5
Proposed smooth SAC,smooth,2,32,12032,enlarged_delay_only,0,0.0,0.0,0.0,0.0,1.0,1.0,1.0,2.3622064651248813,65.6166711298287,1,1,1,0,0,0,0,61,-1,-1,65,1,0,4,0.2,0,0.0,0,0,65,0.0765959502924831,0.05861881122105845,5
Proposed smooth SAC,smooth,2,33,12033,enlarged_delay_only,0,0.0,0.0,0.0,0.0,1.0,1.0,1.0,0.7030471412582213,16.83992189867294,1,1,1,0,0,0,0,30,-1,-1,34,1,0,4,0.2,0,0.0,0,0,34,0.0633785745737215,2.52143711631355,5
Proposed smooth SAC,smooth,2,34,12034,enlarged_delay_only,0,0.0,0.0,0.0,0.0,1.0,1.0,1.0,2.282842407805926,24.938362791888462,1,1,1,0,0,0,0,61,-1,-1,65,1,0,4,0.2,0,0.0,0,0,65,0.05195246394525137,1.968866701609879,5
Proposed smooth SAC,smooth,2,35,12035,enlarged_delay_only,0,0.0,0.0,0.0,0.0,1.0,1.0,1.0,2.371908074838775,71.96116554796184,1,1,1,0,0,0,0,62,-1,-1,66,1,0,4,0.2,0,0.0,0,0,66,0.06906345325125544,0.2049630646976665,5
Proposed smooth SAC,smooth,2,36,12036,enlarged_delay_only,0,0.0,0.0,0.0,0.0,1.0,1.0,1.0,0.8829462334714887,87.90779944848737,1,1,1,0,0,0,0,41,-1,-1,45,1,0,4,0.2,0,0.0,0,0,45,0.056569148860578115,3.137409829204922,5
Proposed smooth SAC,smooth,2,37,12037,enlarged_delay_only,0,0.0,0.0,0.0,0.0,1.0,1.0,1.0,0.817844285721509,43.45796651879823,1,1,1,0,0,0,0,26,-1,-1,30,1,0,4,0.2,0,0.0,0,0,30,0.018646652276733417,2.877586444969875,5
Proposed smooth SAC,smooth,2,38,12038,enlarged_delay_only,0,0.0,0.0,0.0,0.0,1.0,1.0,1.0,1.5743284929286714,57.88825061225674,1,1,1,0,0,0,0,45,-1,-1,49,1,0,4,0.2,0,0.0,0,0,49,0.06746199964549573,1.6805601478754095,5
Proposed smooth SAC,smooth,2,39,12039,enlarged_delay_only,0,0.0,0.0,0.0,0.0,1.0,1.0,1.0,0.8994689163493125,9.298986658723248,1,1,1,0,0,0,0,35,-1,-1,39,1,0,4,0.2,0,0.0,0,0,39,0.07222780289302508,0.0403537381221072,5
Proposed smooth SAC,smooth,2,40,12040,enlarged_delay_only,0,0.0,0.0,0.0,0.0,1.0,1.0,1.0,1.8657719186487738,68.44804408798744,1,1,1,0,0,0,0,48,-1,-1,52,1,0,4,0.2,0,0.0,0,0,52,0.07270562775547643,1.1007526463090203,5
Proposed smooth SAC,smooth,2,41,12041,enlarged_delay_only,0,0.0,0.0,0.0,0.0,1.0,1.0,1.0,2.1801507199074694,36.011752342258276,1,1,1,0,0,0,0,54,-1,-1,58,1,0,4,0.2,0,0.0,0,0,58,0.07069951278302733,0.6352755211769158,5
Proposed smooth SAC,smooth,2,42,12042,enlarged_delay_only,0,0.0,0.0,0.0,0.0,1.0,1.0,1.0,2.890509486387824,8.39370570216694,1,1,1,0,0,0,0,68,-1,-1,72,1,0,4,0.2,0,0.0,0,0,72,0.07478450837630059,1.0622252567482708,5
Proposed smooth SAC,smooth,2,43,12043,enlarged_delay_only,0,0.0,0.0,0.0,0.0,1.0,1.0,1.0,1.4295379479494126,86.66219834011966,1,1,1,0,0,0,0,46,-1,-1,50,1,0,4,0.2,0,0.0,0,0,50,0.0651999452309927,0.22399186500361626,5
Proposed smooth SAC,smooth,2,44,12044,enlarged_delay_only,0,0.0,0.0,0.0,0.0,1.0,1.0,1.0,1.4633774253790757,25.79388667411487,1,1,1,0,0,0,0,45,-1,-1,49,1,0,4,0.2,0,0.0,0,0,49,0.06783429677796707,0.24555391843970026,5
Proposed smooth SAC,smooth,2,45,12045,enlarged_delay_only,0,0.0,0.0,0.0,0.0,1.0,1.0,1.0,2.7817081294799144,45.277112272150255,1,1,1,0,0,0,0,67,-1,-1,71,1,0,4,0.2,0,0.0,0,0,71,0.0675743501843746,1.066085807733209,5
Proposed smooth SAC,smooth,2,46,12046,enlarged_delay_only,0,0.0,0.0,0.0,0.0,1.0,1.0,1.0,2.448255495287487,6.5296484668143195,1,1,1,0,0,0,0,56,-1,-1,60,1,0,4,0.2,0,0.0,0,0,60,0.06657831700455388,0.23864747661090666,5
Proposed smooth SAC,smooth,2,47,12047,enlarged_delay_only,0,0.0,0.0,0.0,0.0,1.0,1.0,1.0,2.0375889749407565,48.300679923363994,1,1,1,0,0,0,0,56,-1,-1,60,1,0,4,0.2,0,0.0,0,0,60,0.062352416799209165,0.0032530149547266,5
Proposed smooth SAC,smooth,2,48,12048,enlarged_delay_only,0,0.0,0.0,0.0,0.0,1.0,1.0,1.0,1.595910055499794,38.132652438046875,1,1,1,0,0,0,0,45,-1,-1,49,1,0,4,0.2,0,0.0,0,0,49,0.07897425029902103,1.4097706814844957,5
Proposed smooth SAC,smooth,2,49,12049,enlarged_delay_only,0,0.0,0.0,0.0,0.0,1.0,1.0,1.0,1.5300451933387877,9.115019782297185,1,1,1,0,0,0,0,42,-1,-1,46,1,0,4,0.2,0,0.0,0,0,46,0.06234297911172662,0.7342611305888264,5
Proposed smooth SAC,smooth,2,50,12050,enlarged_delay_only,0,0.0,0.0,0.0,0.0,1.0,1.0,1.0,2.262693545269486,73.02772690761601,1,1,1,0,0,0,0,58,-1,-1,62,1,0,4,0.2,0,0.0,0,0,62,0.08132488838342258,1.107663410366898,5
Proposed smooth SAC,smooth,2,51,12051,enlarged_delay_only,0,0.0,0.0,0.0,0.0,1.0,1.0,1.0,1.6263518811985,35.99433194478016,1,1,1,0,0,0,0,47,-1,-1,51,1,0,4,0.2,0,0.0,0,0,51,0.06754035713986886,1.5994462086745134,5
Proposed smooth SAC,smooth,2,52,12052,enlarged_delay_only,0,0.0,0.0,0.0,0.0,1.0,1.0,1.0,0.7048587995105587,83.91519870877808,1,1,1,0,0,0,0,35,-1,-1,39,1,0,4,0.2,0,0.0,0,0,39,0.04961641841068326,2.252572055721287,5
Proposed smooth SAC,smooth,2,53,12053,enlarged_delay_only,0,0.0,0.0,0.0,0.0,1.0,1.0,1.0,1.470188620244381,45.138920469767974,1,1,1,0,0,0,0,42,-1,-1,46,1,0,4,0.2,0,0.0,0,0,46,0.0602215000021033,0.41053537693321285,5
Proposed smooth SAC,smooth,2,54,12054,enlarged_delay_only,0,0.0,0.0,0.0,0.0,1.0,1.0,1.0,2.2790002868522827,82.51781713667434,1,1,1,0,0,0,0,67,-1,-1,71,1,0,4,0.2,0,0.0,0,0,71,0.06967441947979457,0.1692452841241724,5
Proposed smooth SAC,smooth,2,55,12055,enlarged_delay_only,0,0.0,0.0,0.0,0.0,1.0,1.0,1.0,2.8850994760210127,23.46271066699096,1,1,1,0,0,0,0,64,-1,-1,68,1,0,4,0.2,0,0.0,0,0,68,0.07152352315081736,3.4254585432982236,5
Proposed smooth SAC,smooth,2,56,12056,enlarged_delay_only,0,0.0,0.0,0.0,0.0,1.0,1.0,1.0,1.826905546699788,11.925707512554547,1,1,1,0,0,0,0,48,-1,-1,52,1,0,4,0.2,0,0.0,0,0,52,0.07061947735635771,0.8739620312517119,5
Proposed smooth SAC,smooth,2,57,12057,enlarged_delay_only,0,0.0,0.0,0.0,0.0,1.0,1.0,1.0,1.7691751722646727,27.276807827836556,1,1,1,0,0,0,0,51,-1,-1,55,1,0,4,0.2,0,0.0,0,0,55,0.0755463567701393,1.1975356797961605,5
Proposed smooth SAC,smooth,2,58,12058,enlarged_delay_only,0,0.0,0.0,0.0,0.0,1.0,1.0,1.0,2.3268545695420997,62.93145738971906,1,1,1,0,0,0,0,62,-1,-1,66,1,0,4,0.2,0,0.0,0,0,66,0.06791012860340359,0.9625770656260161,5
Proposed smooth SAC,smooth,2,59,12059,enlarged_delay_only,0,0.0,0.0,0.0,0.0,1.0,1.0,1.0,2.1903482121613216,54.840688506488746,1,1,1,0,0,0,0,60,-1,-1,64,1,0,4,0.2,0,0.0,0,0,64,0.0671497659454461,1.0494314586591906,5
Proposed smooth SAC,smooth,2,60,12060,enlarged_delay_only,0,0.0,0.0,0.0,0.0,1.0,1.0,1.0,1.0973360553047116,33.91806713521758,1,1,1,0,0,0,0,38,-1,-1,42,1,0,4,0.2,0,0.0,0,0,42,0.07070000031351607,0.23346240253551495,5
Proposed smooth SAC,smooth,2,61,12061,enlarged_delay_only,0,0.0,0.0,0.0,0.0,1.0,1.0,1.0,1.936928029361262,42.58082679539602,1,1,1,0,0,0,0,47,-1,-1,51,1,0,4,0.2,0,0.0,0,0,51,0.06406704747490417,0.283797428263071,5
Proposed smooth SAC,smooth,2,62,12062,enlarged_delay_only,0,0.0,0.0,0.0,0.0,1.0,1.0,1.0,1.8981880108378766,55.958209907540386,1,1,1,0,0,0,0,46,-1,-1,50,1,0,4,0.2,0,0.0,0,0,50,0.056910248451797214,1.750304490150879,5
Proposed smooth SAC,smooth,2,63,12063,enlarged_delay_only,0,0.0,0.0,0.0,0.0,1.0,1.0,1.0,1.3410819077846639,71.65242733709893,1,1,1,0,0,0,0,44,-1,-1,48,1,0,4,0.2,0,0.0,0,0,48,0.06415998912067766,1.0198452136088112,5
Proposed smooth SAC,smooth,2,64,12064,enlarged_delay_only,0,0.0,0.0,0.0,0.0,1.0,1.0,1.0,3.236122857778983,77.84361815931113,1,1,1,0,0,0,0,73,-1,-1,77,1,0,4,0.2,0,0.0,0,0,77,0.07163087197802978,0.7078651708502245,5
Proposed smooth SAC,smooth,2,65,12065,enlarged_delay_only,0,0.0,0.0,0.0,0.0,1.0,1.0,1.0,2.27680658754703,16.046224888813487,1,1,1,0,0,0,0,54,-1,-1,58,1,0,4,0.2,0,0.0,0,0,58,0.07329734823926354,2.5248029054704855,5
Proposed smooth SAC,smooth,2,66,12066,enlarged_delay_only,0,0.0,0.0,0.0,0.0,1.0,1.0,1.0,0.7254567305431476,42.00001141404023,1,1,1,0,0,0,0,29,-1,-1,33,1,0,4,0.2,0,0.0,0,0,33,0.07541053024410524,0.5117699061706296,5
Proposed smooth SAC,smooth,2,67,12067,enlarged_delay_only,0,0.0,0.0,0.0,0.0,1.0,1.0,1.0,1.5334421939190404,11.645351299013972,1,1,1,0,0,0,0,44,-1,-1,48,1,0,4,0.2,0,0.0,0,0,48,0.05898177636643628,1.3717036893624874,5
Proposed smooth SAC,smooth,2,68,12068,enlarged_delay_only,0,0.0,0.0,0.0,0.0,1.0,1.0,1.0,1.8681160247703945,59.46436457456137,1,1,1,0,0,0,0,52,-1,-1,56,1,0,4,0.2,0,0.0,0,0,56,0.07360417866185011,0.8449909301134566,5
Proposed smooth SAC,smooth,2,69,12069,enlarged_delay_only,0,0.0,0.0,0.0,0.0,1.0,1.0,1.0,1.886519728757838,51.09646759594697,1,1,1,0,0,0,0,52,-1,-1,56,1,0,4,0.2,0,0.0,0,0,56,0.07270375049815336,0.18519625711581159,5
Proposed smooth SAC,smooth,2,70,12070,enlarged_delay_only,0,0.0,0.0,0.0,0.0,1.0,1.0,1.0,1.6986806001597525,76.52323330972095,1,1,1,0,0,0,0,46,-1,-1,50,1,0,4,0.2,0,0.0,0,0,50,0.0787880480646181,1.044877750195202,5
Proposed smooth SAC,smooth,2,71,12071,enlarged_delay_only,0,0.0,0.0,0.0,0.0,1.0,1.0,1.0,2.6459208153503964,67.50779341665432,1,1,1,0,0,0,0,64,-1,-1,68,1,0,4,0.2,0,0.0,0,0,68,0.07184569471450444,0.39261093283868953,5
Proposed smooth SAC,smooth,2,72,12072,enlarged_delay_only,0,0.0,0.0,0.0,0.0,1.0,1.0,1.0,0.48175087121353316,49.596093601348606,1,1,1,0,0,0,0,30,-1,-1,34,1,0,4,0.2,0,0.0,0,0,34,0.038897206228490355,3.5518889733731562,5
Proposed smooth SAC,smooth,2,73,12073,enlarged_delay_only,0,0.0,0.0,0.0,0.0,1.0,1.0,1.0,1.3565823895626754,84.90849262920553,1,1,1,0,0,0,0,42,-1,-1,46,1,0,4,0.2,0,0.0,0,0,46,0.04706715093898012,3.5552014016772007,5
Proposed smooth SAC,smooth,2,74,12074,enlarged_delay_only,0,0.0,0.0,0.0,0.0,1.0,1.0,1.0,2.034268978334935,63.584860606479154,1,1,1,0,0,0,0,51,-1,-1,55,1,0,4,0.2,0,0.0,0,0,55,0.07199928204695412,3.281469190971069,5
Proposed smooth SAC,smooth,2,75,12075,enlarged_delay_only,0,0.0,0.0,0.0,0.0,1.0,1.0,1.0,2.7867133802887056,59.621185717904865,1,1,1,0,0,0,0,66,-1,-1,70,1,0,4,0.2,0,0.0,0,0,70,0.06218178650819074,0.5010427739140072,5
Proposed smooth SAC,smooth,2,76,12076,enlarged_delay_only,0,0.0,0.0,0.0,0.0,1.0,1.0,1.0,1.4672375160200708,30.3721436917542,1,1,1,0,0,0,0,39,-1,-1,43,1,0,4,0.2,0,0.0,0,0,43,0.07459504158199513,2.3649837359681802,5
Proposed smooth SAC,smooth,2,77,12077,enlarged_delay_only,0,0.0,0.0,0.0,0.0,1.0,1.0,1.0,1.9775577095396648,51.41426263764932,1,1,1,0,0,0,0,53,-1,-1,57,1,0,4,0.2,0,0.0,0,0,57,0.06996945773182693,0.06862587878856015,5
Proposed smooth SAC,smooth,2,78,12078,enlarged_delay_only,0,0.0,0.0,0.0,0.0,1.0,1.0,1.0,2.327760709820301,60.008956047653996,1,1,1,0,0,0,0,67,-1,-1,71,1,0,4,0.2,0,0.0,0,0,71,0.07274281547850156,0.6398686633111906,5
Proposed smooth SAC,smooth,2,79,12079,enlarged_delay_only,0,0.0,0.0,0.0,0.0,1.0,1.0,1.0,1.5278991276633485,40.17317828277736,1,1,1,0,0,0,0,43,-1,-1,47,1,0,4,0.2,0,0.0,0,0,47,0.06214830148155324,0.5957164528863771,5
Proposed smooth SAC,smooth,2,80,12080,enlarged_delay_only,0,0.0,0.0,0.0,0.0,1.0,1.0,1.0,2.3192768073204557,47.36251928991689,1,1,1,0,0,0,0,62,-1,-1,66,1,0,4,0.2,0,0.0,0,0,66,0.07311609833023204,0.3991310954534072,5
Proposed smooth SAC,smooth,2,81,12081,enlarged_delay_only,0,0.0,0.0,0.0,0.0,1.0,1.0,1.0,2.348060423688873,77.305474384795,1,1,1,0,0,0,0,64,-1,-1,68,1,0,4,0.2,0,0.0,0,0,68,0.07181394264349268,0.9541080579420234,5
Proposed smooth SAC,smooth,2,82,12082,enlarged_delay_only,0,0.0,0.0,0.0,0.0,1.0,1.0,1.0,1.657062365864348,55.61082307125895,1,1,1,0,0,0,0,47,-1,-1,51,1,0,4,0.2,0,0.0,0,0,51,0.07407966765762712,0.4801369522467733,5
Proposed smooth SAC,smooth,2,83,12083,enlarged_delay_only,0,0.0,0.0,0.0,0.0,1.0,1.0,1.0,1.7829506075254924,2.609497891508878,1,1,1,0,0,0,0,46,-1,-1,50,1,0,4,0.2,0,0.0,0,0,50,0.06999635772403351,0.851112753961345,5
Proposed smooth SAC,smooth,2,84,12084,enlarged_delay_only,0,0.0,0.0,0.0,0.0,1.0,1.0,1.0,1.6404890956693123,1.3837049720644343,1,1,1,0,0,0,0,47,-1,-1,51,1,0,4,0.2,0,0.0,0,0,51,0.06019333717911825,0.06201843782883312,5
Proposed smooth SAC,smooth,2,85,12085,enlarged_delay_only,0,0.0,0.0,0.0,0.0,1.0,1.0,1.0,2.497746521837666,36.904581010184,1,1,1,0,0,0,0,56,-1,-1,60,1,0,4,0.2,0,0.0,0,0,60,0.060294803984669985,2.479876055544257,5
Proposed smooth SAC,smooth,2,86,12086,enlarged_delay_only,0,0.0,0.0,0.0,0.0,1.0,1.0,1.0,1.8263883792562778,0.33389918702221527,1,1,1,0,0,0,0,46,-1,-1,50,1,0,4,0.2,0,0.0,0,0,50,0.06654447129736328,0.4825320541287735,5
Proposed smooth SAC,smooth,2,87,12087,enlarged_delay_only,0,0.0,0.0,0.0,0.0,1.0,1.0,1.0,2.03592606033529,9.710697655286923,1,1,1,0,0,0,0,49,-1,-1,53,1,0,4,0.2,0,0.0,0,0,53,0.0587135610973231,3.520311728179718,5
Proposed smooth SAC,smooth,2,88,12088,enlarged_delay_only,0,0.0,0.0,0.0,0.0,1.0,1.0,1.0,2.799243954274032,20.695729317232512,1,1,1,0,0,0,0,58,-1,-1,62,1,0,4,0.2,0,0.0,0,0,62,0.0639372568776643,0.4137404965620942,5
Proposed smooth SAC,smooth,2,89,12089,enlarged_delay_only,0,0.0,0.0,0.0,0.0,1.0,1.0,1.0,1.9684957245170929,46.29750155301514,1,1,1,0,0,0,0,57,-1,-1,61,1,0,4,0.2,0,0.0,0,0,61,0.06372588238232871,1.0842943450085225,5
Proposed smooth SAC,smooth,2,90,12090,enlarged_delay_only,0,0.0,0.0,0.0,0.0,1.0,1.0,1.0,1.911320050192248,50.27198521595098,1,1,1,0,0,0,0,52,-1,-1,56,1,0,4,0.2,0,0.0,0,0,56,0.0679876388705656,0.15354341293404034,5
Proposed smooth SAC,smooth,2,91,12091,enlarged_delay_only,0,0.0,0.0,0.0,0.0,1.0,1.0,1.0,2.127844865867529,32.123072930770725,1,1,1,0,0,0,0,57,-1,-1,61,1,0,4,0.2,0,0.0,0,0,61,0.068046444970618,0.3787520254454841,5
Proposed smooth SAC,smooth,2,92,12092,enlarged_delay_only,0,0.0,0.0,0.0,0.0,1.0,1.0,1.0,2.1800958407414126,47.35001662864118,1,1,1,0,0,0,0,53,-1,-1,57,1,0,4,0.2,0,0.0,0,0,57,0.06834195200762534,0.35869341403959626,5
Proposed smooth SAC,smooth,2,93,12093,enlarged_delay_only,0,0.0,0.0,0.0,0.0,1.0,1.0,1.0,3.259884867767638,59.350430189016386,1,1,1,0,0,0,0,77,-1,-1,81,1,0,4,0.2,0,0.0,0,0,81,0.06956509095799683,1.7098006145990572,5
Proposed smooth SAC,smooth,2,94,12094,enlarged_delay_only,0,0.0,0.0,0.0,0.0,1.0,1.0,1.0,0.7611576363914472,18.846404373032783,1,1,1,0,0,0,0,28,-1,-1,32,1,0,4,0.2,0,0.0,0,0,32,0.06323366052860993,0.6414845900192805,5
Proposed smooth SAC,smooth,2,95,12095,enlarged_delay_only,0,0.0,0.0,0.0,0.0,1.0,1.0,1.0,2.315981959981536,11.583421973809466,1,1,1,0,0,0,0,58,-1,-1,62,1,0,4,0.2,0,0.0,0,0,62,0.06989760255064938,2.657712196859998,5
Proposed smooth SAC,smooth,2,96,12096,enlarged_delay_only,0,0.0,0.0,0.0,0.0,1.0,1.0,1.0,2.6433593115574596,23.402961879678983,1,1,1,0,0,0,0,57,-1,-1,61,1,0,4,0.2,0,0.0,0,0,61,0.05900812891663866,1.4207077353363902,5
Proposed smooth SAC,smooth,2,97,12097,enlarged_delay_only,0,0.0,0.0,0.0,0.0,1.0,1.0,1.0,2.517006739513531,35.98333875531102,1,1,1,0,0,0,0,59,-1,-1,63,1,0,4,0.2,0,0.0,0,0,63,0.06864897640126183,1.3398548374278352,5
Proposed smooth SAC,smooth,2,98,12098,enlarged_delay_only,0,0.0,0.0,0.0,0.0,1.0,1.0,1.0,3.120283930411399,82.53858091175118,1,1,1,0,0,0,0,72,-1,-1,76,1,0,4,0.2,0,0.0,0,0,76,0.05781331313495004,2.855052797124357,5
Proposed smooth SAC,smooth,2,99,12099,enlarged_delay_only,0,0.0,0.0,0.0,0.0,1.0,1.0,1.0,0.19539344804534206,10.475630177230514,1,1,1,0,0,0,0,9,-1,-1,13,1,0,4,0.2,0,0.0,0,0,13,0.06804450122623858,2.6483909096336347,5
Proposed smooth SAC,smooth,3,0,12000,enlarged_delay_only,0,0.0,0.0,0.0,0.0,1.0,1.0,1.0,1.4011169590411672,3.680448288035017,1,1,1,0,0,0,0,40,-1,-1,44,1,0,4,0.2,0,0.0,0,0,44,0.06446496160675888,0.2862985314793386,5
Proposed smooth SAC,smooth,3,1,12001,enlarged_delay_only,0,0.0,0.0,0.0,0.0,1.0,1.0,1.0,1.8698938269216967,60.07772922240686,1,1,1,0,0,0,0,50,-1,-1,54,1,0,4,0.2,0,0.0,0,0,54,0.07512479608196447,0.8019145278437729,5
Proposed smooth SAC,smooth,3,2,12002,enlarged_delay_only,0,0.0,0.0,0.0,0.0,1.0,1.0,1.0,1.5052862077716045,52.14187244464703,1,1,1,0,0,0,0,48,-1,-1,52,1,0,4,0.2,0,0.0,0,0,52,0.07246148592891034,2.3963249127484296,5
Proposed smooth SAC,smooth,3,3,12003,enlarged_delay_only,0,0.0,0.0,0.0,0.0,1.0,1.0,1.0,1.11052274394814,63.72168295593285,1,1,1,0,0,0,0,36,-1,-1,40,1,0,4,0.2,0,0.0,0,0,40,0.06739480262603463,2.7873276295222724,5
Proposed smooth SAC,smooth,3,4,12004,enlarged_delay_only,0,0.0,0.0,0.0,0.0,1.0,1.0,1.0,2.0622948587954135,27.609846144219087,1,1,1,0,0,0,0,56,-1,-1,60,1,0,4,0.2,0,0.0,0,0,60,0.06788252069683695,0.4902415767935725,5
Proposed smooth SAC,smooth,3,5,12005,enlarged_delay_only,0,0.0,0.0,0.0,0.0,1.0,1.0,1.0,0.7836208893081577,86.33696522241115,1,1,1,0,0,0,0,36,-1,-1,40,1,0,4,0.2,0,0.0,0,0,40,0.06650496140487316,2.6215595786962975,5
Proposed smooth SAC,smooth,3,6,12006,enlarged_delay_only,0,0.0,0.0,0.0,0.0,1.0,1.0,1.0,1.4039658384766267,70.50865751906693,1,1,1,0,0,0,0,47,-1,-1,51,1,0,4,0.2,0,0.0,0,0,51,0.07490237118433282,0.5903620114639102,5
Proposed smooth SAC,smooth,3,7,12007,enlarged_delay_only,0,0.0,0.0,0.0,0.0,1.0,1.0,1.0,2.023389540687327,41.417218692919725,1,1,1,0,0,0,0,49,-1,-1,53,1,0,4,0.2,0,0.0,0,0,53,0.056839088171793825,1.5359162713266974,5
Proposed smooth SAC,smooth,3,8,12008,enlarged_delay_only,0,0.0,0.0,0.0,0.0,1.0,1.0,1.0,0.6761041193866284,47.03972454974209,1,1,1,0,0,0,0,31,-1,-1,35,1,0,4,0.2,0,0.0,0,0,35,0.029274342447159797,3.082716235652399,5
Proposed smooth SAC,smooth,3,9,12009,enlarged_delay_only,0,0.0,0.0,0.0,0.0,1.0,1.0,1.0,0.8365610729382312,17.566701837686487,1,1,1,0,0,0,0,35,-1,-1,39,1,0,4,0.2,0,0.0,0,0,39,0.06496597508171859,1.1913651374895828,5
Proposed smooth SAC,smooth,3,10,12010,enlarged_delay_only,0,0.0,0.0,0.0,0.0,1.0,1.0,1.0,2.0882312594206844,67.10242168941406,1,1,1,0,0,0,0,53,-1,-1,57,1,0,4,0.2,0,0.0,0,0,57,0.05944189792295358,1.7824315655725034,5
Proposed smooth SAC,smooth,3,11,12011,enlarged_delay_only,0,0.0,0.0,0.0,0.0,1.0,1.0,1.0,1.0363136503576447,39.13181690606595,1,1,1,0,0,0,0,39,-1,-1,43,1,0,4,0.2,0,0.0,0,0,43,0.08291422367053901,4.080308052615074,5
Proposed smooth SAC,smooth,3,12,12012,enlarged_delay_only,0,0.0,0.0,0.0,0.0,1.0,1.0,1.0,1.0633346171025668,74.10415106043168,1,1,1,0,0,0,0,52,-1,-1,56,1,0,4,0.2,0,0.0,0,0,56,0.08478981302977494,1.1949836436458088,5
Proposed smooth SAC,smooth,3,13,12013,enlarged_delay_only,0,0.0,0.0,0.0,0.0,1.0,1.0,1.0,2.9321695975105375,64.82631579002067,1,1,1,0,0,0,0,61,-1,-1,65,1,0,4,0.2,0,0.0,0,0,65,0.07468722671398209,2.342365991418506,5
Proposed smooth SAC,smooth,3,14,12014,enlarged_delay_only,0,0.0,0.0,0.0,0.0,1.0,1.0,1.0,1.5727126782681156,69.85363554747353,1,1,1,0,0,0,0,49,-1,-1,53,1,0,4,0.2,0,0.0,0,0,53,0.06565598425212947,0.8683958006041218,5
Proposed smooth SAC,smooth,3,15,12015,enlarged_delay_only,0,0.0,0.0,0.0,0.0,1.0,1.0,1.0,1.7941221940119125,66.18821452938619,1,1,1,0,0,0,0,47,-1,-1,51,1,0,4,0.2,0,0.0,0,0,51,0.06416335581172555,1.7948146985377367,5
Proposed smooth SAC,smooth,3,16,12016,enlarged_delay_only,0,0.0,0.0,0.0,0.0,1.0,1.0,1.0,2.0956191639967527,80.76412508613855,1,1,1,0,0,0,0,53,-1,-1,57,1,0,4,0.2,0,0.0,0,0,57,0.06078906770245258,1.7202868759657308,5
Proposed smooth SAC,smooth,3,17,12017,enlarged_delay_only,0,0.0,0.0,0.0,0.0,1.0,1.0,1.0,2.3497476747776798,68.42664510531779,1,1,1,0,0,0,0,53,-1,-1,57,1,0,4,0.2,0,0.0,0,0,57,0.054621717843323724,0.4130545694786104,5
Proposed smooth SAC,smooth,3,18,12018,enlarged_delay_only,0,0.0,0.0,0.0,0.0,1.0,1.0,1.0,1.3063656328926654,58.185179426044705,1,1,1,0,0,0,0,38,-1,-1,42,1,0,4,0.2,0,0.0,0,0,42,0.06406398728590573,2.5186826290873308,5
Proposed smooth SAC,smooth,3,19,12019,enlarged_delay_only,0,0.0,0.0,0.0,0.0,1.0,1.0,1.0,1.569053725441394,46.92282244700273,1,1,1,0,0,0,0,50,-1,-1,54,1,0,4,0.2,0,0.0,0,0,54,0.08618754275765801,0.169857092982991,5
Proposed smooth SAC,smooth,3,20,12020,enlarged_delay_only,0,0.0,0.0,0.0,0.0,1.0,1.0,1.0,2.8509785660679805,57.54032760612546,1,1,1,0,0,0,0,62,-1,-1,66,1,0,4,0.2,0,0.0,0,0,66,0.05641273280029736,0.8048506554132322,5
Proposed smooth SAC,smooth,3,21,12021,enlarged_delay_only,0,0.0,0.0,0.0,0.0,1.0,1.0,1.0,1.721321109839246,84.23015922197487,1,1,1,0,0,0,0,50,-1,-1,54,1,0,4,0.2,0,0.0,0,0,54,0.06724413408499026,0.598747456052276,5
Proposed smooth SAC,smooth,3,22,12022,enlarged_delay_only,0,0.0,0.0,0.0,0.0,1.0,1.0,1.0,2.0714459852992766,7.241713190147896,1,1,1,0,0,0,0,53,-1,-1,57,1,0,4,0.2,0,0.0,0,0,57,0.06945676382783114,0.8310628403744783,5
Proposed smooth SAC,smooth,3,23,12023,enlarged_delay_only,0,0.0,0.0,0.0,0.0,1.0,1.0,1.0,1.96706721911142,29.687929491648173,1,1,1,0,0,0,0,50,-1,-1,54,1,0,4,0.2,0,0.0,0,0,54,0.05326968775001608,0.6845528280784718,5
Proposed smooth SAC,smooth,3,24,12024,enlarged_delay_only,0,0.0,0.0,0.0,0.0,1.0,1.0,1.0,2.3296647946987346,59.32330750782227,1,1,1,0,0,0,0,59,-1,-1,63,1,0,4,0.2,0,0.0,0,0,63,0.06676871500082433,0.43308028391869113,5
Proposed smooth SAC,smooth,3,25,12025,enlarged_delay_only,0,0.0,0.0,0.0,0.0,1.0,1.0,1.0,1.7406706115734212,29.68845883130885,1,1,1,0,0,0,0,53,-1,-1,57,1,0,4,0.2,0,0.0,0,0,57,0.0673782034889528,2.1571927328302904,5
Proposed smooth SAC,smooth,3,26,12026,enlarged_delay_only,0,0.0,0.0,0.0,0.0,1.0,1.0,1.0,1.2890960116783232,58.822470226552745,1,1,1,0,0,0,0,39,-1,-1,43,1,0,4,0.2,0,0.0,0,0,43,0.07010890855868042,1.170020262724764,5
Proposed smooth SAC,smooth,3,27,12027,enlarged_delay_only,0,0.0,0.0,0.0,0.0,1.0,1.0,1.0,1.679512651290201,27.36887877784833,1,1,1,0,0,0,0,45,-1,-1,49,1,0,4,0.2,0,0.0,0,0,49,0.06534343719190805,1.154589051120707,5
Proposed smooth SAC,smooth,3,28,12028,enlarged_delay_only,0,0.0,0.0,0.0,0.0,1.0,1.0,1.0,2.161397968359572,63.816718208044406,1,1,1,0,0,0,0,57,-1,-1,61,1,0,4,0.2,0,0.0,0,0,61,0.07367694506288347,0.3223694274968371,5
Proposed smooth SAC,smooth,3,29,12029,enlarged_delay_only,0,0.0,0.0,0.0,0.0,1.0,1.0,1.0,1.4273638277059564,34.274883047648224,1,1,1,0,0,0,0,54,-1,-1,58,1,0,4,0.2,0,0.0,0,0,58,0.09088125213120318,0.7809991545838716,5
Proposed smooth SAC,smooth,3,30,12030,enlarged_delay_only,0,0.0,0.0,0.0,0.0,1.0,1.0,1.0,1.7462896683471236,26.955215200955678,1,1,1,0,0,0,0,50,-1,-1,54,1,0,4,0.2,0,0.0,0,0,54,0.07909509253008515,2.4086495622188946,5
Proposed smooth SAC,smooth,3,31,12031,enlarged_delay_only,0,0.0,0.0,0.0,0.0,1.0,1.0,1.0,0.831092090571535,57.81877392801937,1,1,1,0,0,0,0,34,-1,-1,38,1,0,4,0.2,0,0.0,0,0,38,0.06951067913340434,1.3927679927628067,5
Proposed smooth SAC,smooth,3,32,12032,enlarged_delay_only,0,0.0,0.0,0.0,0.0,1.0,1.0,1.0,2.3622064651248813,65.6166711298287,1,1,1,0,0,0,0,60,-1,-1,64,1,0,4,0.2,0,0.0,0,0,64,0.061847985151703554,1.1539169178176953,5
Proposed smooth SAC,smooth,3,33,12033,enlarged_delay_only,0,0.0,0.0,0.0,0.0,1.0,1.0,1.0,0.7030471412582213,16.83992189867294,1,1,1,0,0,0,0,30,-1,-1,34,1,0,4,0.2,0,0.0,0,0,34,0.0664996549574294,2.7788129449482053,5
Proposed smooth SAC,smooth,3,34,12034,enlarged_delay_only,0,0.0,0.0,0.0,0.0,1.0,1.0,1.0,2.282842407805926,24.938362791888462,1,1,1,0,0,0,0,60,-1,-1,64,1,0,4,0.2,0,0.0,0,0,64,0.061689784353523285,0.9325809025037299,5
Proposed smooth SAC,smooth,3,35,12035,enlarged_delay_only,0,0.0,0.0,0.0,0.0,1.0,1.0,1.0,2.371908074838775,71.96116554796184,1,1,1,0,0,0,0,61,-1,-1,65,1,0,4,0.2,0,0.0,0,0,65,0.06350793527923633,1.7041589850663326,5
Proposed smooth SAC,smooth,3,36,12036,enlarged_delay_only,0,0.0,0.0,0.0,0.0,1.0,1.0,1.0,0.8829462334714887,87.90779944848737,1,1,1,0,0,0,0,41,-1,-1,45,1,0,4,0.2,0,0.0,0,0,45,0.07481501228362472,2.0489594208081527,5
Proposed smooth SAC,smooth,3,37,12037,enlarged_delay_only,0,0.0,0.0,0.0,0.0,1.0,1.0,1.0,0.817844285721509,43.45796651879823,1,1,1,0,0,0,0,28,-1,-1,32,1,0,4,0.2,0,0.0,0,0,32,0.06300841166795142,0.33943884396506585,5
Proposed smooth SAC,smooth,3,38,12038,enlarged_delay_only,0,0.0,0.0,0.0,0.0,1.0,1.0,1.0,1.5743284929286714,57.88825061225674,1,1,1,0,0,0,0,46,-1,-1,50,1,0,4,0.2,0,0.0,0,0,50,0.07202389033827353,2.963354411038195,5
Proposed smooth SAC,smooth,3,39,12039,enlarged_delay_only,0,0.0,0.0,0.0,0.0,1.0,1.0,1.0,0.8994689163493125,9.298986658723248,1,1,1,0,0,0,0,35,-1,-1,39,1,0,4,0.2,0,0.0,0,0,39,0.06550333334735439,0.2960649015796635,5
Proposed smooth SAC,smooth,3,40,12040,enlarged_delay_only,0,0.0,0.0,0.0,0.0,1.0,1.0,1.0,1.8657719186487738,68.44804408798744,1,1,1,0,0,0,0,50,-1,-1,54,1,0,4,0.2,0,0.0,0,0,54,0.07230729994978408,0.663513711000717,5
Proposed smooth SAC,smooth,3,41,12041,enlarged_delay_only,0,0.0,0.0,0.0,0.0,1.0,1.0,1.0,2.1801507199074694,36.011752342258276,1,1,1,0,0,0,0,55,-1,-1,59,1,0,4,0.2,0,0.0,0,0,59,0.03291667737090463,3.3549571172419403,5
Proposed smooth SAC,smooth,3,42,12042,enlarged_delay_only,0,0.0,0.0,0.0,0.0,1.0,1.0,1.0,2.890509486387824,8.39370570216694,1,1,1,0,0,0,0,63,-1,-1,67,1,0,4,0.2,0,0.0,0,0,67,0.06043329740945153,3.2469880481633178,5
Proposed smooth SAC,smooth,3,43,12043,enlarged_delay_only,0,0.0,0.0,0.0,0.0,1.0,1.0,1.0,1.4295379479494126,86.66219834011966,1,1,1,0,0,0,0,54,-1,-1,58,1,0,4,0.2,0,0.0,0,0,58,0.0654569653580067,0.1618660251181273,5
Proposed smooth SAC,smooth,3,44,12044,enlarged_delay_only,0,0.0,0.0,0.0,0.0,1.0,1.0,1.0,1.4633774253790757,25.79388667411487,1,1,1,0,0,0,0,46,-1,-1,50,1,0,4,0.2,0,0.0,0,0,50,0.07165529576685885,2.584028329537312,5
Proposed smooth SAC,smooth,3,45,12045,enlarged_delay_only,0,0.0,0.0,0.0,0.0,1.0,1.0,1.0,2.7817081294799144,45.277112272150255,1,1,1,0,0,0,0,64,-1,-1,68,1,0,4,0.2,0,0.0,0,0,68,0.056149960092312205,3.543059673210445,5
Proposed smooth SAC,smooth,3,46,12046,enlarged_delay_only,0,0.0,0.0,0.0,0.0,1.0,1.0,1.0,2.448255495287487,6.5296484668143195,1,1,1,0,0,0,0,48,-1,-1,52,1,0,4,0.2,0,0.0,0,0,52,0.053814200391252946,1.4109481420643823,5
Proposed smooth SAC,smooth,3,47,12047,enlarged_delay_only,0,0.0,0.0,0.0,0.0,1.0,1.0,1.0,2.0375889749407565,48.300679923363994,1,1,1,0,0,0,0,51,-1,-1,55,1,0,4,0.2,0,0.0,0,0,55,0.05884272447308404,1.7171897053422474,5
Proposed smooth SAC,smooth,3,48,12048,enlarged_delay_only,0,0.0,0.0,0.0,0.0,1.0,1.0,1.0,1.595910055499794,38.132652438046875,1,1,1,0,0,0,0,40,-1,-1,44,1,0,4,0.2,0,0.0,0,0,44,0.06355984544607024,2.05105266034535,5
Proposed smooth SAC,smooth,3,49,12049,enlarged_delay_only,0,0.0,0.0,0.0,0.0,1.0,1.0,1.0,1.5300451933387877,9.115019782297185,1,1,1,0,0,0,0,45,-1,-1,49,1,0,4,0.2,0,0.0,0,0,49,0.06120296084961252,2.71995101501127,5
Proposed smooth SAC,smooth,3,50,12050,enlarged_delay_only,0,0.0,0.0,0.0,0.0,1.0,1.0,1.0,2.262693545269486,73.02772690761601,1,1,1,0,0,0,0,49,-1,-1,53,1,0,4,0.2,0,0.0,0,0,53,0.06439092466689027,0.5741057343524567,5
Proposed smooth SAC,smooth,3,51,12051,enlarged_delay_only,0,0.0,0.0,0.0,0.0,1.0,1.0,1.0,1.6263518811985,35.99433194478016,1,1,1,0,0,0,0,53,-1,-1,57,1,0,4,0.2,0,0.0,0,0,57,0.06577745090089555,0.8494891966512919,5
Proposed smooth SAC,smooth,3,52,12052,enlarged_delay_only,0,0.0,0.0,0.0,0.0,1.0,1.0,1.0,0.7048587995105587,83.91519870877808,1,1,1,0,0,0,0,38,-1,-1,42,1,0,4,0.2,0,0.0,0,0,42,0.0733906132468625,2.812898790557742,5
Proposed smooth SAC,smooth,3,53,12053,enlarged_delay_only,0,0.0,0.0,0.0,0.0,1.0,1.0,1.0,1.470188620244381,45.138920469767974,1,1,1,0,0,0,0,44,-1,-1,48,1,0,4,0.2,0,0.0,0,0,48,0.0649906149408336,0.36294005747562524,5
Proposed smooth SAC,smooth,3,54,12054,enlarged_delay_only,0,0.0,0.0,0.0,0.0,1.0,1.0,1.0,2.2790002868522827,82.51781713667434,1,1,1,0,0,0,0,61,-1,-1,65,1,0,4,0.2,0,0.0,0,0,65,0.051695260138549144,1.144639173047291,5
Proposed smooth SAC,smooth,3,55,12055,enlarged_delay_only,0,0.0,0.0,0.0,0.0,1.0,1.0,1.0,2.8850994760210127,23.46271066699096,1,1,1,0,0,0,0,72,-1,-1,76,1,0,4,0.2,0,0.0,0,0,76,0.07167131635881634,0.3915977970052798,5
Proposed smooth SAC,smooth,3,56,12056,enlarged_delay_only,0,0.0,0.0,0.0,0.0,1.0,1.0,1.0,1.826905546699788,11.925707512554547,1,1,1,0,0,0,0,47,-1,-1,51,1,0,4,0.2,0,0.0,0,0,51,0.06923371430809457,0.8968927372035902,5
Proposed smooth SAC,smooth,3,57,12057,enlarged_delay_only,0,0.0,0.0,0.0,0.0,1.0,1.0,1.0,1.7691751722646727,27.276807827836556,1,1,1,0,0,0,0,41,-1,-1,45,1,0,4,0.2,0,0.0,0,0,45,0.0711594647439821,3.0212539246323926,5
Proposed smooth SAC,smooth,3,58,12058,enlarged_delay_only,0,0.0,0.0,0.0,0.0,1.0,1.0,1.0,2.3268545695420997,62.93145738971906,1,1,1,0,0,0,0,61,-1,-1,65,1,0,4,0.2,0,0.0,0,0,65,0.06716727134909455,2.6863727378344295,5
Proposed smooth SAC,smooth,3,59,12059,enlarged_delay_only,0,0.0,0.0,0.0,0.0,1.0,1.0,1.0,2.1903482121613216,54.840688506488746,1,1,1,0,0,0,0,57,-1,-1,61,1,0,4,0.2,0,0.0,0,0,61,0.06796524990015912,0.2989021514887162,5
Proposed smooth SAC,smooth,3,60,12060,enlarged_delay_only,0,0.0,0.0,0.0,0.0,1.0,1.0,1.0,1.0973360553047116,33.91806713521758,1,1,1,0,0,0,0,35,-1,-1,39,1,0,4,0.2,0,0.0,0,0,39,0.07083234029560077,3.0970978392800954,5
Proposed smooth SAC,smooth,3,61,12061,enlarged_delay_only,0,0.0,0.0,0.0,0.0,1.0,1.0,1.0,1.936928029361262,42.58082679539602,1,1,1,0,0,0,0,45,-1,-1,49,1,0,4,0.2,0,0.0,0,0,49,0.06209967749344771,1.5472520374713914,5
Proposed smooth SAC,smooth,3,62,12062,enlarged_delay_only,0,0.0,0.0,0.0,0.0,1.0,1.0,1.0,1.8981880108378766,55.958209907540386,1,1,1,0,0,0,0,50,-1,-1,54,1,0,4,0.2,0,0.0,0,0,54,0.07092323895459579,1.2054277499386987,5
Proposed smooth SAC,smooth,3,63,12063,enlarged_delay_only,0,0.0,0.0,0.0,0.0,1.0,1.0,1.0,1.3410819077846639,71.65242733709893,1,1,1,0,0,0,0,47,-1,-1,51,1,0,4,0.2,0,0.0,0,0,51,0.06608682689891004,1.1497907365070672,5
Proposed smooth SAC,smooth,3,64,12064,enlarged_delay_only,0,0.0,0.0,0.0,0.0,1.0,1.0,1.0,3.236122857778983,77.84361815931113,1,1,1,0,0,0,0,69,-1,-1,73,1,0,4,0.2,0,0.0,0,0,73,0.0643599972934527,0.20099975405027404,5
Proposed smooth SAC,smooth,3,65,12065,enlarged_delay_only,0,0.0,0.0,0.0,0.0,1.0,1.0,1.0,2.27680658754703,16.046224888813487,1,1,1,0,0,0,0,56,-1,-1,60,1,0,4,0.2,0,0.0,0,0,60,0.06815544862416245,0.0046328801281752905,5
Proposed smooth SAC,smooth,3,66,12066,enlarged_delay_only,0,0.0,0.0,0.0,0.0,1.0,1.0,1.0,0.7254567305431476,42.00001141404023,1,1,1,0,0,0,0,28,-1,-1,32,1,0,4,0.2,0,0.0,0,0,32,0.06643434651960163,0.5568506487965946,5
Proposed smooth SAC,smooth,3,67,12067,enlarged_delay_only,0,0.0,0.0,0.0,0.0,1.0,1.0,1.0,1.5334421939190404,11.645351299013972,1,1,1,0,0,0,0,47,-1,-1,51,1,0,4,0.2,0,0.0,0,0,51,0.0640543974853054,0.22220795833062643,5
Proposed smooth SAC,smooth,3,68,12068,enlarged_delay_only,0,0.0,0.0,0.0,0.0,1.0,1.0,1.0,1.8681160247703945,59.46436457456137,1,1,1,0,0,0,0,50,-1,-1,54,1,0,4,0.2,0,0.0,0,0,54,0.06265668637485189,0.9215544158623906,5
Proposed smooth SAC,smooth,3,69,12069,enlarged_delay_only,0,0.0,0.0,0.0,0.0,1.0,1.0,1.0,1.886519728757838,51.09646759594697,1,1,1,0,0,0,0,53,-1,-1,57,1,0,4,0.2,0,0.0,0,0,57,0.06443081983934204,2.942473455528408,5
Proposed smooth SAC,smooth,3,70,12070,enlarged_delay_only,0,0.0,0.0,0.0,0.0,1.0,1.0,1.0,1.6986806001597525,76.52323330972095,1,1,1,0,0,0,0,44,-1,-1,48,1,0,4,0.2,0,0.0,0,0,48,0.0645838548536934,0.6496778288155338,5
Proposed smooth SAC,smooth,3,71,12071,enlarged_delay_only,0,0.0,0.0,0.0,0.0,1.0,1.0,1.0,2.6459208153503964,67.50779341665432,1,1,1,0,0,0,0,67,-1,-1,71,1,0,4,0.2,0,0.0,0,0,71,0.06845893894127708,1.3437618123547883,5
Proposed smooth SAC,smooth,3,72,12072,enlarged_delay_only,0,0.0,0.0,0.0,0.0,1.0,1.0,1.0,0.48175087121353316,49.596093601348606,1,1,1,0,0,0,0,29,-1,-1,33,1,0,4,0.2,0,0.0,0,0,33,0.038715878058741944,2.900597779170471,5
Proposed smooth SAC,smooth,3,73,12073,enlarged_delay_only,0,0.0,0.0,0.0,0.0,1.0,1.0,1.0,1.3565823895626754,84.90849262920553,1,1,1,0,0,0,0,46,-1,-1,50,1,0,4,0.2,0,0.0,0,0,50,0.058943163885066326,2.7103080685636813,5
Proposed smooth SAC,smooth,3,74,12074,enlarged_delay_only,0,0.0,0.0,0.0,0.0,1.0,1.0,1.0,2.034268978334935,63.584860606479154,1,1,1,0,0,0,0,53,-1,-1,57,1,0,4,0.2,0,0.0,0,0,57,0.0665098916774539,0.03345407312163073,5
Proposed smooth SAC,smooth,3,75,12075,enlarged_delay_only,0,0.0,0.0,0.0,0.0,1.0,1.0,1.0,2.7867133802887056,59.621185717904865,1,1,1,0,0,0,0,70,-1,-1,74,1,0,4,0.2,0,0.0,0,0,74,0.06158845967964914,1.0824277823744048,5
Proposed smooth SAC,smooth,3,76,12076,enlarged_delay_only,0,0.0,0.0,0.0,0.0,1.0,1.0,1.0,1.4672375160200708,30.3721436917542,1,1,1,0,0,0,0,41,-1,-1,45,1,0,4,0.2,0,0.0,0,0,45,0.07160229389907703,1.5943342389675819,5
Proposed smooth SAC,smooth,3,77,12077,enlarged_delay_only,0,0.0,0.0,0.0,0.0,1.0,1.0,1.0,1.9775577095396648,51.41426263764932,1,1,1,0,0,0,0,53,-1,-1,57,1,0,4,0.2,0,0.0,0,0,57,0.06627648361480705,0.7257913224920404,5
Proposed smooth SAC,smooth,3,78,12078,enlarged_delay_only,0,0.0,0.0,0.0,0.0,1.0,1.0,1.0,2.327760709820301,60.008956047653996,1,1,1,0,0,0,0,62,-1,-1,66,1,0,4,0.2,0,0.0,0,0,66,0.044895643952510764,3.440347075028382,5
Proposed smooth SAC,smooth,3,79,12079,enlarged_delay_only,0,0.0,0.0,0.0,0.0,1.0,1.0,1.0,1.5278991276633485,40.17317828277736,1,1,1,0,0,0,0,44,-1,-1,48,1,0,4,0.2,0,0.0,0,0,48,0.06917147951651,2.027513053701136,5
Proposed smooth SAC,smooth,3,80,12080,enlarged_delay_only,0,0.0,0.0,0.0,0.0,1.0,1.0,1.0,2.3192768073204557,47.36251928991689,1,1,1,0,0,0,0,61,-1,-1,65,1,0,4,0.2,0,0.0,0,0,65,0.05581737673525787,0.26650699114216886,5
Proposed smooth SAC,smooth,3,81,12081,enlarged_delay_only,0,0.0,0.0,0.0,0.0,1.0,1.0,1.0,2.348060423688873,77.305474384795,1,1,1,0,0,0,0,61,-1,-1,65,1,0,4,0.2,0,0.0,0,0,65,0.06296829735205256,1.4611312494437585,5
Proposed smooth SAC,smooth,3,82,12082,enlarged_delay_only,0,0.0,0.0,0.0,0.0,1.0,1.0,1.0,1.657062365864348,55.61082307125895,1,1,1,0,0,0,0,44,-1,-1,48,1,0,4,0.2,0,0.0,0,0,48,0.05836870706504314,2.6578639551256193,5
Proposed smooth SAC,smooth,3,83,12083,enlarged_delay_only,0,0.0,0.0,0.0,0.0,1.0,1.0,1.0,1.7829506075254924,2.609497891508878,1,1,1,0,0,0,0,42,-1,-1,46,1,0,4,0.2,0,0.0,0,0,46,0.058010987547805315,3.215746336012856,5
Proposed smooth SAC,smooth,3,84,12084,enlarged_delay_only,0,0.0,0.0,0.0,0.0,1.0,1.0,1.0,1.6404890956693123,1.3837049720644343,1,1,1,0,0,0,0,45,-1,-1,49,1,0,4,0.2,0,0.0,0,0,49,0.0647925992674839,3.8756273468704783,5
Proposed smooth SAC,smooth,3,85,12085,enlarged_delay_only,0,0.0,0.0,0.0,0.0,1.0,1.0,1.0,2.497746521837666,36.904581010184,1,1,1,0,0,0,0,60,-1,-1,64,1,0,4,0.2,0,0.0,0,0,64,0.0759333802172953,1.1907363331991185,5
Proposed smooth SAC,smooth,3,86,12086,enlarged_delay_only,0,0.0,0.0,0.0,0.0,1.0,1.0,1.0,1.8263883792562778,0.33389918702221527,1,1,1,0,0,0,0,46,-1,-1,50,1,0,4,0.2,0,0.0,0,0,50,0.06407528546285525,0.701929949904895,5
Proposed smooth SAC,smooth,3,87,12087,enlarged_delay_only,0,0.0,0.0,0.0,0.0,1.0,1.0,1.0,2.03592606033529,9.710697655286923,1,1,1,0,0,0,0,48,-1,-1,52,1,0,4,0.2,0,0.0,0,0,52,0.05557852169325474,0.3719914988689202,5
Proposed smooth SAC,smooth,3,88,12088,enlarged_delay_only,0,0.0,0.0,0.0,0.0,1.0,1.0,1.0,2.799243954274032,20.695729317232512,1,1,1,0,0,0,0,62,-1,-1,66,1,0,4,0.2,0,0.0,0,0,66,0.05692533284768379,0.28497707663792626,5
Proposed smooth SAC,smooth,3,89,12089,enlarged_delay_only,0,0.0,0.0,0.0,0.0,1.0,1.0,1.0,1.9684957245170929,46.29750155301514,1,1,1,0,0,0,0,53,-1,-1,57,1,0,4,0.2,0,0.0,0,0,57,0.06442370307849904,0.5178642491792792,5
Proposed smooth SAC,smooth,3,90,12090,enlarged_delay_only,0,0.0,0.0,0.0,0.0,1.0,1.0,1.0,1.911320050192248,50.27198521595098,1,1,1,0,0,0,0,51,-1,-1,55,1,0,4,0.2,0,0.0,0,0,55,0.06328261479830177,1.5526329458768922,5
Proposed smooth SAC,smooth,3,91,12091,enlarged_delay_only,0,0.0,0.0,0.0,0.0,1.0,1.0,1.0,2.127844865867529,32.123072930770725,1,1,1,0,0,0,0,58,-1,-1,62,1,0,4,0.2,0,0.0,0,0,62,0.06329708898396308,3.1438944534916144,5
Proposed smooth SAC,smooth,3,92,12092,enlarged_delay_only,0,0.0,0.0,0.0,0.0,1.0,1.0,1.0,2.1800958407414126,47.35001662864118,1,1,1,0,0,0,0,48,-1,-1,52,1,0,4,0.2,0,0.0,0,0,52,0.06221108433627908,2.3022369224973884,5
Proposed smooth SAC,smooth,3,93,12093,enlarged_delay_only,0,0.0,0.0,0.0,0.0,1.0,1.0,1.0,3.259884867767638,59.350430189016386,1,1,1,0,0,0,0,66,-1,-1,70,1,0,4,0.2,0,0.0,0,0,70,0.08387989562439402,2.2695510522242928,5
Proposed smooth SAC,smooth,3,94,12094,enlarged_delay_only,0,0.0,0.0,0.0,0.0,1.0,1.0,1.0,0.7611576363914472,18.846404373032783,1,1,1,0,0,0,0,29,-1,-1,33,1,0,4,0.2,0,0.0,0,0,33,0.06472891886313684,1.3417002691642081,5
Proposed smooth SAC,smooth,3,95,12095,enlarged_delay_only,0,0.0,0.0,0.0,0.0,1.0,1.0,1.0,2.315981959981536,11.583421973809466,1,1,1,0,0,0,0,52,-1,-1,56,1,0,4,0.2,0,0.0,0,0,56,0.06669920410912582,0.24544124699882147,5
Proposed smooth SAC,smooth,3,96,12096,enlarged_delay_only,0,0.0,0.0,0.0,0.0,1.0,1.0,1.0,2.6433593115574596,23.402961879678983,1,1,1,0,0,0,0,63,-1,-1,67,1,0,4,0.2,0,0.0,0,0,67,0.06686508201582142,1.8280307622451548,5
Proposed smooth SAC,smooth,3,97,12097,enlarged_delay_only,0,0.0,0.0,0.0,0.0,1.0,1.0,1.0,2.517006739513531,35.98333875531102,1,1,1,0,0,0,0,53,-1,-1,57,1,0,4,0.2,0,0.0,0,0,57,0.055610173564452935,0.6863012497842893,5
Proposed smooth SAC,smooth,3,98,12098,enlarged_delay_only,0,0.0,0.0,0.0,0.0,1.0,1.0,1.0,3.120283930411399,82.53858091175118,1,1,1,0,0,0,0,70,-1,-1,74,1,0,4,0.2,0,0.0,0,0,74,0.06945459682967471,0.10578873795940119,5
Proposed smooth SAC,smooth,3,99,12099,enlarged_delay_only,0,0.0,0.0,0.0,0.0,1.0,1.0,1.0,0.19539344804534206,10.475630177230514,1,1,1,0,0,0,0,13,-1,-1,17,1,0,4,0.2,0,0.0,0,0,17,0.08868470125889331,0.6377971950019727,5
Proposed smooth SAC,smooth,4,0,12000,enlarged_delay_only,0,0.0,0.0,0.0,0.0,1.0,1.0,1.0,1.4011169590411672,3.680448288035017,1,1,1,0,0,0,0,34,-1,-1,38,1,0,4,0.2,0,0.0,0,0,38,0.04098774572637464,1.538882067530364,5
Proposed smooth SAC,smooth,4,1,12001,enlarged_delay_only,0,0.0,0.0,0.0,0.0,1.0,1.0,1.0,1.8698938269216967,60.07772922240686,1,1,1,0,0,0,0,53,-1,-1,57,1,0,4,0.2,0,0.0,0,0,57,0.06581916405341638,0.8308713816343064,5
Proposed smooth SAC,smooth,4,2,12002,enlarged_delay_only,0,0.0,0.0,0.0,0.0,1.0,1.0,1.0,1.5052862077716045,52.14187244464703,1,1,1,0,0,0,0,52,-1,-1,56,1,0,4,0.2,0,0.0,0,0,56,0.04614206893497225,2.688382947884529,5
Proposed smooth SAC,smooth,4,3,12003,enlarged_delay_only,0,0.0,0.0,0.0,0.0,1.0,1.0,1.0,1.11052274394814,63.72168295593285,1,1,1,0,0,0,0,35,-1,-1,39,1,0,4,0.2,0,0.0,0,0,39,0.05316180326281038,2.6730895140026356,5
Proposed smooth SAC,smooth,4,4,12004,enlarged_delay_only,0,0.0,0.0,0.0,0.0,1.0,1.0,1.0,2.0622948587954135,27.609846144219087,1,1,1,0,0,0,0,53,-1,-1,57,1,0,4,0.2,0,0.0,0,0,57,0.06779851964344162,0.8220838630194091,5
Proposed smooth SAC,smooth,4,5,12005,enlarged_delay_only,0,0.0,0.0,0.0,0.0,1.0,1.0,1.0,0.7836208893081577,86.33696522241115,1,1,1,0,0,0,0,35,-1,-1,39,1,0,4,0.2,0,0.0,0,0,39,0.07147058076427229,1.452579105550962,5
Proposed smooth SAC,smooth,4,6,12006,enlarged_delay_only,0,0.0,0.0,0.0,0.0,1.0,1.0,1.0,1.4039658384766267,70.50865751906693,1,1,1,0,0,0,0,44,-1,-1,48,1,0,4,0.2,0,0.0,0,0,48,0.04215633816601625,2.0521651274064157,5
Proposed smooth SAC,smooth,4,7,12007,enlarged_delay_only,0,0.0,0.0,0.0,0.0,1.0,1.0,1.0,2.023389540687327,41.417218692919725,1,1,1,0,0,0,0,57,-1,-1,61,1,0,4,0.2,0,0.0,0,0,61,0.0790721104830068,1.5026466333229769,5
Proposed smooth SAC,smooth,4,8,12008,enlarged_delay_only,0,0.0,0.0,0.0,0.0,1.0,1.0,1.0,0.6761041193866284,47.03972454974209,1,1,1,0,0,0,0,30,-1,-1,34,1,0,4,0.2,0,0.0,0,0,34,0.0778312880590578,1.868913926739324,5
Proposed smooth SAC,smooth,4,9,12009,enlarged_delay_only,0,0.0,0.0,0.0,0.0,1.0,1.0,1.0,0.8365610729382312,17.566701837686487,1,1,1,0,0,0,0,36,-1,-1,40,1,0,4,0.2,0,0.0,0,0,40,0.06775876560638194,1.7630495164204172,5
Proposed smooth SAC,smooth,4,10,12010,enlarged_delay_only,0,0.0,0.0,0.0,0.0,1.0,1.0,1.0,2.0882312594206844,67.10242168941406,1,1,1,0,0,0,0,53,-1,-1,57,1,0,4,0.2,0,0.0,0,0,57,0.06408063759310935,1.0455635438765536,5
Proposed smooth SAC,smooth,4,11,12011,enlarged_delay_only,0,0.0,0.0,0.0,0.0,1.0,1.0,1.0,1.0363136503576447,39.13181690606595,1,1,1,0,0,0,0,35,-1,-1,39,1,0,4,0.2,0,0.0,0,0,39,0.0739284413762917,0.21419982833305093,5
Proposed smooth SAC,smooth,4,12,12012,enlarged_delay_only,0,0.0,0.0,0.0,0.0,1.0,1.0,1.0,1.0633346171025668,74.10415106043168,1,1,1,0,0,0,0,42,-1,-1,46,1,0,4,0.2,0,0.0,0,0,46,0.06540956823961214,0.7542933817333862,5
Proposed smooth SAC,smooth,4,13,12013,enlarged_delay_only,0,0.0,0.0,0.0,0.0,1.0,1.0,1.0,2.9321695975105375,64.82631579002067,1,1,1,0,0,0,0,66,-1,-1,70,1,0,4,0.2,0,0.0,0,0,70,0.03884250755522227,2.7270567596256106,5
Proposed smooth SAC,smooth,4,14,12014,enlarged_delay_only,0,0.0,0.0,0.0,0.0,1.0,1.0,1.0,1.5727126782681156,69.85363554747353,1,1,1,0,0,0,0,53,-1,-1,57,1,0,4,0.2,0,0.0,0,0,57,0.06606248253217478,2.9125363095094188,5
Proposed smooth SAC,smooth,4,15,12015,enlarged_delay_only,0,0.0,0.0,0.0,0.0,1.0,1.0,1.0,1.7941221940119125,66.18821452938619,1,1,1,0,0,0,0,50,-1,-1,54,1,0,4,0.2,0,0.0,0,0,54,0.052257102963104124,2.763433066484629,5
Proposed smooth SAC,smooth,4,16,12016,enlarged_delay_only,0,0.0,0.0,0.0,0.0,1.0,1.0,1.0,2.0956191639967527,80.76412508613855,1,1,1,0,0,0,0,54,-1,-1,58,1,0,4,0.2,0,0.0,0,0,58,0.03841935666801155,0.8086334596355085,5
Proposed smooth SAC,smooth,4,17,12017,enlarged_delay_only,0,0.0,0.0,0.0,0.0,1.0,1.0,1.0,2.3497476747776798,68.42664510531779,1,1,1,0,0,0,0,61,-1,-1,65,1,0,4,0.2,0,0.0,0,0,65,0.0789982725786872,2.2857676288611954,5
Proposed smooth SAC,smooth,4,18,12018,enlarged_delay_only,0,0.0,0.0,0.0,0.0,1.0,1.0,1.0,1.3063656328926654,58.185179426044705,1,1,1,0,0,0,0,40,-1,-1,44,1,0,4,0.2,0,0.0,0,0,44,0.07865349495841457,0.660192638238504,5
Proposed smooth SAC,smooth,4,19,12019,enlarged_delay_only,0,0.0,0.0,0.0,0.0,1.0,1.0,1.0,1.569053725441394,46.92282244700273,1,1,1,0,0,0,0,46,-1,-1,50,1,0,4,0.2,0,0.0,0,0,50,0.0722144762670605,1.0177617924685456,5
Proposed smooth SAC,smooth,4,20,12020,enlarged_delay_only,0,0.0,0.0,0.0,0.0,1.0,1.0,1.0,2.8509785660679805,57.54032760612546,1,1,1,0,0,0,0,68,-1,-1,72,1,0,4,0.2,0,0.0,0,0,72,0.06629090240479732,3.0795822460404207,5
Proposed smooth SAC,smooth,4,21,12021,enlarged_delay_only,0,0.0,0.0,0.0,0.0,1.0,1.0,1.0,1.721321109839246,84.23015922197487,1,1,1,0,0,0,0,50,-1,-1,54,1,0,4,0.2,0,0.0,0,0,54,0.0751991929591987,2.8140232104498555,5
Proposed smooth SAC,smooth,4,22,12022,enlarged_delay_only,0,0.0,0.0,0.0,0.0,1.0,1.0,1.0,2.0714459852992766,7.241713190147896,1,1,1,0,0,0,0,50,-1,-1,54,1,0,4,0.2,0,0.0,0,0,54,0.0627217589023326,0.7947170559233133,5
Proposed smooth SAC,smooth,4,23,12023,enlarged_delay_only,0,0.0,0.0,0.0,0.0,1.0,1.0,1.0,1.96706721911142,29.687929491648173,1,1,1,0,0,0,0,44,-1,-1,48,1,0,4,0.2,0,0.0,0,0,48,0.04756478146540094,0.3075794265815414,5
Proposed smooth SAC,smooth,4,24,12024,enlarged_delay_only,0,0.0,0.0,0.0,0.0,1.0,1.0,1.0,2.3296647946987346,59.32330750782227,1,1,1,0,0,0,0,61,-1,-1,65,1,0,4,0.2,0,0.0,0,0,65,0.07881489691196089,0.3271696364207545,5
Proposed smooth SAC,smooth,4,25,12025,enlarged_delay_only,0,0.0,0.0,0.0,0.0,1.0,1.0,1.0,1.7406706115734212,29.68845883130885,1,1,1,0,0,0,0,51,-1,-1,55,1,0,4,0.2,0,0.0,0,0,55,0.06288170366121582,0.8759379836342555,5
Proposed smooth SAC,smooth,4,26,12026,enlarged_delay_only,0,0.0,0.0,0.0,0.0,1.0,1.0,1.0,1.2890960116783232,58.822470226552745,1,1,1,0,0,0,0,42,-1,-1,46,1,0,4,0.2,0,0.0,0,0,46,0.07446935634357811,1.7354663310658496,5
Proposed smooth SAC,smooth,4,27,12027,enlarged_delay_only,0,0.0,0.0,0.0,0.0,1.0,1.0,1.0,1.679512651290201,27.36887877784833,1,1,1,0,0,0,0,46,-1,-1,50,1,0,4,0.2,0,0.0,0,0,50,0.055089310656216584,1.2089845709489828,5
Proposed smooth SAC,smooth,4,28,12028,enlarged_delay_only,0,0.0,0.0,0.0,0.0,1.0,1.0,1.0,2.161397968359572,63.816718208044406,1,1,1,0,0,0,0,57,-1,-1,61,1,0,4,0.2,0,0.0,0,0,61,0.07481318279241317,1.2719520849073302,5
Proposed smooth SAC,smooth,4,29,12029,enlarged_delay_only,0,0.0,0.0,0.0,0.0,1.0,1.0,1.0,1.4273638277059564,34.274883047648224,1,1,1,0,0,0,0,42,-1,-1,46,1,0,4,0.2,0,0.0,0,0,46,0.05922031833074101,1.9717097678518969,5
Proposed smooth SAC,smooth,4,30,12030,enlarged_delay_only,0,0.0,0.0,0.0,0.0,1.0,1.0,1.0,1.7462896683471236,26.955215200955678,1,1,1,0,0,0,0,47,-1,-1,51,1,0,4,0.2,0,0.0,0,0,51,0.07140192224062433,0.33404483547018055,5
Proposed smooth SAC,smooth,4,31,12031,enlarged_delay_only,0,0.0,0.0,0.0,0.0,1.0,1.0,1.0,0.831092090571535,57.81877392801937,1,1,1,0,0,0,0,38,-1,-1,42,1,0,4,0.2,0,0.0,0,0,42,0.0753665379278765,0.28049548536661945,5
Proposed smooth SAC,smooth,4,32,12032,enlarged_delay_only,0,0.0,0.0,0.0,0.0,1.0,1.0,1.0,2.3622064651248813,65.6166711298287,1,1,1,0,0,0,0,60,-1,-1,64,1,0,4,0.2,0,0.0,0,0,64,0.06215078916602285,2.0357630684448647,5
Proposed smooth SAC,smooth,4,33,12033,enlarged_delay_only,0,0.0,0.0,0.0,0.0,1.0,1.0,1.0,0.7030471412582213,16.83992189867294,1,1,1,0,0,0,0,37,-1,-1,41,1,0,4,0.2,0,0.0,0,0,41,0.08019676311905928,1.1451598682497985,5
Proposed smooth SAC,smooth,4,34,12034,enlarged_delay_only,0,0.0,0.0,0.0,0.0,1.0,1.0,1.0,2.282842407805926,24.938362791888462,1,1,1,0,0,0,0,62,-1,-1,66,1,0,4,0.2,0,0.0,0,0,66,0.06327735646196124,0.5816575756969636,5
Proposed smooth SAC,smooth,4,35,12035,enlarged_delay_only,0,0.0,0.0,0.0,0.0,1.0,1.0,1.0,2.371908074838775,71.96116554796184,1,1,1,0,0,0,0,62,-1,-1,66,1,0,4,0.2,0,0.0,0,0,66,0.07224345069895058,0.2434423761299614,5
Proposed smooth SAC,smooth,4,36,12036,enlarged_delay_only,0,0.0,0.0,0.0,0.0,1.0,1.0,1.0,0.8829462334714887,87.90779944848737,1,1,1,0,0,0,0,39,-1,-1,43,1,0,4,0.2,0,0.0,0,0,43,0.07061047389267125,2.231614687470161,5
Proposed smooth SAC,smooth,4,37,12037,enlarged_delay_only,0,0.0,0.0,0.0,0.0,1.0,1.0,1.0,0.817844285721509,43.45796651879823,1,1,1,0,0,0,0,34,-1,-1,38,1,0,4,0.2,0,0.0,0,0,38,0.08001430549273501,1.6062448082196148,5
Proposed smooth SAC,smooth,4,38,12038,enlarged_delay_only,0,0.0,0.0,0.0,0.0,1.0,1.0,1.0,1.5743284929286714,57.88825061225674,1,1,1,0,0,0,0,42,-1,-1,46,1,0,4,0.2,0,0.0,0,0,46,0.0620724433248835,0.13675914352344637,5
Proposed smooth SAC,smooth,4,39,12039,enlarged_delay_only,0,0.0,0.0,0.0,0.0,1.0,1.0,1.0,0.8994689163493125,9.298986658723248,1,1,1,0,0,0,0,37,-1,-1,41,1,0,4,0.2,0,0.0,0,0,41,0.06273562734643268,0.1513456128056036,5
Proposed smooth SAC,smooth,4,40,12040,enlarged_delay_only,0,0.0,0.0,0.0,0.0,1.0,1.0,1.0,1.8657719186487738,68.44804408798744,1,1,1,0,0,0,0,49,-1,-1,53,1,0,4,0.2,0,0.0,0,0,53,0.07021313536830198,2.195249266225132,5
Proposed smooth SAC,smooth,4,41,12041,enlarged_delay_only,0,0.0,0.0,0.0,0.0,1.0,1.0,1.0,2.1801507199074694,36.011752342258276,1,1,1,0,0,0,0,50,-1,-1,54,1,0,4,0.2,0,0.0,0,0,54,0.06527599576339356,0.05935847935350984,5
Proposed smooth SAC,smooth,4,42,12042,enlarged_delay_only,0,0.0,0.0,0.0,0.0,1.0,1.0,1.0,2.890509486387824,8.39370570216694,1,1,1,0,0,0,0,70,-1,-1,74,1,0,4,0.2,0,0.0,0,0,74,0.07132376582259539,3.3486003455587743,5
Proposed smooth SAC,smooth,4,43,12043,enlarged_delay_only,0,0.0,0.0,0.0,0.0,1.0,1.0,1.0,1.4295379479494126,86.66219834011966,1,1,1,0,0,0,0,50,-1,-1,54,1,0,4,0.2,0,0.0,0,0,54,0.050007708588008896,3.185712713571841,5
Proposed smooth SAC,smooth,4,44,12044,enlarged_delay_only,0,0.0,0.0,0.0,0.0,1.0,1.0,1.0,1.4633774253790757,25.79388667411487,1,1,1,0,0,0,0,47,-1,-1,51,1,0,4,0.2,0,0.0,0,0,51,0.06782188408131493,0.7070043002105385,5
Proposed smooth SAC,smooth,4,45,12045,enlarged_delay_only,0,0.0,0.0,0.0,0.0,1.0,1.0,1.0,2.7817081294799144,45.277112272150255,1,1,1,0,0,0,0,69,-1,-1,73,1,0,4,0.2,0,0.0,0,0,73,0.08535069774009342,0.6927250426986863,5
Proposed smooth SAC,smooth,4,46,12046,enlarged_delay_only,0,0.0,0.0,0.0,0.0,1.0,1.0,1.0,2.448255495287487,6.5296484668143195,1,1,1,0,0,0,0,57,-1,-1,61,1,0,4,0.2,0,0.0,0,0,61,0.05991428321545981,2.515423561636177,5
Proposed smooth SAC,smooth,4,47,12047,enlarged_delay_only,0,0.0,0.0,0.0,0.0,1.0,1.0,1.0,2.0375889749407565,48.300679923363994,1,1,1,0,0,0,0,59,-1,-1,63,1,0,4,0.2,0,0.0,0,0,63,0.04788688748143729,3.2059240970995546,5
Proposed smooth SAC,smooth,4,48,12048,enlarged_delay_only,0,0.0,0.0,0.0,0.0,1.0,1.0,1.0,1.595910055499794,38.132652438046875,1,1,1,0,0,0,0,46,-1,-1,50,1,0,4,0.2,0,0.0,0,0,50,0.07165840595429786,1.63780796614789,5
Proposed smooth SAC,smooth,4,49,12049,enlarged_delay_only,0,0.0,0.0,0.0,0.0,1.0,1.0,1.0,1.5300451933387877,9.115019782297185,1,1,1,0,0,0,0,45,-1,-1,49,1,0,4,0.2,0,0.0,0,0,49,0.0660856990877994,2.0284056740482916,5
Proposed smooth SAC,smooth,4,50,12050,enlarged_delay_only,0,0.0,0.0,0.0,0.0,1.0,1.0,1.0,2.262693545269486,73.02772690761601,1,1,1,0,0,0,0,53,-1,-1,57,1,0,4,0.2,0,0.0,0,0,57,0.059981296104978946,3.296982044680049,5
Proposed smooth SAC,smooth,4,51,12051,enlarged_delay_only,0,0.0,0.0,0.0,0.0,1.0,1.0,1.0,1.6263518811985,35.99433194478016,1,1,1,0,0,0,0,48,-1,-1,52,1,0,4,0.2,0,0.0,0,0,52,0.05984109642811809,3.536828833140101,5
Proposed smooth SAC,smooth,4,52,12052,enlarged_delay_only,0,0.0,0.0,0.0,0.0,1.0,1.0,1.0,0.7048587995105587,83.91519870877808,1,1,1,0,0,0,0,37,-1,-1,41,1,0,4,0.2,0,0.0,0,0,41,0.025132825633935423,2.8941001348356736,5
Proposed smooth SAC,smooth,4,53,12053,enlarged_delay_only,0,0.0,0.0,0.0,0.0,1.0,1.0,1.0,1.470188620244381,45.138920469767974,1,1,1,0,0,0,0,47,-1,-1,51,1,0,4,0.2,0,0.0,0,0,51,0.0640791460731051,2.6682765785153038,5
Proposed smooth SAC,smooth,4,54,12054,enlarged_delay_only,0,0.0,0.0,0.0,0.0,1.0,1.0,1.0,2.2790002868522827,82.51781713667434,1,1,1,0,0,0,0,65,-1,-1,69,1,0,4,0.2,0,0.0,0,0,69,0.06432439668523982,0.03903096593463911,5
Proposed smooth SAC,smooth,4,55,12055,enlarged_delay_only,0,0.0,0.0,0.0,0.0,1.0,1.0,1.0,2.8850994760210127,23.46271066699096,1,1,1,0,0,0,0,66,-1,-1,70,1,0,4,0.2,0,0.0,0,0,70,0.06991328573838658,0.615273045388269,5
Proposed smooth SAC,smooth,4,56,12056,enlarged_delay_only,0,0.0,0.0,0.0,0.0,1.0,1.0,1.0,1.826905546699788,11.925707512554547,1,1,1,0,0,0,0,45,-1,-1,49,1,0,4,0.2,0,0.0,0,0,49,0.06146934131351559,3.688688484381814,5
Proposed smooth SAC,smooth,4,57,12057,enlarged_delay_only,0,0.0,0.0,0.0,0.0,1.0,1.0,1.0,1.7691751722646727,27.276807827836556,1,1,1,0,0,0,0,50,-1,-1,54,1,0,4,0.2,0,0.0,0,0,54,0.07076527620315222,0.09618317745936913,5
Proposed smooth SAC,smooth,4,58,12058,enlarged_delay_only,0,0.0,0.0,0.0,0.0,1.0,1.0,1.0,2.3268545695420997,62.93145738971906,1,1,1,0,0,0,0,63,-1,-1,67,1,0,4,0.2,0,0.0,0,0,67,0.07589816102635732,0.032081628650227983,5
Proposed smooth SAC,smooth,4,59,12059,enlarged_delay_only,0,0.0,0.0,0.0,0.0,1.0,1.0,1.0,2.1903482121613216,54.840688506488746,1,1,1,0,0,0,0,62,-1,-1,66,1,0,4,0.2,0,0.0,0,0,66,0.07003551832770318,3.1758027494163867,5
Proposed smooth SAC,smooth,4,60,12060,enlarged_delay_only,0,0.0,0.0,0.0,0.0,1.0,1.0,1.0,1.0973360553047116,33.91806713521758,1,1,1,0,0,0,0,32,-1,-1,36,1,0,4,0.2,0,0.0,0,0,36,0.05122805115139418,0.5890005626632562,5
Proposed smooth SAC,smooth,4,61,12061,enlarged_delay_only,0,0.0,0.0,0.0,0.0,1.0,1.0,1.0,1.936928029361262,42.58082679539602,1,1,1,0,0,0,0,49,-1,-1,53,1,0,4,0.2,0,0.0,0,0,53,0.064470609793629,1.30169947973344,5
Proposed smooth SAC,smooth,4,62,12062,enlarged_delay_only,0,0.0,0.0,0.0,0.0,1.0,1.0,1.0,1.8981880108378766,55.958209907540386,1,1,1,0,0,0,0,49,-1,-1,53,1,0,4,0.2,0,0.0,0,0,53,0.07231739452985804,0.8582874407976203,5
Proposed smooth SAC,smooth,4,63,12063,enlarged_delay_only,0,0.0,0.0,0.0,0.0,1.0,1.0,1.0,1.3410819077846639,71.65242733709893,1,1,1,0,0,0,0,45,-1,-1,49,1,0,4,0.2,0,0.0,0,0,49,0.06079970355014948,2.3516593175579548,5
Proposed smooth SAC,smooth,4,64,12064,enlarged_delay_only,0,0.0,0.0,0.0,0.0,1.0,1.0,1.0,3.236122857778983,77.84361815931113,1,1,1,0,0,0,0,74,-1,-1,78,1,0,4,0.2,0,0.0,0,0,78,0.0752713787281382,1.374939918368604,5
Proposed smooth SAC,smooth,4,65,12065,enlarged_delay_only,0,0.0,0.0,0.0,0.0,1.0,1.0,1.0,2.27680658754703,16.046224888813487,1,1,1,0,0,0,0,56,-1,-1,60,1,0,4,0.2,0,0.0,0,0,60,0.07105569939712741,1.0680865195514937,5
Proposed smooth SAC,smooth,4,66,12066,enlarged_delay_only,0,0.0,0.0,0.0,0.0,1.0,1.0,1.0,0.7254567305431476,42.00001141404023,1,1,1,0,0,0,0,30,-1,-1,34,1,0,4,0.2,0,0.0,0,0,34,0.07027271900332265,2.9910674767086984,5
Proposed smooth SAC,smooth,4,67,12067,enlarged_delay_only,0,0.0,0.0,0.0,0.0,1.0,1.0,1.0,1.5334421939190404,11.645351299013972,1,1,1,0,0,0,0,45,-1,-1,49,1,0,4,0.2,0,0.0,0,0,49,0.07184156688374196,2.0258390170242477,5
Proposed smooth SAC,smooth,4,68,12068,enlarged_delay_only,0,0.0,0.0,0.0,0.0,1.0,1.0,1.0,1.8681160247703945,59.46436457456137,1,1,1,0,0,0,0,52,-1,-1,56,1,0,4,0.2,0,0.0,0,0,56,0.07126950822373737,1.5998635972658246,5
Proposed smooth SAC,smooth,4,69,12069,enlarged_delay_only,0,0.0,0.0,0.0,0.0,1.0,1.0,1.0,1.886519728757838,51.09646759594697,1,1,1,0,0,0,0,53,-1,-1,57,1,0,4,0.2,0,0.0,0,0,57,0.07009451038100802,1.5080477121308704,5
Proposed smooth SAC,smooth,4,70,12070,enlarged_delay_only,0,0.0,0.0,0.0,0.0,1.0,1.0,1.0,1.6986806001597525,76.52323330972095,1,1,1,0,0,0,0,44,-1,-1,48,1,0,4,0.2,0,0.0,0,0,48,0.06698007454745376,2.61406365952562,5
Proposed smooth SAC,smooth,4,71,12071,enlarged_delay_only,0,0.0,0.0,0.0,0.0,1.0,1.0,1.0,2.6459208153503964,67.50779341665432,1,1,1,0,0,0,0,63,-1,-1,67,1,0,4,0.2,0,0.0,0,0,67,0.06961683498908108,0.5400537195236523,5
Proposed smooth SAC,smooth,4,72,12072,enlarged_delay_only,0,0.0,0.0,0.0,0.0,1.0,1.0,1.0,0.48175087121353316,49.596093601348606,1,1,1,0,0,0,0,26,-1,-1,30,1,0,4,0.2,0,0.0,0,0,30,0.02993604670039292,2.160231526680711,5
Proposed smooth SAC,smooth,4,73,12073,enlarged_delay_only,0,0.0,0.0,0.0,0.0,1.0,1.0,1.0,1.3565823895626754,84.90849262920553,1,1,1,0,0,0,0,43,-1,-1,47,1,0,4,0.2,0,0.0,0,0,47,0.054421271465060345,2.2219341749821373,5
Proposed smooth SAC,smooth,4,74,12074,enlarged_delay_only,0,0.0,0.0,0.0,0.0,1.0,1.0,1.0,2.034268978334935,63.584860606479154,1,1,1,0,0,0,0,50,-1,-1,54,1,0,4,0.2,0,0.0,0,0,54,0.06930003878237789,2.529601540249242,5
Proposed smooth SAC,smooth,4,75,12075,enlarged_delay_only,0,0.0,0.0,0.0,0.0,1.0,1.0,1.0,2.7867133802887056,59.621185717904865,1,1,1,0,0,0,0,72,-1,-1,76,1,0,4,0.2,0,0.0,0,0,76,0.0771224218150734,0.4231045525120495,5
Proposed smooth SAC,smooth,4,76,12076,enlarged_delay_only,0,0.0,0.0,0.0,0.0,1.0,1.0,1.0,1.4672375160200708,30.3721436917542,1,1,1,0,0,0,0,40,-1,-1,44,1,0,4,0.2,0,0.0,0,0,44,0.0672904718197778,1.4260091360710836,5
Proposed smooth SAC,smooth,4,77,12077,enlarged_delay_only,0,0.0,0.0,0.0,0.0,1.0,1.0,1.0,1.9775577095396648,51.41426263764932,1,1,1,0,0,0,0,51,-1,-1,55,1,0,4,0.2,0,0.0,0,0,55,0.07042319197261855,0.07170706116649621,5
Proposed smooth SAC,smooth,4,78,12078,enlarged_delay_only,0,0.0,0.0,0.0,0.0,1.0,1.0,1.0,2.327760709820301,60.008956047653996,1,1,1,0,0,0,0,62,-1,-1,66,1,0,4,0.2,0,0.0,0,0,66,0.05009563222707385,0.5961361359943625,5
Proposed smooth SAC,smooth,4,79,12079,enlarged_delay_only,0,0.0,0.0,0.0,0.0,1.0,1.0,1.0,1.5278991276633485,40.17317828277736,1,1,1,0,0,0,0,44,-1,-1,48,1,0,4,0.2,0,0.0,0,0,48,0.06761718348329356,1.117408169321802,5
Proposed smooth SAC,smooth,4,80,12080,enlarged_delay_only,0,0.0,0.0,0.0,0.0,1.0,1.0,1.0,2.3192768073204557,47.36251928991689,1,1,1,0,0,0,0,66,-1,-1,70,1,0,4,0.2,0,0.0,0,0,70,0.07432412534350767,1.70303125680134,5
Proposed smooth SAC,smooth,4,81,12081,enlarged_delay_only,0,0.0,0.0,0.0,0.0,1.0,1.0,1.0,2.348060423688873,77.305474384795,1,1,1,0,0,0,0,62,-1,-1,66,1,0,4,0.2,0,0.0,0,0,66,0.07305303410337176,0.951780884425753,5
Proposed smooth SAC,smooth,4,82,12082,enlarged_delay_only,0,0.0,0.0,0.0,0.0,1.0,1.0,1.0,1.657062365864348,55.61082307125895,1,1,1,0,0,0,0,46,-1,-1,50,1,0,4,0.2,0,0.0,0,0,50,0.07027842807901662,0.02279821095415053,5
Proposed smooth SAC,smooth,4,83,12083,enlarged_delay_only,0,0.0,0.0,0.0,0.0,1.0,1.0,1.0,1.7829506075254924,2.609497891508878,1,1,1,0,0,0,0,42,-1,-1,46,1,0,4,0.2,0,0.0,0,0,46,0.03712025337928586,2.924128207747988,5
Proposed smooth SAC,smooth,4,84,12084,enlarged_delay_only,0,0.0,0.0,0.0,0.0,1.0,1.0,1.0,1.6404890956693123,1.3837049720644343,1,1,1,0,0,0,0,47,-1,-1,51,1,0,4,0.2,0,0.0,0,0,51,0.0714524186316642,0.15892668255728143,5
Proposed smooth SAC,smooth,4,85,12085,enlarged_delay_only,0,0.0,0.0,0.0,0.0,1.0,1.0,1.0,2.497746521837666,36.904581010184,1,1,1,0,0,0,0,60,-1,-1,64,1,0,4,0.2,0,0.0,0,0,64,0.07038481156500094,0.7827642782366439,5
Proposed smooth SAC,smooth,4,86,12086,enlarged_delay_only,0,0.0,0.0,0.0,0.0,1.0,1.0,1.0,1.8263883792562778,0.33389918702221527,1,1,1,0,0,0,0,53,-1,-1,57,1,0,4,0.2,0,0.0,0,0,57,0.07095413341196558,0.4237584364033724,5
Proposed smooth SAC,smooth,4,87,12087,enlarged_delay_only,0,0.0,0.0,0.0,0.0,1.0,1.0,1.0,2.03592606033529,9.710697655286923,1,1,1,0,0,0,0,49,-1,-1,53,1,0,4,0.2,0,0.0,0,0,53,0.06052616361009956,0.13315271026018707,5
Proposed smooth SAC,smooth,4,88,12088,enlarged_delay_only,0,0.0,0.0,0.0,0.0,1.0,1.0,1.0,2.799243954274032,20.695729317232512,1,1,1,0,0,0,0,62,-1,-1,66,1,0,4,0.2,0,0.0,0,0,66,0.06875323930526674,1.3302972683448717,5
Proposed smooth SAC,smooth,4,89,12089,enlarged_delay_only,0,0.0,0.0,0.0,0.0,1.0,1.0,1.0,1.9684957245170929,46.29750155301514,1,1,1,0,0,0,0,57,-1,-1,61,1,0,4,0.2,0,0.0,0,0,61,0.05635426059010744,3.5018206985492006,5
Proposed smooth SAC,smooth,4,90,12090,enlarged_delay_only,0,0.0,0.0,0.0,0.0,1.0,1.0,1.0,1.911320050192248,50.27198521595098,1,1,1,0,0,0,0,52,-1,-1,56,1,0,4,0.2,0,0.0,0,0,56,0.07216859204369594,1.6891885977878398,5
Proposed smooth SAC,smooth,4,91,12091,enlarged_delay_only,0,0.0,0.0,0.0,0.0,1.0,1.0,1.0,2.127844865867529,32.123072930770725,1,1,1,0,0,0,0,58,-1,-1,62,1,0,4,0.2,0,0.0,0,0,62,0.07267050670026198,0.07167126270431315,5
Proposed smooth SAC,smooth,4,92,12092,enlarged_delay_only,0,0.0,0.0,0.0,0.0,1.0,1.0,1.0,2.1800958407414126,47.35001662864118,1,1,1,0,0,0,0,50,-1,-1,54,1,0,4,0.2,0,0.0,0,0,54,0.06200558466938492,0.8702155657702542,5
Proposed smooth SAC,smooth,4,93,12093,enlarged_delay_only,0,0.0,0.0,0.0,0.0,1.0,1.0,1.0,3.259884867767638,59.350430189016386,1,1,1,0,0,0,0,76,-1,-1,80,1,0,4,0.2,0,0.0,0,0,80,0.06651192684519136,1.1219872775517667,5
Proposed smooth SAC,smooth,4,94,12094,enlarged_delay_only,0,0.0,0.0,0.0,0.0,1.0,1.0,1.0,0.7611576363914472,18.846404373032783,1,1,1,0,0,0,0,32,-1,-1,36,1,0,4,0.2,0,0.0,0,0,36,0.07325872490997104,0.8739087771205271,5
Proposed smooth SAC,smooth,4,95,12095,enlarged_delay_only,0,0.0,0.0,0.0,0.0,1.0,1.0,1.0,2.315981959981536,11.583421973809466,1,1,1,0,0,0,0,56,-1,-1,60,1,0,4,0.2,0,0.0,0,0,60,0.06411174141971657,0.6632543238948152,5
Proposed smooth SAC,smooth,4,96,12096,enlarged_delay_only,0,0.0,0.0,0.0,0.0,1.0,1.0,1.0,2.6433593115574596,23.402961879678983,1,1,1,0,0,0,0,60,-1,-1,64,1,0,4,0.2,0,0.0,0,0,64,0.06224736455749919,2.6431337984068404,5
Proposed smooth SAC,smooth,4,97,12097,enlarged_delay_only,0,0.0,0.0,0.0,0.0,1.0,1.0,1.0,2.517006739513531,35.98333875531102,1,1,1,0,0,0,0,62,-1,-1,66,1,0,4,0.2,0,0.0,0,0,66,0.037223381585179315,2.7071495329593733,5
Proposed smooth SAC,smooth,4,98,12098,enlarged_delay_only,0,0.0,0.0,0.0,0.0,1.0,1.0,1.0,3.120283930411399,82.53858091175118,1,1,1,0,0,0,0,71,-1,-1,75,1,0,4,0.2,0,0.0,0,0,75,0.07029198280595034,1.4012494868863759,5
Proposed smooth SAC,smooth,4,99,12099,enlarged_delay_only,0,0.0,0.0,0.0,0.0,1.0,1.0,1.0,0.19539344804534206,10.475630177230514,1,1,1,0,0,0,0,8,-1,-1,12,1,0,4,0.2,0,0.0,0,0,12,0.05170896356011375,0.7774839550388423,5
Proposed smooth SAC,smooth,0,0,12000,enlarged_delay_only,1,0.05,0.0,0.0,0.0,1.0,1.0,1.0,1.4011169590411672,3.680448288035017,1,1,1,0,0,0,0,43,-1,-1,47,1,0,4,0.2,0,0.0,0,0,47,0.07471839081677051,2.7983191114441155,5
Proposed smooth SAC,smooth,0,1,12001,enlarged_delay_only,1,0.05,0.0,0.0,0.0,1.0,1.0,1.0,1.8698938269216967,60.07772922240686,1,1,1,0,0,0,0,48,-1,-1,52,1,0,4,0.2,0,0.0,0,0,52,0.049660780307859045,0.4670094353837146,5
Proposed smooth SAC,smooth,0,2,12002,enlarged_delay_only,1,0.05,0.0,0.0,0.0,1.0,1.0,1.0,1.5052862077716045,52.14187244464703,1,1,1,0,0,0,0,49,-1,-1,53,1,0,4,0.2,0,0.0,0,0,53,0.06856916475987396,0.6578689865385245,5
Proposed smooth SAC,smooth,0,3,12003,enlarged_delay_only,1,0.05,0.0,0.0,0.0,1.0,1.0,1.0,1.11052274394814,63.72168295593285,1,1,1,0,0,0,0,41,-1,-1,45,1,0,4,0.2,0,0.0,0,0,45,0.06545467863022118,1.665400222847449,5
Proposed smooth SAC,smooth,0,4,12004,enlarged_delay_only,1,0.05,0.0,0.0,0.0,1.0,1.0,1.0,2.0622948587954135,27.609846144219087,1,1,1,0,0,0,0,63,-1,-1,67,1,0,4,0.2,0,0.0,0,0,67,0.07633378086880532,0.3300591532852136,5
Proposed smooth SAC,smooth,0,5,12005,enlarged_delay_only,1,0.05,0.0,0.0,0.0,1.0,1.0,1.0,0.7836208893081577,86.33696522241115,1,1,1,0,0,0,0,45,-1,-1,49,1,0,4,0.2,0,0.0,0,0,49,0.08010351198982846,0.5822578852919843,5
Proposed smooth SAC,smooth,0,6,12006,enlarged_delay_only,1,0.05,0.0,0.0,0.0,1.0,1.0,1.0,1.4039658384766267,70.50865751906693,1,1,1,0,0,0,0,58,-1,-1,62,1,0,4,0.2,0,0.0,0,0,62,0.07976925961356054,1.7949602669444225,5
Proposed smooth SAC,smooth,0,7,12007,enlarged_delay_only,1,0.05,0.0,0.0,0.0,1.0,1.0,1.0,2.023389540687327,41.417218692919725,1,1,1,0,0,0,0,57,-1,-1,61,1,0,4,0.2,0,0.0,0,0,61,0.06340980146345396,0.3672420094356755,5
Proposed smooth SAC,smooth,0,8,12008,enlarged_delay_only,1,0.05,0.0,0.0,0.0,1.0,1.0,1.0,0.6761041193866284,47.03972454974209,1,1,1,0,0,0,0,30,-1,-1,34,1,0,4,0.2,0,0.0,0,0,34,0.07300311409552454,1.8728615626361798,5
Proposed smooth SAC,smooth,0,9,12009,enlarged_delay_only,1,0.05,0.0,0.0,0.0,1.0,1.0,1.0,0.8365610729382312,17.566701837686487,1,1,1,0,0,0,0,39,-1,-1,43,1,0,4,0.2,0,0.0,0,0,43,0.0648600702293445,3.837236561093129,5
Proposed smooth SAC,smooth,0,10,12010,enlarged_delay_only,1,0.05,0.0,0.0,0.0,1.0,1.0,1.0,2.0882312594206844,67.10242168941406,1,1,1,0,0,0,0,54,-1,-1,58,1,0,4,0.2,0,0.0,0,0,58,0.06698881400014281,3.3251170879752125,5
Proposed smooth SAC,smooth,0,11,12011,enlarged_delay_only,1,0.05,0.0,0.0,0.0,1.0,1.0,1.0,1.0363136503576447,39.13181690606595,1,1,1,0,0,0,0,40,-1,-1,44,1,0,4,0.2,0,0.0,0,0,44,0.09299016442821792,0.6041343408733004,5
Proposed smooth SAC,smooth,0,12,12012,enlarged_delay_only,1,0.05,0.0,0.0,0.0,1.0,1.0,1.0,1.0633346171025668,74.10415106043168,1,1,1,0,0,0,0,47,-1,-1,51,1,0,4,0.2,0,0.0,0,0,51,0.07761858175992578,1.4149346246621426,5
Proposed smooth SAC,smooth,0,13,12013,enlarged_delay_only,1,0.05,0.0,0.0,0.0,1.0,1.0,1.0,2.9321695975105375,64.82631579002067,1,1,1,0,0,0,0,65,-1,-1,69,1,0,4,0.2,0,0.0,0,0,69,0.06941394869652678,0.30848997617526874,5
Proposed smooth SAC,smooth,0,14,12014,enlarged_delay_only,1,0.05,0.0,0.0,0.0,1.0,1.0,1.0,1.5727126782681156,69.85363554747353,1,1,1,0,0,0,0,48,-1,-1,52,1,0,4,0.2,0,0.0,0,0,52,0.06409397664320586,1.8258361370874652,5
Proposed smooth SAC,smooth,0,15,12015,enlarged_delay_only,1,0.05,0.0,0.0,0.0,1.0,1.0,1.0,1.7941221940119125,66.18821452938619,1,1,1,0,0,0,0,48,-1,-1,52,1,0,4,0.2,0,0.0,0,0,52,0.0642281392420721,1.3643358362387477,5
Proposed smooth SAC,smooth,0,16,12016,enlarged_delay_only,1,0.05,0.0,0.0,0.0,1.0,1.0,1.0,2.0956191639967527,80.76412508613855,1,1,1,0,0,0,0,60,-1,-1,64,1,0,4,0.2,0,0.0,0,0,64,0.06489794742464625,1.402310514085255,5
Proposed smooth SAC,smooth,0,17,12017,enlarged_delay_only,1,0.05,0.0,0.0,0.0,1.0,1.0,1.0,2.3497476747776798,68.42664510531779,1,1,1,0,0,0,0,59,-1,-1,63,1,0,4,0.2,0,0.0,0,0,63,0.06187335335825931,1.518061303062638,5
Proposed smooth SAC,smooth,0,18,12018,enlarged_delay_only,1,0.05,0.0,0.0,0.0,1.0,1.0,1.0,1.3063656328926654,58.185179426044705,1,1,1,0,0,0,0,38,-1,-1,42,1,0,4,0.2,0,0.0,0,0,42,0.07767152087065668,1.9885113928798934,5
Proposed smooth SAC,smooth,0,19,12019,enlarged_delay_only,1,0.05,0.0,0.0,0.0,1.0,1.0,1.0,1.569053725441394,46.92282244700273,1,1,0,1,0,1,1,73,77,110,119,3,2,46,2.3000000000000003,42,2.1,0,0,119,0.07950997269928878,4.984962766201854,5
Proposed smooth SAC,smooth,0,20,12020,enlarged_delay_only,1,0.05,0.0,0.0,0.0,1.0,1.0,1.0,2.8509785660679805,57.54032760612546,1,1,1,0,0,0,0,67,-1,-1,71,1,0,4,0.2,0,0.0,0,0,71,0.06047306676519951,0.8232287201181795,5
Proposed smooth SAC,smooth,0,21,12021,enlarged_delay_only,1,0.05,0.0,0.0,0.0,1.0,1.0,1.0,1.721321109839246,84.23015922197487,1,1,1,0,0,0,0,58,-1,-1,62,1,0,4,0.2,0,0.0,0,0,62,0.0693477410018829,1.2484987094013875,5
Proposed smooth SAC,smooth,0,22,12022,enlarged_delay_only,1,0.05,0.0,0.0,0.0,1.0,1.0,1.0,2.0714459852992766,7.241713190147896,1,1,1,0,0,0,0,54,-1,-1,58,1,0,4,0.2,0,0.0,0,0,58,0.07119101915026664,0.15437837687964795,5
Proposed smooth SAC,smooth,0,23,12023,enlarged_delay_only,1,0.05,0.0,0.0,0.0,1.0,1.0,1.0,1.96706721911142,29.687929491648173,1,1,1,0,0,0,0,56,-1,-1,60,1,0,4,0.2,0,0.0,0,0,60,0.07023038962629896,0.572829129307899,5
Proposed smooth SAC,smooth,0,24,12024,enlarged_delay_only,1,0.05,0.0,0.0,0.0,1.0,1.0,1.0,2.3296647946987346,59.32330750782227,1,1,1,0,0,0,0,69,-1,-1,73,1,0,4,0.2,0,0.0,0,0,73,0.07987254956949041,1.0769051475436264,5
Proposed smooth SAC,smooth,0,25,12025,enlarged_delay_only,1,0.05,0.0,0.0,0.0,1.0,1.0,1.0,1.7406706115734212,29.68845883130885,1,1,1,0,0,0,0,53,-1,-1,57,1,0,4,0.2,0,0.0,0,0,57,0.07028843647307449,0.6474685294232992,5
Proposed smooth SAC,smooth,0,26,12026,enlarged_delay_only,1,0.05,0.0,0.0,0.0,1.0,1.0,1.0,1.2890960116783232,58.822470226552745,1,1,1,0,0,0,0,52,-1,-1,56,1,0,4,0.2,0,0.0,0,0,56,0.075575981216784,2.7089142830861754,5
Proposed smooth SAC,smooth,0,27,12027,enlarged_delay_only,1,0.05,0.0,0.0,0.0,1.0,1.0,1.0,1.679512651290201,27.36887877784833,1,1,1,0,0,0,0,45,-1,-1,49,1,0,4,0.2,0,0.0,0,0,49,0.07414617440670913,2.4661981748444832,5
Proposed smooth SAC,smooth,0,28,12028,enlarged_delay_only,1,0.05,0.0,0.0,0.0,1.0,1.0,1.0,2.161397968359572,63.816718208044406,1,1,1,0,0,0,0,59,-1,-1,63,1,0,4,0.2,0,0.0,0,0,63,0.07184393939108788,2.2783865422459386,5
Proposed smooth SAC,smooth,0,29,12029,enlarged_delay_only,1,0.05,0.0,0.0,0.0,1.0,1.0,1.0,1.4273638277059564,34.274883047648224,1,1,1,0,0,0,0,45,-1,-1,49,1,0,4,0.2,0,0.0,0,0,49,0.08452417267465298,0.6816982358922297,5
Proposed smooth SAC,smooth,0,30,12030,enlarged_delay_only,1,0.05,0.0,0.0,0.0,1.0,1.0,1.0,1.7462896683471236,26.955215200955678,1,1,1,0,0,0,0,45,-1,-1,49,1,0,4,0.2,0,0.0,0,0,49,0.09624894179675596,2.1802074821254713,5
Proposed smooth SAC,smooth,0,31,12031,enlarged_delay_only,1,0.05,0.0,0.0,0.0,1.0,1.0,1.0,0.831092090571535,57.81877392801937,1,1,1,0,0,0,0,42,-1,-1,46,1,0,4,0.2,0,0.0,0,0,46,0.0728658211487258,2.271069061767328,5
Proposed smooth SAC,smooth,0,32,12032,enlarged_delay_only,1,0.05,0.0,0.0,0.0,1.0,1.0,1.0,2.3622064651248813,65.6166711298287,1,1,1,0,0,0,0,64,-1,-1,68,1,0,4,0.2,0,0.0,0,0,68,0.06102367804943034,1.1427964093535627,5
Proposed smooth SAC,smooth,0,33,12033,enlarged_delay_only,1,0.05,0.0,0.0,0.0,1.0,1.0,1.0,0.7030471412582213,16.83992189867294,1,1,1,0,0,0,0,29,-1,-1,33,1,0,4,0.2,0,0.0,0,0,33,0.06046029878254173,0.6946314125290604,5
Proposed smooth SAC,smooth,0,34,12034,enlarged_delay_only,1,0.05,0.0,0.0,0.0,1.0,1.0,1.0,2.282842407805926,24.938362791888462,1,1,1,0,0,0,0,59,-1,-1,63,1,0,4,0.2,0,0.0,0,0,63,0.045749388632078385,2.7702101082451627,5
Proposed smooth SAC,smooth,0,35,12035,enlarged_delay_only,1,0.05,0.0,0.0,0.0,1.0,1.0,1.0,2.371908074838775,71.96116554796184,1,1,1,0,0,0,0,67,-1,-1,71,1,0,4,0.2,0,0.0,0,0,71,0.07149051836243794,0.024989684486466393,5
Proposed smooth SAC,smooth,0,36,12036,enlarged_delay_only,1,0.05,0.0,0.0,0.0,1.0,1.0,1.0,0.8829462334714887,87.90779944848737,1,1,1,0,0,0,0,43,-1,-1,47,1,0,4,0.2,0,0.0,0,0,47,0.06383341540793333,3.1172357982742316,5
Proposed smooth SAC,smooth,0,37,12037,enlarged_delay_only,1,0.05,0.0,0.0,0.0,1.0,1.0,1.0,0.817844285721509,43.45796651879823,1,1,1,0,0,0,0,32,-1,-1,36,1,0,4,0.2,0,0.0,0,0,36,0.08486505498828543,1.3522104361929768,5
Proposed smooth SAC,smooth,0,38,12038,enlarged_delay_only,1,0.05,0.0,0.0,0.0,1.0,1.0,1.0,1.5743284929286714,57.88825061225674,1,1,1,0,0,0,0,47,-1,-1,51,1,0,4,0.2,0,0.0,0,0,51,0.07653311577959072,0.4912007381242833,5
Proposed smooth SAC,smooth,0,39,12039,enlarged_delay_only,1,0.05,0.0,0.0,0.0,1.0,1.0,1.0,0.8994689163493125,9.298986658723248,1,1,1,0,0,0,0,46,-1,-1,50,1,0,4,0.2,0,0.0,0,0,50,0.08677916864339703,0.43869592671605806,5
Proposed smooth SAC,smooth,0,40,12040,enlarged_delay_only,1,0.05,0.0,0.0,0.0,1.0,1.0,1.0,1.8657719186487738,68.44804408798744,1,1,1,0,0,0,0,57,-1,-1,61,1,0,4,0.2,0,0.0,0,0,61,0.08227045494882909,2.4576028086608455,5
Proposed smooth SAC,smooth,0,41,12041,enlarged_delay_only,1,0.05,0.0,0.0,0.0,1.0,1.0,1.0,2.1801507199074694,36.011752342258276,1,1,1,0,0,0,0,48,-1,-1,52,1,0,4,0.2,0,0.0,0,0,52,0.06503066438893028,3.5318938080213553,5
Proposed smooth SAC,smooth,0,42,12042,enlarged_delay_only,1,0.05,0.0,0.0,0.0,1.0,1.0,1.0,2.890509486387824,8.39370570216694,1,1,1,0,0,0,0,74,-1,-1,78,1,0,4,0.2,0,0.0,0,0,78,0.07000616495403583,0.115638824567805,5
Proposed smooth SAC,smooth,0,43,12043,enlarged_delay_only,1,0.05,0.0,0.0,0.0,1.0,1.0,1.0,1.4295379479494126,86.66219834011966,1,1,1,0,0,0,0,56,-1,-1,60,1,0,4,0.2,0,0.0,0,0,60,0.07066382909677862,3.186553040283164,5
Proposed smooth SAC,smooth,0,44,12044,enlarged_delay_only,1,0.05,0.0,0.0,0.0,1.0,1.0,1.0,1.4633774253790757,25.79388667411487,1,1,1,0,0,0,0,49,-1,-1,53,1,0,4,0.2,0,0.0,0,0,53,0.079144247748053,1.1940018039526192,5
Proposed smooth SAC,smooth,0,45,12045,enlarged_delay_only,1,0.05,0.0,0.0,0.0,1.0,1.0,1.0,2.7817081294799144,45.277112272150255,1,1,1,0,0,0,0,68,-1,-1,72,1,0,4,0.2,0,0.0,0,0,72,0.05908222242131477,0.872394556198047,5
Proposed smooth SAC,smooth,0,46,12046,enlarged_delay_only,1,0.05,0.0,0.0,0.0,1.0,1.0,1.0,2.448255495287487,6.5296484668143195,1,1,1,0,0,0,0,60,-1,-1,64,1,0,4,0.2,0,0.0,0,0,64,0.0735522623607996,1.3706910070963272,5
Proposed smooth SAC,smooth,0,47,12047,enlarged_delay_only,1,0.05,0.0,0.0,0.0,1.0,1.0,1.0,2.0375889749407565,48.300679923363994,1,1,1,0,0,0,0,59,-1,-1,63,1,0,4,0.2,0,0.0,0,0,63,0.07404665376777858,1.1822188738607011,5
Proposed smooth SAC,smooth,0,48,12048,enlarged_delay_only,1,0.05,0.0,0.0,0.0,1.0,1.0,1.0,1.595910055499794,38.132652438046875,1,1,1,0,0,0,0,44,-1,-1,48,1,0,4,0.2,0,0.0,0,0,48,0.07567252852230742,1.502528492394677,5
Proposed smooth SAC,smooth,0,49,12049,enlarged_delay_only,1,0.05,0.0,0.0,0.0,1.0,1.0,1.0,1.5300451933387877,9.115019782297185,1,1,1,0,0,0,0,50,-1,-1,54,1,0,4,0.2,0,0.0,0,0,54,0.06572908386349433,0.05551078499906505,5
Proposed smooth SAC,smooth,0,50,12050,enlarged_delay_only,1,0.05,0.0,0.0,0.0,1.0,1.0,1.0,2.262693545269486,73.02772690761601,1,1,1,0,0,0,0,59,-1,-1,63,1,0,4,0.2,0,0.0,0,0,63,0.07577063046407871,0.48495933260506674,5
Proposed smooth SAC,smooth,0,51,12051,enlarged_delay_only,1,0.05,0.0,0.0,0.0,1.0,1.0,1.0,1.6263518811985,35.99433194478016,1,1,1,0,0,0,0,51,-1,-1,55,1,0,4,0.2,0,0.0,0,0,55,0.07818277098275711,0.27466245045457566,5
Proposed smooth SAC,smooth,0,52,12052,enlarged_delay_only,1,0.05,0.0,0.0,0.0,1.0,1.0,1.0,0.7048587995105587,83.91519870877808,1,1,1,0,0,0,0,38,-1,-1,42,1,0,4,0.2,0,0.0,0,0,42,0.049568306563596176,2.4936452900241797,5
Proposed smooth SAC,smooth,0,53,12053,enlarged_delay_only,1,0.05,0.0,0.0,0.0,1.0,1.0,1.0,1.470188620244381,45.138920469767974,1,1,1,0,0,0,0,44,-1,-1,48,1,0,4,0.2,0,0.0,0,0,48,0.07511318226433943,1.4095802899613814,5
Proposed smooth SAC,smooth,0,54,12054,enlarged_delay_only,1,0.05,0.0,0.0,0.0,1.0,1.0,1.0,2.2790002868522827,82.51781713667434,1,1,1,0,0,0,0,70,-1,-1,74,1,0,4,0.2,0,0.0,0,0,74,0.07095335568392788,1.7944480027566716,5
Proposed smooth SAC,smooth,0,55,12055,enlarged_delay_only,1,0.05,0.0,0.0,0.0,1.0,1.0,1.0,2.8850994760210127,23.46271066699096,1,1,1,0,0,0,0,76,-1,-1,80,1,0,4,0.2,0,0.0,0,0,80,0.07799273728221987,0.23629866526878918,5
Proposed smooth SAC,smooth,0,56,12056,enlarged_delay_only,1,0.05,0.0,0.0,0.0,1.0,1.0,1.0,1.826905546699788,11.925707512554547,1,1,1,0,0,0,0,55,-1,-1,59,1,0,4,0.2,0,0.0,0,0,59,0.06991792394999727,0.18721926043039153,5
Proposed smooth SAC,smooth,0,57,12057,enlarged_delay_only,1,0.05,0.0,0.0,0.0,1.0,1.0,1.0,1.7691751722646727,27.276807827836556,1,1,1,0,0,0,0,51,-1,-1,55,1,0,4,0.2,0,0.0,0,0,55,0.07403144062247907,1.8364109774699373,5
Proposed smooth SAC,smooth,0,58,12058,enlarged_delay_only,1,0.05,0.0,0.0,0.0,1.0,1.0,1.0,2.3268545695420997,62.93145738971906,1,1,1,0,0,0,0,65,-1,-1,69,1,0,4,0.2,0,0.0,0,0,69,0.06853818526232919,1.875578483821964,5
Proposed smooth SAC,smooth,0,59,12059,enlarged_delay_only,1,0.05,0.0,0.0,0.0,1.0,1.0,1.0,2.1903482121613216,54.840688506488746,1,1,1,0,0,0,0,55,-1,-1,59,1,0,4,0.2,0,0.0,0,0,59,0.0650805843485355,3.2058782067660685,5
Proposed smooth SAC,smooth,0,60,12060,enlarged_delay_only,1,0.05,0.0,0.0,0.0,1.0,1.0,1.0,1.0973360553047116,33.91806713521758,1,1,1,0,0,0,0,41,-1,-1,45,1,0,4,0.2,0,0.0,0,0,45,0.06445092734770881,1.3254349207077631,5
Proposed smooth SAC,smooth,0,61,12061,enlarged_delay_only,1,0.05,0.0,0.0,0.0,1.0,1.0,1.0,1.936928029361262,42.58082679539602,1,1,1,0,0,0,0,44,-1,-1,48,1,0,4,0.2,0,0.0,0,0,48,0.05580121345617482,1.7487652429883933,5
Proposed smooth SAC,smooth,0,62,12062,enlarged_delay_only,1,0.05,0.0,0.0,0.0,1.0,1.0,1.0,1.8981880108378766,55.958209907540386,1,1,1,0,0,0,0,49,-1,-1,53,1,0,4,0.2,0,0.0,0,0,53,0.07095728158504297,1.7579401080344246,5
Proposed smooth SAC,smooth,0,63,12063,enlarged_delay_only,1,0.05,0.0,0.0,0.0,1.0,1.0,1.0,1.3410819077846639,71.65242733709893,1,1,1,0,0,0,0,48,-1,-1,52,1,0,4,0.2,0,0.0,0,0,52,0.07070445930524466,0.20763258810587046,5
Proposed smooth SAC,smooth,0,64,12064,enlarged_delay_only,1,0.05,0.0,0.0,0.0,1.0,1.0,1.0,3.236122857778983,77.84361815931113,1,1,1,0,0,0,0,69,-1,-1,73,1,0,4,0.2,0,0.0,0,0,73,0.07674808538576133,2.400169882364324,5
Proposed smooth SAC,smooth,0,65,12065,enlarged_delay_only,1,0.05,0.0,0.0,0.0,1.0,1.0,1.0,2.27680658754703,16.046224888813487,1,1,1,0,0,0,0,56,-1,-1,60,1,0,4,0.2,0,0.0,0,0,60,0.07753442559069658,0.8591593571338547,5
Proposed smooth SAC,smooth,0,66,12066,enlarged_delay_only,1,0.05,0.0,0.0,0.0,1.0,1.0,1.0,0.7254567305431476,42.00001141404023,1,1,1,0,0,0,0,30,-1,-1,34,1,0,4,0.2,0,0.0,0,0,34,0.06333696583503108,1.4603758732102374,5
Proposed smooth SAC,smooth,0,67,12067,enlarged_delay_only,1,0.05,0.0,0.0,0.0,1.0,1.0,1.0,1.5334421939190404,11.645351299013972,1,1,1,0,0,0,0,48,-1,-1,52,1,0,4,0.2,0,0.0,0,0,52,0.07150938740344857,0.01065527686562505,5
Proposed smooth SAC,smooth,0,68,12068,enlarged_delay_only,1,0.05,0.0,0.0,0.0,1.0,1.0,1.0,1.8681160247703945,59.46436457456137,1,1,1,0,0,0,0,54,-1,-1,58,1,0,4,0.2,0,0.0,0,0,58,0.06947510526696239,0.18463567467576808,5
Proposed smooth SAC,smooth,0,69,12069,enlarged_delay_only,1,0.05,0.0,0.0,0.0,1.0,1.0,1.0,1.886519728757838,51.09646759594697,1,1,1,0,0,0,0,56,-1,-1,60,1,0,4,0.2,0,0.0,0,0,60,0.06864655077678455,1.383548838208876,5
Proposed smooth SAC,smooth,0,70,12070,enlarged_delay_only,1,0.05,0.0,0.0,0.0,1.0,1.0,1.0,1.6986806001597525,76.52323330972095,1,1,1,0,0,0,0,46,-1,-1,50,1,0,4,0.2,0,0.0,0,0,50,0.06900099440808688,1.7648042347068758,5
Proposed smooth SAC,smooth,0,71,12071,enlarged_delay_only,1,0.05,0.0,0.0,0.0,1.0,1.0,1.0,2.6459208153503964,67.50779341665432,1,1,1,0,0,0,0,73,-1,-1,77,1,0,4,0.2,0,0.0,0,0,77,0.07691936462715106,1.0485516449167285,5
Proposed smooth SAC,smooth,0,72,12072,enlarged_delay_only,1,0.05,0.0,0.0,0.0,1.0,1.0,1.0,0.48175087121353316,49.596093601348606,1,1,1,0,0,0,0,25,-1,-1,29,1,0,4,0.2,0,0.0,0,0,29,0.04449919999615358,3.4112248559547402,5
Proposed smooth SAC,smooth,0,73,12073,enlarged_delay_only,1,0.05,0.0,0.0,0.0,1.0,1.0,1.0,1.3565823895626754,84.90849262920553,1,1,1,0,0,0,0,54,-1,-1,58,1,0,4,0.2,0,0.0,0,0,58,0.0877545633800778,0.4226382320186374,5
Proposed smooth SAC,smooth,0,74,12074,enlarged_delay_only,1,0.05,0.0,0.0,0.0,1.0,1.0,1.0,2.034268978334935,63.584860606479154,1,1,1,0,0,0,0,57,-1,-1,61,1,0,4,0.2,0,0.0,0,0,61,0.08638342841977614,0.39690917621946387,5
Proposed smooth SAC,smooth,0,75,12075,enlarged_delay_only,1,0.05,0.0,0.0,0.0,1.0,1.0,1.0,2.7867133802887056,59.621185717904865,1,1,1,0,0,0,0,76,-1,-1,80,1,0,4,0.2,0,0.0,0,0,80,0.06746273467847143,0.4323991859923939,5
Proposed smooth SAC,smooth,0,76,12076,enlarged_delay_only,1,0.05,0.0,0.0,0.0,1.0,1.0,1.0,1.4672375160200708,30.3721436917542,1,1,1,0,0,0,0,42,-1,-1,46,1,0,4,0.2,0,0.0,0,0,46,0.07603946024717949,0.9803247785757653,5
Proposed smooth SAC,smooth,0,77,12077,enlarged_delay_only,1,0.05,0.0,0.0,0.0,1.0,1.0,1.0,1.9775577095396648,51.41426263764932,1,1,1,0,0,0,0,60,-1,-1,64,1,0,4,0.2,0,0.0,0,0,64,0.07765998723655666,1.6563977133562549,5
Proposed smooth SAC,smooth,0,78,12078,enlarged_delay_only,1,0.05,0.0,0.0,0.0,1.0,1.0,1.0,2.327760709820301,60.008956047653996,1,1,1,0,0,0,0,61,-1,-1,65,1,0,4,0.2,0,0.0,0,0,65,0.0687319154049741,2.1681775980063747,5
Proposed smooth SAC,smooth,0,79,12079,enlarged_delay_only,1,0.05,0.0,0.0,0.0,1.0,1.0,1.0,1.5278991276633485,40.17317828277736,1,1,1,0,0,0,0,48,-1,-1,52,1,0,4,0.2,0,0.0,0,0,52,0.06546300984928807,0.7165443135729009,5
Proposed smooth SAC,smooth,0,80,12080,enlarged_delay_only,1,0.05,0.0,0.0,0.0,1.0,1.0,1.0,2.3192768073204557,47.36251928991689,1,1,1,0,0,0,0,63,-1,-1,67,1,0,4,0.2,0,0.0,0,0,67,0.06145108430242683,1.676041017244094,5
Proposed smooth SAC,smooth,0,81,12081,enlarged_delay_only,1,0.05,0.0,0.0,0.0,1.0,1.0,1.0,2.348060423688873,77.305474384795,1,1,1,0,0,0,0,68,-1,-1,72,1,0,4,0.2,0,0.0,0,0,72,0.06966729532582285,0.4387344532518452,5
Proposed smooth SAC,smooth,0,82,12082,enlarged_delay_only,1,0.05,0.0,0.0,0.0,1.0,1.0,1.0,1.657062365864348,55.61082307125895,1,1,1,0,0,0,0,48,-1,-1,52,1,0,4,0.2,0,0.0,0,0,52,0.06665448741157061,1.751416423603416,5
Proposed smooth SAC,smooth,0,83,12083,enlarged_delay_only,1,0.05,0.0,0.0,0.0,1.0,1.0,1.0,1.7829506075254924,2.609497891508878,1,1,1,0,0,0,0,51,-1,-1,55,1,0,4,0.2,0,0.0,0,0,55,0.0663764062614793,0.6435612876920817,5
Proposed smooth SAC,smooth,0,84,12084,enlarged_delay_only,1,0.05,0.0,0.0,0.0,1.0,1.0,1.0,1.6404890956693123,1.3837049720644343,1,1,1,0,0,0,0,44,-1,-1,48,1,0,4,0.2,0,0.0,0,0,48,0.03954834305384366,3.4443986578666688,5
Proposed smooth SAC,smooth,0,85,12085,enlarged_delay_only,1,0.05,0.0,0.0,0.0,1.0,1.0,1.0,2.497746521837666,36.904581010184,1,1,1,0,0,0,0,55,-1,-1,59,1,0,4,0.2,0,0.0,0,0,59,0.06478830545444707,2.2088037766330224,5
Proposed smooth SAC,smooth,0,86,12086,enlarged_delay_only,1,0.05,0.0,0.0,0.0,1.0,1.0,1.0,1.8263883792562778,0.33389918702221527,1,1,1,0,0,0,0,47,-1,-1,51,1,0,4,0.2,0,0.0,0,0,51,0.07483754802277112,0.2912049285005085,5
Proposed smooth SAC,smooth,0,87,12087,enlarged_delay_only,1,0.05,0.0,0.0,0.0,1.0,1.0,1.0,2.03592606033529,9.710697655286923,1,1,1,0,0,0,0,56,-1,-1,60,1,0,4,0.2,0,0.0,0,0,60,0.08467600505696404,0.9700095921034593,5
Proposed smooth SAC,smooth,0,88,12088,enlarged_delay_only,1,0.05,0.0,0.0,0.0,1.0,1.0,1.0,2.799243954274032,20.695729317232512,1,1,1,0,0,0,0,56,-1,-1,60,1,0,4,0.2,0,0.0,0,0,60,0.050074771834258576,2.2199427479522553,5
Proposed smooth SAC,smooth,0,89,12089,enlarged_delay_only,1,0.05,0.0,0.0,0.0,1.0,1.0,1.0,1.9684957245170929,46.29750155301514,1,1,1,0,0,0,0,59,-1,-1,63,1,0,4,0.2,0,0.0,0,0,63,0.06911929223539458,0.582821535981069,5
Proposed smooth SAC,smooth,0,90,12090,enlarged_delay_only,1,0.05,0.0,0.0,0.0,1.0,1.0,1.0,1.911320050192248,50.27198521595098,1,1,1,0,0,0,0,49,-1,-1,53,1,0,4,0.2,0,0.0,0,0,53,0.06451017386413212,3.482482938905014,5
Proposed smooth SAC,smooth,0,91,12091,enlarged_delay_only,1,0.05,0.0,0.0,0.0,1.0,1.0,1.0,2.127844865867529,32.123072930770725,1,1,1,0,0,0,0,64,-1,-1,68,1,0,4,0.2,0,0.0,0,0,68,0.07757953522409826,1.1853975798674015,5
Proposed smooth SAC,smooth,0,92,12092,enlarged_delay_only,1,0.05,0.0,0.0,0.0,1.0,1.0,1.0,2.1800958407414126,47.35001662864118,1,1,1,0,0,0,0,60,-1,-1,64,1,0,4,0.2,0,0.0,0,0,64,0.06847293945421166,0.16610689224183087,5
Proposed smooth SAC,smooth,0,93,12093,enlarged_delay_only,1,0.05,0.0,0.0,0.0,1.0,1.0,1.0,3.259884867767638,59.350430189016386,1,1,1,0,0,0,0,75,-1,-1,79,1,0,4,0.2,0,0.0,0,0,79,0.06658675368765363,1.7159722241226927,5
Proposed smooth SAC,smooth,0,94,12094,enlarged_delay_only,1,0.05,0.0,0.0,0.0,1.0,1.0,1.0,0.7611576363914472,18.846404373032783,1,1,1,0,0,0,0,31,-1,-1,35,1,0,4,0.2,0,0.0,0,0,35,0.07339162170530851,0.23036461826222326,5
Proposed smooth SAC,smooth,0,95,12095,enlarged_delay_only,1,0.05,0.0,0.0,0.0,1.0,1.0,1.0,2.315981959981536,11.583421973809466,1,1,1,0,0,0,0,59,-1,-1,63,1,0,4,0.2,0,0.0,0,0,63,0.06655890953713123,0.017415051387668534,5
Proposed smooth SAC,smooth,0,96,12096,enlarged_delay_only,1,0.05,0.0,0.0,0.0,1.0,1.0,1.0,2.6433593115574596,23.402961879678983,1,1,1,0,0,0,0,58,-1,-1,62,1,0,4,0.2,0,0.0,0,0,62,0.06943379319094788,0.9554958670040054,5
Proposed smooth SAC,smooth,0,97,12097,enlarged_delay_only,1,0.05,0.0,0.0,0.0,1.0,1.0,1.0,2.517006739513531,35.98333875531102,1,1,1,0,0,0,0,64,-1,-1,68,1,0,4,0.2,0,0.0,0,0,68,0.07172391164703451,0.5877108842097403,5
Proposed smooth SAC,smooth,0,98,12098,enlarged_delay_only,1,0.05,0.0,0.0,0.0,1.0,1.0,1.0,3.120283930411399,82.53858091175118,1,1,1,0,0,0,0,68,-1,-1,72,1,0,4,0.2,0,0.0,0,0,72,0.02942481388549486,4.441924307371759,5
Proposed smooth SAC,smooth,0,99,12099,enlarged_delay_only,1,0.05,0.0,0.0,0.0,1.0,1.0,1.0,0.19539344804534206,10.475630177230514,1,1,1,0,0,0,0,15,-1,-1,19,1,0,4,0.2,0,0.0,0,0,19,0.06804362509280446,3.830381612487375,5
Proposed smooth SAC,smooth,1,0,12000,enlarged_delay_only,1,0.05,0.0,0.0,0.0,1.0,1.0,1.0,1.4011169590411672,3.680448288035017,1,1,1,0,0,0,0,39,-1,-1,43,1,0,4,0.2,0,0.0,0,0,43,0.05962246292535378,0.4208211348951496,5
Proposed smooth SAC,smooth,1,1,12001,enlarged_delay_only,1,0.05,0.0,0.0,0.0,1.0,1.0,1.0,1.8698938269216967,60.07772922240686,1,1,1,0,0,0,0,47,-1,-1,51,1,0,4,0.2,0,0.0,0,0,51,0.04779941494667917,0.6811858649827729,5
Proposed smooth SAC,smooth,1,2,12002,enlarged_delay_only,1,0.05,0.0,0.0,0.0,1.0,1.0,1.0,1.5052862077716045,52.14187244464703,1,1,1,0,0,0,0,52,-1,-1,56,1,0,4,0.2,0,0.0,0,0,56,0.06849039967325847,1.5299139224284315,5
Proposed smooth SAC,smooth,1,3,12003,enlarged_delay_only,1,0.05,0.0,0.0,0.0,1.0,1.0,1.0,1.11052274394814,63.72168295593285,1,1,1,0,0,0,0,35,-1,-1,39,1,0,4,0.2,0,0.0,0,0,39,0.05878145903462227,0.3833834539917081,5
Proposed smooth SAC,smooth,1,4,12004,enlarged_delay_only,1,0.05,0.0,0.0,0.0,1.0,1.0,1.0,2.0622948587954135,27.609846144219087,1,1,1,0,0,0,0,56,-1,-1,60,1,0,4,0.2,0,0.0,0,0,60,0.066428404343414,1.1254585077540142,5
Proposed smooth SAC,smooth,1,5,12005,enlarged_delay_only,1,0.05,0.0,0.0,0.0,1.0,1.0,1.0,0.7836208893081577,86.33696522241115,1,1,1,0,0,0,0,40,-1,-1,44,1,0,4,0.2,0,0.0,0,0,44,0.07146463280458122,2.0863352831635202,5
Proposed smooth SAC,smooth,1,6,12006,enlarged_delay_only,1,0.05,0.0,0.0,0.0,1.0,1.0,1.0,1.4039658384766267,70.50865751906693,1,1,1,0,0,0,0,64,-1,-1,68,1,0,4,0.2,0,0.0,0,0,68,0.07599525061763159,4.309372106809791,5
Proposed smooth SAC,smooth,1,7,12007,enlarged_delay_only,1,0.05,0.0,0.0,0.0,1.0,1.0,1.0,2.023389540687327,41.417218692919725,1,1,1,0,0,0,0,53,-1,-1,57,1,0,4,0.2,0,0.0,0,0,57,0.0649861177240367,0.3759065846455127,5
Proposed smooth SAC,smooth,1,8,12008,enlarged_delay_only,1,0.05,0.0,0.0,0.0,1.0,1.0,1.0,0.6761041193866284,47.03972454974209,1,1,1,0,0,0,0,35,-1,-1,39,1,0,4,0.2,0,0.0,0,0,39,0.07001540544774935,0.7197770741235796,5
Proposed smooth SAC,smooth,1,9,12009,enlarged_delay_only,1,0.05,0.0,0.0,0.0,1.0,1.0,1.0,0.8365610729382312,17.566701837686487,1,1,1,0,0,0,0,36,-1,-1,40,1,0,4,0.2,0,0.0,0,0,40,0.06806041863867979,0.5462244752736415,5
Proposed smooth SAC,smooth,1,10,12010,enlarged_delay_only,1,0.05,0.0,0.0,0.0,1.0,1.0,1.0,2.0882312594206844,67.10242168941406,1,1,1,0,0,0,0,57,-1,-1,61,1,0,4,0.2,0,0.0,0,0,61,0.07072131537434229,1.0435899393715373,5
Proposed smooth SAC,smooth,1,11,12011,enlarged_delay_only,1,0.05,0.0,0.0,0.0,1.0,1.0,1.0,1.0363136503576447,39.13181690606595,1,1,1,0,0,0,0,39,-1,-1,43,1,0,4,0.2,0,0.0,0,0,43,0.06869364216875189,3.1985238005772576,5
Proposed smooth SAC,smooth,1,12,12012,enlarged_delay_only,1,0.05,0.0,0.0,0.0,1.0,1.0,1.0,1.0633346171025668,74.10415106043168,1,1,1,0,0,0,0,42,-1,-1,46,1,0,4,0.2,0,0.0,0,0,46,0.06033845610451076,3.3746024488421895,5
Proposed smooth SAC,smooth,1,13,12013,enlarged_delay_only,1,0.05,0.0,0.0,0.0,1.0,1.0,1.0,2.9321695975105375,64.82631579002067,1,1,1,0,0,0,0,64,-1,-1,68,1,0,4,0.2,0,0.0,0,0,68,0.07044029415525162,0.09602343507613413,5
Proposed smooth SAC,smooth,1,14,12014,enlarged_delay_only,1,0.05,0.0,0.0,0.0,1.0,1.0,1.0,1.5727126782681156,69.85363554747353,1,1,1,0,0,0,0,55,-1,-1,59,1,0,4,0.2,0,0.0,0,0,59,0.06906887912288599,0.8549883527067983,5
Proposed smooth SAC,smooth,1,15,12015,enlarged_delay_only,1,0.05,0.0,0.0,0.0,1.0,1.0,1.0,1.7941221940119125,66.18821452938619,1,1,1,0,0,0,0,52,-1,-1,56,1,0,4,0.2,0,0.0,0,0,56,0.08005132378438097,2.225727491292433,5
Proposed smooth SAC,smooth,1,16,12016,enlarged_delay_only,1,0.05,0.0,0.0,0.0,1.0,1.0,1.0,2.0956191639967527,80.76412508613855,1,1,1,0,0,0,0,50,-1,-1,54,1,0,4,0.2,0,0.0,0,0,54,0.07921029636013055,1.1107777631850122,5
Proposed smooth SAC,smooth,1,17,12017,enlarged_delay_only,1,0.05,0.0,0.0,0.0,1.0,1.0,1.0,2.3497476747776798,68.42664510531779,1,1,1,0,0,0,0,62,-1,-1,66,1,0,4,0.2,0,0.0,0,0,66,0.062407272414279465,1.6542883588414845,5
Proposed smooth SAC,smooth,1,18,12018,enlarged_delay_only,1,0.05,0.0,0.0,0.0,1.0,1.0,1.0,1.3063656328926654,58.185179426044705,1,1,1,0,0,0,0,39,-1,-1,43,1,0,4,0.2,0,0.0,0,0,43,0.06316669646624912,1.235617079348449,5
Proposed smooth SAC,smooth,1,19,12019,enlarged_delay_only,1,0.05,0.0,0.0,0.0,1.0,1.0,1.0,1.569053725441394,46.92282244700273,1,1,1,0,0,0,0,46,-1,-1,50,1,0,4,0.2,0,0.0,0,0,50,0.051800924542786404,1.1134037574774707,5
Proposed smooth SAC,smooth,1,20,12020,enlarged_delay_only,1,0.05,0.0,0.0,0.0,1.0,1.0,1.0,2.8509785660679805,57.54032760612546,1,1,0,1,0,1,1,61,65,67,71,2,1,10,0.5,6,0.30000000000000004,0,0,71,0.07928852844056856,3.0395204117939456,5
Proposed smooth SAC,smooth,1,21,12021,enlarged_delay_only,1,0.05,0.0,0.0,0.0,1.0,1.0,1.0,1.721321109839246,84.23015922197487,1,1,1,0,0,0,0,53,-1,-1,57,1,0,4,0.2,0,0.0,0,0,57,0.06640147671488096,2.091439782351047,5
Proposed smooth SAC,smooth,1,22,12022,enlarged_delay_only,1,0.05,0.0,0.0,0.0,1.0,1.0,1.0,2.0714459852992766,7.241713190147896,1,1,1,0,0,0,0,56,-1,-1,60,1,0,4,0.2,0,0.0,0,0,60,0.06113953400835801,2.368189656009855,5
Proposed smooth SAC,smooth,1,23,12023,enlarged_delay_only,1,0.05,0.0,0.0,0.0,1.0,1.0,1.0,1.96706721911142,29.687929491648173,1,1,1,0,0,0,0,54,-1,-1,58,1,0,4,0.2,0,0.0,0,0,58,0.05469027816436894,1.3416471217547288,5
Proposed smooth SAC,smooth,1,24,12024,enlarged_delay_only,1,0.05,0.0,0.0,0.0,1.0,1.0,1.0,2.3296647946987346,59.32330750782227,1,1,1,0,0,0,0,63,-1,-1,67,1,0,4,0.2,0,0.0,0,0,67,0.07507448708181952,0.054426289030073884,5
Proposed smooth SAC,smooth,1,25,12025,enlarged_delay_only,1,0.05,0.0,0.0,0.0,1.0,1.0,1.0,1.7406706115734212,29.68845883130885,1,1,1,0,0,0,0,55,-1,-1,59,1,0,4,0.2,0,0.0,0,0,59,0.07609794462824353,0.03987871980967397,5
Proposed smooth SAC,smooth,1,26,12026,enlarged_delay_only,1,0.05,0.0,0.0,0.0,1.0,1.0,1.0,1.2890960116783232,58.822470226552745,1,1,1,0,0,0,0,50,-1,-1,54,1,0,4,0.2,0,0.0,0,0,54,0.07954380914396889,0.5945218101118595,5
Proposed smooth SAC,smooth,1,27,12027,enlarged_delay_only,1,0.05,0.0,0.0,0.0,1.0,1.0,1.0,1.679512651290201,27.36887877784833,1,1,1,0,0,0,0,51,-1,-1,55,1,0,4,0.2,0,0.0,0,0,55,0.06756829477774233,1.274845523794477,5
Proposed smooth SAC,smooth,1,28,12028,enlarged_delay_only,1,0.05,0.0,0.0,0.0,1.0,1.0,1.0,2.161397968359572,63.816718208044406,1,1,1,0,0,0,0,55,-1,-1,59,1,0,4,0.2,0,0.0,0,0,59,0.05827112380941797,0.4674943254539326,5
Proposed smooth SAC,smooth,1,29,12029,enlarged_delay_only,1,0.05,0.0,0.0,0.0,1.0,1.0,1.0,1.4273638277059564,34.274883047648224,1,1,1,0,0,0,0,42,-1,-1,46,1,0,4,0.2,0,0.0,0,0,46,0.06532888712057744,2.445698429267748,5
Proposed smooth SAC,smooth,1,30,12030,enlarged_delay_only,1,0.05,0.0,0.0,0.0,1.0,1.0,1.0,1.7462896683471236,26.955215200955678,1,1,1,0,0,0,0,48,-1,-1,52,1,0,4,0.2,0,0.0,0,0,52,0.06497739440559033,0.569670700425297,5
Proposed smooth SAC,smooth,1,31,12031,enlarged_delay_only,1,0.05,0.0,0.0,0.0,1.0,1.0,1.0,0.831092090571535,57.81877392801937,1,1,1,0,0,0,0,38,-1,-1,42,1,0,4,0.2,0,0.0,0,0,42,0.07484473327509562,3.173573973312847,5
Proposed smooth SAC,smooth,1,32,12032,enlarged_delay_only,1,0.05,0.0,0.0,0.0,1.0,1.0,1.0,2.3622064651248813,65.6166711298287,1,1,1,0,0,0,0,59,-1,-1,63,1,0,4,0.2,0,0.0,0,0,63,0.056528081878408416,0.6569128134155756,5
Proposed smooth SAC,smooth,1,33,12033,enlarged_delay_only,1,0.05,0.0,0.0,0.0,1.0,1.0,1.0,0.7030471412582213,16.83992189867294,1,1,1,0,0,0,0,35,-1,-1,39,1,0,4,0.2,0,0.0,0,0,39,0.07902514103366981,1.8424255993643683,5
Proposed smooth SAC,smooth,1,34,12034,enlarged_delay_only,1,0.05,0.0,0.0,0.0,1.0,1.0,1.0,2.282842407805926,24.938362791888462,1,1,1,0,0,0,0,67,-1,-1,71,1,0,4,0.2,0,0.0,0,0,71,0.07982895484081279,1.555352428383615,5
Proposed smooth SAC,smooth,1,35,12035,enlarged_delay_only,1,0.05,0.0,0.0,0.0,1.0,1.0,1.0,2.371908074838775,71.96116554796184,1,1,1,0,0,0,0,58,-1,-1,62,1,0,4,0.2,0,0.0,0,0,62,0.07647965715800213,0.7678752128979566,5
Proposed smooth SAC,smooth,1,36,12036,enlarged_delay_only,1,0.05,0.0,0.0,0.0,1.0,1.0,1.0,0.8829462334714887,87.90779944848737,1,1,1,0,0,0,0,37,-1,-1,41,1,0,4,0.2,0,0.0,0,0,41,0.040617465970596164,1.6731158820103302,5
Proposed smooth SAC,smooth,1,37,12037,enlarged_delay_only,1,0.05,0.0,0.0,0.0,1.0,1.0,1.0,0.817844285721509,43.45796651879823,1,1,1,0,0,0,0,35,-1,-1,39,1,0,4,0.2,0,0.0,0,0,39,0.055087614377265434,2.6774239093612433,5
Proposed smooth SAC,smooth,1,38,12038,enlarged_delay_only,1,0.05,0.0,0.0,0.0,1.0,1.0,1.0,1.5743284929286714,57.88825061225674,1,1,1,0,0,0,0,41,-1,-1,45,1,0,4,0.2,0,0.0,0,0,45,0.04016148859673975,2.2346492124523505,5
Proposed smooth SAC,smooth,1,39,12039,enlarged_delay_only,1,0.05,0.0,0.0,0.0,1.0,1.0,1.0,0.8994689163493125,9.298986658723248,1,1,1,0,0,0,0,41,-1,-1,45,1,0,4,0.2,0,0.0,0,0,45,0.07041250749018943,1.2289633011580932,5
Proposed smooth SAC,smooth,1,40,12040,enlarged_delay_only,1,0.05,0.0,0.0,0.0,1.0,1.0,1.0,1.8657719186487738,68.44804408798744,1,1,1,0,0,0,0,58,-1,-1,62,1,0,4,0.2,0,0.0,0,0,62,0.07542115067552102,2.2697350404450596,5
Proposed smooth SAC,smooth,1,41,12041,enlarged_delay_only,1,0.05,0.0,0.0,0.0,1.0,1.0,1.0,2.1801507199074694,36.011752342258276,1,1,1,0,0,0,0,56,-1,-1,60,1,0,4,0.2,0,0.0,0,0,60,0.07494468902166389,2.6555858735940086,5
Proposed smooth SAC,smooth,1,42,12042,enlarged_delay_only,1,0.05,0.0,0.0,0.0,1.0,1.0,1.0,2.890509486387824,8.39370570216694,1,1,1,0,0,0,0,92,-1,-1,96,1,0,4,0.2,0,0.0,0,0,96,0.08427445085049311,4.5723804936321795,5
Proposed smooth SAC,smooth,1,43,12043,enlarged_delay_only,1,0.05,0.0,0.0,0.0,1.0,1.0,1.0,1.4295379479494126,86.66219834011966,1,1,1,0,0,0,0,52,-1,-1,56,1,0,4,0.2,0,0.0,0,0,56,0.06974219404162507,0.16479921784067755,5
Proposed smooth SAC,smooth,1,44,12044,enlarged_delay_only,1,0.05,0.0,0.0,0.0,1.0,1.0,1.0,1.4633774253790757,25.79388667411487,1,1,1,0,0,0,0,60,-1,-1,64,1,0,4,0.2,0,0.0,0,0,64,0.04597865708844814,4.379434052881666,5
Proposed smooth SAC,smooth,1,45,12045,enlarged_delay_only,1,0.05,0.0,0.0,0.0,1.0,1.0,1.0,2.7817081294799144,45.277112272150255,1,1,1,0,0,0,0,71,-1,-1,75,1,0,4,0.2,0,0.0,0,0,75,0.06727405976825904,1.9442105724797794,5
Proposed smooth SAC,smooth,1,46,12046,enlarged_delay_only,1,0.05,0.0,0.0,0.0,1.0,1.0,1.0,2.448255495287487,6.5296484668143195,1,1,1,0,0,0,0,60,-1,-1,64,1,0,4,0.2,0,0.0,0,0,64,0.03907575383689962,3.9097825615887736,5
Proposed smooth SAC,smooth,1,47,12047,enlarged_delay_only,1,0.05,0.0,0.0,0.0,1.0,1.0,1.0,2.0375889749407565,48.300679923363994,1,1,1,0,0,0,0,59,-1,-1,63,1,0,4,0.2,0,0.0,0,0,63,0.06707459562543236,1.0458841358807212,5
Proposed smooth SAC,smooth,1,48,12048,enlarged_delay_only,1,0.05,0.0,0.0,0.0,1.0,1.0,1.0,1.595910055499794,38.132652438046875,1,1,1,0,0,0,0,49,-1,-1,53,1,0,4,0.2,0,0.0,0,0,53,0.03996025162244173,3.715250236290348,5
Proposed smooth SAC,smooth,1,49,12049,enlarged_delay_only,1,0.05,0.0,0.0,0.0,1.0,1.0,1.0,1.5300451933387877,9.115019782297185,1,1,1,0,0,0,0,46,-1,-1,50,1,0,4,0.2,0,0.0,0,0,50,0.056223754720121914,2.5396457603105693,5
Proposed smooth SAC,smooth,1,50,12050,enlarged_delay_only,1,0.05,0.0,0.0,0.0,1.0,1.0,1.0,2.262693545269486,73.02772690761601,1,1,1,0,0,0,0,57,-1,-1,61,1,0,4,0.2,0,0.0,0,0,61,0.03230040509433643,3.847824634967118,5
Proposed smooth SAC,smooth,1,51,12051,enlarged_delay_only,1,0.05,0.0,0.0,0.0,1.0,1.0,1.0,1.6263518811985,35.99433194478016,1,1,1,0,0,0,0,50,-1,-1,54,1,0,4,0.2,0,0.0,0,0,54,0.05794861910686566,1.3148216605112095,5
Proposed smooth SAC,smooth,1,52,12052,enlarged_delay_only,1,0.05,0.0,0.0,0.0,1.0,1.0,1.0,0.7048587995105587,83.91519870877808,1,1,1,0,0,0,0,41,-1,-1,45,1,0,4,0.2,0,0.0,0,0,45,0.04746398564307854,2.8575573421156357,5
Proposed smooth SAC,smooth,1,53,12053,enlarged_delay_only,1,0.05,0.0,0.0,0.0,1.0,1.0,1.0,1.470188620244381,45.138920469767974,1,1,1,0,0,0,0,48,-1,-1,52,1,0,4,0.2,0,0.0,0,0,52,0.07613314198264833,1.4483688275361781,5
Proposed smooth SAC,smooth,1,54,12054,enlarged_delay_only,1,0.05,0.0,0.0,0.0,1.0,1.0,1.0,2.2790002868522827,82.51781713667434,1,1,1,0,0,0,0,72,-1,-1,76,1,0,4,0.2,0,0.0,0,0,76,0.06725630768816744,0.046493824721897434,5
Proposed smooth SAC,smooth,1,55,12055,enlarged_delay_only,1,0.05,0.0,0.0,0.0,1.0,1.0,1.0,2.8850994760210127,23.46271066699096,1,1,1,0,0,0,0,69,-1,-1,73,1,0,4,0.2,0,0.0,0,0,73,0.07491134282080068,1.0206292979811873,5
Proposed smooth SAC,smooth,1,56,12056,enlarged_delay_only,1,0.05,0.0,0.0,0.0,1.0,1.0,1.0,1.826905546699788,11.925707512554547,1,1,1,0,0,0,0,49,-1,-1,53,1,0,4,0.2,0,0.0,0,0,53,0.05264848736813553,2.9463747742049544,5
Proposed smooth SAC,smooth,1,57,12057,enlarged_delay_only,1,0.05,0.0,0.0,0.0,1.0,1.0,1.0,1.7691751722646727,27.276807827836556,1,1,1,0,0,0,0,49,-1,-1,53,1,0,4,0.2,0,0.0,0,0,53,0.06488064775877937,2.7221588736604767,5
Proposed smooth SAC,smooth,1,58,12058,enlarged_delay_only,1,0.05,0.0,0.0,0.0,1.0,1.0,1.0,2.3268545695420997,62.93145738971906,1,1,1,0,0,0,0,65,-1,-1,69,1,0,4,0.2,0,0.0,0,0,69,0.07106498015385772,0.4168282756754689,5
Proposed smooth SAC,smooth,1,59,12059,enlarged_delay_only,1,0.05,0.0,0.0,0.0,1.0,1.0,1.0,2.1903482121613216,54.840688506488746,1,1,1,0,0,0,0,75,-1,-1,79,1,0,4,0.2,0,0.0,0,0,79,0.0683416569937486,3.58342331644087,5
Proposed smooth SAC,smooth,1,60,12060,enlarged_delay_only,1,0.05,0.0,0.0,0.0,1.0,1.0,1.0,1.0973360553047116,33.91806713521758,1,1,1,0,0,0,0,32,-1,-1,36,1,0,4,0.2,0,0.0,0,0,36,0.03790567924556813,0.6277231462238799,5
Proposed smooth SAC,smooth,1,61,12061,enlarged_delay_only,1,0.05,0.0,0.0,0.0,1.0,1.0,1.0,1.936928029361262,42.58082679539602,1,1,1,0,0,0,0,48,-1,-1,52,1,0,4,0.2,0,0.0,0,0,52,0.0719225152689236,1.763107252863245,5
Proposed smooth SAC,smooth,1,62,12062,enlarged_delay_only,1,0.05,0.0,0.0,0.0,1.0,1.0,1.0,1.8981880108378766,55.958209907540386,1,1,1,0,0,0,0,52,-1,-1,56,1,0,4,0.2,0,0.0,0,0,56,0.06642674154502656,0.6146422133853948,5
Proposed smooth SAC,smooth,1,63,12063,enlarged_delay_only,1,0.05,0.0,0.0,0.0,1.0,1.0,1.0,1.3410819077846639,71.65242733709893,1,1,1,0,0,0,0,49,-1,-1,53,1,0,4,0.2,0,0.0,0,0,53,0.04577743216284857,2.127027202360929,5
Proposed smooth SAC,smooth,1,64,12064,enlarged_delay_only,1,0.05,0.0,0.0,0.0,1.0,1.0,1.0,3.236122857778983,77.84361815931113,1,1,1,0,0,0,0,86,-1,-1,90,1,0,4,0.2,0,0.0,0,0,90,0.059545814054525956,3.6440305731541556,5
Proposed smooth SAC,smooth,1,65,12065,enlarged_delay_only,1,0.05,0.0,0.0,0.0,1.0,1.0,1.0,2.27680658754703,16.046224888813487,1,1,1,0,0,0,0,58,-1,-1,62,1,0,4,0.2,0,0.0,0,0,62,0.06879123360342507,2.4577180681030892,5
Proposed smooth SAC,smooth,1,66,12066,enlarged_delay_only,1,0.05,0.0,0.0,0.0,1.0,1.0,1.0,0.7254567305431476,42.00001141404023,1,1,1,0,0,0,0,32,-1,-1,36,1,0,4,0.2,0,0.0,0,0,36,0.05749618629647009,2.9353502085543193,5
Proposed smooth SAC,smooth,1,67,12067,enlarged_delay_only,1,0.05,0.0,0.0,0.0,1.0,1.0,1.0,1.5334421939190404,11.645351299013972,1,1,1,0,0,0,0,47,-1,-1,51,1,0,4,0.2,0,0.0,0,0,51,0.06502031395180541,0.6511258289195766,5
Proposed smooth SAC,smooth,1,68,12068,enlarged_delay_only,1,0.05,0.0,0.0,0.0,1.0,1.0,1.0,1.8681160247703945,59.46436457456137,1,1,1,0,0,0,0,50,-1,-1,54,1,0,4,0.2,0,0.0,0,0,54,0.07011347980743923,1.4755110388024568,5
Proposed smooth SAC,smooth,1,69,12069,enlarged_delay_only,1,0.05,0.0,0.0,0.0,1.0,1.0,1.0,1.886519728757838,51.09646759594697,1,1,1,0,0,0,0,55,-1,-1,59,1,0,4,0.2,0,0.0,0,0,59,0.06320559115072857,0.9091488713389433,5
Proposed smooth SAC,smooth,1,70,12070,enlarged_delay_only,1,0.05,0.0,0.0,0.0,1.0,1.0,1.0,1.6986806001597525,76.52323330972095,1,1,1,0,0,0,0,47,-1,-1,51,1,0,4,0.2,0,0.0,0,0,51,0.03594123048967524,3.7985567729365237,5
Proposed smooth SAC,smooth,1,71,12071,enlarged_delay_only,1,0.05,0.0,0.0,0.0,1.0,1.0,1.0,2.6459208153503964,67.50779341665432,1,1,1,0,0,0,0,67,-1,-1,71,1,0,4,0.2,0,0.0,0,0,71,0.07808638563893132,4.26408837949943,5
Proposed smooth SAC,smooth,1,72,12072,enlarged_delay_only,1,0.05,0.0,0.0,0.0,1.0,1.0,1.0,0.48175087121353316,49.596093601348606,1,1,1,0,0,0,0,30,-1,-1,34,1,0,4,0.2,0,0.0,0,0,34,0.05044109072595654,3.61524388712349,5
Proposed smooth SAC,smooth,1,73,12073,enlarged_delay_only,1,0.05,0.0,0.0,0.0,1.0,1.0,1.0,1.3565823895626754,84.90849262920553,1,1,1,0,0,0,0,59,-1,-1,63,1,0,4,0.2,0,0.0,0,0,63,0.04333452394930133,3.3280811766315863,5
Proposed smooth SAC,smooth,1,74,12074,enlarged_delay_only,1,0.05,0.0,0.0,0.0,1.0,1.0,1.0,2.034268978334935,63.584860606479154,1,1,1,0,0,0,0,60,-1,-1,64,1,0,4,0.2,0,0.0,0,0,64,0.06961002379444209,0.7411964939998867,5
Proposed smooth SAC,smooth,1,75,12075,enlarged_delay_only,1,0.05,0.0,0.0,0.0,1.0,1.0,1.0,2.7867133802887056,59.621185717904865,1,1,1,0,0,0,0,69,-1,-1,73,1,0,4,0.2,0,0.0,0,0,73,0.06630042051895674,0.2567032150839676,5
Proposed smooth SAC,smooth,1,76,12076,enlarged_delay_only,1,0.05,0.0,0.0,0.0,1.0,1.0,1.0,1.4672375160200708,30.3721436917542,1,1,1,0,0,0,0,52,-1,-1,56,1,0,4,0.2,0,0.0,0,0,56,0.07945642051421783,1.660590809176408,5
Proposed smooth SAC,smooth,1,77,12077,enlarged_delay_only,1,0.05,0.0,0.0,0.0,1.0,1.0,1.0,1.9775577095396648,51.41426263764932,1,1,1,0,0,0,0,54,-1,-1,58,1,0,4,0.2,0,0.0,0,0,58,0.07361173895907941,0.508294353739298,5
Proposed smooth SAC,smooth,1,78,12078,enlarged_delay_only,1,0.05,0.0,0.0,0.0,1.0,1.0,1.0,2.327760709820301,60.008956047653996,1,1,1,0,0,0,0,63,-1,-1,67,1,0,4,0.2,0,0.0,0,0,67,0.07700645551407256,1.0163100571048005,5
Proposed smooth SAC,smooth,1,79,12079,enlarged_delay_only,1,0.05,0.0,0.0,0.0,1.0,1.0,1.0,1.5278991276633485,40.17317828277736,1,1,1,0,0,0,0,49,-1,-1,53,1,0,4,0.2,0,0.0,0,0,53,0.06662457125066427,2.589625029231903,5
Proposed smooth SAC,smooth,1,80,12080,enlarged_delay_only,1,0.05,0.0,0.0,0.0,1.0,1.0,1.0,2.3192768073204557,47.36251928991689,1,1,1,0,0,0,0,62,-1,-1,66,1,0,4,0.2,0,0.0,0,0,66,0.056651566304272254,1.2815172312314043,5
Proposed smooth SAC,smooth,1,81,12081,enlarged_delay_only,1,0.05,0.0,0.0,0.0,1.0,1.0,1.0,2.348060423688873,77.305474384795,1,1,1,0,0,0,0,68,-1,-1,72,1,0,4,0.2,0,0.0,0,0,72,0.0764914986160299,1.7421530862632921,5
Proposed smooth SAC,smooth,1,82,12082,enlarged_delay_only,1,0.05,0.0,0.0,0.0,1.0,1.0,1.0,1.657062365864348,55.61082307125895,1,1,1,0,0,0,0,45,-1,-1,49,1,0,4,0.2,0,0.0,0,0,49,0.07500131712398624,1.58589607385656,5
Proposed smooth SAC,smooth,1,83,12083,enlarged_delay_only,1,0.05,0.0,0.0,0.0,1.0,1.0,1.0,1.7829506075254924,2.609497891508878,1,1,1,0,0,0,0,41,-1,-1,45,1,0,4,0.2,0,0.0,0,0,45,0.04141915454703156,1.0041466641317716,5
Proposed smooth SAC,smooth,1,84,12084,enlarged_delay_only,1,0.05,0.0,0.0,0.0,1.0,1.0,1.0,1.6404890956693123,1.3837049720644343,1,1,1,0,0,0,0,51,-1,-1,55,1,0,4,0.2,0,0.0,0,0,55,0.07471309496132361,1.729184478020142,5
Proposed smooth SAC,smooth,1,85,12085,enlarged_delay_only,1,0.05,0.0,0.0,0.0,1.0,1.0,1.0,2.497746521837666,36.904581010184,1,1,1,0,0,0,0,54,-1,-1,58,1,0,4,0.2,0,0.0,0,0,58,0.058945014012182675,1.7150928372670535,5
Proposed smooth SAC,smooth,1,86,12086,enlarged_delay_only,1,0.05,0.0,0.0,0.0,1.0,1.0,1.0,1.8263883792562778,0.33389918702221527,1,1,1,0,0,0,0,56,-1,-1,60,1,0,4,0.2,0,0.0,0,0,60,0.06023550493155452,4.096506273118582,5
Proposed smooth SAC,smooth,1,87,12087,enlarged_delay_only,1,0.05,0.0,0.0,0.0,1.0,1.0,1.0,2.03592606033529,9.710697655286923,1,1,1,0,0,0,0,54,-1,-1,58,1,0,4,0.2,0,0.0,0,0,58,0.06511306254769596,0.8294633488090789,5
Proposed smooth SAC,smooth,1,88,12088,enlarged_delay_only,1,0.05,0.0,0.0,0.0,1.0,1.0,1.0,2.799243954274032,20.695729317232512,1,1,1,0,0,0,0,61,-1,-1,65,1,0,4,0.2,0,0.0,0,0,65,0.0758090852352629,2.6160587150934984,5
Proposed smooth SAC,smooth,1,89,12089,enlarged_delay_only,1,0.05,0.0,0.0,0.0,1.0,1.0,1.0,1.9684957245170929,46.29750155301514,1,1,1,0,0,0,0,56,-1,-1,60,1,0,4,0.2,0,0.0,0,0,60,0.06713974752677673,0.30249451082702555,5
Proposed smooth SAC,smooth,1,90,12090,enlarged_delay_only,1,0.05,0.0,0.0,0.0,1.0,1.0,1.0,1.911320050192248,50.27198521595098,1,1,1,0,0,0,0,52,-1,-1,56,1,0,4,0.2,0,0.0,0,0,56,0.07130076373350411,2.892829719650051,5
Proposed smooth SAC,smooth,1,91,12091,enlarged_delay_only,1,0.05,0.0,0.0,0.0,1.0,1.0,1.0,2.127844865867529,32.123072930770725,1,1,1,0,0,0,0,58,-1,-1,62,1,0,4,0.2,0,0.0,0,0,62,0.0720928739925575,0.3444780828295072,5
Proposed smooth SAC,smooth,1,92,12092,enlarged_delay_only,1,0.05,0.0,0.0,0.0,1.0,1.0,1.0,2.1800958407414126,47.35001662864118,1,1,1,0,0,0,0,48,-1,-1,52,1,0,4,0.2,0,0.0,0,0,52,0.03287367889795172,0.46368329334047703,5
Proposed smooth SAC,smooth,1,93,12093,enlarged_delay_only,1,0.05,0.0,0.0,0.0,1.0,1.0,1.0,3.259884867767638,59.350430189016386,1,1,1,0,0,0,0,71,-1,-1,75,1,0,4,0.2,0,0.0,0,0,75,0.061568182404117974,1.044409988958762,5
Proposed smooth SAC,smooth,1,94,12094,enlarged_delay_only,1,0.05,0.0,0.0,0.0,1.0,1.0,1.0,0.7611576363914472,18.846404373032783,1,1,1,0,0,0,0,31,-1,-1,35,1,0,4,0.2,0,0.0,0,0,35,0.06516939289888593,3.00857175744756,5
Proposed smooth SAC,smooth,1,95,12095,enlarged_delay_only,1,0.05,0.0,0.0,0.0,1.0,1.0,1.0,2.315981959981536,11.583421973809466,1,1,1,0,0,0,0,56,-1,-1,60,1,0,4,0.2,0,0.0,0,0,60,0.06931635558420411,1.1961794603590898,5
Proposed smooth SAC,smooth,1,96,12096,enlarged_delay_only,1,0.05,0.0,0.0,0.0,1.0,1.0,1.0,2.6433593115574596,23.402961879678983,1,1,1,0,0,0,0,60,-1,-1,64,1,0,4,0.2,0,0.0,0,0,64,0.06825948623530216,0.9204611587083654,5
Proposed smooth SAC,smooth,1,97,12097,enlarged_delay_only,1,0.05,0.0,0.0,0.0,1.0,1.0,1.0,2.517006739513531,35.98333875531102,1,1,1,0,0,0,0,60,-1,-1,64,1,0,4,0.2,0,0.0,0,0,64,0.06575267724516407,1.4459978981205375,5
Proposed smooth SAC,smooth,1,98,12098,enlarged_delay_only,1,0.05,0.0,0.0,0.0,1.0,1.0,1.0,3.120283930411399,82.53858091175118,1,1,1,0,0,0,0,72,-1,-1,76,1,0,4,0.2,0,0.0,0,0,76,0.07005769500429092,2.27630952440802,5
Proposed smooth SAC,smooth,1,99,12099,enlarged_delay_only,1,0.05,0.0,0.0,0.0,1.0,1.0,1.0,0.19539344804534206,10.475630177230514,1,1,1,0,0,0,0,9,-1,-1,13,1,0,4,0.2,0,0.0,0,0,13,0.07190540915888906,2.9586603635311035,5
Proposed smooth SAC,smooth,2,0,12000,enlarged_delay_only,1,0.05,0.0,0.0,0.0,1.0,1.0,1.0,1.4011169590411672,3.680448288035017,1,1,1,0,0,0,0,42,-1,-1,46,1,0,4,0.2,0,0.0,0,0,46,0.07282958268218076,0.8108002304279893,5
Proposed smooth SAC,smooth,2,1,12001,enlarged_delay_only,1,0.05,0.0,0.0,0.0,1.0,1.0,1.0,1.8698938269216967,60.07772922240686,1,1,1,0,0,0,0,50,-1,-1,54,1,0,4,0.2,0,0.0,0,0,54,0.05750332569695756,1.0136297414640996,5
Proposed smooth SAC,smooth,2,2,12002,enlarged_delay_only,1,0.05,0.0,0.0,0.0,1.0,1.0,1.0,1.5052862077716045,52.14187244464703,1,1,1,0,0,0,0,50,-1,-1,54,1,0,4,0.2,0,0.0,0,0,54,0.05751076511636424,0.7545899613537529,5
Proposed smooth SAC,smooth,2,3,12003,enlarged_delay_only,1,0.05,0.0,0.0,0.0,1.0,1.0,1.0,1.11052274394814,63.72168295593285,1,1,1,0,0,0,0,39,-1,-1,43,1,0,4,0.2,0,0.0,0,0,43,0.0641061701958359,1.7840316441072848,5
Proposed smooth SAC,smooth,2,4,12004,enlarged_delay_only,1,0.05,0.0,0.0,0.0,1.0,1.0,1.0,2.0622948587954135,27.609846144219087,1,1,1,0,0,0,0,53,-1,-1,57,1,0,4,0.2,0,0.0,0,0,57,0.06049174528756182,1.1805485724435156,5
Proposed smooth SAC,smooth,2,5,12005,enlarged_delay_only,1,0.05,0.0,0.0,0.0,1.0,1.0,1.0,0.7836208893081577,86.33696522241115,1,1,1,0,0,0,0,37,-1,-1,41,1,0,4,0.2,0,0.0,0,0,41,0.0679905167305677,2.545201051983317,5
Proposed smooth SAC,smooth,2,6,12006,enlarged_delay_only,1,0.05,0.0,0.0,0.0,1.0,1.0,1.0,1.4039658384766267,70.50865751906693,1,1,1,0,0,0,0,41,-1,-1,45,1,0,4,0.2,0,0.0,0,0,45,0.03649795702095287,2.583811684474576,5
Proposed smooth SAC,smooth,2,7,12007,enlarged_delay_only,1,0.05,0.0,0.0,0.0,1.0,1.0,1.0,2.023389540687327,41.417218692919725,1,1,1,0,0,0,0,53,-1,-1,57,1,0,4,0.2,0,0.0,0,0,57,0.0724370587680579,1.2520967249901032,5
Proposed smooth SAC,smooth,2,8,12008,enlarged_delay_only,1,0.05,0.0,0.0,0.0,1.0,1.0,1.0,0.6761041193866284,47.03972454974209,1,1,1,0,0,0,0,31,-1,-1,35,1,0,4,0.2,0,0.0,0,0,35,0.05601897996469045,3.495967653317323,5
Proposed smooth SAC,smooth,2,9,12009,enlarged_delay_only,1,0.05,0.0,0.0,0.0,1.0,1.0,1.0,0.8365610729382312,17.566701837686487,1,1,1,0,0,0,0,33,-1,-1,37,1,0,4,0.2,0,0.0,0,0,37,0.052381485111331096,1.7685061972370226,5
Proposed smooth SAC,smooth,2,10,12010,enlarged_delay_only,1,0.05,0.0,0.0,0.0,1.0,1.0,1.0,2.0882312594206844,67.10242168941406,1,1,1,0,0,0,0,59,-1,-1,63,1,0,4,0.2,0,0.0,0,0,63,0.07530826125765362,0.0011734451757067024,5
Proposed smooth SAC,smooth,2,11,12011,enlarged_delay_only,1,0.05,0.0,0.0,0.0,1.0,1.0,1.0,1.0363136503576447,39.13181690606595,1,1,1,0,0,0,0,34,-1,-1,38,1,0,4,0.2,0,0.0,0,0,38,0.07992222563886062,1.9507856967729744,5
Proposed smooth SAC,smooth,2,12,12012,enlarged_delay_only,1,0.05,0.0,0.0,0.0,1.0,1.0,1.0,1.0633346171025668,74.10415106043168,1,1,1,0,0,0,0,44,-1,-1,48,1,0,4,0.2,0,0.0,0,0,48,0.08140675323511716,0.16679666130672283,5
Proposed smooth SAC,smooth,2,13,12013,enlarged_delay_only,1,0.05,0.0,0.0,0.0,1.0,1.0,1.0,2.9321695975105375,64.82631579002067,1,1,1,0,0,0,0,61,-1,-1,65,1,0,4,0.2,0,0.0,0,0,65,0.060624177308430796,0.3467086732020453,5
Proposed smooth SAC,smooth,2,14,12014,enlarged_delay_only,1,0.05,0.0,0.0,0.0,1.0,1.0,1.0,1.5727126782681156,69.85363554747353,1,1,1,0,0,0,0,50,-1,-1,54,1,0,4,0.2,0,0.0,0,0,54,0.06714011267489887,0.7282343957807893,5
Proposed smooth SAC,smooth,2,15,12015,enlarged_delay_only,1,0.05,0.0,0.0,0.0,1.0,1.0,1.0,1.7941221940119125,66.18821452938619,1,1,1,0,0,0,0,48,-1,-1,52,1,0,4,0.2,0,0.0,0,0,52,0.057338625478007735,0.6623823008368749,5
Proposed smooth SAC,smooth,2,16,12016,enlarged_delay_only,1,0.05,0.0,0.0,0.0,1.0,1.0,1.0,2.0956191639967527,80.76412508613855,1,1,1,0,0,0,0,56,-1,-1,60,1,0,4,0.2,0,0.0,0,0,60,0.06456950294048347,1.2291654320688432,5
Proposed smooth SAC,smooth,2,17,12017,enlarged_delay_only,1,0.05,0.0,0.0,0.0,1.0,1.0,1.0,2.3497476747776798,68.42664510531779,1,1,1,0,0,0,0,56,-1,-1,60,1,0,4,0.2,0,0.0,0,0,60,0.06724733878968064,2.0412733235577725,5
Proposed smooth SAC,smooth,2,18,12018,enlarged_delay_only,1,0.05,0.0,0.0,0.0,1.0,1.0,1.0,1.3063656328926654,58.185179426044705,1,1,1,0,0,0,0,41,-1,-1,45,1,0,4,0.2,0,0.0,0,0,45,0.06784747968387149,1.0507155342231531,5
Proposed smooth SAC,smooth,2,19,12019,enlarged_delay_only,1,0.05,0.0,0.0,0.0,1.0,1.0,1.0,1.569053725441394,46.92282244700273,1,1,1,0,0,0,0,43,-1,-1,47,1,0,4,0.2,0,0.0,0,0,47,0.047858308893382204,2.3278584561779874,5
Proposed smooth SAC,smooth,2,20,12020,enlarged_delay_only,1,0.05,0.0,0.0,0.0,1.0,1.0,1.0,2.8509785660679805,57.54032760612546,1,1,1,0,0,0,0,67,-1,-1,71,1,0,4,0.2,0,0.0,0,0,71,0.06192229049388996,2.0602977482737854,5
Proposed smooth SAC,smooth,2,21,12021,enlarged_delay_only,1,0.05,0.0,0.0,0.0,1.0,1.0,1.0,1.721321109839246,84.23015922197487,1,1,1,0,0,0,0,54,-1,-1,58,1,0,4,0.2,0,0.0,0,0,58,0.06914742504006867,0.011268262998260555,5
Proposed smooth SAC,smooth,2,22,12022,enlarged_delay_only,1,0.05,0.0,0.0,0.0,1.0,1.0,1.0,2.0714459852992766,7.241713190147896,1,1,1,0,0,0,0,54,-1,-1,58,1,0,4,0.2,0,0.0,0,0,58,0.06808501532777163,1.2490871728870665,5
Proposed smooth SAC,smooth,2,23,12023,enlarged_delay_only,1,0.05,0.0,0.0,0.0,1.0,1.0,1.0,1.96706721911142,29.687929491648173,1,1,1,0,0,0,0,61,-1,-1,65,1,0,4,0.2,0,0.0,0,0,65,0.08376816157222508,1.159519060319281,5
Proposed smooth SAC,smooth,2,24,12024,enlarged_delay_only,1,0.05,0.0,0.0,0.0,1.0,1.0,1.0,2.3296647946987346,59.32330750782227,1,1,1,0,0,0,0,63,-1,-1,67,1,0,4,0.2,0,0.0,0,0,67,0.0684542264339282,0.6424068256397908,5
Proposed smooth SAC,smooth,2,25,12025,enlarged_delay_only,1,0.05,0.0,0.0,0.0,1.0,1.0,1.0,1.7406706115734212,29.68845883130885,1,1,1,0,0,0,0,57,-1,-1,61,1,0,4,0.2,0,0.0,0,0,61,0.07805114825089815,0.6817868682688811,5
Proposed smooth SAC,smooth,2,26,12026,enlarged_delay_only,1,0.05,0.0,0.0,0.0,1.0,1.0,1.0,1.2890960116783232,58.822470226552745,1,1,1,0,0,0,0,44,-1,-1,48,1,0,4,0.2,0,0.0,0,0,48,0.0778742170268226,1.7799265936944013,5
Proposed smooth SAC,smooth,2,27,12027,enlarged_delay_only,1,0.05,0.0,0.0,0.0,1.0,1.0,1.0,1.679512651290201,27.36887877784833,1,1,1,0,0,0,0,45,-1,-1,49,1,0,4,0.2,0,0.0,0,0,49,0.0597291408546725,0.3648461871821613,5
Proposed smooth SAC,smooth,2,28,12028,enlarged_delay_only,1,0.05,0.0,0.0,0.0,1.0,1.0,1.0,2.161397968359572,63.816718208044406,1,1,1,0,0,0,0,60,-1,-1,64,1,0,4,0.2,0,0.0,0,0,64,0.060788657534009666,0.7209947154256932,5
Proposed smooth SAC,smooth,2,29,12029,enlarged_delay_only,1,0.05,0.0,0.0,0.0,1.0,1.0,1.0,1.4273638277059564,34.274883047648224,1,1,1,0,0,0,0,44,-1,-1,48,1,0,4,0.2,0,0.0,0,0,48,0.062099261814191765,2.019410741798208,5
Proposed smooth SAC,smooth,2,30,12030,enlarged_delay_only,1,0.05,0.0,0.0,0.0,1.0,1.0,1.0,1.7462896683471236,26.955215200955678,1,1,1,0,0,0,0,50,-1,-1,54,1,0,4,0.2,0,0.0,0,0,54,0.06998683421248164,1.264026931036,5
Proposed smooth SAC,smooth,2,31,12031,enlarged_delay_only,1,0.05,0.0,0.0,0.0,1.0,1.0,1.0,0.831092090571535,57.81877392801937,1,1,1,0,0,0,0,33,-1,-1,37,1,0,4,0.2,0,0.0,0,0,37,0.0623407022301966,1.2861551431212546,5
Proposed smooth SAC,smooth,2,32,12032,enlarged_delay_only,1,0.05,0.0,0.0,0.0,1.0,1.0,1.0,2.3622064651248813,65.6166711298287,1,1,1,0,0,0,0,62,-1,-1,66,1,0,4,0.2,0,0.0,0,0,66,0.07569323182219215,0.02569441960306754,5
Proposed smooth SAC,smooth,2,33,12033,enlarged_delay_only,1,0.05,0.0,0.0,0.0,1.0,1.0,1.0,0.7030471412582213,16.83992189867294,1,1,1,0,0,0,0,30,-1,-1,34,1,0,4,0.2,0,0.0,0,0,34,0.06495659264816045,2.5048965325778947,5
Proposed smooth SAC,smooth,2,34,12034,enlarged_delay_only,1,0.05,0.0,0.0,0.0,1.0,1.0,1.0,2.282842407805926,24.938362791888462,1,1,1,0,0,0,0,61,-1,-1,65,1,0,4,0.2,0,0.0,0,0,65,0.050055358917437856,2.0627837236882582,5
Proposed smooth SAC,smooth,2,35,12035,enlarged_delay_only,1,0.05,0.0,0.0,0.0,1.0,1.0,1.0,2.371908074838775,71.96116554796184,1,1,1,0,0,0,0,63,-1,-1,67,1,0,4,0.2,0,0.0,0,0,67,0.06771778004139406,0.001044047817177506,5
Proposed smooth SAC,smooth,2,36,12036,enlarged_delay_only,1,0.05,0.0,0.0,0.0,1.0,1.0,1.0,0.8829462334714887,87.90779944848737,1,1,1,0,0,0,0,42,-1,-1,46,1,0,4,0.2,0,0.0,0,0,46,0.055792129595764704,3.0176048960683133,5
Proposed smooth SAC,smooth,2,37,12037,enlarged_delay_only,1,0.05,0.0,0.0,0.0,1.0,1.0,1.0,0.817844285721509,43.45796651879823,1,1,1,0,0,0,0,25,-1,-1,29,1,0,4,0.2,0,0.0,0,0,29,0.017996521749685048,3.176732295473743,5
Proposed smooth SAC,smooth,2,38,12038,enlarged_delay_only,1,0.05,0.0,0.0,0.0,1.0,1.0,1.0,1.5743284929286714,57.88825061225674,1,1,1,0,0,0,0,46,-1,-1,50,1,0,4,0.2,0,0.0,0,0,50,0.06437834881186731,1.9820662556243402,5
Proposed smooth SAC,smooth,2,39,12039,enlarged_delay_only,1,0.05,0.0,0.0,0.0,1.0,1.0,1.0,0.8994689163493125,9.298986658723248,1,1,1,0,0,0,0,35,-1,-1,39,1,0,4,0.2,0,0.0,0,0,39,0.07611195091644828,0.240511451243659,5
Proposed smooth SAC,smooth,2,40,12040,enlarged_delay_only,1,0.05,0.0,0.0,0.0,1.0,1.0,1.0,1.8657719186487738,68.44804408798744,1,1,1,0,0,0,0,48,-1,-1,52,1,0,4,0.2,0,0.0,0,0,52,0.07154306665485677,1.307738861063612,5
Proposed smooth SAC,smooth,2,41,12041,enlarged_delay_only,1,0.05,0.0,0.0,0.0,1.0,1.0,1.0,2.1801507199074694,36.011752342258276,1,1,1,0,0,0,0,55,-1,-1,59,1,0,4,0.2,0,0.0,0,0,59,0.0712380415989039,0.4620950609150375,5
Proposed smooth SAC,smooth,2,42,12042,enlarged_delay_only,1,0.05,0.0,0.0,0.0,1.0,1.0,1.0,2.890509486387824,8.39370570216694,1,1,1,0,0,0,0,68,-1,-1,72,1,0,4,0.2,0,0.0,0,0,72,0.0792183154239822,1.3307378155463376,5
Proposed smooth SAC,smooth,2,43,12043,enlarged_delay_only,1,0.05,0.0,0.0,0.0,1.0,1.0,1.0,1.4295379479494126,86.66219834011966,1,1,1,0,0,0,0,47,-1,-1,51,1,0,4,0.2,0,0.0,0,0,51,0.062086649953992754,0.04688426608249886,5
Proposed smooth SAC,smooth,2,44,12044,enlarged_delay_only,1,0.05,0.0,0.0,0.0,1.0,1.0,1.0,1.4633774253790757,25.79388667411487,1,1,1,0,0,0,0,46,-1,-1,50,1,0,4,0.2,0,0.0,0,0,50,0.06726718444931234,0.3833897772527757,5
Proposed smooth SAC,smooth,2,45,12045,enlarged_delay_only,1,0.05,0.0,0.0,0.0,1.0,1.0,1.0,2.7817081294799144,45.277112272150255,1,1,1,0,0,0,0,68,-1,-1,72,1,0,4,0.2,0,0.0,0,0,72,0.06629188353148065,0.9879468428026764,5
Proposed smooth SAC,smooth,2,46,12046,enlarged_delay_only,1,0.05,0.0,0.0,0.0,1.0,1.0,1.0,2.448255495287487,6.5296484668143195,1,1,1,0,0,0,0,56,-1,-1,60,1,0,4,0.2,0,0.0,0,0,60,0.06998248371289505,0.3192954421639347,5
Proposed smooth SAC,smooth,2,47,12047,enlarged_delay_only,1,0.05,0.0,0.0,0.0,1.0,1.0,1.0,2.0375889749407565,48.300679923363994,1,1,1,0,0,0,0,57,-1,-1,61,1,0,4,0.2,0,0.0,0,0,61,0.06185967559592869,0.07130674804810999,5
Proposed smooth SAC,smooth,2,48,12048,enlarged_delay_only,1,0.05,0.0,0.0,0.0,1.0,1.0,1.0,1.595910055499794,38.132652438046875,1,1,1,0,0,0,0,46,-1,-1,50,1,0,4,0.2,0,0.0,0,0,50,0.0778875278961917,1.5931214535030815,5
Proposed smooth SAC,smooth,2,49,12049,enlarged_delay_only,1,0.05,0.0,0.0,0.0,1.0,1.0,1.0,1.5300451933387877,9.115019782297185,1,1,1,0,0,0,0,42,-1,-1,46,1,0,4,0.2,0,0.0,0,0,46,0.05193697779076097,0.7307934755637226,5
Proposed smooth SAC,smooth,2,50,12050,enlarged_delay_only,1,0.05,0.0,0.0,0.0,1.0,1.0,1.0,2.262693545269486,73.02772690761601,1,1,1,0,0,0,0,58,-1,-1,62,1,0,4,0.2,0,0.0,0,0,62,0.08492504456133143,0.9436360972839244,5
Proposed smooth SAC,smooth,2,51,12051,enlarged_delay_only,1,0.05,0.0,0.0,0.0,1.0,1.0,1.0,1.6263518811985,35.99433194478016,1,1,1,0,0,0,0,48,-1,-1,52,1,0,4,0.2,0,0.0,0,0,52,0.06814289401123161,1.6915149175304638,5
Proposed smooth SAC,smooth,2,52,12052,enlarged_delay_only,1,0.05,0.0,0.0,0.0,1.0,1.0,1.0,0.7048587995105587,83.91519870877808,1,1,1,0,0,0,0,36,-1,-1,40,1,0,4,0.2,0,0.0,0,0,40,0.048072190707582514,1.9610457081233914,5
Proposed smooth SAC,smooth,2,53,12053,enlarged_delay_only,1,0.05,0.0,0.0,0.0,1.0,1.0,1.0,1.470188620244381,45.138920469767974,1,1,1,0,0,0,0,43,-1,-1,47,1,0,4,0.2,0,0.0,0,0,47,0.055307615601742834,0.17084226772948602,5
Proposed smooth SAC,smooth,2,54,12054,enlarged_delay_only,1,0.05,0.0,0.0,0.0,1.0,1.0,1.0,2.2790002868522827,82.51781713667434,1,1,1,0,0,0,0,67,-1,-1,71,1,0,4,0.2,0,0.0,0,0,71,0.07112145785315437,0.21575495034927178,5
Proposed smooth SAC,smooth,2,55,12055,enlarged_delay_only,1,0.05,0.0,0.0,0.0,1.0,1.0,1.0,2.8850994760210127,23.46271066699096,1,1,1,0,0,0,0,64,-1,-1,68,1,0,4,0.2,0,0.0,0,0,68,0.07611524385234131,3.803081773261657,5
Proposed smooth SAC,smooth,2,56,12056,enlarged_delay_only,1,0.05,0.0,0.0,0.0,1.0,1.0,1.0,1.826905546699788,11.925707512554547,1,1,1,0,0,0,0,49,-1,-1,53,1,0,4,0.2,0,0.0,0,0,53,0.06873273479007241,0.8026315376240656,5
Proposed smooth SAC,smooth,2,57,12057,enlarged_delay_only,1,0.05,0.0,0.0,0.0,1.0,1.0,1.0,1.7691751722646727,27.276807827836556,1,1,1,0,0,0,0,51,-1,-1,55,1,0,4,0.2,0,0.0,0,0,55,0.07580011692446251,1.1258942524787199,5
Proposed smooth SAC,smooth,2,58,12058,enlarged_delay_only,1,0.05,0.0,0.0,0.0,1.0,1.0,1.0,2.3268545695420997,62.93145738971906,1,1,1,0,0,0,0,63,-1,-1,67,1,0,4,0.2,0,0.0,0,0,67,0.06698164923259341,0.9205816475141927,5
Proposed smooth SAC,smooth,2,59,12059,enlarged_delay_only,1,0.05,0.0,0.0,0.0,1.0,1.0,1.0,2.1903482121613216,54.840688506488746,1,1,1,0,0,0,0,60,-1,-1,64,1,0,4,0.2,0,0.0,0,0,64,0.07044130882672972,1.032670387879391,5
Proposed smooth SAC,smooth,2,60,12060,enlarged_delay_only,1,0.05,0.0,0.0,0.0,1.0,1.0,1.0,1.0973360553047116,33.91806713521758,1,1,1,0,0,0,0,38,-1,-1,42,1,0,4,0.2,0,0.0,0,0,42,0.07488008409602422,0.4058228132101685,5
Proposed smooth SAC,smooth,2,61,12061,enlarged_delay_only,1,0.05,0.0,0.0,0.0,1.0,1.0,1.0,1.936928029361262,42.58082679539602,1,1,1,0,0,0,0,47,-1,-1,51,1,0,4,0.2,0,0.0,0,0,51,0.06932186474216741,0.4418689497919257,5
Proposed smooth SAC,smooth,2,62,12062,enlarged_delay_only,1,0.05,0.0,0.0,0.0,1.0,1.0,1.0,1.8981880108378766,55.958209907540386,1,1,1,0,0,0,0,46,-1,-1,50,1,0,4,0.2,0,0.0,0,0,50,0.060661568818498136,1.5723318517734437,5
Proposed smooth SAC,smooth,2,63,12063,enlarged_delay_only,1,0.05,0.0,0.0,0.0,1.0,1.0,1.0,1.3410819077846639,71.65242733709893,1,1,1,0,0,0,0,45,-1,-1,49,1,0,4,0.2,0,0.0,0,0,49,0.05900319970719389,0.9011319368006409,5
Proposed smooth SAC,smooth,2,64,12064,enlarged_delay_only,1,0.05,0.0,0.0,0.0,1.0,1.0,1.0,3.236122857778983,77.84361815931113,1,1,1,0,0,0,0,73,-1,-1,77,1,0,4,0.2,0,0.0,0,0,77,0.07334328287878719,0.6661097164938508,5
Proposed smooth SAC,smooth,2,65,12065,enlarged_delay_only,1,0.05,0.0,0.0,0.0,1.0,1.0,1.0,2.27680658754703,16.046224888813487,1,1,1,0,0,0,0,55,-1,-1,59,1,0,4,0.2,0,0.0,0,0,59,0.07064259644223941,2.270378145444099,5
Proposed smooth SAC,smooth,2,66,12066,enlarged_delay_only,1,0.05,0.0,0.0,0.0,1.0,1.0,1.0,0.7254567305431476,42.00001141404023,1,1,1,0,0,0,0,29,-1,-1,33,1,0,4,0.2,0,0.0,0,0,33,0.07441965251222306,0.6733003048642874,5
Proposed smooth SAC,smooth,2,67,12067,enlarged_delay_only,1,0.05,0.0,0.0,0.0,1.0,1.0,1.0,1.5334421939190404,11.645351299013972,1,1,1,0,0,0,0,44,-1,-1,48,1,0,4,0.2,0,0.0,0,0,48,0.06338770119962024,1.5601236356839863,5
Proposed smooth SAC,smooth,2,68,12068,enlarged_delay_only,1,0.05,0.0,0.0,0.0,1.0,1.0,1.0,1.8681160247703945,59.46436457456137,1,1,1,0,0,0,0,52,-1,-1,56,1,0,4,0.2,0,0.0,0,0,56,0.0762682053322663,0.9043568533059447,5
Proposed smooth SAC,smooth,2,69,12069,enlarged_delay_only,1,0.05,0.0,0.0,0.0,1.0,1.0,1.0,1.886519728757838,51.09646759594697,1,1,1,0,0,0,0,53,-1,-1,57,1,0,4,0.2,0,0.0,0,0,57,0.07303924730575183,0.12201373894095409,5
Proposed smooth SAC,smooth,2,70,12070,enlarged_delay_only,1,0.05,0.0,0.0,0.0,1.0,1.0,1.0,1.6986806001597525,76.52323330972095,1,1,1,0,0,0,0,47,-1,-1,51,1,0,4,0.2,0,0.0,0,0,51,0.07902818611221342,0.9443405672637878,5
Proposed smooth SAC,smooth,2,71,12071,enlarged_delay_only,1,0.05,0.0,0.0,0.0,1.0,1.0,1.0,2.6459208153503964,67.50779341665432,1,1,1,0,0,0,0,63,-1,-1,67,1,0,4,0.2,0,0.0,0,0,67,0.0734808535888653,0.48350039352618146,5
Proposed smooth SAC,smooth,2,72,12072,enlarged_delay_only,1,0.05,0.0,0.0,0.0,1.0,1.0,1.0,0.48175087121353316,49.596093601348606,1,1,1,0,0,0,0,31,-1,-1,35,1,0,4,0.2,0,0.0,0,0,35,0.039587076985289925,3.232229503470801,5
Proposed smooth SAC,smooth,2,73,12073,enlarged_delay_only,1,0.05,0.0,0.0,0.0,1.0,1.0,1.0,1.3565823895626754,84.90849262920553,1,1,1,0,0,0,0,42,-1,-1,46,1,0,4,0.2,0,0.0,0,0,46,0.04596390429286357,3.5587618512254817,5
Proposed smooth SAC,smooth,2,74,12074,enlarged_delay_only,1,0.05,0.0,0.0,0.0,1.0,1.0,1.0,2.034268978334935,63.584860606479154,1,1,1,0,0,0,0,52,-1,-1,56,1,0,4,0.2,0,0.0,0,0,56,0.07016759192677281,3.1088220724338336,5
Proposed smooth SAC,smooth,2,75,12075,enlarged_delay_only,1,0.05,0.0,0.0,0.0,1.0,1.0,1.0,2.7867133802887056,59.621185717904865,1,1,1,0,0,0,0,67,-1,-1,71,1,0,4,0.2,0,0.0,0,0,71,0.07740274589737862,0.448225187866563,5
Proposed smooth SAC,smooth,2,76,12076,enlarged_delay_only,1,0.05,0.0,0.0,0.0,1.0,1.0,1.0,1.4672375160200708,30.3721436917542,1,1,1,0,0,0,0,40,-1,-1,44,1,0,4,0.2,0,0.0,0,0,44,0.074741104572775,1.9574359531470396,5
Proposed smooth SAC,smooth,2,77,12077,enlarged_delay_only,1,0.05,0.0,0.0,0.0,1.0,1.0,1.0,1.9775577095396648,51.41426263764932,1,1,1,0,0,0,0,53,-1,-1,57,1,0,4,0.2,0,0.0,0,0,57,0.0722508136175856,0.2657452116063009,5
Proposed smooth SAC,smooth,2,78,12078,enlarged_delay_only,1,0.05,0.0,0.0,0.0,1.0,1.0,1.0,2.327760709820301,60.008956047653996,1,1,1,0,0,0,0,68,-1,-1,72,1,0,4,0.2,0,0.0,0,0,72,0.07229845810085803,0.44478058472990806,5
Proposed smooth SAC,smooth,2,79,12079,enlarged_delay_only,1,0.05,0.0,0.0,0.0,1.0,1.0,1.0,1.5278991276633485,40.17317828277736,1,1,1,0,0,0,0,43,-1,-1,47,1,0,4,0.2,0,0.0,0,0,47,0.0642913044888428,1.0817819026110156,5
Proposed smooth SAC,smooth,2,80,12080,enlarged_delay_only,1,0.05,0.0,0.0,0.0,1.0,1.0,1.0,2.3192768073204557,47.36251928991689,1,1,1,0,0,0,0,62,-1,-1,66,1,0,4,0.2,0,0.0,0,0,66,0.0727425064288459,0.59433648786977,5
Proposed smooth SAC,smooth,2,81,12081,enlarged_delay_only,1,0.05,0.0,0.0,0.0,1.0,1.0,1.0,2.348060423688873,77.305474384795,1,1,1,0,0,0,0,65,-1,-1,69,1,0,4,0.2,0,0.0,0,0,69,0.07164715616824102,0.7708179572131743,5
Proposed smooth SAC,smooth,2,82,12082,enlarged_delay_only,1,0.05,0.0,0.0,0.0,1.0,1.0,1.0,1.657062365864348,55.61082307125895,1,1,1,0,0,0,0,48,-1,-1,52,1,0,4,0.2,0,0.0,0,0,52,0.07332870094557487,0.5268030991729747,5
Proposed smooth SAC,smooth,2,83,12083,enlarged_delay_only,1,0.05,0.0,0.0,0.0,1.0,1.0,1.0,1.7829506075254924,2.609497891508878,1,1,1,0,0,0,0,46,-1,-1,50,1,0,4,0.2,0,0.0,0,0,50,0.07073585759103175,0.755076719053822,5
Proposed smooth SAC,smooth,2,84,12084,enlarged_delay_only,1,0.05,0.0,0.0,0.0,1.0,1.0,1.0,1.6404890956693123,1.3837049720644343,1,1,1,0,0,0,0,47,-1,-1,51,1,0,4,0.2,0,0.0,0,0,51,0.06698962408483818,0.18032006233737785,5
Proposed smooth SAC,smooth,2,85,12085,enlarged_delay_only,1,0.05,0.0,0.0,0.0,1.0,1.0,1.0,2.497746521837666,36.904581010184,1,1,1,0,0,0,0,57,-1,-1,61,1,0,4,0.2,0,0.0,0,0,61,0.05180173476702369,2.381020593252547,5
Proposed smooth SAC,smooth,2,86,12086,enlarged_delay_only,1,0.05,0.0,0.0,0.0,1.0,1.0,1.0,1.8263883792562778,0.33389918702221527,1,1,1,0,0,0,0,47,-1,-1,51,1,0,4,0.2,0,0.0,0,0,51,0.06724071233821587,0.5355518244478206,5
Proposed smooth SAC,smooth,2,87,12087,enlarged_delay_only,1,0.05,0.0,0.0,0.0,1.0,1.0,1.0,2.03592606033529,9.710697655286923,1,1,1,0,0,0,0,50,-1,-1,54,1,0,4,0.2,0,0.0,0,0,54,0.049726257197722376,3.5661025970359526,5
Proposed smooth SAC,smooth,2,88,12088,enlarged_delay_only,1,0.05,0.0,0.0,0.0,1.0,1.0,1.0,2.799243954274032,20.695729317232512,1,1,1,0,0,0,0,59,-1,-1,63,1,0,4,0.2,0,0.0,0,0,63,0.06415756738289145,0.23645522601117056,5
Proposed smooth SAC,smooth,2,89,12089,enlarged_delay_only,1,0.05,0.0,0.0,0.0,1.0,1.0,1.0,1.9684957245170929,46.29750155301514,1,1,1,0,0,0,0,58,-1,-1,62,1,0,4,0.2,0,0.0,0,0,62,0.06165304023549327,1.006105007432861,5
Proposed smooth SAC,smooth,2,90,12090,enlarged_delay_only,1,0.05,0.0,0.0,0.0,1.0,1.0,1.0,1.911320050192248,50.27198521595098,1,1,1,0,0,0,0,52,-1,-1,56,1,0,4,0.2,0,0.0,0,0,56,0.07047987259109087,0.3539503545891249,5
Proposed smooth SAC,smooth,2,91,12091,enlarged_delay_only,1,0.05,0.0,0.0,0.0,1.0,1.0,1.0,2.127844865867529,32.123072930770725,1,1,1,0,0,0,0,57,-1,-1,61,1,0,4,0.2,0,0.0,0,0,61,0.07174209834962592,0.38008540643751754,5
Proposed smooth SAC,smooth,2,92,12092,enlarged_delay_only,1,0.05,0.0,0.0,0.0,1.0,1.0,1.0,2.1800958407414126,47.35001662864118,1,1,1,0,0,0,0,53,-1,-1,57,1,0,4,0.2,0,0.0,0,0,57,0.07335677462145869,0.44235397326427595,5
Proposed smooth SAC,smooth,2,93,12093,enlarged_delay_only,1,0.05,0.0,0.0,0.0,1.0,1.0,1.0,3.259884867767638,59.350430189016386,1,1,1,0,0,0,0,77,-1,-1,81,1,0,4,0.2,0,0.0,0,0,81,0.0751124294298862,1.5225580221357393,5
Proposed smooth SAC,smooth,2,94,12094,enlarged_delay_only,1,0.05,0.0,0.0,0.0,1.0,1.0,1.0,0.7611576363914472,18.846404373032783,1,1,1,0,0,0,0,27,-1,-1,31,1,0,4,0.2,0,0.0,0,0,31,0.06663932786135957,0.4692978689207862,5
Proposed smooth SAC,smooth,2,95,12095,enlarged_delay_only,1,0.05,0.0,0.0,0.0,1.0,1.0,1.0,2.315981959981536,11.583421973809466,1,1,1,0,0,0,0,59,-1,-1,63,1,0,4,0.2,0,0.0,0,0,63,0.07010143311613926,2.4585261648592667,5
Proposed smooth SAC,smooth,2,96,12096,enlarged_delay_only,1,0.05,0.0,0.0,0.0,1.0,1.0,1.0,2.6433593115574596,23.402961879678983,1,1,1,0,0,0,0,58,-1,-1,62,1,0,4,0.2,0,0.0,0,0,62,0.05774719506787585,1.4943347199898946,5
Proposed smooth SAC,smooth,2,97,12097,enlarged_delay_only,1,0.05,0.0,0.0,0.0,1.0,1.0,1.0,2.517006739513531,35.98333875531102,1,1,1,0,0,0,0,60,-1,-1,64,1,0,4,0.2,0,0.0,0,0,64,0.06859266727818178,1.4329164850343763,5
Proposed smooth SAC,smooth,2,98,12098,enlarged_delay_only,1,0.05,0.0,0.0,0.0,1.0,1.0,1.0,3.120283930411399,82.53858091175118,1,1,1,0,0,0,0,72,-1,-1,76,1,0,4,0.2,0,0.0,0,0,76,0.06271064998404306,2.9901703740498995,5
Proposed smooth SAC,smooth,2,99,12099,enlarged_delay_only,1,0.05,0.0,0.0,0.0,1.0,1.0,1.0,0.19539344804534206,10.475630177230514,1,1,1,0,0,0,0,10,-1,-1,14,1,0,4,0.2,0,0.0,0,0,14,0.05743725993452831,2.043430382675027,5
Proposed smooth SAC,smooth,3,0,12000,enlarged_delay_only,1,0.05,0.0,0.0,0.0,1.0,1.0,1.0,1.4011169590411672,3.680448288035017,1,1,1,0,0,0,0,41,-1,-1,45,1,0,4,0.2,0,0.0,0,0,45,0.06327261540355959,0.1796515308919364,5
Proposed smooth SAC,smooth,3,1,12001,enlarged_delay_only,1,0.05,0.0,0.0,0.0,1.0,1.0,1.0,1.8698938269216967,60.07772922240686,1,1,1,0,0,0,0,50,-1,-1,54,1,0,4,0.2,0,0.0,0,0,54,0.07194166846428594,0.31522254166491787,5
Proposed smooth SAC,smooth,3,2,12002,enlarged_delay_only,1,0.05,0.0,0.0,0.0,1.0,1.0,1.0,1.5052862077716045,52.14187244464703,1,1,1,0,0,0,0,48,-1,-1,52,1,0,4,0.2,0,0.0,0,0,52,0.07382115386756902,2.5255704479784655,5
Proposed smooth SAC,smooth,3,3,12003,enlarged_delay_only,1,0.05,0.0,0.0,0.0,1.0,1.0,1.0,1.11052274394814,63.72168295593285,1,1,1,0,0,0,0,36,-1,-1,40,1,0,4,0.2,0,0.0,0,0,40,0.06180334605630483,2.657872492862082,5
Proposed smooth SAC,smooth,3,4,12004,enlarged_delay_only,1,0.05,0.0,0.0,0.0,1.0,1.0,1.0,2.0622948587954135,27.609846144219087,1,1,1,0,0,0,0,56,-1,-1,60,1,0,4,0.2,0,0.0,0,0,60,0.06986519116047929,0.3022940341027151,5
Proposed smooth SAC,smooth,3,5,12005,enlarged_delay_only,1,0.05,0.0,0.0,0.0,1.0,1.0,1.0,0.7836208893081577,86.33696522241115,1,1,1,0,0,0,0,36,-1,-1,40,1,0,4,0.2,0,0.0,0,0,40,0.06640662530109066,2.626225238229651,5
Proposed smooth SAC,smooth,3,6,12006,enlarged_delay_only,1,0.05,0.0,0.0,0.0,1.0,1.0,1.0,1.4039658384766267,70.50865751906693,1,1,1,0,0,0,0,47,-1,-1,51,1,0,4,0.2,0,0.0,0,0,51,0.07373475748416373,0.43367288287046907,5
Proposed smooth SAC,smooth,3,7,12007,enlarged_delay_only,1,0.05,0.0,0.0,0.0,1.0,1.0,1.0,2.023389540687327,41.417218692919725,1,1,1,0,0,0,0,50,-1,-1,54,1,0,4,0.2,0,0.0,0,0,54,0.052590809364850936,1.306123521324904,5
Proposed smooth SAC,smooth,3,8,12008,enlarged_delay_only,1,0.05,0.0,0.0,0.0,1.0,1.0,1.0,0.6761041193866284,47.03972454974209,1,1,1,0,0,0,0,32,-1,-1,36,1,0,4,0.2,0,0.0,0,0,36,0.02777092690570435,2.780894231654355,5
Proposed smooth SAC,smooth,3,9,12009,enlarged_delay_only,1,0.05,0.0,0.0,0.0,1.0,1.0,1.0,0.8365610729382312,17.566701837686487,1,1,1,0,0,0,0,35,-1,-1,39,1,0,4,0.2,0,0.0,0,0,39,0.06831839916356384,1.1970984409675738,5
Proposed smooth SAC,smooth,3,10,12010,enlarged_delay_only,1,0.05,0.0,0.0,0.0,1.0,1.0,1.0,2.0882312594206844,67.10242168941406,1,1,1,0,0,0,0,53,-1,-1,57,1,0,4,0.2,0,0.0,0,0,57,0.06172527411461145,1.8694556461178706,5
Proposed smooth SAC,smooth,3,11,12011,enlarged_delay_only,1,0.05,0.0,0.0,0.0,1.0,1.0,1.0,1.0363136503576447,39.13181690606595,1,1,1,0,0,0,0,40,-1,-1,44,1,0,4,0.2,0,0.0,0,0,44,0.0811479054038237,4.0867792299668375,5
Proposed smooth SAC,smooth,3,12,12012,enlarged_delay_only,1,0.05,0.0,0.0,0.0,1.0,1.0,1.0,1.0633346171025668,74.10415106043168,1,1,1,0,0,0,0,53,-1,-1,57,1,0,4,0.2,0,0.0,0,0,57,0.08421546054029225,1.2189667856992505,5
Proposed smooth SAC,smooth,3,13,12013,enlarged_delay_only,1,0.05,0.0,0.0,0.0,1.0,1.0,1.0,2.9321695975105375,64.82631579002067,1,1,1,0,0,0,0,61,-1,-1,65,1,0,4,0.2,0,0.0,0,0,65,0.06507980451144922,2.8096006629622723,5
Proposed smooth SAC,smooth,3,14,12014,enlarged_delay_only,1,0.05,0.0,0.0,0.0,1.0,1.0,1.0,1.5727126782681156,69.85363554747353,1,1,1,0,0,0,0,49,-1,-1,53,1,0,4,0.2,0,0.0,0,0,53,0.06879111194943907,0.9707584583129277,5
Proposed smooth SAC,smooth,3,15,12015,enlarged_delay_only,1,0.05,0.0,0.0,0.0,1.0,1.0,1.0,1.7941221940119125,66.18821452938619,1,1,1,0,0,0,0,48,-1,-1,52,1,0,4,0.2,0,0.0,0,0,52,0.0644035908549619,1.797565130339136,5
Proposed smooth SAC,smooth,3,16,12016,enlarged_delay_only,1,0.05,0.0,0.0,0.0,1.0,1.0,1.0,2.0956191639967527,80.76412508613855,1,1,1,0,0,0,0,52,-1,-1,56,1,0,4,0.2,0,0.0,0,0,56,0.04158243101694309,1.8360408665942873,5
Proposed smooth SAC,smooth,3,17,12017,enlarged_delay_only,1,0.05,0.0,0.0,0.0,1.0,1.0,1.0,2.3497476747776798,68.42664510531779,1,1,1,0,0,0,0,54,-1,-1,58,1,0,4,0.2,0,0.0,0,0,58,0.04882300978159321,0.8210093888856014,5
Proposed smooth SAC,smooth,3,18,12018,enlarged_delay_only,1,0.05,0.0,0.0,0.0,1.0,1.0,1.0,1.3063656328926654,58.185179426044705,1,1,1,0,0,0,0,38,-1,-1,42,1,0,4,0.2,0,0.0,0,0,42,0.06439025423261323,2.411410879634284,5
Proposed smooth SAC,smooth,3,19,12019,enlarged_delay_only,1,0.05,0.0,0.0,0.0,1.0,1.0,1.0,1.569053725441394,46.92282244700273,1,1,1,0,0,0,0,50,-1,-1,54,1,0,4,0.2,0,0.0,0,0,54,0.08941655664781854,0.1219526941252471,5
Proposed smooth SAC,smooth,3,20,12020,enlarged_delay_only,1,0.05,0.0,0.0,0.0,1.0,1.0,1.0,2.8509785660679805,57.54032760612546,1,1,1,0,0,0,0,63,-1,-1,67,1,0,4,0.2,0,0.0,0,0,67,0.05006559399651584,1.0423640271372259,5
Proposed smooth SAC,smooth,3,21,12021,enlarged_delay_only,1,0.05,0.0,0.0,0.0,1.0,1.0,1.0,1.721321109839246,84.23015922197487,1,1,1,0,0,0,0,50,-1,-1,54,1,0,4,0.2,0,0.0,0,0,54,0.06925611035812407,0.11675126494844439,5
Proposed smooth SAC,smooth,3,22,12022,enlarged_delay_only,1,0.05,0.0,0.0,0.0,1.0,1.0,1.0,2.0714459852992766,7.241713190147896,1,1,1,0,0,0,0,53,-1,-1,57,1,0,4,0.2,0,0.0,0,0,57,0.0725702393264225,0.7835190675007832,5
Proposed smooth SAC,smooth,3,23,12023,enlarged_delay_only,1,0.05,0.0,0.0,0.0,1.0,1.0,1.0,1.96706721911142,29.687929491648173,1,1,1,0,0,0,0,51,-1,-1,55,1,0,4,0.2,0,0.0,0,0,55,0.051194517005796275,0.48010893779900565,5
Proposed smooth SAC,smooth,3,24,12024,enlarged_delay_only,1,0.05,0.0,0.0,0.0,1.0,1.0,1.0,2.3296647946987346,59.32330750782227,1,1,1,0,0,0,0,60,-1,-1,64,1,0,4,0.2,0,0.0,0,0,64,0.06396642209489128,0.43594050567491327,5
Proposed smooth SAC,smooth,3,25,12025,enlarged_delay_only,1,0.05,0.0,0.0,0.0,1.0,1.0,1.0,1.7406706115734212,29.68845883130885,1,1,1,0,0,0,0,53,-1,-1,57,1,0,4,0.2,0,0.0,0,0,57,0.06754441129348754,2.4870861739868517,5
Proposed smooth SAC,smooth,3,26,12026,enlarged_delay_only,1,0.05,0.0,0.0,0.0,1.0,1.0,1.0,1.2890960116783232,58.822470226552745,1,1,1,0,0,0,0,39,-1,-1,43,1,0,4,0.2,0,0.0,0,0,43,0.07217092017174724,1.2203813819093838,5
Proposed smooth SAC,smooth,3,27,12027,enlarged_delay_only,1,0.05,0.0,0.0,0.0,1.0,1.0,1.0,1.679512651290201,27.36887877784833,1,1,1,0,0,0,0,44,-1,-1,48,1,0,4,0.2,0,0.0,0,0,48,0.06725569984259105,1.2385859704815834,5
Proposed smooth SAC,smooth,3,28,12028,enlarged_delay_only,1,0.05,0.0,0.0,0.0,1.0,1.0,1.0,2.161397968359572,63.816718208044406,1,1,1,0,0,0,0,56,-1,-1,60,1,0,4,0.2,0,0.0,0,0,60,0.07653360718497497,0.10513320655174525,5
Proposed smooth SAC,smooth,3,29,12029,enlarged_delay_only,1,0.05,0.0,0.0,0.0,1.0,1.0,1.0,1.4273638277059564,34.274883047648224,1,1,1,0,0,0,0,56,-1,-1,60,1,0,4,0.2,0,0.0,0,0,60,0.08963431553982348,0.7851182389010654,5
Proposed smooth SAC,smooth,3,30,12030,enlarged_delay_only,1,0.05,0.0,0.0,0.0,1.0,1.0,1.0,1.7462896683471236,26.955215200955678,1,1,1,0,0,0,0,51,-1,-1,55,1,0,4,0.2,0,0.0,0,0,55,0.07937804086013085,2.1252735512915284,5
Proposed smooth SAC,smooth,3,31,12031,enlarged_delay_only,1,0.05,0.0,0.0,0.0,1.0,1.0,1.0,0.831092090571535,57.81877392801937,1,1,1,0,0,0,0,35,-1,-1,39,1,0,4,0.2,0,0.0,0,0,39,0.06925342685855575,1.2438424413781428,5
Proposed smooth SAC,smooth,3,32,12032,enlarged_delay_only,1,0.05,0.0,0.0,0.0,1.0,1.0,1.0,2.3622064651248813,65.6166711298287,1,1,1,0,0,0,0,60,-1,-1,64,1,0,4,0.2,0,0.0,0,0,64,0.06305561358288984,0.889985601683709,5
Proposed smooth SAC,smooth,3,33,12033,enlarged_delay_only,1,0.05,0.0,0.0,0.0,1.0,1.0,1.0,0.7030471412582213,16.83992189867294,1,1,1,0,0,0,0,30,-1,-1,34,1,0,4,0.2,0,0.0,0,0,34,0.06638389313303457,2.9273053129291022,5
Proposed smooth SAC,smooth,3,34,12034,enlarged_delay_only,1,0.05,0.0,0.0,0.0,1.0,1.0,1.0,2.282842407805926,24.938362791888462,1,1,1,0,0,0,0,61,-1,-1,65,1,0,4,0.2,0,0.0,0,0,65,0.05385201620567946,0.8242675492022561,5
Proposed smooth SAC,smooth,3,35,12035,enlarged_delay_only,1,0.05,0.0,0.0,0.0,1.0,1.0,1.0,2.371908074838775,71.96116554796184,1,1,1,0,0,0,0,61,-1,-1,65,1,0,4,0.2,0,0.0,0,0,65,0.0683096157290601,1.9603712269428526,5
Proposed smooth SAC,smooth,3,36,12036,enlarged_delay_only,1,0.05,0.0,0.0,0.0,1.0,1.0,1.0,0.8829462334714887,87.90779944848737,1,1,1,0,0,0,0,41,-1,-1,45,1,0,4,0.2,0,0.0,0,0,45,0.07229015026592389,1.6941586276260818,5
Proposed smooth SAC,smooth,3,37,12037,enlarged_delay_only,1,0.05,0.0,0.0,0.0,1.0,1.0,1.0,0.817844285721509,43.45796651879823,1,1,1,0,0,0,0,27,-1,-1,31,1,0,4,0.2,0,0.0,0,0,31,0.06877174666125169,0.5709196111872045,5
Proposed smooth SAC,smooth,3,38,12038,enlarged_delay_only,1,0.05,0.0,0.0,0.0,1.0,1.0,1.0,1.5743284929286714,57.88825061225674,1,1,1,0,0,0,0,47,-1,-1,51,1,0,4,0.2,0,0.0,0,0,51,0.06874174501459819,2.5271140707308883,5
Proposed smooth SAC,smooth,3,39,12039,enlarged_delay_only,1,0.05,0.0,0.0,0.0,1.0,1.0,1.0,0.8994689163493125,9.298986658723248,1,1,1,0,0,0,0,36,-1,-1,40,1,0,4,0.2,0,0.0,0,0,40,0.0637650521510261,0.3680020547438245,5
Proposed smooth SAC,smooth,3,40,12040,enlarged_delay_only,1,0.05,0.0,0.0,0.0,1.0,1.0,1.0,1.8657719186487738,68.44804408798744,1,1,1,0,0,0,0,51,-1,-1,55,1,0,4,0.2,0,0.0,0,0,55,0.07127540508649435,0.6708387687204383,5
Proposed smooth SAC,smooth,3,41,12041,enlarged_delay_only,1,0.05,0.0,0.0,0.0,1.0,1.0,1.0,2.1801507199074694,36.011752342258276,1,1,1,0,0,0,0,55,-1,-1,59,1,0,4,0.2,0,0.0,0,0,59,0.03728745903089377,3.2904700996366767,5
Proposed smooth SAC,smooth,3,42,12042,enlarged_delay_only,1,0.05,0.0,0.0,0.0,1.0,1.0,1.0,2.890509486387824,8.39370570216694,1,1,1,0,0,0,0,64,-1,-1,68,1,0,4,0.2,0,0.0,0,0,68,0.061733246426887795,2.8420141794422142,5
Proposed smooth SAC,smooth,3,43,12043,enlarged_delay_only,1,0.05,0.0,0.0,0.0,1.0,1.0,1.0,1.4295379479494126,86.66219834011966,1,1,1,0,0,0,0,55,-1,-1,59,1,0,4,0.2,0,0.0,0,0,59,0.06406914901998123,0.1606898185182835,5
Proposed smooth SAC,smooth,3,44,12044,enlarged_delay_only,1,0.05,0.0,0.0,0.0,1.0,1.0,1.0,1.4633774253790757,25.79388667411487,1,1,1,0,0,0,0,46,-1,-1,50,1,0,4,0.2,0,0.0,0,0,50,0.07463865051935273,2.5887189619498185,5
Proposed smooth SAC,smooth,3,45,12045,enlarged_delay_only,1,0.05,0.0,0.0,0.0,1.0,1.0,1.0,2.7817081294799144,45.277112272150255,1,1,1,0,0,0,0,64,-1,-1,68,1,0,4,0.2,0,0.0,0,0,68,0.06228989527258102,3.773872469276098,5
Proposed smooth SAC,smooth,3,46,12046,enlarged_delay_only,1,0.05,0.0,0.0,0.0,1.0,1.0,1.0,2.448255495287487,6.5296484668143195,1,1,1,0,0,0,0,48,-1,-1,52,1,0,4,0.2,0,0.0,0,0,52,0.04247186402733299,1.611903193060147,5
Proposed smooth SAC,smooth,3,47,12047,enlarged_delay_only,1,0.05,0.0,0.0,0.0,1.0,1.0,1.0,2.0375889749407565,48.300679923363994,1,1,1,0,0,0,0,51,-1,-1,55,1,0,4,0.2,0,0.0,0,0,55,0.0552049356704704,1.737139620690797,5
Proposed smooth SAC,smooth,3,48,12048,enlarged_delay_only,1,0.05,0.0,0.0,0.0,1.0,1.0,1.0,1.595910055499794,38.132652438046875,1,1,1,0,0,0,0,39,-1,-1,43,1,0,4,0.2,0,0.0,0,0,43,0.06513812999233416,2.3065079251627623,5
Proposed smooth SAC,smooth,3,49,12049,enlarged_delay_only,1,0.05,0.0,0.0,0.0,1.0,1.0,1.0,1.5300451933387877,9.115019782297185,1,1,1,0,0,0,0,46,-1,-1,50,1,0,4,0.2,0,0.0,0,0,50,0.05981091174944423,2.455571681156413,5
Proposed smooth SAC,smooth,3,50,12050,enlarged_delay_only,1,0.05,0.0,0.0,0.0,1.0,1.0,1.0,2.262693545269486,73.02772690761601,1,1,1,0,0,0,0,49,-1,-1,53,1,0,4,0.2,0,0.0,0,0,53,0.0572451736451015,0.21930544809848837,5
Proposed smooth SAC,smooth,3,51,12051,enlarged_delay_only,1,0.05,0.0,0.0,0.0,1.0,1.0,1.0,1.6263518811985,35.99433194478016,1,1,1,0,0,0,0,53,-1,-1,57,1,0,4,0.2,0,0.0,0,0,57,0.0687883343042448,0.8169051388855113,5
Proposed smooth SAC,smooth,3,52,12052,enlarged_delay_only,1,0.05,0.0,0.0,0.0,1.0,1.0,1.0,0.7048587995105587,83.91519870877808,1,1,1,0,0,0,0,39,-1,-1,43,1,0,4,0.2,0,0.0,0,0,43,0.07371079541774644,2.663328533348453,5
Proposed smooth SAC,smooth,3,53,12053,enlarged_delay_only,1,0.05,0.0,0.0,0.0,1.0,1.0,1.0,1.470188620244381,45.138920469767974,1,1,1,0,0,0,0,44,-1,-1,48,1,0,4,0.2,0,0.0,0,0,48,0.06958902709090241,0.5365613050628073,5
Proposed smooth SAC,smooth,3,54,12054,enlarged_delay_only,1,0.05,0.0,0.0,0.0,1.0,1.0,1.0,2.2790002868522827,82.51781713667434,1,1,1,0,0,0,0,61,-1,-1,65,1,0,4,0.2,0,0.0,0,0,65,0.04461728782520187,1.0137103163519645,5
Proposed smooth SAC,smooth,3,55,12055,enlarged_delay_only,1,0.05,0.0,0.0,0.0,1.0,1.0,1.0,2.8850994760210127,23.46271066699096,1,1,1,0,0,0,0,74,-1,-1,78,1,0,4,0.2,0,0.0,0,0,78,0.06762206603200087,0.20205623223644428,5
Proposed smooth SAC,smooth,3,56,12056,enlarged_delay_only,1,0.05,0.0,0.0,0.0,1.0,1.0,1.0,1.826905546699788,11.925707512554547,1,1,1,0,0,0,0,46,-1,-1,50,1,0,4,0.2,0,0.0,0,0,50,0.06660768992079505,1.372156509560118,5
Proposed smooth SAC,smooth,3,57,12057,enlarged_delay_only,1,0.05,0.0,0.0,0.0,1.0,1.0,1.0,1.7691751722646727,27.276807827836556,1,1,1,0,0,0,0,42,-1,-1,46,1,0,4,0.2,0,0.0,0,0,46,0.05793448685683865,2.978908672769018,5
Proposed smooth SAC,smooth,3,58,12058,enlarged_delay_only,1,0.05,0.0,0.0,0.0,1.0,1.0,1.0,2.3268545695420997,62.93145738971906,1,1,1,0,0,0,0,62,-1,-1,66,1,0,4,0.2,0,0.0,0,0,66,0.06507108005830957,2.6308546123830387,5
Proposed smooth SAC,smooth,3,59,12059,enlarged_delay_only,1,0.05,0.0,0.0,0.0,1.0,1.0,1.0,2.1903482121613216,54.840688506488746,1,1,1,0,0,0,0,58,-1,-1,62,1,0,4,0.2,0,0.0,0,0,62,0.06718663919497259,0.504056754967834,5
Proposed smooth SAC,smooth,3,60,12060,enlarged_delay_only,1,0.05,0.0,0.0,0.0,1.0,1.0,1.0,1.0973360553047116,33.91806713521758,1,1,1,0,0,0,0,35,-1,-1,39,1,0,4,0.2,0,0.0,0,0,39,0.06904382736109242,3.034169385466064,5
Proposed smooth SAC,smooth,3,61,12061,enlarged_delay_only,1,0.05,0.0,0.0,0.0,1.0,1.0,1.0,1.936928029361262,42.58082679539602,1,1,1,0,0,0,0,47,-1,-1,51,1,0,4,0.2,0,0.0,0,0,51,0.05843965132438519,1.1975748466621823,5
Proposed smooth SAC,smooth,3,62,12062,enlarged_delay_only,1,0.05,0.0,0.0,0.0,1.0,1.0,1.0,1.8981880108378766,55.958209907540386,1,1,1,0,0,0,0,51,-1,-1,55,1,0,4,0.2,0,0.0,0,0,55,0.06842458550296811,1.3362389993142538,5
Proposed smooth SAC,smooth,3,63,12063,enlarged_delay_only,1,0.05,0.0,0.0,0.0,1.0,1.0,1.0,1.3410819077846639,71.65242733709893,1,1,1,0,0,0,0,47,-1,-1,51,1,0,4,0.2,0,0.0,0,0,51,0.06452782978368705,1.0746344298097146,5
Proposed smooth SAC,smooth,3,64,12064,enlarged_delay_only,1,0.05,0.0,0.0,0.0,1.0,1.0,1.0,3.236122857778983,77.84361815931113,1,1,1,0,0,0,0,69,-1,-1,73,1,0,4,0.2,0,0.0,0,0,73,0.06835389940824436,0.21343221912400465,5
Proposed smooth SAC,smooth,3,65,12065,enlarged_delay_only,1,0.05,0.0,0.0,0.0,1.0,1.0,1.0,2.27680658754703,16.046224888813487,1,1,1,0,0,0,0,57,-1,-1,61,1,0,4,0.2,0,0.0,0,0,61,0.06709373235221003,0.01713193204244357,5
Proposed smooth SAC,smooth,3,66,12066,enlarged_delay_only,1,0.05,0.0,0.0,0.0,1.0,1.0,1.0,0.7254567305431476,42.00001141404023,1,1,1,0,0,0,0,29,-1,-1,33,1,0,4,0.2,0,0.0,0,0,33,0.061985681882805906,0.48972104167362346,5
Proposed smooth SAC,smooth,3,67,12067,enlarged_delay_only,1,0.05,0.0,0.0,0.0,1.0,1.0,1.0,1.5334421939190404,11.645351299013972,1,1,1,0,0,0,0,47,-1,-1,51,1,0,4,0.2,0,0.0,0,0,51,0.0644539108803014,0.1605225322444711,5
Proposed smooth SAC,smooth,3,68,12068,enlarged_delay_only,1,0.05,0.0,0.0,0.0,1.0,1.0,1.0,1.8681160247703945,59.46436457456137,1,1,1,0,0,0,0,51,-1,-1,55,1,0,4,0.2,0,0.0,0,0,55,0.05903001389263068,0.8346236100878764,5
Proposed smooth SAC,smooth,3,69,12069,enlarged_delay_only,1,0.05,0.0,0.0,0.0,1.0,1.0,1.0,1.886519728757838,51.09646759594697,1,1,1,0,0,0,0,53,-1,-1,57,1,0,4,0.2,0,0.0,0,0,57,0.06886836392287186,3.170345641712958,5
Proposed smooth SAC,smooth,3,70,12070,enlarged_delay_only,1,0.05,0.0,0.0,0.0,1.0,1.0,1.0,1.6986806001597525,76.52323330972095,1,1,1,0,0,0,0,44,-1,-1,48,1,0,4,0.2,0,0.0,0,0,48,0.06484511927169076,0.32795606867065796,5
Proposed smooth SAC,smooth,3,71,12071,enlarged_delay_only,1,0.05,0.0,0.0,0.0,1.0,1.0,1.0,2.6459208153503964,67.50779341665432,1,1,1,0,0,0,0,67,-1,-1,71,1,0,4,0.2,0,0.0,0,0,71,0.07023712809638888,1.410694357848034,5
Proposed smooth SAC,smooth,3,72,12072,enlarged_delay_only,1,0.05,0.0,0.0,0.0,1.0,1.0,1.0,0.48175087121353316,49.596093601348606,1,1,1,0,0,0,0,29,-1,-1,33,1,0,4,0.2,0,0.0,0,0,33,0.04063092502709098,3.0945785666934182,5
Proposed smooth SAC,smooth,3,73,12073,enlarged_delay_only,1,0.05,0.0,0.0,0.0,1.0,1.0,1.0,1.3565823895626754,84.90849262920553,1,1,1,0,0,0,0,46,-1,-1,50,1,0,4,0.2,0,0.0,0,0,50,0.0641030213593496,2.9022888913202842,5
Proposed smooth SAC,smooth,3,74,12074,enlarged_delay_only,1,0.05,0.0,0.0,0.0,1.0,1.0,1.0,2.034268978334935,63.584860606479154,1,1,1,0,0,0,0,53,-1,-1,57,1,0,4,0.2,0,0.0,0,0,57,0.06665637388500957,0.19743335476689602,5
Proposed smooth SAC,smooth,3,75,12075,enlarged_delay_only,1,0.05,0.0,0.0,0.0,1.0,1.0,1.0,2.7867133802887056,59.621185717904865,1,1,1,0,0,0,0,70,-1,-1,74,1,0,4,0.2,0,0.0,0,0,74,0.06557775036665718,1.0494457593677655,5
Proposed smooth SAC,smooth,3,76,12076,enlarged_delay_only,1,0.05,0.0,0.0,0.0,1.0,1.0,1.0,1.4672375160200708,30.3721436917542,1,1,1,0,0,0,0,42,-1,-1,46,1,0,4,0.2,0,0.0,0,0,46,0.07120384284088997,1.5661522381218747,5
Proposed smooth SAC,smooth,3,77,12077,enlarged_delay_only,1,0.05,0.0,0.0,0.0,1.0,1.0,1.0,1.9775577095396648,51.41426263764932,1,1,1,0,0,0,0,53,-1,-1,57,1,0,4,0.2,0,0.0,0,0,57,0.07049552666580801,0.8558703008833762,5
Proposed smooth SAC,smooth,3,78,12078,enlarged_delay_only,1,0.05,0.0,0.0,0.0,1.0,1.0,1.0,2.327760709820301,60.008956047653996,1,1,1,0,0,0,0,62,-1,-1,66,1,0,4,0.2,0,0.0,0,0,66,0.04876440580869938,3.5607904174089753,5
Proposed smooth SAC,smooth,3,79,12079,enlarged_delay_only,1,0.05,0.0,0.0,0.0,1.0,1.0,1.0,1.5278991276633485,40.17317828277736,1,1,1,0,0,0,0,45,-1,-1,49,1,0,4,0.2,0,0.0,0,0,49,0.06717342558714126,1.8632356916615163,5
Proposed smooth SAC,smooth,3,80,12080,enlarged_delay_only,1,0.05,0.0,0.0,0.0,1.0,1.0,1.0,2.3192768073204557,47.36251928991689,1,1,1,0,0,0,0,62,-1,-1,66,1,0,4,0.2,0,0.0,0,0,66,0.05370929260986481,0.17998388896416628,5
Proposed smooth SAC,smooth,3,81,12081,enlarged_delay_only,1,0.05,0.0,0.0,0.0,1.0,1.0,1.0,2.348060423688873,77.305474384795,1,1,1,0,0,0,0,62,-1,-1,66,1,0,4,0.2,0,0.0,0,0,66,0.062184504506630336,1.665191155025823,5
Proposed smooth SAC,smooth,3,82,12082,enlarged_delay_only,1,0.05,0.0,0.0,0.0,1.0,1.0,1.0,1.657062365864348,55.61082307125895,1,1,1,0,0,0,0,44,-1,-1,48,1,0,4,0.2,0,0.0,0,0,48,0.06202316203893283,2.324422230695236,5
Proposed smooth SAC,smooth,3,83,12083,enlarged_delay_only,1,0.05,0.0,0.0,0.0,1.0,1.0,1.0,1.7829506075254924,2.609497891508878,1,1,1,0,0,0,0,41,-1,-1,45,1,0,4,0.2,0,0.0,0,0,45,0.05471372554670018,3.828512275088907,5
Proposed smooth SAC,smooth,3,84,12084,enlarged_delay_only,1,0.05,0.0,0.0,0.0,1.0,1.0,1.0,1.6404890956693123,1.3837049720644343,1,1,1,0,0,0,0,46,-1,-1,50,1,0,4,0.2,0,0.0,0,0,50,0.06315174395154864,4.067585971512279,5
Proposed smooth SAC,smooth,3,85,12085,enlarged_delay_only,1,0.05,0.0,0.0,0.0,1.0,1.0,1.0,2.497746521837666,36.904581010184,1,1,1,0,0,0,0,60,-1,-1,64,1,0,4,0.2,0,0.0,0,0,64,0.07601760157257073,1.0199892879116161,5
Proposed smooth SAC,smooth,3,86,12086,enlarged_delay_only,1,0.05,0.0,0.0,0.0,1.0,1.0,1.0,1.8263883792562778,0.33389918702221527,1,1,1,0,0,0,0,47,-1,-1,51,1,0,4,0.2,0,0.0,0,0,51,0.06247098333386824,0.9560242461693292,5
Proposed smooth SAC,smooth,3,87,12087,enlarged_delay_only,1,0.05,0.0,0.0,0.0,1.0,1.0,1.0,2.03592606033529,9.710697655286923,1,1,1,0,0,0,0,49,-1,-1,53,1,0,4,0.2,0,0.0,0,0,53,0.05214604781917559,0.4627044418550496,5
Proposed smooth SAC,smooth,3,88,12088,enlarged_delay_only,1,0.05,0.0,0.0,0.0,1.0,1.0,1.0,2.799243954274032,20.695729317232512,1,1,1,0,0,0,0,62,-1,-1,66,1,0,4,0.2,0,0.0,0,0,66,0.06451430820843586,0.35177923488713353,5
Proposed smooth SAC,smooth,3,89,12089,enlarged_delay_only,1,0.05,0.0,0.0,0.0,1.0,1.0,1.0,1.9684957245170929,46.29750155301514,1,1,1,0,0,0,0,52,-1,-1,56,1,0,4,0.2,0,0.0,0,0,56,0.04816873483616727,1.0845604022210356,5
Proposed smooth SAC,smooth,3,90,12090,enlarged_delay_only,1,0.05,0.0,0.0,0.0,1.0,1.0,1.0,1.911320050192248,50.27198521595098,1,1,1,0,0,0,0,51,-1,-1,55,1,0,4,0.2,0,0.0,0,0,55,0.0666149378277143,1.6643457056726223,5
Proposed smooth SAC,smooth,3,91,12091,enlarged_delay_only,1,0.05,0.0,0.0,0.0,1.0,1.0,1.0,2.127844865867529,32.123072930770725,1,1,1,0,0,0,0,58,-1,-1,62,1,0,4,0.2,0,0.0,0,0,62,0.0670631084467962,3.2007288844621136,5
Proposed smooth SAC,smooth,3,92,12092,enlarged_delay_only,1,0.05,0.0,0.0,0.0,1.0,1.0,1.0,2.1800958407414126,47.35001662864118,1,1,1,0,0,0,0,47,-1,-1,51,1,0,4,0.2,0,0.0,0,0,51,0.05947108555439637,2.3726183933563734,5
Proposed smooth SAC,smooth,3,93,12093,enlarged_delay_only,1,0.05,0.0,0.0,0.0,1.0,1.0,1.0,3.259884867767638,59.350430189016386,1,1,1,0,0,0,0,85,-1,-1,89,1,0,4,0.2,0,0.0,0,0,89,0.08435532759849408,2.163448118892964,5
Proposed smooth SAC,smooth,3,94,12094,enlarged_delay_only,1,0.05,0.0,0.0,0.0,1.0,1.0,1.0,0.7611576363914472,18.846404373032783,1,1,1,0,0,0,0,30,-1,-1,34,1,0,4,0.2,0,0.0,0,0,34,0.06425984547896285,1.1312078194878725,5
Proposed smooth SAC,smooth,3,95,12095,enlarged_delay_only,1,0.05,0.0,0.0,0.0,1.0,1.0,1.0,2.315981959981536,11.583421973809466,1,1,1,0,0,0,0,52,-1,-1,56,1,0,4,0.2,0,0.0,0,0,56,0.062054630700011174,0.214634639242831,5
Proposed smooth SAC,smooth,3,96,12096,enlarged_delay_only,1,0.05,0.0,0.0,0.0,1.0,1.0,1.0,2.6433593115574596,23.402961879678983,1,1,1,0,0,0,0,63,-1,-1,67,1,0,4,0.2,0,0.0,0,0,67,0.07039461028680183,1.5300390002676072,5
Proposed smooth SAC,smooth,3,97,12097,enlarged_delay_only,1,0.05,0.0,0.0,0.0,1.0,1.0,1.0,2.517006739513531,35.98333875531102,1,1,1,0,0,0,0,53,-1,-1,57,1,0,4,0.2,0,0.0,0,0,57,0.054739085674906304,0.6669654644916593,5
Proposed smooth SAC,smooth,3,98,12098,enlarged_delay_only,1,0.05,0.0,0.0,0.0,1.0,1.0,1.0,3.120283930411399,82.53858091175118,1,1,1,0,0,0,0,70,-1,-1,74,1,0,4,0.2,0,0.0,0,0,74,0.06582543350963437,0.23302977942070338,5
Proposed smooth SAC,smooth,3,99,12099,enlarged_delay_only,1,0.05,0.0,0.0,0.0,1.0,1.0,1.0,0.19539344804534206,10.475630177230514,1,1,1,0,0,0,0,12,-1,-1,16,1,0,4,0.2,0,0.0,0,0,16,0.08785415171679829,0.9257133607366936,5
Proposed smooth SAC,smooth,4,0,12000,enlarged_delay_only,1,0.05,0.0,0.0,0.0,1.0,1.0,1.0,1.4011169590411672,3.680448288035017,1,1,1,0,0,0,0,35,-1,-1,39,1,0,4,0.2,0,0.0,0,0,39,0.03162522519691715,1.3895479854559687,5
Proposed smooth SAC,smooth,4,1,12001,enlarged_delay_only,1,0.05,0.0,0.0,0.0,1.0,1.0,1.0,1.8698938269216967,60.07772922240686,1,1,1,0,0,0,0,53,-1,-1,57,1,0,4,0.2,0,0.0,0,0,57,0.06940646774806193,1.2083529918941682,5
Proposed smooth SAC,smooth,4,2,12002,enlarged_delay_only,1,0.05,0.0,0.0,0.0,1.0,1.0,1.0,1.5052862077716045,52.14187244464703,1,1,1,0,0,0,0,52,-1,-1,56,1,0,4,0.2,0,0.0,0,0,56,0.04723648137819354,2.615219242155822,5
Proposed smooth SAC,smooth,4,3,12003,enlarged_delay_only,1,0.05,0.0,0.0,0.0,1.0,1.0,1.0,1.11052274394814,63.72168295593285,1,1,1,0,0,0,0,35,-1,-1,39,1,0,4,0.2,0,0.0,0,0,39,0.051723162110098045,2.986159132016398,5
Proposed smooth SAC,smooth,4,4,12004,enlarged_delay_only,1,0.05,0.0,0.0,0.0,1.0,1.0,1.0,2.0622948587954135,27.609846144219087,1,1,1,0,0,0,0,54,-1,-1,58,1,0,4,0.2,0,0.0,0,0,58,0.06230374995404819,0.6969330795576489,5
Proposed smooth SAC,smooth,4,5,12005,enlarged_delay_only,1,0.05,0.0,0.0,0.0,1.0,1.0,1.0,0.7836208893081577,86.33696522241115,1,1,1,0,0,0,0,36,-1,-1,40,1,0,4,0.2,0,0.0,0,0,40,0.07013320034276815,1.4547939011110445,5
Proposed smooth SAC,smooth,4,6,12006,enlarged_delay_only,1,0.05,0.0,0.0,0.0,1.0,1.0,1.0,1.4039658384766267,70.50865751906693,1,1,1,0,0,0,0,44,-1,-1,48,1,0,4,0.2,0,0.0,0,0,48,0.04643344474302696,2.1007175271214513,5
Proposed smooth SAC,smooth,4,7,12007,enlarged_delay_only,1,0.05,0.0,0.0,0.0,1.0,1.0,1.0,2.023389540687327,41.417218692919725,1,1,1,0,0,0,0,57,-1,-1,61,1,0,4,0.2,0,0.0,0,0,61,0.08082682662786016,1.476771742312853,5
Proposed smooth SAC,smooth,4,8,12008,enlarged_delay_only,1,0.05,0.0,0.0,0.0,1.0,1.0,1.0,0.6761041193866284,47.03972454974209,1,1,1,0,0,0,0,31,-1,-1,35,1,0,4,0.2,0,0.0,0,0,35,0.07523426362920563,1.6200691110997205,5
Proposed smooth SAC,smooth,4,9,12009,enlarged_delay_only,1,0.05,0.0,0.0,0.0,1.0,1.0,1.0,0.8365610729382312,17.566701837686487,1,1,1,0,0,0,0,37,-1,-1,41,1,0,4,0.2,0,0.0,0,0,41,0.0678534323981691,1.5620456936051101,5
Proposed smooth SAC,smooth,4,10,12010,enlarged_delay_only,1,0.05,0.0,0.0,0.0,1.0,1.0,1.0,2.0882312594206844,67.10242168941406,1,1,1,0,0,0,0,54,-1,-1,58,1,0,4,0.2,0,0.0,0,0,58,0.05907595203642081,0.9870615862532193,5
Proposed smooth SAC,smooth,4,11,12011,enlarged_delay_only,1,0.05,0.0,0.0,0.0,1.0,1.0,1.0,1.0363136503576447,39.13181690606595,1,1,1,0,0,0,0,36,-1,-1,40,1,0,4,0.2,0,0.0,0,0,40,0.07064275881409018,0.11984129855785369,5
Proposed smooth SAC,smooth,4,12,12012,enlarged_delay_only,1,0.05,0.0,0.0,0.0,1.0,1.0,1.0,1.0633346171025668,74.10415106043168,1,1,1,0,0,0,0,43,-1,-1,47,1,0,4,0.2,0,0.0,0,0,47,0.06344266543523486,0.8480804701349767,5
Proposed smooth SAC,smooth,4,13,12013,enlarged_delay_only,1,0.05,0.0,0.0,0.0,1.0,1.0,1.0,2.9321695975105375,64.82631579002067,1,1,1,0,0,0,0,66,-1,-1,70,1,0,4,0.2,0,0.0,0,0,70,0.041066565199300034,2.7802609450522477,5
Proposed smooth SAC,smooth,4,14,12014,enlarged_delay_only,1,0.05,0.0,0.0,0.0,1.0,1.0,1.0,1.5727126782681156,69.85363554747353,1,1,1,0,0,0,0,53,-1,-1,57,1,0,4,0.2,0,0.0,0,0,57,0.0686381873813893,3.047114514933942,5
Proposed smooth SAC,smooth,4,15,12015,enlarged_delay_only,1,0.05,0.0,0.0,0.0,1.0,1.0,1.0,1.7941221940119125,66.18821452938619,1,1,1,0,0,0,0,50,-1,-1,54,1,0,4,0.2,0,0.0,0,0,54,0.05520706542091446,2.9507798193327894,5
Proposed smooth SAC,smooth,4,16,12016,enlarged_delay_only,1,0.05,0.0,0.0,0.0,1.0,1.0,1.0,2.0956191639967527,80.76412508613855,1,1,1,0,0,0,0,54,-1,-1,58,1,0,4,0.2,0,0.0,0,0,58,0.03353337639157662,0.8020465425938246,5
Proposed smooth SAC,smooth,4,17,12017,enlarged_delay_only,1,0.05,0.0,0.0,0.0,1.0,1.0,1.0,2.3497476747776798,68.42664510531779,1,1,1,0,0,0,0,61,-1,-1,65,1,0,4,0.2,0,0.0,0,0,65,0.07993588134736788,2.484788455661377,5
Proposed smooth SAC,smooth,4,18,12018,enlarged_delay_only,1,0.05,0.0,0.0,0.0,1.0,1.0,1.0,1.3063656328926654,58.185179426044705,1,1,1,0,0,0,0,39,-1,-1,43,1,0,4,0.2,0,0.0,0,0,43,0.08332019234727739,0.6411081825629893,5
Proposed smooth SAC,smooth,4,19,12019,enlarged_delay_only,1,0.05,0.0,0.0,0.0,1.0,1.0,1.0,1.569053725441394,46.92282244700273,1,1,1,0,0,0,0,46,-1,-1,50,1,0,4,0.2,0,0.0,0,0,50,0.07562887168137747,0.849990094977377,5
Proposed smooth SAC,smooth,4,20,12020,enlarged_delay_only,1,0.05,0.0,0.0,0.0,1.0,1.0,1.0,2.8509785660679805,57.54032760612546,1,1,1,0,0,0,0,69,-1,-1,73,1,0,4,0.2,0,0.0,0,0,73,0.06385231378286045,2.821119136667264,5
Proposed smooth SAC,smooth,4,21,12021,enlarged_delay_only,1,0.05,0.0,0.0,0.0,1.0,1.0,1.0,1.721321109839246,84.23015922197487,1,1,1,0,0,0,0,51,-1,-1,55,1,0,4,0.2,0,0.0,0,0,55,0.07135364149008565,2.969162846597056,5
Proposed smooth SAC,smooth,4,22,12022,enlarged_delay_only,1,0.05,0.0,0.0,0.0,1.0,1.0,1.0,2.0714459852992766,7.241713190147896,1,1,1,0,0,0,0,51,-1,-1,55,1,0,4,0.2,0,0.0,0,0,55,0.05461402823772795,1.0499988979688306,5
Proposed smooth SAC,smooth,4,23,12023,enlarged_delay_only,1,0.05,0.0,0.0,0.0,1.0,1.0,1.0,1.96706721911142,29.687929491648173,1,1,1,0,0,0,0,44,-1,-1,48,1,0,4,0.2,0,0.0,0,0,48,0.042728445964254305,0.37911495928642036,5
Proposed smooth SAC,smooth,4,24,12024,enlarged_delay_only,1,0.05,0.0,0.0,0.0,1.0,1.0,1.0,2.3296647946987346,59.32330750782227,1,1,1,0,0,0,0,62,-1,-1,66,1,0,4,0.2,0,0.0,0,0,66,0.07591316718702747,0.4815217197401405,5
Proposed smooth SAC,smooth,4,25,12025,enlarged_delay_only,1,0.05,0.0,0.0,0.0,1.0,1.0,1.0,1.7406706115734212,29.68845883130885,1,1,1,0,0,0,0,51,-1,-1,55,1,0,4,0.2,0,0.0,0,0,55,0.06181412557567323,0.7318564771141588,5
Proposed smooth SAC,smooth,4,26,12026,enlarged_delay_only,1,0.05,0.0,0.0,0.0,1.0,1.0,1.0,1.2890960116783232,58.822470226552745,1,1,1,0,0,0,0,42,-1,-1,46,1,0,4,0.2,0,0.0,0,0,46,0.07118035280699654,1.8746056087520602,5
Proposed smooth SAC,smooth,4,27,12027,enlarged_delay_only,1,0.05,0.0,0.0,0.0,1.0,1.0,1.0,1.679512651290201,27.36887877784833,1,1,1,0,0,0,0,45,-1,-1,49,1,0,4,0.2,0,0.0,0,0,49,0.056742036939120354,1.4203486167964354,5
Proposed smooth SAC,smooth,4,28,12028,enlarged_delay_only,1,0.05,0.0,0.0,0.0,1.0,1.0,1.0,2.161397968359572,63.816718208044406,1,1,1,0,0,0,0,57,-1,-1,61,1,0,4,0.2,0,0.0,0,0,61,0.07780710827484251,1.4664236855551664,5
Proposed smooth SAC,smooth,4,29,12029,enlarged_delay_only,1,0.05,0.0,0.0,0.0,1.0,1.0,1.0,1.4273638277059564,34.274883047648224,1,1,1,0,0,0,0,43,-1,-1,47,1,0,4,0.2,0,0.0,0,0,47,0.05969681670192785,1.7085673385670468,5
Proposed smooth SAC,smooth,4,30,12030,enlarged_delay_only,1,0.05,0.0,0.0,0.0,1.0,1.0,1.0,1.7462896683471236,26.955215200955678,1,1,1,0,0,0,0,47,-1,-1,51,1,0,4,0.2,0,0.0,0,0,51,0.0706987867620401,0.30697231347777715,5
Proposed smooth SAC,smooth,4,31,12031,enlarged_delay_only,1,0.05,0.0,0.0,0.0,1.0,1.0,1.0,0.831092090571535,57.81877392801937,1,1,1,0,0,0,0,39,-1,-1,43,1,0,4,0.2,0,0.0,0,0,43,0.07216042928283546,0.4167772360196789,5
Proposed smooth SAC,smooth,4,32,12032,enlarged_delay_only,1,0.05,0.0,0.0,0.0,1.0,1.0,1.0,2.3622064651248813,65.6166711298287,1,1,1,0,0,0,0,60,-1,-1,64,1,0,4,0.2,0,0.0,0,0,64,0.06171289502904239,2.3270612450357997,5
Proposed smooth SAC,smooth,4,33,12033,enlarged_delay_only,1,0.05,0.0,0.0,0.0,1.0,1.0,1.0,0.7030471412582213,16.83992189867294,1,1,1,0,0,0,0,38,-1,-1,42,1,0,4,0.2,0,0.0,0,0,42,0.07826233067100323,1.0413826143308595,5
Proposed smooth SAC,smooth,4,34,12034,enlarged_delay_only,1,0.05,0.0,0.0,0.0,1.0,1.0,1.0,2.282842407805926,24.938362791888462,1,1,1,0,0,0,0,62,-1,-1,66,1,0,4,0.2,0,0.0,0,0,66,0.06301079051670018,0.5030040520620057,5
Proposed smooth SAC,smooth,4,35,12035,enlarged_delay_only,1,0.05,0.0,0.0,0.0,1.0,1.0,1.0,2.371908074838775,71.96116554796184,1,1,1,0,0,0,0,62,-1,-1,66,1,0,4,0.2,0,0.0,0,0,66,0.0746513757251466,0.012562138616361665,5
Proposed smooth SAC,smooth,4,36,12036,enlarged_delay_only,1,0.05,0.0,0.0,0.0,1.0,1.0,1.0,0.8829462334714887,87.90779944848737,1,1,1,0,0,0,0,40,-1,-1,44,1,0,4,0.2,0,0.0,0,0,44,0.07136194192883462,2.1235655771122017,5
Proposed smooth SAC,smooth,4,37,12037,enlarged_delay_only,1,0.05,0.0,0.0,0.0,1.0,1.0,1.0,0.817844285721509,43.45796651879823,1,1,1,0,0,0,0,35,-1,-1,39,1,0,4,0.2,0,0.0,0,0,39,0.07679304060552673,1.356868838650337,5
Proposed smooth SAC,smooth,4,38,12038,enlarged_delay_only,1,0.05,0.0,0.0,0.0,1.0,1.0,1.0,1.5743284929286714,57.88825061225674,1,1,1,0,0,0,0,42,-1,-1,46,1,0,4,0.2,0,0.0,0,0,46,0.058480600750858015,0.07293438079330271,5
Proposed smooth SAC,smooth,4,39,12039,enlarged_delay_only,1,0.05,0.0,0.0,0.0,1.0,1.0,1.0,0.8994689163493125,9.298986658723248,1,1,1,0,0,0,0,37,-1,-1,41,1,0,4,0.2,0,0.0,0,0,41,0.06751909775928586,0.0512085762399103,5
Proposed smooth SAC,smooth,4,40,12040,enlarged_delay_only,1,0.05,0.0,0.0,0.0,1.0,1.0,1.0,1.8657719186487738,68.44804408798744,1,1,1,0,0,0,0,49,-1,-1,53,1,0,4,0.2,0,0.0,0,0,53,0.07384637330980849,2.328562605992733,5
Proposed smooth SAC,smooth,4,41,12041,enlarged_delay_only,1,0.05,0.0,0.0,0.0,1.0,1.0,1.0,2.1801507199074694,36.011752342258276,1,1,1,0,0,0,0,50,-1,-1,54,1,0,4,0.2,0,0.0,0,0,54,0.06279155601019352,0.031058761131272292,5
Proposed smooth SAC,smooth,4,42,12042,enlarged_delay_only,1,0.05,0.0,0.0,0.0,1.0,1.0,1.0,2.890509486387824,8.39370570216694,1,1,1,0,0,0,0,71,-1,-1,75,1,0,4,0.2,0,0.0,0,0,75,0.07108718762359723,3.5410003711756866,5
Proposed smooth SAC,smooth,4,43,12043,enlarged_delay_only,1,0.05,0.0,0.0,0.0,1.0,1.0,1.0,1.4295379479494126,86.66219834011966,1,1,1,0,0,0,0,51,-1,-1,55,1,0,4,0.2,0,0.0,0,0,55,0.049150768613578234,3.157590049994548,5
Proposed smooth SAC,smooth,4,44,12044,enlarged_delay_only,1,0.05,0.0,0.0,0.0,1.0,1.0,1.0,1.4633774253790757,25.79388667411487,1,1,1,0,0,0,0,47,-1,-1,51,1,0,4,0.2,0,0.0,0,0,51,0.07069480659990443,0.7372912266202262,5
Proposed smooth SAC,smooth,4,45,12045,enlarged_delay_only,1,0.05,0.0,0.0,0.0,1.0,1.0,1.0,2.7817081294799144,45.277112272150255,1,1,1,0,0,0,0,69,-1,-1,73,1,0,4,0.2,0,0.0,0,0,73,0.08337240776049318,0.6658889092845889,5
Proposed smooth SAC,smooth,4,46,12046,enlarged_delay_only,1,0.05,0.0,0.0,0.0,1.0,1.0,1.0,2.448255495287487,6.5296484668143195,1,1,1,0,0,0,0,58,-1,-1,62,1,0,4,0.2,0,0.0,0,0,62,0.06178572033211387,1.9710551369086333,5
Proposed smooth SAC,smooth,4,47,12047,enlarged_delay_only,1,0.05,0.0,0.0,0.0,1.0,1.0,1.0,2.0375889749407565,48.300679923363994,1,1,1,0,0,0,0,59,-1,-1,63,1,0,4,0.2,0,0.0,0,0,63,0.04749840146309757,3.3619943465211692,5
Proposed smooth SAC,smooth,4,48,12048,enlarged_delay_only,1,0.05,0.0,0.0,0.0,1.0,1.0,1.0,1.595910055499794,38.132652438046875,1,1,1,0,0,0,0,47,-1,-1,51,1,0,4,0.2,0,0.0,0,0,51,0.07370776093353722,1.9445988260454121,5
Proposed smooth SAC,smooth,4,49,12049,enlarged_delay_only,1,0.05,0.0,0.0,0.0,1.0,1.0,1.0,1.5300451933387877,9.115019782297185,1,1,1,0,0,0,0,45,-1,-1,49,1,0,4,0.2,0,0.0,0,0,49,0.06623896304177287,2.1642692356972466,5
Proposed smooth SAC,smooth,4,50,12050,enlarged_delay_only,1,0.05,0.0,0.0,0.0,1.0,1.0,1.0,2.262693545269486,73.02772690761601,1,1,1,0,0,0,0,54,-1,-1,58,1,0,4,0.2,0,0.0,0,0,58,0.056421859585553874,3.488222005355117,5
Proposed smooth SAC,smooth,4,51,12051,enlarged_delay_only,1,0.05,0.0,0.0,0.0,1.0,1.0,1.0,1.6263518811985,35.99433194478016,1,1,1,0,0,0,0,49,-1,-1,53,1,0,4,0.2,0,0.0,0,0,53,0.05783481940274125,3.281927240532283,5
Proposed smooth SAC,smooth,4,52,12052,enlarged_delay_only,1,0.05,0.0,0.0,0.0,1.0,1.0,1.0,0.7048587995105587,83.91519870877808,1,1,1,0,0,0,0,33,-1,-1,37,1,0,4,0.2,0,0.0,0,0,37,0.04002948995122615,2.7327798178198464,5
Proposed smooth SAC,smooth,4,53,12053,enlarged_delay_only,1,0.05,0.0,0.0,0.0,1.0,1.0,1.0,1.470188620244381,45.138920469767974,1,1,1,0,0,0,0,47,-1,-1,51,1,0,4,0.2,0,0.0,0,0,51,0.06616486012401046,2.6858054052464952,5
Proposed smooth SAC,smooth,4,54,12054,enlarged_delay_only,1,0.05,0.0,0.0,0.0,1.0,1.0,1.0,2.2790002868522827,82.51781713667434,1,1,1,0,0,0,0,66,-1,-1,70,1,0,4,0.2,0,0.0,0,0,70,0.05996178259269272,0.0014334432216859471,5
Proposed smooth SAC,smooth,4,55,12055,enlarged_delay_only,1,0.05,0.0,0.0,0.0,1.0,1.0,1.0,2.8850994760210127,23.46271066699096,1,1,1,0,0,0,0,67,-1,-1,71,1,0,4,0.2,0,0.0,0,0,71,0.06862321358394567,0.40634006663766475,5
Proposed smooth SAC,smooth,4,56,12056,enlarged_delay_only,1,0.05,0.0,0.0,0.0,1.0,1.0,1.0,1.826905546699788,11.925707512554547,1,1,1,0,0,0,0,48,-1,-1,52,1,0,4,0.2,0,0.0,0,0,52,0.0494722113534867,3.057003775078474,5
Proposed smooth SAC,smooth,4,57,12057,enlarged_delay_only,1,0.05,0.0,0.0,0.0,1.0,1.0,1.0,1.7691751722646727,27.276807827836556,1,1,1,0,0,0,0,50,-1,-1,54,1,0,4,0.2,0,0.0,0,0,54,0.07608079254759671,0.01152669294386364,5
Proposed smooth SAC,smooth,4,58,12058,enlarged_delay_only,1,0.05,0.0,0.0,0.0,1.0,1.0,1.0,2.3268545695420997,62.93145738971906,1,1,1,0,0,0,0,64,-1,-1,68,1,0,4,0.2,0,0.0,0,0,68,0.07121385672810521,0.11252733989553362,5
Proposed smooth SAC,smooth,4,59,12059,enlarged_delay_only,1,0.05,0.0,0.0,0.0,1.0,1.0,1.0,2.1903482121613216,54.840688506488746,1,1,1,0,0,0,0,63,-1,-1,67,1,0,4,0.2,0,0.0,0,0,67,0.06785026207301334,2.842569345755689,5
Proposed smooth SAC,smooth,4,60,12060,enlarged_delay_only,1,0.05,0.0,0.0,0.0,1.0,1.0,1.0,1.0973360553047116,33.91806713521758,1,1,1,0,0,0,0,32,-1,-1,36,1,0,4,0.2,0,0.0,0,0,36,0.04371928810888916,0.5021332029428291,5
Proposed smooth SAC,smooth,4,61,12061,enlarged_delay_only,1,0.05,0.0,0.0,0.0,1.0,1.0,1.0,1.936928029361262,42.58082679539602,1,1,1,0,0,0,0,49,-1,-1,53,1,0,4,0.2,0,0.0,0,0,53,0.06975698191988482,1.336976232857792,5
Proposed smooth SAC,smooth,4,62,12062,enlarged_delay_only,1,0.05,0.0,0.0,0.0,1.0,1.0,1.0,1.8981880108378766,55.958209907540386,1,1,1,0,0,0,0,49,-1,-1,53,1,0,4,0.2,0,0.0,0,0,53,0.07325416595633842,0.8056512282891517,5
Proposed smooth SAC,smooth,4,63,12063,enlarged_delay_only,1,0.05,0.0,0.0,0.0,1.0,1.0,1.0,1.3410819077846639,71.65242733709893,1,1,1,0,0,0,0,45,-1,-1,49,1,0,4,0.2,0,0.0,0,0,49,0.06455947521025557,2.3732373792499057,5
Proposed smooth SAC,smooth,4,64,12064,enlarged_delay_only,1,0.05,0.0,0.0,0.0,1.0,1.0,1.0,3.236122857778983,77.84361815931113,1,1,1,0,0,0,0,75,-1,-1,79,1,0,4,0.2,0,0.0,0,0,79,0.07372577968417984,1.0493524845969124,5
Proposed smooth SAC,smooth,4,65,12065,enlarged_delay_only,1,0.05,0.0,0.0,0.0,1.0,1.0,1.0,2.27680658754703,16.046224888813487,1,1,1,0,0,0,0,57,-1,-1,61,1,0,4,0.2,0,0.0,0,0,61,0.07056780026421386,0.9240635498870182,5
Proposed smooth SAC,smooth,4,66,12066,enlarged_delay_only,1,0.05,0.0,0.0,0.0,1.0,1.0,1.0,0.7254567305431476,42.00001141404023,1,1,1,0,0,0,0,31,-1,-1,35,1,0,4,0.2,0,0.0,0,0,35,0.06777874481116891,2.7120926689277587,5
Proposed smooth SAC,smooth,4,67,12067,enlarged_delay_only,1,0.05,0.0,0.0,0.0,1.0,1.0,1.0,1.5334421939190404,11.645351299013972,1,1,1,0,0,0,0,45,-1,-1,49,1,0,4,0.2,0,0.0,0,0,49,0.07496119782616861,2.0832019338817767,5
Proposed smooth SAC,smooth,4,68,12068,enlarged_delay_only,1,0.05,0.0,0.0,0.0,1.0,1.0,1.0,1.8681160247703945,59.46436457456137,1,1,1,0,0,0,0,52,-1,-1,56,1,0,4,0.2,0,0.0,0,0,56,0.07292750538383407,2.298022482336079,5
Proposed smooth SAC,smooth,4,69,12069,enlarged_delay_only,1,0.05,0.0,0.0,0.0,1.0,1.0,1.0,1.886519728757838,51.09646759594697,1,1,1,0,0,0,0,53,-1,-1,57,1,0,4,0.2,0,0.0,0,0,57,0.06898275093259347,1.5897533164686188,5
Proposed smooth SAC,smooth,4,70,12070,enlarged_delay_only,1,0.05,0.0,0.0,0.0,1.0,1.0,1.0,1.6986806001597525,76.52323330972095,1,1,1,0,0,0,0,44,-1,-1,48,1,0,4,0.2,0,0.0,0,0,48,0.07102744337192923,2.989772515530746,5
Proposed smooth SAC,smooth,4,71,12071,enlarged_delay_only,1,0.05,0.0,0.0,0.0,1.0,1.0,1.0,2.6459208153503964,67.50779341665432,1,1,1,0,0,0,0,63,-1,-1,67,1,0,4,0.2,0,0.0,0,0,67,0.07368789511951278,0.40489553498905995,5
Proposed smooth SAC,smooth,4,72,12072,enlarged_delay_only,1,0.05,0.0,0.0,0.0,1.0,1.0,1.0,0.48175087121353316,49.596093601348606,1,1,1,0,0,0,0,26,-1,-1,30,1,0,4,0.2,0,0.0,0,0,30,0.03273988135200509,2.4317078539700345,5
Proposed smooth SAC,smooth,4,73,12073,enlarged_delay_only,1,0.05,0.0,0.0,0.0,1.0,1.0,1.0,1.3565823895626754,84.90849262920553,1,1,1,0,0,0,0,43,-1,-1,47,1,0,4,0.2,0,0.0,0,0,47,0.05868042808851526,2.3595402886430916,5
Proposed smooth SAC,smooth,4,74,12074,enlarged_delay_only,1,0.05,0.0,0.0,0.0,1.0,1.0,1.0,2.034268978334935,63.584860606479154,1,1,1,0,0,0,0,49,-1,-1,53,1,0,4,0.2,0,0.0,0,0,53,0.06093449636137309,2.228317627091749,5
Proposed smooth SAC,smooth,4,75,12075,enlarged_delay_only,1,0.05,0.0,0.0,0.0,1.0,1.0,1.0,2.7867133802887056,59.621185717904865,1,1,1,0,0,0,0,73,-1,-1,77,1,0,4,0.2,0,0.0,0,0,77,0.07516267713921256,0.16728590028645143,5
Proposed smooth SAC,smooth,4,76,12076,enlarged_delay_only,1,0.05,0.0,0.0,0.0,1.0,1.0,1.0,1.4672375160200708,30.3721436917542,1,1,1,0,0,0,0,40,-1,-1,44,1,0,4,0.2,0,0.0,0,0,44,0.0693884461396095,1.7934907090558119,5
Proposed smooth SAC,smooth,4,77,12077,enlarged_delay_only,1,0.05,0.0,0.0,0.0,1.0,1.0,1.0,1.9775577095396648,51.41426263764932,1,1,1,0,0,0,0,51,-1,-1,55,1,0,4,0.2,0,0.0,0,0,55,0.07118755395568815,0.01577315795454077,5
Proposed smooth SAC,smooth,4,78,12078,enlarged_delay_only,1,0.05,0.0,0.0,0.0,1.0,1.0,1.0,2.327760709820301,60.008956047653996,1,1,1,0,0,0,0,63,-1,-1,67,1,0,4,0.2,0,0.0,0,0,67,0.04432318248018656,0.5639126375115647,5
Proposed smooth SAC,smooth,4,79,12079,enlarged_delay_only,1,0.05,0.0,0.0,0.0,1.0,1.0,1.0,1.5278991276633485,40.17317828277736,1,1,1,0,0,0,0,45,-1,-1,49,1,0,4,0.2,0,0.0,0,0,49,0.06401657559163844,1.07903339180032,5
Proposed smooth SAC,smooth,4,80,12080,enlarged_delay_only,1,0.05,0.0,0.0,0.0,1.0,1.0,1.0,2.3192768073204557,47.36251928991689,1,1,1,0,0,0,0,66,-1,-1,70,1,0,4,0.2,0,0.0,0,0,70,0.07618609871947384,1.8733362607834956,5
Proposed smooth SAC,smooth,4,81,12081,enlarged_delay_only,1,0.05,0.0,0.0,0.0,1.0,1.0,1.0,2.348060423688873,77.305474384795,1,1,1,0,0,0,0,62,-1,-1,66,1,0,4,0.2,0,0.0,0,0,66,0.07521209494273469,1.2038572333164188,5
Proposed smooth SAC,smooth,4,82,12082,enlarged_delay_only,1,0.05,0.0,0.0,0.0,1.0,1.0,1.0,1.657062365864348,55.61082307125895,1,1,1,0,0,0,0,47,-1,-1,51,1,0,4,0.2,0,0.0,0,0,51,0.06863782944146524,0.006326524000328802,5
Proposed smooth SAC,smooth,4,83,12083,enlarged_delay_only,1,0.05,0.0,0.0,0.0,1.0,1.0,1.0,1.7829506075254924,2.609497891508878,1,1,1,0,0,0,0,42,-1,-1,46,1,0,4,0.2,0,0.0,0,0,46,0.02567151147653153,3.6188254675695157,5
Proposed smooth SAC,smooth,4,84,12084,enlarged_delay_only,1,0.05,0.0,0.0,0.0,1.0,1.0,1.0,1.6404890956693123,1.3837049720644343,1,1,1,0,0,0,0,48,-1,-1,52,1,0,4,0.2,0,0.0,0,0,52,0.06986413730645769,0.05269158439850262,5
Proposed smooth SAC,smooth,4,85,12085,enlarged_delay_only,1,0.05,0.0,0.0,0.0,1.0,1.0,1.0,2.497746521837666,36.904581010184,1,1,1,0,0,0,0,61,-1,-1,65,1,0,4,0.2,0,0.0,0,0,65,0.0663086503023458,0.8217485967806966,5
Proposed smooth SAC,smooth,4,86,12086,enlarged_delay_only,1,0.05,0.0,0.0,0.0,1.0,1.0,1.0,1.8263883792562778,0.33389918702221527,1,1,1,0,0,0,0,54,-1,-1,58,1,0,4,0.2,0,0.0,0,0,58,0.06934424432921371,0.10570305376987191,5
Proposed smooth SAC,smooth,4,87,12087,enlarged_delay_only,1,0.05,0.0,0.0,0.0,1.0,1.0,1.0,2.03592606033529,9.710697655286923,1,1,1,0,0,0,0,50,-1,-1,54,1,0,4,0.2,0,0.0,0,0,54,0.05069521323996645,0.36590958893899406,5
Proposed smooth SAC,smooth,4,88,12088,enlarged_delay_only,1,0.05,0.0,0.0,0.0,1.0,1.0,1.0,2.799243954274032,20.695729317232512,1,1,1,0,0,0,0,63,-1,-1,67,1,0,4,0.2,0,0.0,0,0,67,0.06775812870298126,1.4913462987846025,5
Proposed smooth SAC,smooth,4,89,12089,enlarged_delay_only,1,0.05,0.0,0.0,0.0,1.0,1.0,1.0,1.9684957245170929,46.29750155301514,1,1,1,0,0,0,0,58,-1,-1,62,1,0,4,0.2,0,0.0,0,0,62,0.05051561085927192,3.1600141268196675,5
Proposed smooth SAC,smooth,4,90,12090,enlarged_delay_only,1,0.05,0.0,0.0,0.0,1.0,1.0,1.0,1.911320050192248,50.27198521595098,1,1,1,0,0,0,0,52,-1,-1,56,1,0,4,0.2,0,0.0,0,0,56,0.07217314869166074,1.8633360100649508,5
Proposed smooth SAC,smooth,4,91,12091,enlarged_delay_only,1,0.05,0.0,0.0,0.0,1.0,1.0,1.0,2.127844865867529,32.123072930770725,1,1,1,0,0,0,0,58,-1,-1,62,1,0,4,0.2,0,0.0,0,0,62,0.07465832526457825,0.04678502490128204,5
Proposed smooth SAC,smooth,4,92,12092,enlarged_delay_only,1,0.05,0.0,0.0,0.0,1.0,1.0,1.0,2.1800958407414126,47.35001662864118,1,1,1,0,0,0,0,50,-1,-1,54,1,0,4,0.2,0,0.0,0,0,54,0.0575852765909927,1.9332479054184972,5
Proposed smooth SAC,smooth,4,93,12093,enlarged_delay_only,1,0.05,0.0,0.0,0.0,1.0,1.0,1.0,3.259884867767638,59.350430189016386,1,1,1,0,0,0,0,76,-1,-1,80,1,0,4,0.2,0,0.0,0,0,80,0.06883100576908456,0.9686330955422902,5
Proposed smooth SAC,smooth,4,94,12094,enlarged_delay_only,1,0.05,0.0,0.0,0.0,1.0,1.0,1.0,0.7611576363914472,18.846404373032783,1,1,1,0,0,0,0,32,-1,-1,36,1,0,4,0.2,0,0.0,0,0,36,0.07508170843421401,0.7804247250025029,5
Proposed smooth SAC,smooth,4,95,12095,enlarged_delay_only,1,0.05,0.0,0.0,0.0,1.0,1.0,1.0,2.315981959981536,11.583421973809466,1,1,1,0,0,0,0,56,-1,-1,60,1,0,4,0.2,0,0.0,0,0,60,0.05912361807825285,0.6369461427592186,5
Proposed smooth SAC,smooth,4,96,12096,enlarged_delay_only,1,0.05,0.0,0.0,0.0,1.0,1.0,1.0,2.6433593115574596,23.402961879678983,1,1,1,0,0,0,0,60,-1,-1,64,1,0,4,0.2,0,0.0,0,0,64,0.06409438684397484,2.7582888668225514,5
Proposed smooth SAC,smooth,4,97,12097,enlarged_delay_only,1,0.05,0.0,0.0,0.0,1.0,1.0,1.0,2.517006739513531,35.98333875531102,1,1,1,0,0,0,0,63,-1,-1,67,1,0,4,0.2,0,0.0,0,0,67,0.029469217000097716,2.934487043397959,5
Proposed smooth SAC,smooth,4,98,12098,enlarged_delay_only,1,0.05,0.0,0.0,0.0,1.0,1.0,1.0,3.120283930411399,82.53858091175118,1,1,1,0,0,0,0,71,-1,-1,75,1,0,4,0.2,0,0.0,0,0,75,0.07268280605467728,1.8038392994220276,5
Proposed smooth SAC,smooth,4,99,12099,enlarged_delay_only,1,0.05,0.0,0.0,0.0,1.0,1.0,1.0,0.19539344804534206,10.475630177230514,1,1,1,0,0,0,0,9,-1,-1,13,1,0,4,0.2,0,0.0,0,0,13,0.04373700143356072,0.4387578519858378,5
Proposed smooth SAC,smooth,0,0,12000,enlarged_delay_only,2,0.1,0.0,0.0,0.0,1.0,1.0,1.0,1.4011169590411672,3.680448288035017,1,1,1,0,0,0,0,42,-1,-1,46,1,0,4,0.2,0,0.0,0,0,46,0.08500652755157073,2.681711560612719,5
Proposed smooth SAC,smooth,0,1,12001,enlarged_delay_only,2,0.1,0.0,0.0,0.0,1.0,1.0,1.0,1.8698938269216967,60.07772922240686,1,1,1,0,0,0,0,48,-1,-1,52,1,0,4,0.2,0,0.0,0,0,52,0.028701701828394745,1.5596879976809863,5
Proposed smooth SAC,smooth,0,2,12002,enlarged_delay_only,2,0.1,0.0,0.0,0.0,1.0,1.0,1.0,1.5052862077716045,52.14187244464703,1,1,1,0,0,0,0,49,-1,-1,53,1,0,4,0.2,0,0.0,0,0,53,0.0693532965623176,0.05306397645061377,5
Proposed smooth SAC,smooth,0,3,12003,enlarged_delay_only,2,0.1,0.0,0.0,0.0,1.0,1.0,1.0,1.11052274394814,63.72168295593285,1,1,1,0,0,0,0,42,-1,-1,46,1,0,4,0.2,0,0.0,0,0,46,0.061640356435934934,0.3503246980786117,5
Proposed smooth SAC,smooth,0,4,12004,enlarged_delay_only,2,0.1,0.0,0.0,0.0,1.0,1.0,1.0,2.0622948587954135,27.609846144219087,1,1,1,0,0,0,0,62,-1,-1,66,1,0,4,0.2,0,0.0,0,0,66,0.08087228346452553,0.3414527092335883,5
Proposed smooth SAC,smooth,0,5,12005,enlarged_delay_only,2,0.1,0.0,0.0,0.0,1.0,1.0,1.0,0.7836208893081577,86.33696522241115,1,1,1,0,0,0,0,43,-1,-1,47,1,0,4,0.2,0,0.0,0,0,47,0.08422299578939257,1.0617733970459922,5
Proposed smooth SAC,smooth,0,6,12006,enlarged_delay_only,2,0.1,0.0,0.0,0.0,1.0,1.0,1.0,1.4039658384766267,70.50865751906693,1,1,1,0,0,0,0,58,-1,-1,62,1,0,4,0.2,0,0.0,0,0,62,0.07200201514368172,1.090432657359954,5
Proposed smooth SAC,smooth,0,7,12007,enlarged_delay_only,2,0.1,0.0,0.0,0.0,1.0,1.0,1.0,2.023389540687327,41.417218692919725,1,1,1,0,0,0,0,57,-1,-1,61,1,0,4,0.2,0,0.0,0,0,61,0.07107924361453144,1.2789404356453111,5
Proposed smooth SAC,smooth,0,8,12008,enlarged_delay_only,2,0.1,0.0,0.0,0.0,1.0,1.0,1.0,0.6761041193866284,47.03972454974209,1,1,1,0,0,0,0,29,-1,-1,33,1,0,4,0.2,0,0.0,0,0,33,0.07175639200146097,2.1776047531648732,5
Proposed smooth SAC,smooth,0,9,12009,enlarged_delay_only,2,0.1,0.0,0.0,0.0,1.0,1.0,1.0,0.8365610729382312,17.566701837686487,1,1,0,1,0,1,1,39,41,43,47,2,1,8,0.4,4,0.2,0,0,47,0.04889005266448018,2.442606274564436,5
Proposed smooth SAC,smooth,0,10,12010,enlarged_delay_only,2,0.1,0.0,0.0,0.0,1.0,1.0,1.0,2.0882312594206844,67.10242168941406,1,1,1,0,0,0,0,58,-1,-1,62,1,0,4,0.2,0,0.0,0,0,62,0.04389513917130792,2.305576885001525,5
Proposed smooth SAC,smooth,0,11,12011,enlarged_delay_only,2,0.1,0.0,0.0,0.0,1.0,1.0,1.0,1.0363136503576447,39.13181690606595,1,1,1,0,0,0,0,34,-1,-1,38,1,0,4,0.2,0,0.0,0,0,38,0.09250071084405333,0.7409410555970989,5
Proposed smooth SAC,smooth,0,12,12012,enlarged_delay_only,2,0.1,0.0,0.0,0.0,1.0,1.0,1.0,1.0633346171025668,74.10415106043168,1,1,1,0,0,0,0,47,-1,-1,51,1,0,4,0.2,0,0.0,0,0,51,0.08026570052385222,0.87231542205321,5
Proposed smooth SAC,smooth,0,13,12013,enlarged_delay_only,2,0.1,0.0,0.0,0.0,1.0,1.0,1.0,2.9321695975105375,64.82631579002067,1,1,1,0,0,0,0,66,-1,-1,70,1,0,4,0.2,0,0.0,0,0,70,0.07417596045508995,0.9946386139202906,5
Proposed smooth SAC,smooth,0,14,12014,enlarged_delay_only,2,0.1,0.0,0.0,0.0,1.0,1.0,1.0,1.5727126782681156,69.85363554747353,1,1,1,0,0,0,0,48,-1,-1,52,1,0,4,0.2,0,0.0,0,0,52,0.038936976698295635,3.681885615968482,5
Proposed smooth SAC,smooth,0,15,12015,enlarged_delay_only,2,0.1,0.0,0.0,0.0,1.0,1.0,1.0,1.7941221940119125,66.18821452938619,1,1,1,0,0,0,0,48,-1,-1,52,1,0,4,0.2,0,0.0,0,0,52,0.0661874861581267,0.9136386535011689,5
Proposed smooth SAC,smooth,0,16,12016,enlarged_delay_only,2,0.1,0.0,0.0,0.0,1.0,1.0,1.0,2.0956191639967527,80.76412508613855,1,1,1,0,0,0,0,60,-1,-1,64,1,0,4,0.2,0,0.0,0,0,64,0.06375445058386163,0.21527500949815936,5
Proposed smooth SAC,smooth,0,17,12017,enlarged_delay_only,2,0.1,0.0,0.0,0.0,1.0,1.0,1.0,2.3497476747776798,68.42664510531779,1,1,1,0,0,0,0,59,-1,-1,63,1,0,4,0.2,0,0.0,0,0,63,0.05605925175996452,0.9201164475986913,5
Proposed smooth SAC,smooth,0,18,12018,enlarged_delay_only,2,0.1,0.0,0.0,0.0,1.0,1.0,1.0,1.3063656328926654,58.185179426044705,1,1,1,0,0,0,0,38,-1,-1,42,1,0,4,0.2,0,0.0,0,0,42,0.055445338807495366,0.060270749834742884,5
Proposed smooth SAC,smooth,0,19,12019,enlarged_delay_only,2,0.1,0.0,0.0,0.0,1.0,1.0,1.0,1.569053725441394,46.92282244700273,1,1,1,0,0,0,0,66,-1,-1,70,1,0,4,0.2,0,0.0,0,0,70,0.08307690168667943,4.4940373700784875,5
Proposed smooth SAC,smooth,0,20,12020,enlarged_delay_only,2,0.1,0.0,0.0,0.0,1.0,1.0,1.0,2.8509785660679805,57.54032760612546,1,1,1,0,0,0,0,67,-1,-1,71,1,0,4,0.2,0,0.0,0,0,71,0.05949559308372581,1.8832814431018574,5
Proposed smooth SAC,smooth,0,21,12021,enlarged_delay_only,2,0.1,0.0,0.0,0.0,1.0,1.0,1.0,1.721321109839246,84.23015922197487,1,1,1,0,0,0,0,58,-1,-1,62,1,0,4,0.2,0,0.0,0,0,62,0.06456498363074725,1.113139834699073,5
Proposed smooth SAC,smooth,0,22,12022,enlarged_delay_only,2,0.1,0.0,0.0,0.0,1.0,1.0,1.0,2.0714459852992766,7.241713190147896,1,1,1,0,0,0,0,54,-1,-1,58,1,0,4,0.2,0,0.0,0,0,58,0.06492713737668222,0.6829044046109716,5
Proposed smooth SAC,smooth,0,23,12023,enlarged_delay_only,2,0.1,0.0,0.0,0.0,1.0,1.0,1.0,1.96706721911142,29.687929491648173,1,1,1,0,0,0,0,56,-1,-1,60,1,0,4,0.2,0,0.0,0,0,60,0.07088706598947342,0.4786883118124959,5
Proposed smooth SAC,smooth,0,24,12024,enlarged_delay_only,2,0.1,0.0,0.0,0.0,1.0,1.0,1.0,2.3296647946987346,59.32330750782227,1,1,1,0,0,0,0,69,-1,-1,73,1,0,4,0.2,0,0.0,0,0,73,0.07514096370539808,1.0148391118340148,5
Proposed smooth SAC,smooth,0,25,12025,enlarged_delay_only,2,0.1,0.0,0.0,0.0,1.0,1.0,1.0,1.7406706115734212,29.68845883130885,1,1,1,0,0,0,0,53,-1,-1,57,1,0,4,0.2,0,0.0,0,0,57,0.07566137911362537,1.7215695641475182,5
Proposed smooth SAC,smooth,0,26,12026,enlarged_delay_only,2,0.1,0.0,0.0,0.0,1.0,1.0,1.0,1.2890960116783232,58.822470226552745,1,1,1,0,0,0,0,51,-1,-1,55,1,0,4,0.2,0,0.0,0,0,55,0.08168258586089992,3.1443388426744883,5
Proposed smooth SAC,smooth,0,27,12027,enlarged_delay_only,2,0.1,0.0,0.0,0.0,1.0,1.0,1.0,1.679512651290201,27.36887877784833,1,1,1,0,0,0,0,45,-1,-1,49,1,0,4,0.2,0,0.0,0,0,49,0.061472276048187204,3.453389534691933,5
Proposed smooth SAC,smooth,0,28,12028,enlarged_delay_only,2,0.1,0.0,0.0,0.0,1.0,1.0,1.0,2.161397968359572,63.816718208044406,1,1,1,0,0,0,0,60,-1,-1,64,1,0,4,0.2,0,0.0,0,0,64,0.07571824264992329,3.587024960567583,5
Proposed smooth SAC,smooth,0,29,12029,enlarged_delay_only,2,0.1,0.0,0.0,0.0,1.0,1.0,1.0,1.4273638277059564,34.274883047648224,1,1,1,0,0,0,0,45,-1,-1,49,1,0,4,0.2,0,0.0,0,0,49,0.06711893142896826,0.004279818045023811,5
Proposed smooth SAC,smooth,0,30,12030,enlarged_delay_only,2,0.1,0.0,0.0,0.0,1.0,1.0,1.0,1.7462896683471236,26.955215200955678,1,1,1,0,0,0,0,44,-1,-1,48,1,0,4,0.2,0,0.0,0,0,48,0.09012578868016906,2.387238199831374,5
Proposed smooth SAC,smooth,0,31,12031,enlarged_delay_only,2,0.1,0.0,0.0,0.0,1.0,1.0,1.0,0.831092090571535,57.81877392801937,1,1,1,0,0,0,0,41,-1,-1,45,1,0,4,0.2,0,0.0,0,0,45,0.06852423514547898,2.855667514149658,5
Proposed smooth SAC,smooth,0,32,12032,enlarged_delay_only,2,0.1,0.0,0.0,0.0,1.0,1.0,1.0,2.3622064651248813,65.6166711298287,1,1,1,0,0,0,0,64,-1,-1,68,1,0,4,0.2,0,0.0,0,0,68,0.05984234019228962,0.9620559435366852,5
Proposed smooth SAC,smooth,0,33,12033,enlarged_delay_only,2,0.1,0.0,0.0,0.0,1.0,1.0,1.0,0.7030471412582213,16.83992189867294,1,1,1,0,0,0,0,29,-1,-1,33,1,0,4,0.2,0,0.0,0,0,33,0.04315442057511553,0.3870494246265802,5
Proposed smooth SAC,smooth,0,34,12034,enlarged_delay_only,2,0.1,0.0,0.0,0.0,1.0,1.0,1.0,2.282842407805926,24.938362791888462,1,1,1,0,0,0,0,58,-1,-1,62,1,0,4,0.2,0,0.0,0,0,62,0.05059228036466872,4.379925399615084,5
Proposed smooth SAC,smooth,0,35,12035,enlarged_delay_only,2,0.1,0.0,0.0,0.0,1.0,1.0,1.0,2.371908074838775,71.96116554796184,1,1,1,0,0,0,0,68,-1,-1,72,1,0,4,0.2,0,0.0,0,0,72,0.05912906963675453,0.15564805835354306,5
Proposed smooth SAC,smooth,0,36,12036,enlarged_delay_only,2,0.1,0.0,0.0,0.0,1.0,1.0,1.0,0.8829462334714887,87.90779944848737,1,1,1,0,0,0,0,44,-1,-1,48,1,0,4,0.2,0,0.0,0,0,48,0.06265755599751205,1.7781547999350176,5
Proposed smooth SAC,smooth,0,37,12037,enlarged_delay_only,2,0.1,0.0,0.0,0.0,1.0,1.0,1.0,0.817844285721509,43.45796651879823,1,1,1,0,0,0,0,33,-1,-1,37,1,0,4,0.2,0,0.0,0,0,37,0.07742324100287565,0.8596416858831339,5
Proposed smooth SAC,smooth,0,38,12038,enlarged_delay_only,2,0.1,0.0,0.0,0.0,1.0,1.0,1.0,1.5743284929286714,57.88825061225674,1,1,1,0,0,0,0,47,-1,-1,51,1,0,4,0.2,0,0.0,0,0,51,0.07705818313650559,0.7616532840900452,5
Proposed smooth SAC,smooth,0,39,12039,enlarged_delay_only,2,0.1,0.0,0.0,0.0,1.0,1.0,1.0,0.8994689163493125,9.298986658723248,1,1,1,0,0,0,0,46,-1,-1,50,1,0,4,0.2,0,0.0,0,0,50,0.08120283422069302,1.1553198813618983,5
Proposed smooth SAC,smooth,0,40,12040,enlarged_delay_only,2,0.1,0.0,0.0,0.0,1.0,1.0,1.0,1.8657719186487738,68.44804408798744,1,1,1,0,0,0,0,59,-1,-1,63,1,0,4,0.2,0,0.0,0,0,63,0.07032949635970344,2.881308898067532,5
Proposed smooth SAC,smooth,0,41,12041,enlarged_delay_only,2,0.1,0.0,0.0,0.0,1.0,1.0,1.0,2.1801507199074694,36.011752342258276,1,1,1,0,0,0,0,48,-1,-1,52,1,0,4,0.2,0,0.0,0,0,52,0.07572347724545793,2.245051163671457,5
Proposed smooth SAC,smooth,0,42,12042,enlarged_delay_only,2,0.1,0.0,0.0,0.0,1.0,1.0,1.0,2.890509486387824,8.39370570216694,1,1,1,0,0,0,0,75,-1,-1,79,1,0,4,0.2,0,0.0,0,0,79,0.06643974043485178,0.6340118828196105,5
Proposed smooth SAC,smooth,0,43,12043,enlarged_delay_only,2,0.1,0.0,0.0,0.0,1.0,1.0,1.0,1.4295379479494126,86.66219834011966,1,1,1,0,0,0,0,55,-1,-1,59,1,0,4,0.2,0,0.0,0,0,59,0.06336845120739198,2.6970081961457857,5
Proposed smooth SAC,smooth,0,44,12044,enlarged_delay_only,2,0.1,0.0,0.0,0.0,1.0,1.0,1.0,1.4633774253790757,25.79388667411487,1,1,1,0,0,0,0,49,-1,-1,53,1,0,4,0.2,0,0.0,0,0,53,0.06326654210712498,1.4450748620872338,5
Proposed smooth SAC,smooth,0,45,12045,enlarged_delay_only,2,0.1,0.0,0.0,0.0,1.0,1.0,1.0,2.7817081294799144,45.277112272150255,1,1,1,0,0,0,0,67,-1,-1,71,1,0,4,0.2,0,0.0,0,0,71,0.07545320778033715,1.592529361479406,5
Proposed smooth SAC,smooth,0,46,12046,enlarged_delay_only,2,0.1,0.0,0.0,0.0,1.0,1.0,1.0,2.448255495287487,6.5296484668143195,1,1,1,0,0,0,0,61,-1,-1,65,1,0,4,0.2,0,0.0,0,0,65,0.06969790279183456,1.0140202361855537,5
Proposed smooth SAC,smooth,0,47,12047,enlarged_delay_only,2,0.1,0.0,0.0,0.0,1.0,1.0,1.0,2.0375889749407565,48.300679923363994,1,1,1,0,0,0,0,60,-1,-1,64,1,0,4,0.2,0,0.0,0,0,64,0.06647606212896398,0.336755006508074,5
Proposed smooth SAC,smooth,0,48,12048,enlarged_delay_only,2,0.1,0.0,0.0,0.0,1.0,1.0,1.0,1.595910055499794,38.132652438046875,1,1,1,0,0,0,0,46,-1,-1,50,1,0,4,0.2,0,0.0,0,0,50,0.0659654577455798,1.3881546268652862,5
Proposed smooth SAC,smooth,0,49,12049,enlarged_delay_only,2,0.1,0.0,0.0,0.0,1.0,1.0,1.0,1.5300451933387877,9.115019782297185,1,1,1,0,0,0,0,50,-1,-1,54,1,0,4,0.2,0,0.0,0,0,54,0.06616427494930442,0.20059435831064998,5
Proposed smooth SAC,smooth,0,50,12050,enlarged_delay_only,2,0.1,0.0,0.0,0.0,1.0,1.0,1.0,2.262693545269486,73.02772690761601,1,1,1,0,0,0,0,59,-1,-1,63,1,0,4,0.2,0,0.0,0,0,63,0.06796540614294616,0.8189634804249181,5
Proposed smooth SAC,smooth,0,51,12051,enlarged_delay_only,2,0.1,0.0,0.0,0.0,1.0,1.0,1.0,1.6263518811985,35.99433194478016,1,1,1,0,0,0,0,51,-1,-1,55,1,0,4,0.2,0,0.0,0,0,55,0.08413532864968233,1.4977709454726456,5
Proposed smooth SAC,smooth,0,52,12052,enlarged_delay_only,2,0.1,0.0,0.0,0.0,1.0,1.0,1.0,0.7048587995105587,83.91519870877808,1,1,1,0,0,0,0,38,-1,-1,42,1,0,4,0.2,0,0.0,0,0,42,0.053898474084960867,3.0965151387665286,5
Proposed smooth SAC,smooth,0,53,12053,enlarged_delay_only,2,0.1,0.0,0.0,0.0,1.0,1.0,1.0,1.470188620244381,45.138920469767974,1,1,1,0,0,0,0,42,-1,-1,46,1,0,4,0.2,0,0.0,0,0,46,0.06638979835496243,0.8358621154834701,5
Proposed smooth SAC,smooth,0,54,12054,enlarged_delay_only,2,0.1,0.0,0.0,0.0,1.0,1.0,1.0,2.2790002868522827,82.51781713667434,1,1,1,0,0,0,0,71,-1,-1,75,1,0,4,0.2,0,0.0,0,0,75,0.059993432787470116,0.6468149656970936,5
Proposed smooth SAC,smooth,0,55,12055,enlarged_delay_only,2,0.1,0.0,0.0,0.0,1.0,1.0,1.0,2.8850994760210127,23.46271066699096,1,1,1,0,0,0,0,77,-1,-1,81,1,0,4,0.2,0,0.0,0,0,81,0.06586573847500587,0.576880178537657,5
Proposed smooth SAC,smooth,0,56,12056,enlarged_delay_only,2,0.1,0.0,0.0,0.0,1.0,1.0,1.0,1.826905546699788,11.925707512554547,1,1,1,0,0,0,0,55,-1,-1,59,1,0,4,0.2,0,0.0,0,0,59,0.0672635745066235,0.6356076391253076,5
Proposed smooth SAC,smooth,0,57,12057,enlarged_delay_only,2,0.1,0.0,0.0,0.0,1.0,1.0,1.0,1.7691751722646727,27.276807827836556,1,1,1,0,0,0,0,51,-1,-1,55,1,0,4,0.2,0,0.0,0,0,55,0.06177764803167983,2.091856637333829,5
Proposed smooth SAC,smooth,0,58,12058,enlarged_delay_only,2,0.1,0.0,0.0,0.0,1.0,1.0,1.0,2.3268545695420997,62.93145738971906,1,1,1,0,0,0,0,63,-1,-1,67,1,0,4,0.2,0,0.0,0,0,67,0.06940990870357361,2.3664244789962297,5
Proposed smooth SAC,smooth,0,59,12059,enlarged_delay_only,2,0.1,0.0,0.0,0.0,1.0,1.0,1.0,2.1903482121613216,54.840688506488746,1,1,1,0,0,0,0,57,-1,-1,61,1,0,4,0.2,0,0.0,0,0,61,0.06959489433244749,3.654033812080462,5
Proposed smooth SAC,smooth,0,60,12060,enlarged_delay_only,2,0.1,0.0,0.0,0.0,1.0,1.0,1.0,1.0973360553047116,33.91806713521758,1,1,1,0,0,0,0,41,-1,-1,45,1,0,4,0.2,0,0.0,0,0,45,0.06636384263286148,0.6144520886665451,5
Proposed smooth SAC,smooth,0,61,12061,enlarged_delay_only,2,0.1,0.0,0.0,0.0,1.0,1.0,1.0,1.936928029361262,42.58082679539602,1,1,1,0,0,0,0,46,-1,-1,50,1,0,4,0.2,0,0.0,0,0,50,0.04479919781881215,0.008699804211668313,5
Proposed smooth SAC,smooth,0,62,12062,enlarged_delay_only,2,0.1,0.0,0.0,0.0,1.0,1.0,1.0,1.8981880108378766,55.958209907540386,1,1,1,0,0,0,0,51,-1,-1,55,1,0,4,0.2,0,0.0,0,0,55,0.05938813625389827,2.2446511707181878,5
Proposed smooth SAC,smooth,0,63,12063,enlarged_delay_only,2,0.1,0.0,0.0,0.0,1.0,1.0,1.0,1.3410819077846639,71.65242733709893,1,1,1,0,0,0,0,48,-1,-1,52,1,0,4,0.2,0,0.0,0,0,52,0.07076364518770435,0.7190515266068245,5
Proposed smooth SAC,smooth,0,64,12064,enlarged_delay_only,2,0.1,0.0,0.0,0.0,1.0,1.0,1.0,3.236122857778983,77.84361815931113,1,1,1,0,0,0,0,77,-1,-1,81,1,0,4,0.2,0,0.0,0,0,81,0.07216787310327066,1.2971651946199034,5
Proposed smooth SAC,smooth,0,65,12065,enlarged_delay_only,2,0.1,0.0,0.0,0.0,1.0,1.0,1.0,2.27680658754703,16.046224888813487,1,1,1,0,0,0,0,56,-1,-1,60,1,0,4,0.2,0,0.0,0,0,60,0.07445231960545812,1.6297099231131935,5
Proposed smooth SAC,smooth,0,66,12066,enlarged_delay_only,2,0.1,0.0,0.0,0.0,1.0,1.0,1.0,0.7254567305431476,42.00001141404023,1,1,1,0,0,0,0,31,-1,-1,35,1,0,4,0.2,0,0.0,0,0,35,0.05884756928320197,2.4515877598795917,5
Proposed smooth SAC,smooth,0,67,12067,enlarged_delay_only,2,0.1,0.0,0.0,0.0,1.0,1.0,1.0,1.5334421939190404,11.645351299013972,1,1,1,0,0,0,0,47,-1,-1,51,1,0,4,0.2,0,0.0,0,0,51,0.0780353856862794,0.6056587003578298,5
Proposed smooth SAC,smooth,0,68,12068,enlarged_delay_only,2,0.1,0.0,0.0,0.0,1.0,1.0,1.0,1.8681160247703945,59.46436457456137,1,1,1,0,0,0,0,53,-1,-1,57,1,0,4,0.2,0,0.0,0,0,57,0.06339751782779504,0.5803119750696182,5
Proposed smooth SAC,smooth,0,69,12069,enlarged_delay_only,2,0.1,0.0,0.0,0.0,1.0,1.0,1.0,1.886519728757838,51.09646759594697,1,1,1,0,0,0,0,55,-1,-1,59,1,0,4,0.2,0,0.0,0,0,59,0.07755275596987994,1.7617523140866436,5
Proposed smooth SAC,smooth,0,70,12070,enlarged_delay_only,2,0.1,0.0,0.0,0.0,1.0,1.0,1.0,1.6986806001597525,76.52323330972095,1,1,1,0,0,0,0,46,-1,-1,50,1,0,4,0.2,0,0.0,0,0,50,0.07572333858114894,2.791175160459105,5
Proposed smooth SAC,smooth,0,71,12071,enlarged_delay_only,2,0.1,0.0,0.0,0.0,1.0,1.0,1.0,2.6459208153503964,67.50779341665432,1,1,1,0,0,0,0,72,-1,-1,76,1,0,4,0.2,0,0.0,0,0,76,0.0824112209476974,0.8375705699104724,5
Proposed smooth SAC,smooth,0,72,12072,enlarged_delay_only,2,0.1,0.0,0.0,0.0,1.0,1.0,1.0,0.48175087121353316,49.596093601348606,1,1,1,0,0,0,0,23,-1,-1,27,1,0,4,0.2,0,0.0,0,0,27,0.04076714025993821,0.823851601353973,5
Proposed smooth SAC,smooth,0,73,12073,enlarged_delay_only,2,0.1,0.0,0.0,0.0,1.0,1.0,1.0,1.3565823895626754,84.90849262920553,1,1,1,0,0,0,0,57,-1,-1,61,1,0,4,0.2,0,0.0,0,0,61,0.08260875683304499,1.9001859478542273,5
Proposed smooth SAC,smooth,0,74,12074,enlarged_delay_only,2,0.1,0.0,0.0,0.0,1.0,1.0,1.0,2.034268978334935,63.584860606479154,1,1,1,0,0,0,0,55,-1,-1,59,1,0,4,0.2,0,0.0,0,0,59,0.09591113304970286,0.5100562757408968,5
Proposed smooth SAC,smooth,0,75,12075,enlarged_delay_only,2,0.1,0.0,0.0,0.0,1.0,1.0,1.0,2.7867133802887056,59.621185717904865,1,1,1,0,0,0,0,76,-1,-1,80,1,0,4,0.2,0,0.0,0,0,80,0.07678410354271081,0.06755182487146903,5
Proposed smooth SAC,smooth,0,76,12076,enlarged_delay_only,2,0.1,0.0,0.0,0.0,1.0,1.0,1.0,1.4672375160200708,30.3721436917542,1,1,1,0,0,0,0,42,-1,-1,46,1,0,4,0.2,0,0.0,0,0,46,0.0756768132053212,0.19681326163566612,5
Proposed smooth SAC,smooth,0,77,12077,enlarged_delay_only,2,0.1,0.0,0.0,0.0,1.0,1.0,1.0,1.9775577095396648,51.41426263764932,1,1,1,0,0,0,0,60,-1,-1,64,1,0,4,0.2,0,0.0,0,0,64,0.07520311596999087,1.0911713850073732,5
Proposed smooth SAC,smooth,0,78,12078,enlarged_delay_only,2,0.1,0.0,0.0,0.0,1.0,1.0,1.0,2.327760709820301,60.008956047653996,1,1,1,0,0,0,0,60,-1,-1,64,1,0,4,0.2,0,0.0,0,0,64,0.06007738233467486,2.118674094449415,5
Proposed smooth SAC,smooth,0,79,12079,enlarged_delay_only,2,0.1,0.0,0.0,0.0,1.0,1.0,1.0,1.5278991276633485,40.17317828277736,1,1,1,0,0,0,0,47,-1,-1,51,1,0,4,0.2,0,0.0,0,0,51,0.07088799432180533,2.1444300974792982,5
Proposed smooth SAC,smooth,0,80,12080,enlarged_delay_only,2,0.1,0.0,0.0,0.0,1.0,1.0,1.0,2.3192768073204557,47.36251928991689,1,1,1,0,0,0,0,63,-1,-1,67,1,0,4,0.2,0,0.0,0,0,67,0.0641916986531609,1.3368584120946094,5
Proposed smooth SAC,smooth,0,81,12081,enlarged_delay_only,2,0.1,0.0,0.0,0.0,1.0,1.0,1.0,2.348060423688873,77.305474384795,1,1,1,0,0,0,0,68,-1,-1,72,1,0,4,0.2,0,0.0,0,0,72,0.06213856821589407,1.1560351302340457,5
Proposed smooth SAC,smooth,0,82,12082,enlarged_delay_only,2,0.1,0.0,0.0,0.0,1.0,1.0,1.0,1.657062365864348,55.61082307125895,1,1,1,0,0,0,0,48,-1,-1,52,1,0,4,0.2,0,0.0,0,0,52,0.06050489640459737,3.127408297825908,5
Proposed smooth SAC,smooth,0,83,12083,enlarged_delay_only,2,0.1,0.0,0.0,0.0,1.0,1.0,1.0,1.7829506075254924,2.609497891508878,1,1,1,0,0,0,0,51,-1,-1,55,1,0,4,0.2,0,0.0,0,0,55,0.06638534946235296,0.7684189599889131,5
Proposed smooth SAC,smooth,0,84,12084,enlarged_delay_only,2,0.1,0.0,0.0,0.0,1.0,1.0,1.0,1.6404890956693123,1.3837049720644343,1,1,1,0,0,0,0,44,-1,-1,48,1,0,4,0.2,0,0.0,0,0,48,0.041500820476071086,3.380924429249271,5
Proposed smooth SAC,smooth,0,85,12085,enlarged_delay_only,2,0.1,0.0,0.0,0.0,1.0,1.0,1.0,2.497746521837666,36.904581010184,1,1,1,0,0,0,0,55,-1,-1,59,1,0,4,0.2,0,0.0,0,0,59,0.06808367657221041,2.437820232946961,5
Proposed smooth SAC,smooth,0,86,12086,enlarged_delay_only,2,0.1,0.0,0.0,0.0,1.0,1.0,1.0,1.8263883792562778,0.33389918702221527,1,1,1,0,0,0,0,46,-1,-1,50,1,0,4,0.2,0,0.0,0,0,50,0.06777379653255844,1.1119132821345268,5
Proposed smooth SAC,smooth,0,87,12087,enlarged_delay_only,2,0.1,0.0,0.0,0.0,1.0,1.0,1.0,2.03592606033529,9.710697655286923,1,1,1,0,0,0,0,56,-1,-1,60,1,0,4,0.2,0,0.0,0,0,60,0.08868404780693273,1.760991388324422,5
Proposed smooth SAC,smooth,0,88,12088,enlarged_delay_only,2,0.1,0.0,0.0,0.0,1.0,1.0,1.0,2.799243954274032,20.695729317232512,1,1,1,0,0,0,0,57,-1,-1,61,1,0,4,0.2,0,0.0,0,0,61,0.043769399183486456,0.9677028024329932,5
Proposed smooth SAC,smooth,0,89,12089,enlarged_delay_only,2,0.1,0.0,0.0,0.0,1.0,1.0,1.0,1.9684957245170929,46.29750155301514,1,1,1,0,0,0,0,58,-1,-1,62,1,0,4,0.2,0,0.0,0,0,62,0.07133095511288016,0.6870402975968258,5
Proposed smooth SAC,smooth,0,90,12090,enlarged_delay_only,2,0.1,0.0,0.0,0.0,1.0,1.0,1.0,1.911320050192248,50.27198521595098,1,1,1,0,0,0,0,48,-1,-1,52,1,0,4,0.2,0,0.0,0,0,52,0.05203687071165255,3.000345221479103,5
Proposed smooth SAC,smooth,0,91,12091,enlarged_delay_only,2,0.1,0.0,0.0,0.0,1.0,1.0,1.0,2.127844865867529,32.123072930770725,1,1,1,0,0,0,0,65,-1,-1,69,1,0,4,0.2,0,0.0,0,0,69,0.06784177181327572,0.5858689209288054,5
Proposed smooth SAC,smooth,0,92,12092,enlarged_delay_only,2,0.1,0.0,0.0,0.0,1.0,1.0,1.0,2.1800958407414126,47.35001662864118,1,1,1,0,0,0,0,59,-1,-1,63,1,0,4,0.2,0,0.0,0,0,63,0.0701547749813703,1.4725250721963976,5
Proposed smooth SAC,smooth,0,93,12093,enlarged_delay_only,2,0.1,0.0,0.0,0.0,1.0,1.0,1.0,3.259884867767638,59.350430189016386,1,1,1,0,0,0,0,74,-1,-1,78,1,0,4,0.2,0,0.0,0,0,78,0.06874953995112097,2.8282494272739345,5
Proposed smooth SAC,smooth,0,94,12094,enlarged_delay_only,2,0.1,0.0,0.0,0.0,1.0,1.0,1.0,0.7611576363914472,18.846404373032783,1,1,1,0,0,0,0,30,-1,-1,34,1,0,4,0.2,0,0.0,0,0,34,0.07767534725585047,0.017487920634870775,5
Proposed smooth SAC,smooth,0,95,12095,enlarged_delay_only,2,0.1,0.0,0.0,0.0,1.0,1.0,1.0,2.315981959981536,11.583421973809466,1,1,1,0,0,0,0,56,-1,-1,60,1,0,4,0.2,0,0.0,0,0,60,0.06532947087006716,1.0671890967275777,5
Proposed smooth SAC,smooth,0,96,12096,enlarged_delay_only,2,0.1,0.0,0.0,0.0,1.0,1.0,1.0,2.6433593115574596,23.402961879678983,1,1,1,0,0,0,0,57,-1,-1,61,1,0,4,0.2,0,0.0,0,0,61,0.05885798145549029,0.23422418207138293,5
Proposed smooth SAC,smooth,0,97,12097,enlarged_delay_only,2,0.1,0.0,0.0,0.0,1.0,1.0,1.0,2.517006739513531,35.98333875531102,1,1,1,0,0,0,0,65,-1,-1,69,1,0,4,0.2,0,0.0,0,0,69,0.060961303823074034,1.9875786451713637,5
Proposed smooth SAC,smooth,0,98,12098,enlarged_delay_only,2,0.1,0.0,0.0,0.0,1.0,1.0,1.0,3.120283930411399,82.53858091175118,1,1,1,0,0,0,0,73,-1,-1,77,1,0,4,0.2,0,0.0,0,0,77,0.04170109485124206,4.674915720339234,5
Proposed smooth SAC,smooth,0,99,12099,enlarged_delay_only,2,0.1,0.0,0.0,0.0,1.0,1.0,1.0,0.19539344804534206,10.475630177230514,1,1,1,0,0,0,0,14,-1,-1,18,1,0,4,0.2,0,0.0,0,0,18,0.0620678636590312,3.87597312519721,5
Proposed smooth SAC,smooth,1,0,12000,enlarged_delay_only,2,0.1,0.0,0.0,0.0,1.0,1.0,1.0,1.4011169590411672,3.680448288035017,1,1,1,0,0,0,0,39,-1,-1,43,1,0,4,0.2,0,0.0,0,0,43,0.058702405649792816,0.24942495483223143,5
Proposed smooth SAC,smooth,1,1,12001,enlarged_delay_only,2,0.1,0.0,0.0,0.0,1.0,1.0,1.0,1.8698938269216967,60.07772922240686,1,1,1,0,0,0,0,46,-1,-1,50,1,0,4,0.2,0,0.0,0,0,50,0.06472169780816979,0.24640030160782647,5
Proposed smooth SAC,smooth,1,2,12002,enlarged_delay_only,2,0.1,0.0,0.0,0.0,1.0,1.0,1.0,1.5052862077716045,52.14187244464703,1,1,1,0,0,0,0,53,-1,-1,57,1,0,4,0.2,0,0.0,0,0,57,0.06482821005922189,0.7222192936386823,5
Proposed smooth SAC,smooth,1,3,12003,enlarged_delay_only,2,0.1,0.0,0.0,0.0,1.0,1.0,1.0,1.11052274394814,63.72168295593285,1,1,1,0,0,0,0,35,-1,-1,39,1,0,4,0.2,0,0.0,0,0,39,0.039054354612217276,1.5792839171314588,5
Proposed smooth SAC,smooth,1,4,12004,enlarged_delay_only,2,0.1,0.0,0.0,0.0,1.0,1.0,1.0,2.0622948587954135,27.609846144219087,1,1,1,0,0,0,0,56,-1,-1,60,1,0,4,0.2,0,0.0,0,0,60,0.06540923413276464,0.017188139363330683,5
Proposed smooth SAC,smooth,1,5,12005,enlarged_delay_only,2,0.1,0.0,0.0,0.0,1.0,1.0,1.0,0.7836208893081577,86.33696522241115,1,1,1,0,0,0,0,41,-1,-1,45,1,0,4,0.2,0,0.0,0,0,45,0.06566415187662261,1.8060309363719553,5
Proposed smooth SAC,smooth,1,6,12006,enlarged_delay_only,2,0.1,0.0,0.0,0.0,1.0,1.0,1.0,1.4039658384766267,70.50865751906693,1,1,1,0,0,0,0,65,-1,-1,69,1,0,4,0.2,0,0.0,0,0,69,0.07977978353942902,4.182549154300994,5
Proposed smooth SAC,smooth,1,7,12007,enlarged_delay_only,2,0.1,0.0,0.0,0.0,1.0,1.0,1.0,2.023389540687327,41.417218692919725,1,1,1,0,0,0,0,54,-1,-1,58,1,0,4,0.2,0,0.0,0,0,58,0.054843153917497785,0.7042510936447887,5
Proposed smooth SAC,smooth,1,8,12008,enlarged_delay_only,2,0.1,0.0,0.0,0.0,1.0,1.0,1.0,0.6761041193866284,47.03972454974209,1,1,1,0,0,0,0,33,-1,-1,37,1,0,4,0.2,0,0.0,0,0,37,0.07473671031387842,1.6516893651405888,5
Proposed smooth SAC,smooth,1,9,12009,enlarged_delay_only,2,0.1,0.0,0.0,0.0,1.0,1.0,1.0,0.8365610729382312,17.566701837686487,1,1,1,0,0,0,0,37,-1,-1,41,1,0,4,0.2,0,0.0,0,0,41,0.06052740047924763,2.8845540916969346,5
Proposed smooth SAC,smooth,1,10,12010,enlarged_delay_only,2,0.1,0.0,0.0,0.0,1.0,1.0,1.0,2.0882312594206844,67.10242168941406,1,1,1,0,0,0,0,56,-1,-1,60,1,0,4,0.2,0,0.0,0,0,60,0.07298072920103656,0.9925183737915305,5
Proposed smooth SAC,smooth,1,11,12011,enlarged_delay_only,2,0.1,0.0,0.0,0.0,1.0,1.0,1.0,1.0363136503576447,39.13181690606595,1,1,1,0,0,0,0,41,-1,-1,45,1,0,4,0.2,0,0.0,0,0,45,0.06315212628034736,1.2257759506932244,5
Proposed smooth SAC,smooth,1,12,12012,enlarged_delay_only,2,0.1,0.0,0.0,0.0,1.0,1.0,1.0,1.0633346171025668,74.10415106043168,1,1,1,0,0,0,0,44,-1,-1,48,1,0,4,0.2,0,0.0,0,0,48,0.04174557396523303,3.1982079043281444,5
Proposed smooth SAC,smooth,1,13,12013,enlarged_delay_only,2,0.1,0.0,0.0,0.0,1.0,1.0,1.0,2.9321695975105375,64.82631579002067,1,1,1,0,0,0,0,64,-1,-1,68,1,0,4,0.2,0,0.0,0,0,68,0.061008516533563074,0.1291153480891955,5
Proposed smooth SAC,smooth,1,14,12014,enlarged_delay_only,2,0.1,0.0,0.0,0.0,1.0,1.0,1.0,1.5727126782681156,69.85363554747353,1,1,1,0,0,0,0,55,-1,-1,59,1,0,4,0.2,0,0.0,0,0,59,0.07447383032371636,1.2934296147524353,5
Proposed smooth SAC,smooth,1,15,12015,enlarged_delay_only,2,0.1,0.0,0.0,0.0,1.0,1.0,1.0,1.7941221940119125,66.18821452938619,1,1,1,0,0,0,0,51,-1,-1,55,1,0,4,0.2,0,0.0,0,0,55,0.07580356001055347,1.5373938333432418,5
Proposed smooth SAC,smooth,1,16,12016,enlarged_delay_only,2,0.1,0.0,0.0,0.0,1.0,1.0,1.0,2.0956191639967527,80.76412508613855,1,1,0,1,0,1,1,50,52,63,67,2,1,17,0.8500000000000001,13,0.65,0,0,67,0.06461785190812137,0.6011662501529597,5
Proposed smooth SAC,smooth,1,17,12017,enlarged_delay_only,2,0.1,0.0,0.0,0.0,1.0,1.0,1.0,2.3497476747776798,68.42664510531779,1,1,1,0,0,0,0,62,-1,-1,66,1,0,4,0.2,0,0.0,0,0,66,0.073756204807925,0.2776376381683509,5
Proposed smooth SAC,smooth,1,18,12018,enlarged_delay_only,2,0.1,0.0,0.0,0.0,1.0,1.0,1.0,1.3063656328926654,58.185179426044705,1,1,1,0,0,0,0,37,-1,-1,41,1,0,4,0.2,0,0.0,0,0,41,0.06577633283348755,2.1755200513641384,5
Proposed smooth SAC,smooth,1,19,12019,enlarged_delay_only,2,0.1,0.0,0.0,0.0,1.0,1.0,1.0,1.569053725441394,46.92282244700273,1,1,1,0,0,0,0,49,-1,-1,53,1,0,4,0.2,0,0.0,0,0,53,0.03441293616052651,0.12047254410733774,5
Proposed smooth SAC,smooth,1,20,12020,enlarged_delay_only,2,0.1,0.0,0.0,0.0,1.0,1.0,1.0,2.8509785660679805,57.54032760612546,1,1,1,0,0,0,0,77,-1,-1,81,1,0,4,0.2,0,0.0,0,0,81,0.070334269691212,2.2636331201952995,5
Proposed smooth SAC,smooth,1,21,12021,enlarged_delay_only,2,0.1,0.0,0.0,0.0,1.0,1.0,1.0,1.721321109839246,84.23015922197487,1,1,1,0,0,0,0,53,-1,-1,57,1,0,4,0.2,0,0.0,0,0,57,0.06477098169452056,3.0385705886124907,5
Proposed smooth SAC,smooth,1,22,12022,enlarged_delay_only,2,0.1,0.0,0.0,0.0,1.0,1.0,1.0,2.0714459852992766,7.241713190147896,1,1,1,0,0,0,0,56,-1,-1,60,1,0,4,0.2,0,0.0,0,0,60,0.05036613340105072,1.8753413481917176,5
Proposed smooth SAC,smooth,1,23,12023,enlarged_delay_only,2,0.1,0.0,0.0,0.0,1.0,1.0,1.0,1.96706721911142,29.687929491648173,1,1,1,0,0,0,0,54,-1,-1,58,1,0,4,0.2,0,0.0,0,0,58,0.05560313920576726,0.32934337080453746,5
Proposed smooth SAC,smooth,1,24,12024,enlarged_delay_only,2,0.1,0.0,0.0,0.0,1.0,1.0,1.0,2.3296647946987346,59.32330750782227,1,1,1,0,0,0,0,63,-1,-1,67,1,0,4,0.2,0,0.0,0,0,67,0.07697407958486568,1.0827860471407134,5
Proposed smooth SAC,smooth,1,25,12025,enlarged_delay_only,2,0.1,0.0,0.0,0.0,1.0,1.0,1.0,1.7406706115734212,29.68845883130885,1,1,1,0,0,0,0,55,-1,-1,59,1,0,4,0.2,0,0.0,0,0,59,0.07864949260059778,0.12833274448048693,5
Proposed smooth SAC,smooth,1,26,12026,enlarged_delay_only,2,0.1,0.0,0.0,0.0,1.0,1.0,1.0,1.2890960116783232,58.822470226552745,1,1,1,0,0,0,0,50,-1,-1,54,1,0,4,0.2,0,0.0,0,0,54,0.08807031711466042,1.5557264879623791,5
Proposed smooth SAC,smooth,1,27,12027,enlarged_delay_only,2,0.1,0.0,0.0,0.0,1.0,1.0,1.0,1.679512651290201,27.36887877784833,1,1,1,0,0,0,0,54,-1,-1,58,1,0,4,0.2,0,0.0,0,0,58,0.058540636734149304,2.126238102068381,5
Proposed smooth SAC,smooth,1,28,12028,enlarged_delay_only,2,0.1,0.0,0.0,0.0,1.0,1.0,1.0,2.161397968359572,63.816718208044406,1,1,1,0,0,0,0,55,-1,-1,59,1,0,4,0.2,0,0.0,0,0,59,0.05080322779738427,1.547760673121146,5
Proposed smooth SAC,smooth,1,29,12029,enlarged_delay_only,2,0.1,0.0,0.0,0.0,1.0,1.0,1.0,1.4273638277059564,34.274883047648224,1,1,1,0,0,0,0,41,-1,-1,45,1,0,4,0.2,0,0.0,0,0,45,0.08920753081218533,2.916898879398353,5
Proposed smooth SAC,smooth,1,30,12030,enlarged_delay_only,2,0.1,0.0,0.0,0.0,1.0,1.0,1.0,1.7462896683471236,26.955215200955678,1,1,1,0,0,0,0,46,-1,-1,50,1,0,4,0.2,0,0.0,0,0,50,0.05188422147611855,1.166886806721315,5
Proposed smooth SAC,smooth,1,31,12031,enlarged_delay_only,2,0.1,0.0,0.0,0.0,1.0,1.0,1.0,0.831092090571535,57.81877392801937,1,1,1,0,0,0,0,35,-1,-1,39,1,0,4,0.2,0,0.0,0,0,39,0.09131619184550455,3.136253179357663,5
Proposed smooth SAC,smooth,1,32,12032,enlarged_delay_only,2,0.1,0.0,0.0,0.0,1.0,1.0,1.0,2.3622064651248813,65.6166711298287,1,1,1,0,0,0,0,58,-1,-1,62,1,0,4,0.2,0,0.0,0,0,62,0.04543315024618384,0.6169296330662615,5
Proposed smooth SAC,smooth,1,33,12033,enlarged_delay_only,2,0.1,0.0,0.0,0.0,1.0,1.0,1.0,0.7030471412582213,16.83992189867294,1,1,1,0,0,0,0,37,-1,-1,41,1,0,4,0.2,0,0.0,0,0,41,0.07237513074489381,0.5325162856094259,5
Proposed smooth SAC,smooth,1,34,12034,enlarged_delay_only,2,0.1,0.0,0.0,0.0,1.0,1.0,1.0,2.282842407805926,24.938362791888462,1,1,1,0,0,0,0,72,-1,-1,76,1,0,4,0.2,0,0.0,0,0,76,0.07374162952793062,2.4881299122693945,5
Proposed smooth SAC,smooth,1,35,12035,enlarged_delay_only,2,0.1,0.0,0.0,0.0,1.0,1.0,1.0,2.371908074838775,71.96116554796184,1,1,1,0,0,0,0,58,-1,-1,62,1,0,4,0.2,0,0.0,0,0,62,0.0763829096064336,0.1612265753375113,5
Proposed smooth SAC,smooth,1,36,12036,enlarged_delay_only,2,0.1,0.0,0.0,0.0,1.0,1.0,1.0,0.8829462334714887,87.90779944848737,1,1,1,0,0,0,0,37,-1,-1,41,1,0,4,0.2,0,0.0,0,0,41,0.02113904587867262,3.6309217325896084,5
Proposed smooth SAC,smooth,1,37,12037,enlarged_delay_only,2,0.1,0.0,0.0,0.0,1.0,1.0,1.0,0.817844285721509,43.45796651879823,1,1,1,0,0,0,0,36,-1,-1,40,1,0,4,0.2,0,0.0,0,0,40,0.05315587241337769,1.8527744031739954,5
Proposed smooth SAC,smooth,1,38,12038,enlarged_delay_only,2,0.1,0.0,0.0,0.0,1.0,1.0,1.0,1.5743284929286714,57.88825061225674,1,1,1,0,0,0,0,41,-1,-1,45,1,0,4,0.2,0,0.0,0,0,45,0.036267276172371604,2.5233632296594934,5
Proposed smooth SAC,smooth,1,39,12039,enlarged_delay_only,2,0.1,0.0,0.0,0.0,1.0,1.0,1.0,0.8994689163493125,9.298986658723248,1,1,1,0,0,0,0,39,-1,-1,43,1,0,4,0.2,0,0.0,0,0,43,0.0727211126533616,0.7718057733218874,5
Proposed smooth SAC,smooth,1,40,12040,enlarged_delay_only,2,0.1,0.0,0.0,0.0,1.0,1.0,1.0,1.8657719186487738,68.44804408798744,1,1,1,0,0,0,0,58,-1,-1,62,1,0,4,0.2,0,0.0,0,0,62,0.07815671166654084,3.7610103692953176,5
Proposed smooth SAC,smooth,1,41,12041,enlarged_delay_only,2,0.1,0.0,0.0,0.0,1.0,1.0,1.0,2.1801507199074694,36.011752342258276,1,1,1,0,0,0,0,56,-1,-1,60,1,0,4,0.2,0,0.0,0,0,60,0.08038883721450364,3.2264528709802627,5
Proposed smooth SAC,smooth,1,42,12042,enlarged_delay_only,2,0.1,0.0,0.0,0.0,1.0,1.0,1.0,2.890509486387824,8.39370570216694,1,1,0,1,0,1,1,95,97,101,105,2,1,10,0.5,6,0.30000000000000004,0,0,105,0.06995080161995873,3.084543311255377,5
Proposed smooth SAC,smooth,1,43,12043,enlarged_delay_only,2,0.1,0.0,0.0,0.0,1.0,1.0,1.0,1.4295379479494126,86.66219834011966,1,1,1,0,0,0,0,51,-1,-1,55,1,0,4,0.2,0,0.0,0,0,55,0.06482746732701916,0.09560728045454599,5
Proposed smooth SAC,smooth,1,44,12044,enlarged_delay_only,2,0.1,0.0,0.0,0.0,1.0,1.0,1.0,1.4633774253790757,25.79388667411487,1,1,1,0,0,0,0,60,-1,-1,64,1,0,4,0.2,0,0.0,0,0,64,0.04294812600479335,4.235136488268215,5
Proposed smooth SAC,smooth,1,45,12045,enlarged_delay_only,2,0.1,0.0,0.0,0.0,1.0,1.0,1.0,2.7817081294799144,45.277112272150255,1,1,1,0,0,0,0,71,-1,-1,75,1,0,4,0.2,0,0.0,0,0,75,0.06719212999824009,2.6829251998508656,5
Proposed smooth SAC,smooth,1,46,12046,enlarged_delay_only,2,0.1,0.0,0.0,0.0,1.0,1.0,1.0,2.448255495287487,6.5296484668143195,1,1,1,0,0,0,0,59,-1,-1,63,1,0,4,0.2,0,0.0,0,0,63,0.02753512265520632,3.3144308301319043,5
Proposed smooth SAC,smooth,1,47,12047,enlarged_delay_only,2,0.1,0.0,0.0,0.0,1.0,1.0,1.0,2.0375889749407565,48.300679923363994,1,1,1,0,0,0,0,58,-1,-1,62,1,0,4,0.2,0,0.0,0,0,62,0.06800786547695824,0.18074593530429872,5
Proposed smooth SAC,smooth,1,48,12048,enlarged_delay_only,2,0.1,0.0,0.0,0.0,1.0,1.0,1.0,1.595910055499794,38.132652438046875,1,1,1,0,0,0,0,49,-1,-1,53,1,0,4,0.2,0,0.0,0,0,53,0.040627242887127824,3.9264759708071075,5
Proposed smooth SAC,smooth,1,49,12049,enlarged_delay_only,2,0.1,0.0,0.0,0.0,1.0,1.0,1.0,1.5300451933387877,9.115019782297185,1,1,1,0,0,0,0,47,-1,-1,51,1,0,4,0.2,0,0.0,0,0,51,0.051739191852958485,1.7511894265352188,5
Proposed smooth SAC,smooth,1,50,12050,enlarged_delay_only,2,0.1,0.0,0.0,0.0,1.0,1.0,1.0,2.262693545269486,73.02772690761601,1,1,1,0,0,0,0,57,-1,-1,61,1,0,4,0.2,0,0.0,0,0,61,0.014801186475406975,4.476619960808131,5
Proposed smooth SAC,smooth,1,51,12051,enlarged_delay_only,2,0.1,0.0,0.0,0.0,1.0,1.0,1.0,1.6263518811985,35.99433194478016,1,1,1,0,0,0,0,50,-1,-1,54,1,0,4,0.2,0,0.0,0,0,54,0.0453379426323302,0.9706906900297565,5
Proposed smooth SAC,smooth,1,52,12052,enlarged_delay_only,2,0.1,0.0,0.0,0.0,1.0,1.0,1.0,0.7048587995105587,83.91519870877808,1,1,1,0,0,0,0,40,-1,-1,44,1,0,4,0.2,0,0.0,0,0,44,0.05214960514955905,3.806094313572456,5
Proposed smooth SAC,smooth,1,53,12053,enlarged_delay_only,2,0.1,0.0,0.0,0.0,1.0,1.0,1.0,1.470188620244381,45.138920469767974,1,1,1,0,0,0,0,50,-1,-1,54,1,0,4,0.2,0,0.0,0,0,54,0.07555934441837622,0.8130004584752325,5
Proposed smooth SAC,smooth,1,54,12054,enlarged_delay_only,2,0.1,0.0,0.0,0.0,1.0,1.0,1.0,2.2790002868522827,82.51781713667434,1,1,1,0,0,0,0,72,-1,-1,76,1,0,4,0.2,0,0.0,0,0,76,0.05994347180749786,1.8200708170977398,5
Proposed smooth SAC,smooth,1,55,12055,enlarged_delay_only,2,0.1,0.0,0.0,0.0,1.0,1.0,1.0,2.8850994760210127,23.46271066699096,1,1,1,0,0,0,0,69,-1,-1,73,1,0,4,0.2,0,0.0,0,0,73,0.0793107413457032,0.680506101077798,5
Proposed smooth SAC,smooth,1,56,12056,enlarged_delay_only,2,0.1,0.0,0.0,0.0,1.0,1.0,1.0,1.826905546699788,11.925707512554547,1,1,1,0,0,0,0,50,-1,-1,54,1,0,4,0.2,0,0.0,0,0,54,0.049441089195906986,2.9290043224851425,5
Proposed smooth SAC,smooth,1,57,12057,enlarged_delay_only,2,0.1,0.0,0.0,0.0,1.0,1.0,1.0,1.7691751722646727,27.276807827836556,1,1,1,0,0,0,0,48,-1,-1,52,1,0,4,0.2,0,0.0,0,0,52,0.06767808642892917,2.1554638411966307,5
Proposed smooth SAC,smooth,1,58,12058,enlarged_delay_only,2,0.1,0.0,0.0,0.0,1.0,1.0,1.0,2.3268545695420997,62.93145738971906,1,1,1,0,0,0,0,65,-1,-1,69,1,0,4,0.2,0,0.0,0,0,69,0.07004131568263497,0.18350080939670138,5
Proposed smooth SAC,smooth,1,59,12059,enlarged_delay_only,2,0.1,0.0,0.0,0.0,1.0,1.0,1.0,2.1903482121613216,54.840688506488746,1,1,1,0,0,0,0,79,-1,-1,83,1,0,4,0.2,0,0.0,0,0,83,0.05590745992374015,1.784175611688384,5
Proposed smooth SAC,smooth,1,60,12060,enlarged_delay_only,2,0.1,0.0,0.0,0.0,1.0,1.0,1.0,1.0973360553047116,33.91806713521758,1,1,1,0,0,0,0,32,-1,-1,36,1,0,4,0.2,0,0.0,0,0,36,0.024107358507605356,0.8152355311594134,5
Proposed smooth SAC,smooth,1,61,12061,enlarged_delay_only,2,0.1,0.0,0.0,0.0,1.0,1.0,1.0,1.936928029361262,42.58082679539602,1,1,1,0,0,0,0,47,-1,-1,51,1,0,4,0.2,0,0.0,0,0,51,0.06931203805367,2.263117867799787,5
Proposed smooth SAC,smooth,1,62,12062,enlarged_delay_only,2,0.1,0.0,0.0,0.0,1.0,1.0,1.0,1.8981880108378766,55.958209907540386,1,1,1,0,0,0,0,51,-1,-1,55,1,0,4,0.2,0,0.0,0,0,55,0.07895402553366254,0.8446728994302279,5
Proposed smooth SAC,smooth,1,63,12063,enlarged_delay_only,2,0.1,0.0,0.0,0.0,1.0,1.0,1.0,1.3410819077846639,71.65242733709893,1,1,1,0,0,0,0,46,-1,-1,50,1,0,4,0.2,0,0.0,0,0,50,0.027717286330913412,2.023870641882815,5
Proposed smooth SAC,smooth,1,64,12064,enlarged_delay_only,2,0.1,0.0,0.0,0.0,1.0,1.0,1.0,3.236122857778983,77.84361815931113,1,1,1,0,0,0,0,91,-1,-1,95,1,0,4,0.2,0,0.0,0,0,95,0.037662148832587186,2.1537878835290387,5
Proposed smooth SAC,smooth,1,65,12065,enlarged_delay_only,2,0.1,0.0,0.0,0.0,1.0,1.0,1.0,2.27680658754703,16.046224888813487,1,1,1,0,0,0,0,58,-1,-1,62,1,0,4,0.2,0,0.0,0,0,62,0.06964275257288101,3.077773740014248,5
Proposed smooth SAC,smooth,1,66,12066,enlarged_delay_only,2,0.1,0.0,0.0,0.0,1.0,1.0,1.0,0.7254567305431476,42.00001141404023,1,1,1,0,0,0,0,32,-1,-1,36,1,0,4,0.2,0,0.0,0,0,36,0.06073318457134433,2.716674445200368,5
Proposed smooth SAC,smooth,1,67,12067,enlarged_delay_only,2,0.1,0.0,0.0,0.0,1.0,1.0,1.0,1.5334421939190404,11.645351299013972,1,1,1,0,0,0,0,47,-1,-1,51,1,0,4,0.2,0,0.0,0,0,51,0.06474103446714861,0.4966236415210089,5
Proposed smooth SAC,smooth,1,68,12068,enlarged_delay_only,2,0.1,0.0,0.0,0.0,1.0,1.0,1.0,1.8681160247703945,59.46436457456137,1,1,1,0,0,0,0,50,-1,-1,54,1,0,4,0.2,0,0.0,0,0,54,0.06837661306754429,2.9610878554508084,5
Proposed smooth SAC,smooth,1,69,12069,enlarged_delay_only,2,0.1,0.0,0.0,0.0,1.0,1.0,1.0,1.886519728757838,51.09646759594697,1,1,1,0,0,0,0,55,-1,-1,59,1,0,4,0.2,0,0.0,0,0,59,0.0702833279446983,0.13280675851068327,5
Proposed smooth SAC,smooth,1,70,12070,enlarged_delay_only,2,0.1,0.0,0.0,0.0,1.0,1.0,1.0,1.6986806001597525,76.52323330972095,1,1,1,0,0,0,0,45,-1,-1,49,1,0,4,0.2,0,0.0,0,0,49,0.04171620635618494,4.755394985555848,5
Proposed smooth SAC,smooth,1,71,12071,enlarged_delay_only,2,0.1,0.0,0.0,0.0,1.0,1.0,1.0,2.6459208153503964,67.50779341665432,1,1,0,1,0,1,1,68,69,74,78,2,1,10,0.5,6,0.30000000000000004,0,0,78,0.06835762243815406,4.361121888830039,5
Proposed smooth SAC,smooth,1,72,12072,enlarged_delay_only,2,0.1,0.0,0.0,0.0,1.0,1.0,1.0,0.48175087121353316,49.596093601348606,1,1,1,0,0,0,0,26,-1,-1,30,1,0,4,0.2,0,0.0,0,0,30,0.06447698227203469,4.9331574888946,5
Proposed smooth SAC,smooth,1,73,12073,enlarged_delay_only,2,0.1,0.0,0.0,0.0,1.0,1.0,1.0,1.3565823895626754,84.90849262920553,1,1,1,0,0,0,0,61,-1,-1,65,1,0,4,0.2,0,0.0,0,0,65,0.03489073774762012,1.8169613734780914,5
Proposed smooth SAC,smooth,1,74,12074,enlarged_delay_only,2,0.1,0.0,0.0,0.0,1.0,1.0,1.0,2.034268978334935,63.584860606479154,1,1,1,0,0,0,0,60,-1,-1,64,1,0,4,0.2,0,0.0,0,0,64,0.06272860165732394,0.25554266989444724,5
Proposed smooth SAC,smooth,1,75,12075,enlarged_delay_only,2,0.1,0.0,0.0,0.0,1.0,1.0,1.0,2.7867133802887056,59.621185717904865,1,1,1,0,0,0,0,70,-1,-1,74,1,0,4,0.2,0,0.0,0,0,74,0.06664493406221698,2.0934694157515987,5
Proposed smooth SAC,smooth,1,76,12076,enlarged_delay_only,2,0.1,0.0,0.0,0.0,1.0,1.0,1.0,1.4672375160200708,30.3721436917542,1,1,1,0,0,0,0,50,-1,-1,54,1,0,4,0.2,0,0.0,0,0,54,0.08610598051750123,2.1464872650799416,5
Proposed smooth SAC,smooth,1,77,12077,enlarged_delay_only,2,0.1,0.0,0.0,0.0,1.0,1.0,1.0,1.9775577095396648,51.41426263764932,1,1,1,0,0,0,0,55,-1,-1,59,1,0,4,0.2,0,0.0,0,0,59,0.07156323379619339,0.6231900884099599,5
Proposed smooth SAC,smooth,1,78,12078,enlarged_delay_only,2,0.1,0.0,0.0,0.0,1.0,1.0,1.0,2.327760709820301,60.008956047653996,1,1,1,0,0,0,0,64,-1,-1,68,1,0,4,0.2,0,0.0,0,0,68,0.07995121700731544,1.070379542121914,5
Proposed smooth SAC,smooth,1,79,12079,enlarged_delay_only,2,0.1,0.0,0.0,0.0,1.0,1.0,1.0,1.5278991276633485,40.17317828277736,1,1,1,0,0,0,0,50,-1,-1,54,1,0,4,0.2,0,0.0,0,0,54,0.06468697711668982,2.2890068460750737,5
Proposed smooth SAC,smooth,1,80,12080,enlarged_delay_only,2,0.1,0.0,0.0,0.0,1.0,1.0,1.0,2.3192768073204557,47.36251928991689,1,1,1,0,0,0,0,63,-1,-1,67,1,0,4,0.2,0,0.0,0,0,67,0.05741886193738571,2.5687788649982006,5
Proposed smooth SAC,smooth,1,81,12081,enlarged_delay_only,2,0.1,0.0,0.0,0.0,1.0,1.0,1.0,2.348060423688873,77.305474384795,1,1,1,0,0,0,0,69,-1,-1,73,1,0,4,0.2,0,0.0,0,0,73,0.06668653517044498,0.8558816133841891,5
Proposed smooth SAC,smooth,1,82,12082,enlarged_delay_only,2,0.1,0.0,0.0,0.0,1.0,1.0,1.0,1.657062365864348,55.61082307125895,1,1,1,0,0,0,0,45,-1,-1,49,1,0,4,0.2,0,0.0,0,0,49,0.06276482920790334,0.7078157053395948,5
Proposed smooth SAC,smooth,1,83,12083,enlarged_delay_only,2,0.1,0.0,0.0,0.0,1.0,1.0,1.0,1.7829506075254924,2.609497891508878,1,1,1,0,0,0,0,41,-1,-1,45,1,0,4,0.2,0,0.0,0,0,45,0.05317746370569103,0.0893025356029482,5
Proposed smooth SAC,smooth,1,84,12084,enlarged_delay_only,2,0.1,0.0,0.0,0.0,1.0,1.0,1.0,1.6404890956693123,1.3837049720644343,1,1,1,0,0,0,0,53,-1,-1,57,1,0,4,0.2,0,0.0,0,0,57,0.07032447249199215,1.1022789801451065,5
Proposed smooth SAC,smooth,1,85,12085,enlarged_delay_only,2,0.1,0.0,0.0,0.0,1.0,1.0,1.0,2.497746521837666,36.904581010184,1,1,0,1,0,1,1,59,62,65,69,2,1,10,0.5,6,0.30000000000000004,0,0,69,0.07515318274090423,2.838122465719188,5
Proposed smooth SAC,smooth,1,86,12086,enlarged_delay_only,2,0.1,0.0,0.0,0.0,1.0,1.0,1.0,1.8263883792562778,0.33389918702221527,1,1,1,0,0,0,0,58,-1,-1,62,1,0,4,0.2,0,0.0,0,0,62,0.04786291431119634,3.8248547087883655,5
Proposed smooth SAC,smooth,1,87,12087,enlarged_delay_only,2,0.1,0.0,0.0,0.0,1.0,1.0,1.0,2.03592606033529,9.710697655286923,1,1,1,0,0,0,0,54,-1,-1,58,1,0,4,0.2,0,0.0,0,0,58,0.06294752918194037,0.4806208284607864,5
Proposed smooth SAC,smooth,1,88,12088,enlarged_delay_only,2,0.1,0.0,0.0,0.0,1.0,1.0,1.0,2.799243954274032,20.695729317232512,1,1,1,0,0,0,0,61,-1,-1,65,1,0,4,0.2,0,0.0,0,0,65,0.07562533080285061,3.3740195348852113,5
Proposed smooth SAC,smooth,1,89,12089,enlarged_delay_only,2,0.1,0.0,0.0,0.0,1.0,1.0,1.0,1.9684957245170929,46.29750155301514,1,1,1,0,0,0,0,60,-1,-1,64,1,0,4,0.2,0,0.0,0,0,64,0.0740517136519641,0.60881211332026,5
Proposed smooth SAC,smooth,1,90,12090,enlarged_delay_only,2,0.1,0.0,0.0,0.0,1.0,1.0,1.0,1.911320050192248,50.27198521595098,1,1,1,0,0,0,0,53,-1,-1,57,1,0,4,0.2,0,0.0,0,0,57,0.06474525094326504,2.396571439888785,5
Proposed smooth SAC,smooth,1,91,12091,enlarged_delay_only,2,0.1,0.0,0.0,0.0,1.0,1.0,1.0,2.127844865867529,32.123072930770725,1,1,1,0,0,0,0,59,-1,-1,63,1,0,4,0.2,0,0.0,0,0,63,0.0724563601101506,0.8976937903271857,5
Proposed smooth SAC,smooth,1,92,12092,enlarged_delay_only,2,0.1,0.0,0.0,0.0,1.0,1.0,1.0,2.1800958407414126,47.35001662864118,1,1,1,0,0,0,0,48,-1,-1,52,1,0,4,0.2,0,0.0,0,0,52,0.03699443921595069,0.44423523681336485,5
Proposed smooth SAC,smooth,1,93,12093,enlarged_delay_only,2,0.1,0.0,0.0,0.0,1.0,1.0,1.0,3.259884867767638,59.350430189016386,1,1,1,0,0,0,0,72,-1,-1,76,1,0,4,0.2,0,0.0,0,0,76,0.06128315264341798,1.1275897402184698,5
Proposed smooth SAC,smooth,1,94,12094,enlarged_delay_only,2,0.1,0.0,0.0,0.0,1.0,1.0,1.0,0.7611576363914472,18.846404373032783,1,1,1,0,0,0,0,31,-1,-1,35,1,0,4,0.2,0,0.0,0,0,35,0.06476358279702474,3.3242543497056753,5
Proposed smooth SAC,smooth,1,95,12095,enlarged_delay_only,2,0.1,0.0,0.0,0.0,1.0,1.0,1.0,2.315981959981536,11.583421973809466,1,1,1,0,0,0,0,57,-1,-1,61,1,0,4,0.2,0,0.0,0,0,61,0.0675449317045672,2.4098510351825824,5
Proposed smooth SAC,smooth,1,96,12096,enlarged_delay_only,2,0.1,0.0,0.0,0.0,1.0,1.0,1.0,2.6433593115574596,23.402961879678983,1,1,1,0,0,0,0,60,-1,-1,64,1,0,4,0.2,0,0.0,0,0,64,0.06173437759091693,2.217910339787353,5
Proposed smooth SAC,smooth,1,97,12097,enlarged_delay_only,2,0.1,0.0,0.0,0.0,1.0,1.0,1.0,2.517006739513531,35.98333875531102,1,1,1,0,0,0,0,60,-1,-1,64,1,0,4,0.2,0,0.0,0,0,64,0.06871539141083256,0.6832573332919909,5
Proposed smooth SAC,smooth,1,98,12098,enlarged_delay_only,2,0.1,0.0,0.0,0.0,1.0,1.0,1.0,3.120283930411399,82.53858091175118,1,1,1,0,0,0,0,73,-1,-1,77,1,0,4,0.2,0,0.0,0,0,77,0.06476325922659139,2.129426306306896,5
Proposed smooth SAC,smooth,1,99,12099,enlarged_delay_only,2,0.1,0.0,0.0,0.0,1.0,1.0,1.0,0.19539344804534206,10.475630177230514,1,1,1,0,0,0,0,10,-1,-1,14,1,0,4,0.2,0,0.0,0,0,14,0.057978759983659714,1.4294166534149795,5
Proposed smooth SAC,smooth,2,0,12000,enlarged_delay_only,2,0.1,0.0,0.0,0.0,1.0,1.0,1.0,1.4011169590411672,3.680448288035017,1,1,1,0,0,0,0,42,-1,-1,46,1,0,4,0.2,0,0.0,0,0,46,0.07259071055259282,0.5506898181652431,5
Proposed smooth SAC,smooth,2,1,12001,enlarged_delay_only,2,0.1,0.0,0.0,0.0,1.0,1.0,1.0,1.8698938269216967,60.07772922240686,1,1,1,0,0,0,0,50,-1,-1,54,1,0,4,0.2,0,0.0,0,0,54,0.04605877012373841,0.07832436721390142,5
Proposed smooth SAC,smooth,2,2,12002,enlarged_delay_only,2,0.1,0.0,0.0,0.0,1.0,1.0,1.0,1.5052862077716045,52.14187244464703,1,1,1,0,0,0,0,50,-1,-1,54,1,0,4,0.2,0,0.0,0,0,54,0.06322480119670013,0.4228309447388523,5
Proposed smooth SAC,smooth,2,3,12003,enlarged_delay_only,2,0.1,0.0,0.0,0.0,1.0,1.0,1.0,1.11052274394814,63.72168295593285,1,1,1,0,0,0,0,40,-1,-1,44,1,0,4,0.2,0,0.0,0,0,44,0.06060131462275731,1.0096095348073122,5
Proposed smooth SAC,smooth,2,4,12004,enlarged_delay_only,2,0.1,0.0,0.0,0.0,1.0,1.0,1.0,2.0622948587954135,27.609846144219087,1,1,1,0,0,0,0,52,-1,-1,56,1,0,4,0.2,0,0.0,0,0,56,0.058855047399195226,1.0487927292500887,5
Proposed smooth SAC,smooth,2,5,12005,enlarged_delay_only,2,0.1,0.0,0.0,0.0,1.0,1.0,1.0,0.7836208893081577,86.33696522241115,1,1,1,0,0,0,0,38,-1,-1,42,1,0,4,0.2,0,0.0,0,0,42,0.06933414752023496,0.44316593868228765,5
Proposed smooth SAC,smooth,2,6,12006,enlarged_delay_only,2,0.1,0.0,0.0,0.0,1.0,1.0,1.0,1.4039658384766267,70.50865751906693,1,1,1,0,0,0,0,43,-1,-1,47,1,0,4,0.2,0,0.0,0,0,47,0.02379905330575504,0.9814992509478901,5
Proposed smooth SAC,smooth,2,7,12007,enlarged_delay_only,2,0.1,0.0,0.0,0.0,1.0,1.0,1.0,2.023389540687327,41.417218692919725,1,1,1,0,0,0,0,54,-1,-1,58,1,0,4,0.2,0,0.0,0,0,58,0.07541201092739909,0.32972679521298376,5
Proposed smooth SAC,smooth,2,8,12008,enlarged_delay_only,2,0.1,0.0,0.0,0.0,1.0,1.0,1.0,0.6761041193866284,47.03972454974209,1,1,1,0,0,0,0,29,-1,-1,33,1,0,4,0.2,0,0.0,0,0,33,0.06635692864725613,4.57986851539663,5
Proposed smooth SAC,smooth,2,9,12009,enlarged_delay_only,2,0.1,0.0,0.0,0.0,1.0,1.0,1.0,0.8365610729382312,17.566701837686487,1,1,1,0,0,0,0,33,-1,-1,37,1,0,4,0.2,0,0.0,0,0,37,0.04504781109057522,1.2028828641426341,5
Proposed smooth SAC,smooth,2,10,12010,enlarged_delay_only,2,0.1,0.0,0.0,0.0,1.0,1.0,1.0,2.0882312594206844,67.10242168941406,1,1,1,0,0,0,0,59,-1,-1,63,1,0,4,0.2,0,0.0,0,0,63,0.07395582924881783,0.7169703466223805,5
Proposed smooth SAC,smooth,2,11,12011,enlarged_delay_only,2,0.1,0.0,0.0,0.0,1.0,1.0,1.0,1.0363136503576447,39.13181690606595,1,1,1,0,0,0,0,34,-1,-1,38,1,0,4,0.2,0,0.0,0,0,38,0.0775620617021609,1.085334241309657,5
Proposed smooth SAC,smooth,2,12,12012,enlarged_delay_only,2,0.1,0.0,0.0,0.0,1.0,1.0,1.0,1.0633346171025668,74.10415106043168,1,1,1,0,0,0,0,44,-1,-1,48,1,0,4,0.2,0,0.0,0,0,48,0.08283003802915741,0.497824367432756,5
Proposed smooth SAC,smooth,2,13,12013,enlarged_delay_only,2,0.1,0.0,0.0,0.0,1.0,1.0,1.0,2.9321695975105375,64.82631579002067,1,1,1,0,0,0,0,61,-1,-1,65,1,0,4,0.2,0,0.0,0,0,65,0.06018808385676033,1.0804503358879805,5
Proposed smooth SAC,smooth,2,14,12014,enlarged_delay_only,2,0.1,0.0,0.0,0.0,1.0,1.0,1.0,1.5727126782681156,69.85363554747353,1,1,1,0,0,0,0,50,-1,-1,54,1,0,4,0.2,0,0.0,0,0,54,0.07061071638854495,1.7057584232708791,5
Proposed smooth SAC,smooth,2,15,12015,enlarged_delay_only,2,0.1,0.0,0.0,0.0,1.0,1.0,1.0,1.7941221940119125,66.18821452938619,1,1,1,0,0,0,0,48,-1,-1,52,1,0,4,0.2,0,0.0,0,0,52,0.05854141356732502,0.6399490781164969,5
Proposed smooth SAC,smooth,2,16,12016,enlarged_delay_only,2,0.1,0.0,0.0,0.0,1.0,1.0,1.0,2.0956191639967527,80.76412508613855,1,1,1,0,0,0,0,56,-1,-1,60,1,0,4,0.2,0,0.0,0,0,60,0.06364658506833822,1.3247986458978942,5
Proposed smooth SAC,smooth,2,17,12017,enlarged_delay_only,2,0.1,0.0,0.0,0.0,1.0,1.0,1.0,2.3497476747776798,68.42664510531779,1,1,1,0,0,0,0,57,-1,-1,61,1,0,4,0.2,0,0.0,0,0,61,0.06699043833568949,2.177760139968491,5
Proposed smooth SAC,smooth,2,18,12018,enlarged_delay_only,2,0.1,0.0,0.0,0.0,1.0,1.0,1.0,1.3063656328926654,58.185179426044705,1,1,1,0,0,0,0,40,-1,-1,44,1,0,4,0.2,0,0.0,0,0,44,0.07271921416788353,2.707875027115276,5
Proposed smooth SAC,smooth,2,19,12019,enlarged_delay_only,2,0.1,0.0,0.0,0.0,1.0,1.0,1.0,1.569053725441394,46.92282244700273,1,1,1,0,0,0,0,43,-1,-1,47,1,0,4,0.2,0,0.0,0,0,47,0.05465015521505279,3.019263564819569,5
Proposed smooth SAC,smooth,2,20,12020,enlarged_delay_only,2,0.1,0.0,0.0,0.0,1.0,1.0,1.0,2.8509785660679805,57.54032760612546,1,1,1,0,0,0,0,67,-1,-1,71,1,0,4,0.2,0,0.0,0,0,71,0.0644234297466871,1.2964884722835432,5
Proposed smooth SAC,smooth,2,21,12021,enlarged_delay_only,2,0.1,0.0,0.0,0.0,1.0,1.0,1.0,1.721321109839246,84.23015922197487,1,1,1,0,0,0,0,54,-1,-1,58,1,0,4,0.2,0,0.0,0,0,58,0.0715238998510017,0.7102279360553729,5
Proposed smooth SAC,smooth,2,22,12022,enlarged_delay_only,2,0.1,0.0,0.0,0.0,1.0,1.0,1.0,2.0714459852992766,7.241713190147896,1,1,1,0,0,0,0,54,-1,-1,58,1,0,4,0.2,0,0.0,0,0,58,0.07070205618558272,1.6139686849538413,5
Proposed smooth SAC,smooth,2,23,12023,enlarged_delay_only,2,0.1,0.0,0.0,0.0,1.0,1.0,1.0,1.96706721911142,29.687929491648173,1,1,1,0,0,0,0,62,-1,-1,66,1,0,4,0.2,0,0.0,0,0,66,0.07367503078667025,1.9698440589914255,5
Proposed smooth SAC,smooth,2,24,12024,enlarged_delay_only,2,0.1,0.0,0.0,0.0,1.0,1.0,1.0,2.3296647946987346,59.32330750782227,1,1,1,0,0,0,0,62,-1,-1,66,1,0,4,0.2,0,0.0,0,0,66,0.07718410931281498,1.6801789379423582,5
Proposed smooth SAC,smooth,2,25,12025,enlarged_delay_only,2,0.1,0.0,0.0,0.0,1.0,1.0,1.0,1.7406706115734212,29.68845883130885,1,1,1,0,0,0,0,57,-1,-1,61,1,0,4,0.2,0,0.0,0,0,61,0.07596966414313613,0.08877745147029024,5
Proposed smooth SAC,smooth,2,26,12026,enlarged_delay_only,2,0.1,0.0,0.0,0.0,1.0,1.0,1.0,1.2890960116783232,58.822470226552745,1,1,1,0,0,0,0,45,-1,-1,49,1,0,4,0.2,0,0.0,0,0,49,0.07853477061071745,0.6022154312424971,5
Proposed smooth SAC,smooth,2,27,12027,enlarged_delay_only,2,0.1,0.0,0.0,0.0,1.0,1.0,1.0,1.679512651290201,27.36887877784833,1,1,1,0,0,0,0,45,-1,-1,49,1,0,4,0.2,0,0.0,0,0,49,0.05844710115239225,0.1260939498768169,5
Proposed smooth SAC,smooth,2,28,12028,enlarged_delay_only,2,0.1,0.0,0.0,0.0,1.0,1.0,1.0,2.161397968359572,63.816718208044406,1,1,1,0,0,0,0,61,-1,-1,65,1,0,4,0.2,0,0.0,0,0,65,0.044957183307421954,1.2962231621229707,5
Proposed smooth SAC,smooth,2,29,12029,enlarged_delay_only,2,0.1,0.0,0.0,0.0,1.0,1.0,1.0,1.4273638277059564,34.274883047648224,1,1,1,0,0,0,0,45,-1,-1,49,1,0,4,0.2,0,0.0,0,0,49,0.06162667440050164,2.9590539531820252,5
Proposed smooth SAC,smooth,2,30,12030,enlarged_delay_only,2,0.1,0.0,0.0,0.0,1.0,1.0,1.0,1.7462896683471236,26.955215200955678,1,1,1,0,0,0,0,50,-1,-1,54,1,0,4,0.2,0,0.0,0,0,54,0.07792326337287231,1.9325040551292005,5
Proposed smooth SAC,smooth,2,31,12031,enlarged_delay_only,2,0.1,0.0,0.0,0.0,1.0,1.0,1.0,0.831092090571535,57.81877392801937,1,1,1,0,0,0,0,31,-1,-1,35,1,0,4,0.2,0,0.0,0,0,35,0.06530790801218227,0.8090906554230762,5
Proposed smooth SAC,smooth,2,32,12032,enlarged_delay_only,2,0.1,0.0,0.0,0.0,1.0,1.0,1.0,2.3622064651248813,65.6166711298287,1,1,1,0,0,0,0,62,-1,-1,66,1,0,4,0.2,0,0.0,0,0,66,0.08057429160014955,0.15842298278641942,5
Proposed smooth SAC,smooth,2,33,12033,enlarged_delay_only,2,0.1,0.0,0.0,0.0,1.0,1.0,1.0,0.7030471412582213,16.83992189867294,1,1,1,0,0,0,0,31,-1,-1,35,1,0,4,0.2,0,0.0,0,0,35,0.05314555089773835,3.10080364379165,5
Proposed smooth SAC,smooth,2,34,12034,enlarged_delay_only,2,0.1,0.0,0.0,0.0,1.0,1.0,1.0,2.282842407805926,24.938362791888462,1,1,1,0,0,0,0,62,-1,-1,66,1,0,4,0.2,0,0.0,0,0,66,0.046023832877461895,0.8197907337272831,5
Proposed smooth SAC,smooth,2,35,12035,enlarged_delay_only,2,0.1,0.0,0.0,0.0,1.0,1.0,1.0,2.371908074838775,71.96116554796184,1,1,1,0,0,0,0,62,-1,-1,66,1,0,4,0.2,0,0.0,0,0,66,0.0698720148614531,1.1769214218291215,5
Proposed smooth SAC,smooth,2,36,12036,enlarged_delay_only,2,0.1,0.0,0.0,0.0,1.0,1.0,1.0,0.8829462334714887,87.90779944848737,1,1,1,0,0,0,0,43,-1,-1,47,1,0,4,0.2,0,0.0,0,0,47,0.05185576173587592,2.063831303952209,5
Proposed smooth SAC,smooth,2,37,12037,enlarged_delay_only,2,0.1,0.0,0.0,0.0,1.0,1.0,1.0,0.817844285721509,43.45796651879823,1,1,1,0,0,0,0,25,-1,-1,29,1,0,4,0.2,0,0.0,0,0,29,0.04451814165102066,0.8572663275167034,5
Proposed smooth SAC,smooth,2,38,12038,enlarged_delay_only,2,0.1,0.0,0.0,0.0,1.0,1.0,1.0,1.5743284929286714,57.88825061225674,1,1,1,0,0,0,0,46,-1,-1,50,1,0,4,0.2,0,0.0,0,0,50,0.06873190206833689,1.7007436770379145,5
Proposed smooth SAC,smooth,2,39,12039,enlarged_delay_only,2,0.1,0.0,0.0,0.0,1.0,1.0,1.0,0.8994689163493125,9.298986658723248,1,1,1,0,0,0,0,35,-1,-1,39,1,0,4,0.2,0,0.0,0,0,39,0.07740582278943399,0.6107019412862379,5
Proposed smooth SAC,smooth,2,40,12040,enlarged_delay_only,2,0.1,0.0,0.0,0.0,1.0,1.0,1.0,1.8657719186487738,68.44804408798744,1,1,1,0,0,0,0,47,-1,-1,51,1,0,4,0.2,0,0.0,0,0,51,0.06740240003099926,1.4926715689269965,5
Proposed smooth SAC,smooth,2,41,12041,enlarged_delay_only,2,0.1,0.0,0.0,0.0,1.0,1.0,1.0,2.1801507199074694,36.011752342258276,1,1,1,0,0,0,0,55,-1,-1,59,1,0,4,0.2,0,0.0,0,0,59,0.06745868235667009,0.4040692155016206,5
Proposed smooth SAC,smooth,2,42,12042,enlarged_delay_only,2,0.1,0.0,0.0,0.0,1.0,1.0,1.0,2.890509486387824,8.39370570216694,1,1,1,0,0,0,0,68,-1,-1,72,1,0,4,0.2,0,0.0,0,0,72,0.0797111691204333,1.164787057160065,5
Proposed smooth SAC,smooth,2,43,12043,enlarged_delay_only,2,0.1,0.0,0.0,0.0,1.0,1.0,1.0,1.4295379479494126,86.66219834011966,1,1,1,0,0,0,0,47,-1,-1,51,1,0,4,0.2,0,0.0,0,0,51,0.058539735107627784,0.20595912505815123,5
Proposed smooth SAC,smooth,2,44,12044,enlarged_delay_only,2,0.1,0.0,0.0,0.0,1.0,1.0,1.0,1.4633774253790757,25.79388667411487,1,1,1,0,0,0,0,46,-1,-1,50,1,0,4,0.2,0,0.0,0,0,50,0.06821362431373068,1.2653241333697733,5
Proposed smooth SAC,smooth,2,45,12045,enlarged_delay_only,2,0.1,0.0,0.0,0.0,1.0,1.0,1.0,2.7817081294799144,45.277112272150255,1,1,1,0,0,0,0,67,-1,-1,71,1,0,4,0.2,0,0.0,0,0,71,0.07156908865987954,1.2282686495751618,5
Proposed smooth SAC,smooth,2,46,12046,enlarged_delay_only,2,0.1,0.0,0.0,0.0,1.0,1.0,1.0,2.448255495287487,6.5296484668143195,1,1,1,0,0,0,0,56,-1,-1,60,1,0,4,0.2,0,0.0,0,0,60,0.07132401978632935,0.7526743600958288,5
Proposed smooth SAC,smooth,2,47,12047,enlarged_delay_only,2,0.1,0.0,0.0,0.0,1.0,1.0,1.0,2.0375889749407565,48.300679923363994,1,1,1,0,0,0,0,57,-1,-1,61,1,0,4,0.2,0,0.0,0,0,61,0.06610614803394284,0.47833618354427,5
Proposed smooth SAC,smooth,2,48,12048,enlarged_delay_only,2,0.1,0.0,0.0,0.0,1.0,1.0,1.0,1.595910055499794,38.132652438046875,1,1,1,0,0,0,0,45,-1,-1,49,1,0,4,0.2,0,0.0,0,0,49,0.08293895855405484,2.0061670049975535,5
Proposed smooth SAC,smooth,2,49,12049,enlarged_delay_only,2,0.1,0.0,0.0,0.0,1.0,1.0,1.0,1.5300451933387877,9.115019782297185,1,1,1,0,0,0,0,42,-1,-1,46,1,0,4,0.2,0,0.0,0,0,46,0.05041957299792629,1.9550251098134366,5
Proposed smooth SAC,smooth,2,50,12050,enlarged_delay_only,2,0.1,0.0,0.0,0.0,1.0,1.0,1.0,2.262693545269486,73.02772690761601,1,1,1,0,0,0,0,58,-1,-1,62,1,0,4,0.2,0,0.0,0,0,62,0.08475961968087282,1.1921440992200816,5
Proposed smooth SAC,smooth,2,51,12051,enlarged_delay_only,2,0.1,0.0,0.0,0.0,1.0,1.0,1.0,1.6263518811985,35.99433194478016,1,1,1,0,0,0,0,49,-1,-1,53,1,0,4,0.2,0,0.0,0,0,53,0.06606475487844575,2.3102107414665554,5
Proposed smooth SAC,smooth,2,52,12052,enlarged_delay_only,2,0.1,0.0,0.0,0.0,1.0,1.0,1.0,0.7048587995105587,83.91519870877808,1,1,1,0,0,0,0,35,-1,-1,39,1,0,4,0.2,0,0.0,0,0,39,0.04380812526640061,2.6475155782028152,5
Proposed smooth SAC,smooth,2,53,12053,enlarged_delay_only,2,0.1,0.0,0.0,0.0,1.0,1.0,1.0,1.470188620244381,45.138920469767974,1,1,1,0,0,0,0,43,-1,-1,47,1,0,4,0.2,0,0.0,0,0,47,0.0499309669505785,0.026783836443211227,5
Proposed smooth SAC,smooth,2,54,12054,enlarged_delay_only,2,0.1,0.0,0.0,0.0,1.0,1.0,1.0,2.2790002868522827,82.51781713667434,1,1,1,0,0,0,0,68,-1,-1,72,1,0,4,0.2,0,0.0,0,0,72,0.0675910242523326,0.5530676311309067,5
Proposed smooth SAC,smooth,2,55,12055,enlarged_delay_only,2,0.1,0.0,0.0,0.0,1.0,1.0,1.0,2.8850994760210127,23.46271066699096,1,1,1,0,0,0,0,64,-1,-1,68,1,0,4,0.2,0,0.0,0,0,68,0.07607569272679161,4.533720342269438,5
Proposed smooth SAC,smooth,2,56,12056,enlarged_delay_only,2,0.1,0.0,0.0,0.0,1.0,1.0,1.0,1.826905546699788,11.925707512554547,1,1,1,0,0,0,0,49,-1,-1,53,1,0,4,0.2,0,0.0,0,0,53,0.06606990347765904,0.6226415388422433,5
Proposed smooth SAC,smooth,2,57,12057,enlarged_delay_only,2,0.1,0.0,0.0,0.0,1.0,1.0,1.0,1.7691751722646727,27.276807827836556,1,1,1,0,0,0,0,50,-1,-1,54,1,0,4,0.2,0,0.0,0,0,54,0.08211057877526289,1.9983391813218956,5
Proposed smooth SAC,smooth,2,58,12058,enlarged_delay_only,2,0.1,0.0,0.0,0.0,1.0,1.0,1.0,2.3268545695420997,62.93145738971906,1,1,1,0,0,0,0,63,-1,-1,67,1,0,4,0.2,0,0.0,0,0,67,0.07017226262937855,0.4498177958819396,5
Proposed smooth SAC,smooth,2,59,12059,enlarged_delay_only,2,0.1,0.0,0.0,0.0,1.0,1.0,1.0,2.1903482121613216,54.840688506488746,1,1,1,0,0,0,0,61,-1,-1,65,1,0,4,0.2,0,0.0,0,0,65,0.0700636330304727,1.0918598467313694,5
Proposed smooth SAC,smooth,2,60,12060,enlarged_delay_only,2,0.1,0.0,0.0,0.0,1.0,1.0,1.0,1.0973360553047116,33.91806713521758,1,1,1,0,0,0,0,37,-1,-1,41,1,0,4,0.2,0,0.0,0,0,41,0.06470178541420099,0.6237962676987986,5
Proposed smooth SAC,smooth,2,61,12061,enlarged_delay_only,2,0.1,0.0,0.0,0.0,1.0,1.0,1.0,1.936928029361262,42.58082679539602,1,1,1,0,0,0,0,47,-1,-1,51,1,0,4,0.2,0,0.0,0,0,51,0.06867581770712788,0.09468516489595459,5
Proposed smooth SAC,smooth,2,62,12062,enlarged_delay_only,2,0.1,0.0,0.0,0.0,1.0,1.0,1.0,1.8981880108378766,55.958209907540386,1,1,1,0,0,0,0,46,-1,-1,50,1,0,4,0.2,0,0.0,0,0,50,0.06636693671610913,0.8158458192339246,5
Proposed smooth SAC,smooth,2,63,12063,enlarged_delay_only,2,0.1,0.0,0.0,0.0,1.0,1.0,1.0,1.3410819077846639,71.65242733709893,1,1,1,0,0,0,0,45,-1,-1,49,1,0,4,0.2,0,0.0,0,0,49,0.0553316133137467,1.204077400195446,5
Proposed smooth SAC,smooth,2,64,12064,enlarged_delay_only,2,0.1,0.0,0.0,0.0,1.0,1.0,1.0,3.236122857778983,77.84361815931113,1,1,1,0,0,0,0,73,-1,-1,77,1,0,4,0.2,0,0.0,0,0,77,0.070636014197037,0.0223304864032968,5
Proposed smooth SAC,smooth,2,65,12065,enlarged_delay_only,2,0.1,0.0,0.0,0.0,1.0,1.0,1.0,2.27680658754703,16.046224888813487,1,1,1,0,0,0,0,55,-1,-1,59,1,0,4,0.2,0,0.0,0,0,59,0.06701860774796967,2.3160407348099845,5
Proposed smooth SAC,smooth,2,66,12066,enlarged_delay_only,2,0.1,0.0,0.0,0.0,1.0,1.0,1.0,0.7254567305431476,42.00001141404023,1,1,1,0,0,0,0,28,-1,-1,32,1,0,4,0.2,0,0.0,0,0,32,0.07305018658888292,1.5606730390253492,5
Proposed smooth SAC,smooth,2,67,12067,enlarged_delay_only,2,0.1,0.0,0.0,0.0,1.0,1.0,1.0,1.5334421939190404,11.645351299013972,1,1,1,0,0,0,0,44,-1,-1,48,1,0,4,0.2,0,0.0,0,0,48,0.0595785937276591,2.2965505765699414,5
Proposed smooth SAC,smooth,2,68,12068,enlarged_delay_only,2,0.1,0.0,0.0,0.0,1.0,1.0,1.0,1.8681160247703945,59.46436457456137,1,1,1,0,0,0,0,52,-1,-1,56,1,0,4,0.2,0,0.0,0,0,56,0.07857441095762109,0.2692309292801081,5
Proposed smooth SAC,smooth,2,69,12069,enlarged_delay_only,2,0.1,0.0,0.0,0.0,1.0,1.0,1.0,1.886519728757838,51.09646759594697,1,1,1,0,0,0,0,54,-1,-1,58,1,0,4,0.2,0,0.0,0,0,58,0.06760741436560051,0.3651117107861455,5
Proposed smooth SAC,smooth,2,70,12070,enlarged_delay_only,2,0.1,0.0,0.0,0.0,1.0,1.0,1.0,1.6986806001597525,76.52323330972095,1,1,1,0,0,0,0,47,-1,-1,51,1,0,4,0.2,0,0.0,0,0,51,0.07451969525093435,0.39806195740488864,5
Proposed smooth SAC,smooth,2,71,12071,enlarged_delay_only,2,0.1,0.0,0.0,0.0,1.0,1.0,1.0,2.6459208153503964,67.50779341665432,1,1,1,0,0,0,0,63,-1,-1,67,1,0,4,0.2,0,0.0,0,0,67,0.06833895691386298,1.0107672518716295,5
Proposed smooth SAC,smooth,2,72,12072,enlarged_delay_only,2,0.1,0.0,0.0,0.0,1.0,1.0,1.0,0.48175087121353316,49.596093601348606,1,1,1,0,0,0,0,30,-1,-1,34,1,0,4,0.2,0,0.0,0,0,34,0.0508266590692659,2.9455641161278385,5
Proposed smooth SAC,smooth,2,73,12073,enlarged_delay_only,2,0.1,0.0,0.0,0.0,1.0,1.0,1.0,1.3565823895626754,84.90849262920553,1,1,1,0,0,0,0,44,-1,-1,48,1,0,4,0.2,0,0.0,0,0,48,0.030301555704943743,1.6877398506318566,5
Proposed smooth SAC,smooth,2,74,12074,enlarged_delay_only,2,0.1,0.0,0.0,0.0,1.0,1.0,1.0,2.034268978334935,63.584860606479154,1,1,1,0,0,0,0,51,-1,-1,55,1,0,4,0.2,0,0.0,0,0,55,0.07015977759572696,2.8457974639121666,5
Proposed smooth SAC,smooth,2,75,12075,enlarged_delay_only,2,0.1,0.0,0.0,0.0,1.0,1.0,1.0,2.7867133802887056,59.621185717904865,1,1,1,0,0,0,0,77,-1,-1,81,1,0,4,0.2,0,0.0,0,0,81,0.06347698480527753,3.402677941425527,5
Proposed smooth SAC,smooth,2,76,12076,enlarged_delay_only,2,0.1,0.0,0.0,0.0,1.0,1.0,1.0,1.4672375160200708,30.3721436917542,1,1,1,0,0,0,0,40,-1,-1,44,1,0,4,0.2,0,0.0,0,0,44,0.0778429912875039,0.7255930335626984,5
Proposed smooth SAC,smooth,2,77,12077,enlarged_delay_only,2,0.1,0.0,0.0,0.0,1.0,1.0,1.0,1.9775577095396648,51.41426263764932,1,1,1,0,0,0,0,53,-1,-1,57,1,0,4,0.2,0,0.0,0,0,57,0.07159293250167596,0.49901495478245383,5
Proposed smooth SAC,smooth,2,78,12078,enlarged_delay_only,2,0.1,0.0,0.0,0.0,1.0,1.0,1.0,2.327760709820301,60.008956047653996,1,1,1,0,0,0,0,68,-1,-1,72,1,0,4,0.2,0,0.0,0,0,72,0.07556106993810777,0.5382884357883214,5
Proposed smooth SAC,smooth,2,79,12079,enlarged_delay_only,2,0.1,0.0,0.0,0.0,1.0,1.0,1.0,1.5278991276633485,40.17317828277736,1,1,1,0,0,0,0,43,-1,-1,47,1,0,4,0.2,0,0.0,0,0,47,0.05369732527994089,1.7832123415720005,5
Proposed smooth SAC,smooth,2,80,12080,enlarged_delay_only,2,0.1,0.0,0.0,0.0,1.0,1.0,1.0,2.3192768073204557,47.36251928991689,1,1,1,0,0,0,0,61,-1,-1,65,1,0,4,0.2,0,0.0,0,0,65,0.0692540151290305,2.0224331005059386,5
Proposed smooth SAC,smooth,2,81,12081,enlarged_delay_only,2,0.1,0.0,0.0,0.0,1.0,1.0,1.0,2.348060423688873,77.305474384795,1,1,1,0,0,0,0,66,-1,-1,70,1,0,4,0.2,0,0.0,0,0,70,0.07325120767084241,0.475738844029814,5
Proposed smooth SAC,smooth,2,82,12082,enlarged_delay_only,2,0.1,0.0,0.0,0.0,1.0,1.0,1.0,1.657062365864348,55.61082307125895,1,1,1,0,0,0,0,48,-1,-1,52,1,0,4,0.2,0,0.0,0,0,52,0.07284757265168318,0.3104160361603594,5
Proposed smooth SAC,smooth,2,83,12083,enlarged_delay_only,2,0.1,0.0,0.0,0.0,1.0,1.0,1.0,1.7829506075254924,2.609497891508878,1,1,1,0,0,0,0,46,-1,-1,50,1,0,4,0.2,0,0.0,0,0,50,0.061018287180230536,0.42613144689227583,5
Proposed smooth SAC,smooth,2,84,12084,enlarged_delay_only,2,0.1,0.0,0.0,0.0,1.0,1.0,1.0,1.6404890956693123,1.3837049720644343,1,1,1,0,0,0,0,47,-1,-1,51,1,0,4,0.2,0,0.0,0,0,51,0.06876793179711242,0.19890237904697766,5
Proposed smooth SAC,smooth,2,85,12085,enlarged_delay_only,2,0.1,0.0,0.0,0.0,1.0,1.0,1.0,2.497746521837666,36.904581010184,1,1,1,0,0,0,0,57,-1,-1,61,1,0,4,0.2,0,0.0,0,0,61,0.0498384256622227,1.5270116256397048,5
Proposed smooth SAC,smooth,2,86,12086,enlarged_delay_only,2,0.1,0.0,0.0,0.0,1.0,1.0,1.0,1.8263883792562778,0.33389918702221527,1,1,1,0,0,0,0,48,-1,-1,52,1,0,4,0.2,0,0.0,0,0,52,0.06808357455464481,0.4540535803844053,5
Proposed smooth SAC,smooth,2,87,12087,enlarged_delay_only,2,0.1,0.0,0.0,0.0,1.0,1.0,1.0,2.03592606033529,9.710697655286923,1,1,1,0,0,0,0,49,-1,-1,53,1,0,4,0.2,0,0.0,0,0,53,0.024210850684528277,3.5914517769233973,5
Proposed smooth SAC,smooth,2,88,12088,enlarged_delay_only,2,0.1,0.0,0.0,0.0,1.0,1.0,1.0,2.799243954274032,20.695729317232512,1,1,1,0,0,0,0,58,-1,-1,62,1,0,4,0.2,0,0.0,0,0,62,0.058979432061566806,1.5432146486199734,5
Proposed smooth SAC,smooth,2,89,12089,enlarged_delay_only,2,0.1,0.0,0.0,0.0,1.0,1.0,1.0,1.9684957245170929,46.29750155301514,1,1,1,0,0,0,0,58,-1,-1,62,1,0,4,0.2,0,0.0,0,0,62,0.058399835005554346,1.0346566922673952,5
Proposed smooth SAC,smooth,2,90,12090,enlarged_delay_only,2,0.1,0.0,0.0,0.0,1.0,1.0,1.0,1.911320050192248,50.27198521595098,1,1,1,0,0,0,0,53,-1,-1,57,1,0,4,0.2,0,0.0,0,0,57,0.05929579207620878,0.07596563075314627,5
Proposed smooth SAC,smooth,2,91,12091,enlarged_delay_only,2,0.1,0.0,0.0,0.0,1.0,1.0,1.0,2.127844865867529,32.123072930770725,1,1,1,0,0,0,0,57,-1,-1,61,1,0,4,0.2,0,0.0,0,0,61,0.06399030431644545,0.5328996833374458,5
Proposed smooth SAC,smooth,2,92,12092,enlarged_delay_only,2,0.1,0.0,0.0,0.0,1.0,1.0,1.0,2.1800958407414126,47.35001662864118,1,1,1,0,0,0,0,54,-1,-1,58,1,0,4,0.2,0,0.0,0,0,58,0.07088135711997583,0.33395839088849755,5
Proposed smooth SAC,smooth,2,93,12093,enlarged_delay_only,2,0.1,0.0,0.0,0.0,1.0,1.0,1.0,3.259884867767638,59.350430189016386,1,1,1,0,0,0,0,78,-1,-1,82,1,0,4,0.2,0,0.0,0,0,82,0.07334110600415597,1.7802445176559243,5
Proposed smooth SAC,smooth,2,94,12094,enlarged_delay_only,2,0.1,0.0,0.0,0.0,1.0,1.0,1.0,0.7611576363914472,18.846404373032783,1,1,1,0,0,0,0,26,-1,-1,30,1,0,4,0.2,0,0.0,0,0,30,0.055909329255757,2.255961110210083,5
Proposed smooth SAC,smooth,2,95,12095,enlarged_delay_only,2,0.1,0.0,0.0,0.0,1.0,1.0,1.0,2.315981959981536,11.583421973809466,1,1,1,0,0,0,0,59,-1,-1,63,1,0,4,0.2,0,0.0,0,0,63,0.07682465870445199,2.272754837831852,5
Proposed smooth SAC,smooth,2,96,12096,enlarged_delay_only,2,0.1,0.0,0.0,0.0,1.0,1.0,1.0,2.6433593115574596,23.402961879678983,1,1,1,0,0,0,0,58,-1,-1,62,1,0,4,0.2,0,0.0,0,0,62,0.05472429552580684,2.2980587677160447,5
Proposed smooth SAC,smooth,2,97,12097,enlarged_delay_only,2,0.1,0.0,0.0,0.0,1.0,1.0,1.0,2.517006739513531,35.98333875531102,1,1,1,0,0,0,0,60,-1,-1,64,1,0,4,0.2,0,0.0,0,0,64,0.06382862833669001,0.6625882203681802,5
Proposed smooth SAC,smooth,2,98,12098,enlarged_delay_only,2,0.1,0.0,0.0,0.0,1.0,1.0,1.0,3.120283930411399,82.53858091175118,1,1,1,0,0,0,0,73,-1,-1,77,1,0,4,0.2,0,0.0,0,0,77,0.06350074359145114,1.7378190110698015,5
Proposed smooth SAC,smooth,2,99,12099,enlarged_delay_only,2,0.1,0.0,0.0,0.0,1.0,1.0,1.0,0.19539344804534206,10.475630177230514,1,1,1,0,0,0,0,10,-1,-1,14,1,0,4,0.2,0,0.0,0,0,14,0.04947882216201517,2.047297550405724,5
Proposed smooth SAC,smooth,3,0,12000,enlarged_delay_only,2,0.1,0.0,0.0,0.0,1.0,1.0,1.0,1.4011169590411672,3.680448288035017,1,1,1,0,0,0,0,41,-1,-1,45,1,0,4,0.2,0,0.0,0,0,45,0.06934758010198785,0.7666491939419393,5
Proposed smooth SAC,smooth,3,1,12001,enlarged_delay_only,2,0.1,0.0,0.0,0.0,1.0,1.0,1.0,1.8698938269216967,60.07772922240686,1,1,1,0,0,0,0,50,-1,-1,54,1,0,4,0.2,0,0.0,0,0,54,0.06211201338301611,2.216739602674931,5
Proposed smooth SAC,smooth,3,2,12002,enlarged_delay_only,2,0.1,0.0,0.0,0.0,1.0,1.0,1.0,1.5052862077716045,52.14187244464703,1,1,1,0,0,0,0,47,-1,-1,51,1,0,4,0.2,0,0.0,0,0,51,0.07404550520867814,2.3543303484102527,5
Proposed smooth SAC,smooth,3,3,12003,enlarged_delay_only,2,0.1,0.0,0.0,0.0,1.0,1.0,1.0,1.11052274394814,63.72168295593285,1,1,1,0,0,0,0,36,-1,-1,40,1,0,4,0.2,0,0.0,0,0,40,0.06076238954955265,3.0366197158308057,5
Proposed smooth SAC,smooth,3,4,12004,enlarged_delay_only,2,0.1,0.0,0.0,0.0,1.0,1.0,1.0,2.0622948587954135,27.609846144219087,1,1,1,0,0,0,0,56,-1,-1,60,1,0,4,0.2,0,0.0,0,0,60,0.05614583527758996,0.7754329772971343,5
Proposed smooth SAC,smooth,3,5,12005,enlarged_delay_only,2,0.1,0.0,0.0,0.0,1.0,1.0,1.0,0.7836208893081577,86.33696522241115,1,1,1,0,0,0,0,36,-1,-1,40,1,0,4,0.2,0,0.0,0,0,40,0.055188509444044305,1.9247093151823351,5
Proposed smooth SAC,smooth,3,6,12006,enlarged_delay_only,2,0.1,0.0,0.0,0.0,1.0,1.0,1.0,1.4039658384766267,70.50865751906693,1,1,1,0,0,0,0,46,-1,-1,50,1,0,4,0.2,0,0.0,0,0,50,0.0703237527348964,0.5172873649986776,5
Proposed smooth SAC,smooth,3,7,12007,enlarged_delay_only,2,0.1,0.0,0.0,0.0,1.0,1.0,1.0,2.023389540687327,41.417218692919725,1,1,1,0,0,0,0,50,-1,-1,54,1,0,4,0.2,0,0.0,0,0,54,0.05362188372348945,1.0427037223267281,5
Proposed smooth SAC,smooth,3,8,12008,enlarged_delay_only,2,0.1,0.0,0.0,0.0,1.0,1.0,1.0,0.6761041193866284,47.03972454974209,1,1,1,0,0,0,0,32,-1,-1,36,1,0,4,0.2,0,0.0,0,0,36,0.028509715008347824,2.4881495490632584,5
Proposed smooth SAC,smooth,3,9,12009,enlarged_delay_only,2,0.1,0.0,0.0,0.0,1.0,1.0,1.0,0.8365610729382312,17.566701837686487,1,1,1,0,0,0,0,35,-1,-1,39,1,0,4,0.2,0,0.0,0,0,39,0.06895433129597174,2.2983989965140763,5
Proposed smooth SAC,smooth,3,10,12010,enlarged_delay_only,2,0.1,0.0,0.0,0.0,1.0,1.0,1.0,2.0882312594206844,67.10242168941406,1,1,1,0,0,0,0,53,-1,-1,57,1,0,4,0.2,0,0.0,0,0,57,0.05852308271479919,0.14157205233035172,5
Proposed smooth SAC,smooth,3,11,12011,enlarged_delay_only,2,0.1,0.0,0.0,0.0,1.0,1.0,1.0,1.0363136503576447,39.13181690606595,1,1,1,0,0,0,0,40,-1,-1,44,1,0,4,0.2,0,0.0,0,0,44,0.07972225627557197,3.680786382398933,5
Proposed smooth SAC,smooth,3,12,12012,enlarged_delay_only,2,0.1,0.0,0.0,0.0,1.0,1.0,1.0,1.0633346171025668,74.10415106043168,1,1,1,0,0,0,0,53,-1,-1,57,1,0,4,0.2,0,0.0,0,0,57,0.08975033023233521,0.5848965261065777,5
Proposed smooth SAC,smooth,3,13,12013,enlarged_delay_only,2,0.1,0.0,0.0,0.0,1.0,1.0,1.0,2.9321695975105375,64.82631579002067,1,1,1,0,0,0,0,62,-1,-1,66,1,0,4,0.2,0,0.0,0,0,66,0.04000359970626385,0.9455322218305434,5
Proposed smooth SAC,smooth,3,14,12014,enlarged_delay_only,2,0.1,0.0,0.0,0.0,1.0,1.0,1.0,1.5727126782681156,69.85363554747353,1,1,1,0,0,0,0,50,-1,-1,54,1,0,4,0.2,0,0.0,0,0,54,0.07025492168249721,0.8293820268692734,5
Proposed smooth SAC,smooth,3,15,12015,enlarged_delay_only,2,0.1,0.0,0.0,0.0,1.0,1.0,1.0,1.7941221940119125,66.18821452938619,1,1,1,0,0,0,0,51,-1,-1,55,1,0,4,0.2,0,0.0,0,0,55,0.05969299672391532,2.354799070142045,5
Proposed smooth SAC,smooth,3,16,12016,enlarged_delay_only,2,0.1,0.0,0.0,0.0,1.0,1.0,1.0,2.0956191639967527,80.76412508613855,1,1,1,0,0,0,0,51,-1,-1,55,1,0,4,0.2,0,0.0,0,0,55,0.03791344292696864,2.6987477599500234,5
Proposed smooth SAC,smooth,3,17,12017,enlarged_delay_only,2,0.1,0.0,0.0,0.0,1.0,1.0,1.0,2.3497476747776798,68.42664510531779,1,1,1,0,0,0,0,53,-1,-1,57,1,0,4,0.2,0,0.0,0,0,57,0.05369638647973919,0.02618238292490673,5
Proposed smooth SAC,smooth,3,18,12018,enlarged_delay_only,2,0.1,0.0,0.0,0.0,1.0,1.0,1.0,1.3063656328926654,58.185179426044705,1,1,1,0,0,0,0,38,-1,-1,42,1,0,4,0.2,0,0.0,0,0,42,0.050680536355152725,3.9679070445387588,5
Proposed smooth SAC,smooth,3,19,12019,enlarged_delay_only,2,0.1,0.0,0.0,0.0,1.0,1.0,1.0,1.569053725441394,46.92282244700273,1,1,1,0,0,0,0,50,-1,-1,54,1,0,4,0.2,0,0.0,0,0,54,0.09121362357039414,0.020269965406554732,5
Proposed smooth SAC,smooth,3,20,12020,enlarged_delay_only,2,0.1,0.0,0.0,0.0,1.0,1.0,1.0,2.8509785660679805,57.54032760612546,1,1,1,0,0,0,0,63,-1,-1,67,1,0,4,0.2,0,0.0,0,0,67,0.05274015022859375,0.5123431618132346,5
Proposed smooth SAC,smooth,3,21,12021,enlarged_delay_only,2,0.1,0.0,0.0,0.0,1.0,1.0,1.0,1.721321109839246,84.23015922197487,1,1,1,0,0,0,0,50,-1,-1,54,1,0,4,0.2,0,0.0,0,0,54,0.06679600556006295,1.3587832126086445,5
Proposed smooth SAC,smooth,3,22,12022,enlarged_delay_only,2,0.1,0.0,0.0,0.0,1.0,1.0,1.0,2.0714459852992766,7.241713190147896,1,1,1,0,0,0,0,53,-1,-1,57,1,0,4,0.2,0,0.0,0,0,57,0.07703178004044439,1.5387407679919094,5
Proposed smooth SAC,smooth,3,23,12023,enlarged_delay_only,2,0.1,0.0,0.0,0.0,1.0,1.0,1.0,1.96706721911142,29.687929491648173,1,1,1,0,0,0,0,51,-1,-1,55,1,0,4,0.2,0,0.0,0,0,55,0.05127583075989679,0.016985795009169056,5
Proposed smooth SAC,smooth,3,24,12024,enlarged_delay_only,2,0.1,0.0,0.0,0.0,1.0,1.0,1.0,2.3296647946987346,59.32330750782227,1,1,1,0,0,0,0,59,-1,-1,63,1,0,4,0.2,0,0.0,0,0,63,0.07401583884891265,0.6034012161154347,5
Proposed smooth SAC,smooth,3,25,12025,enlarged_delay_only,2,0.1,0.0,0.0,0.0,1.0,1.0,1.0,1.7406706115734212,29.68845883130885,1,1,1,0,0,0,0,53,-1,-1,57,1,0,4,0.2,0,0.0,0,0,57,0.06158588037033756,1.7765492785932415,5
Proposed smooth SAC,smooth,3,26,12026,enlarged_delay_only,2,0.1,0.0,0.0,0.0,1.0,1.0,1.0,1.2890960116783232,58.822470226552745,1,1,1,0,0,0,0,39,-1,-1,43,1,0,4,0.2,0,0.0,0,0,43,0.07567520147040321,1.936950935165702,5
Proposed smooth SAC,smooth,3,27,12027,enlarged_delay_only,2,0.1,0.0,0.0,0.0,1.0,1.0,1.0,1.679512651290201,27.36887877784833,1,1,1,0,0,0,0,43,-1,-1,47,1,0,4,0.2,0,0.0,0,0,47,0.06038932667999268,0.4721744457784194,5
Proposed smooth SAC,smooth,3,28,12028,enlarged_delay_only,2,0.1,0.0,0.0,0.0,1.0,1.0,1.0,2.161397968359572,63.816718208044406,1,1,1,0,0,0,0,54,-1,-1,58,1,0,4,0.2,0,0.0,0,0,58,0.06986400774688328,0.40751963497124066,5
Proposed smooth SAC,smooth,3,29,12029,enlarged_delay_only,2,0.1,0.0,0.0,0.0,1.0,1.0,1.0,1.4273638277059564,34.274883047648224,1,1,1,0,0,0,0,55,-1,-1,59,1,0,4,0.2,0,0.0,0,0,59,0.09344632990208601,1.745835945608104,5
Proposed smooth SAC,smooth,3,30,12030,enlarged_delay_only,2,0.1,0.0,0.0,0.0,1.0,1.0,1.0,1.7462896683471236,26.955215200955678,1,1,1,0,0,0,0,51,-1,-1,55,1,0,4,0.2,0,0.0,0,0,55,0.08180397796585373,2.0770201857960924,5
Proposed smooth SAC,smooth,3,31,12031,enlarged_delay_only,2,0.1,0.0,0.0,0.0,1.0,1.0,1.0,0.831092090571535,57.81877392801937,1,1,1,0,0,0,0,35,-1,-1,39,1,0,4,0.2,0,0.0,0,0,39,0.07412816444637754,1.0942868050425454,5
Proposed smooth SAC,smooth,3,32,12032,enlarged_delay_only,2,0.1,0.0,0.0,0.0,1.0,1.0,1.0,2.3622064651248813,65.6166711298287,1,1,1,0,0,0,0,60,-1,-1,64,1,0,4,0.2,0,0.0,0,0,64,0.0631113999150941,0.9677928755526728,5
Proposed smooth SAC,smooth,3,33,12033,enlarged_delay_only,2,0.1,0.0,0.0,0.0,1.0,1.0,1.0,0.7030471412582213,16.83992189867294,1,1,1,0,0,0,0,31,-1,-1,35,1,0,4,0.2,0,0.0,0,0,35,0.045880682384088385,2.603928299127556,5
Proposed smooth SAC,smooth,3,34,12034,enlarged_delay_only,2,0.1,0.0,0.0,0.0,1.0,1.0,1.0,2.282842407805926,24.938362791888462,1,1,1,0,0,0,0,62,-1,-1,66,1,0,4,0.2,0,0.0,0,0,66,0.04534820939636625,0.6680628837922099,5
Proposed smooth SAC,smooth,3,35,12035,enlarged_delay_only,2,0.1,0.0,0.0,0.0,1.0,1.0,1.0,2.371908074838775,71.96116554796184,1,1,1,0,0,0,0,61,-1,-1,65,1,0,4,0.2,0,0.0,0,0,65,0.07188003006763453,2.8343630869113303,5
Proposed smooth SAC,smooth,3,36,12036,enlarged_delay_only,2,0.1,0.0,0.0,0.0,1.0,1.0,1.0,0.8829462334714887,87.90779944848737,1,1,1,0,0,0,0,40,-1,-1,44,1,0,4,0.2,0,0.0,0,0,44,0.06400808409676771,2.9209139634132626,5
Proposed smooth SAC,smooth,3,37,12037,enlarged_delay_only,2,0.1,0.0,0.0,0.0,1.0,1.0,1.0,0.817844285721509,43.45796651879823,1,1,1,0,0,0,0,26,-1,-1,30,1,0,4,0.2,0,0.0,0,0,30,0.07259141511861227,0.023123743839790354,5
Proposed smooth SAC,smooth,3,38,12038,enlarged_delay_only,2,0.1,0.0,0.0,0.0,1.0,1.0,1.0,1.5743284929286714,57.88825061225674,1,1,1,0,0,0,0,45,-1,-1,49,1,0,4,0.2,0,0.0,0,0,49,0.06842834861864239,2.115480554125611,5
Proposed smooth SAC,smooth,3,39,12039,enlarged_delay_only,2,0.1,0.0,0.0,0.0,1.0,1.0,1.0,0.8994689163493125,9.298986658723248,1,1,1,0,0,0,0,36,-1,-1,40,1,0,4,0.2,0,0.0,0,0,40,0.062678409364856,1.131319877278943,5
Proposed smooth SAC,smooth,3,40,12040,enlarged_delay_only,2,0.1,0.0,0.0,0.0,1.0,1.0,1.0,1.8657719186487738,68.44804408798744,1,1,1,0,0,0,0,51,-1,-1,55,1,0,4,0.2,0,0.0,0,0,55,0.07367686868036663,1.385496829504505,5
Proposed smooth SAC,smooth,3,41,12041,enlarged_delay_only,2,0.1,0.0,0.0,0.0,1.0,1.0,1.0,2.1801507199074694,36.011752342258276,1,1,1,0,0,0,0,54,-1,-1,58,1,0,4,0.2,0,0.0,0,0,58,0.04204312434227745,3.181927081224361,5
Proposed smooth SAC,smooth,3,42,12042,enlarged_delay_only,2,0.1,0.0,0.0,0.0,1.0,1.0,1.0,2.890509486387824,8.39370570216694,1,1,1,0,0,0,0,65,-1,-1,69,1,0,4,0.2,0,0.0,0,0,69,0.06330213294457139,1.343293197344702,5
Proposed smooth SAC,smooth,3,43,12043,enlarged_delay_only,2,0.1,0.0,0.0,0.0,1.0,1.0,1.0,1.4295379479494126,86.66219834011966,1,1,1,0,0,0,0,55,-1,-1,59,1,0,4,0.2,0,0.0,0,0,59,0.07447034143247079,0.14256407060622994,5
Proposed smooth SAC,smooth,3,44,12044,enlarged_delay_only,2,0.1,0.0,0.0,0.0,1.0,1.0,1.0,1.4633774253790757,25.79388667411487,1,1,1,0,0,0,0,45,-1,-1,49,1,0,4,0.2,0,0.0,0,0,49,0.07409941541729351,2.938425714671529,5
Proposed smooth SAC,smooth,3,45,12045,enlarged_delay_only,2,0.1,0.0,0.0,0.0,1.0,1.0,1.0,2.7817081294799144,45.277112272150255,1,1,1,0,0,0,0,64,-1,-1,68,1,0,4,0.2,0,0.0,0,0,68,0.06208403991554209,3.591220404265263,5
Proposed smooth SAC,smooth,3,46,12046,enlarged_delay_only,2,0.1,0.0,0.0,0.0,1.0,1.0,1.0,2.448255495287487,6.5296484668143195,1,1,1,0,0,0,0,47,-1,-1,51,1,0,4,0.2,0,0.0,0,0,51,0.06122239167631702,2.7808500488681616,5
Proposed smooth SAC,smooth,3,47,12047,enlarged_delay_only,2,0.1,0.0,0.0,0.0,1.0,1.0,1.0,2.0375889749407565,48.300679923363994,1,1,1,0,0,0,0,50,-1,-1,54,1,0,4,0.2,0,0.0,0,0,54,0.07778485109620609,1.2451010104544236,5
Proposed smooth SAC,smooth,3,48,12048,enlarged_delay_only,2,0.1,0.0,0.0,0.0,1.0,1.0,1.0,1.595910055499794,38.132652438046875,1,1,1,0,0,0,0,38,-1,-1,42,1,0,4,0.2,0,0.0,0,0,42,0.039907425498362396,2.444936222845057,5
Proposed smooth SAC,smooth,3,49,12049,enlarged_delay_only,2,0.1,0.0,0.0,0.0,1.0,1.0,1.0,1.5300451933387877,9.115019782297185,1,1,1,0,0,0,0,46,-1,-1,50,1,0,4,0.2,0,0.0,0,0,50,0.0614083356706321,0.7525803916338881,5
Proposed smooth SAC,smooth,3,50,12050,enlarged_delay_only,2,0.1,0.0,0.0,0.0,1.0,1.0,1.0,2.262693545269486,73.02772690761601,1,1,1,0,0,0,0,49,-1,-1,53,1,0,4,0.2,0,0.0,0,0,53,0.045147224603449505,0.6047282471659742,5
Proposed smooth SAC,smooth,3,51,12051,enlarged_delay_only,2,0.1,0.0,0.0,0.0,1.0,1.0,1.0,1.6263518811985,35.99433194478016,1,1,1,0,0,0,0,52,-1,-1,56,1,0,4,0.2,0,0.0,0,0,56,0.07097886485137678,1.5241067675300397,5
Proposed smooth SAC,smooth,3,52,12052,enlarged_delay_only,2,0.1,0.0,0.0,0.0,1.0,1.0,1.0,0.7048587995105587,83.91519870877808,1,1,1,0,0,0,0,38,-1,-1,42,1,0,4,0.2,0,0.0,0,0,42,0.08046733053744513,1.7708046626144378,5
Proposed smooth SAC,smooth,3,53,12053,enlarged_delay_only,2,0.1,0.0,0.0,0.0,1.0,1.0,1.0,1.470188620244381,45.138920469767974,1,1,1,0,0,0,0,45,-1,-1,49,1,0,4,0.2,0,0.0,0,0,49,0.07262901174039615,0.08192549107229807,5
Proposed smooth SAC,smooth,3,54,12054,enlarged_delay_only,2,0.1,0.0,0.0,0.0,1.0,1.0,1.0,2.2790002868522827,82.51781713667434,1,1,1,0,0,0,0,61,-1,-1,65,1,0,4,0.2,0,0.0,0,0,65,0.03251389550483974,1.770718538197872,5
Proposed smooth SAC,smooth,3,55,12055,enlarged_delay_only,2,0.1,0.0,0.0,0.0,1.0,1.0,1.0,2.8850994760210127,23.46271066699096,1,1,1,0,0,0,0,74,-1,-1,78,1,0,4,0.2,0,0.0,0,0,78,0.08104786691371993,0.555047158690594,5
Proposed smooth SAC,smooth,3,56,12056,enlarged_delay_only,2,0.1,0.0,0.0,0.0,1.0,1.0,1.0,1.826905546699788,11.925707512554547,1,1,1,0,0,0,0,46,-1,-1,50,1,0,4,0.2,0,0.0,0,0,50,0.0570414766232773,1.8565625968424138,5
Proposed smooth SAC,smooth,3,57,12057,enlarged_delay_only,2,0.1,0.0,0.0,0.0,1.0,1.0,1.0,1.7691751722646727,27.276807827836556,1,1,1,0,0,0,0,44,-1,-1,48,1,0,4,0.2,0,0.0,0,0,48,0.058946907879959515,3.29498826977264,5
Proposed smooth SAC,smooth,3,58,12058,enlarged_delay_only,2,0.1,0.0,0.0,0.0,1.0,1.0,1.0,2.3268545695420997,62.93145738971906,1,1,1,0,0,0,0,62,-1,-1,66,1,0,4,0.2,0,0.0,0,0,66,0.06772163397429451,2.1271601776063327,5
Proposed smooth SAC,smooth,3,59,12059,enlarged_delay_only,2,0.1,0.0,0.0,0.0,1.0,1.0,1.0,2.1903482121613216,54.840688506488746,1,1,1,0,0,0,0,58,-1,-1,62,1,0,4,0.2,0,0.0,0,0,62,0.07400472859598982,0.8793564933138469,5
Proposed smooth SAC,smooth,3,60,12060,enlarged_delay_only,2,0.1,0.0,0.0,0.0,1.0,1.0,1.0,1.0973360553047116,33.91806713521758,1,1,1,0,0,0,0,36,-1,-1,40,1,0,4,0.2,0,0.0,0,0,40,0.06383996173450601,2.3324088562690966,5
Proposed smooth SAC,smooth,3,61,12061,enlarged_delay_only,2,0.1,0.0,0.0,0.0,1.0,1.0,1.0,1.936928029361262,42.58082679539602,1,1,1,0,0,0,0,50,-1,-1,54,1,0,4,0.2,0,0.0,0,0,54,0.057580312522114645,2.5998807717140884,5
Proposed smooth SAC,smooth,3,62,12062,enlarged_delay_only,2,0.1,0.0,0.0,0.0,1.0,1.0,1.0,1.8981880108378766,55.958209907540386,1,1,1,0,0,0,0,51,-1,-1,55,1,0,4,0.2,0,0.0,0,0,55,0.07050893767843788,1.7660491434048162,5
Proposed smooth SAC,smooth,3,63,12063,enlarged_delay_only,2,0.1,0.0,0.0,0.0,1.0,1.0,1.0,1.3410819077846639,71.65242733709893,1,1,1,0,0,0,0,46,-1,-1,50,1,0,4,0.2,0,0.0,0,0,50,0.06340699512261239,1.8781402316475417,5
Proposed smooth SAC,smooth,3,64,12064,enlarged_delay_only,2,0.1,0.0,0.0,0.0,1.0,1.0,1.0,3.236122857778983,77.84361815931113,1,1,1,0,0,0,0,69,-1,-1,73,1,0,4,0.2,0,0.0,0,0,73,0.07575597613385991,1.0141233293533387,5
Proposed smooth SAC,smooth,3,65,12065,enlarged_delay_only,2,0.1,0.0,0.0,0.0,1.0,1.0,1.0,2.27680658754703,16.046224888813487,1,1,1,0,0,0,0,57,-1,-1,61,1,0,4,0.2,0,0.0,0,0,61,0.07153164884983765,0.46130174511511113,5
Proposed smooth SAC,smooth,3,66,12066,enlarged_delay_only,2,0.1,0.0,0.0,0.0,1.0,1.0,1.0,0.7254567305431476,42.00001141404023,1,1,1,0,0,0,0,28,-1,-1,32,1,0,4,0.2,0,0.0,0,0,32,0.05576352100145571,2.0174735293948634,5
Proposed smooth SAC,smooth,3,67,12067,enlarged_delay_only,2,0.1,0.0,0.0,0.0,1.0,1.0,1.0,1.5334421939190404,11.645351299013972,1,1,1,0,0,0,0,47,-1,-1,51,1,0,4,0.2,0,0.0,0,0,51,0.05227115215987937,1.4255742451200242,5
Proposed smooth SAC,smooth,3,68,12068,enlarged_delay_only,2,0.1,0.0,0.0,0.0,1.0,1.0,1.0,1.8681160247703945,59.46436457456137,1,1,1,0,0,0,0,51,-1,-1,55,1,0,4,0.2,0,0.0,0,0,55,0.06260370481312438,0.5599390148793512,5
Proposed smooth SAC,smooth,3,69,12069,enlarged_delay_only,2,0.1,0.0,0.0,0.0,1.0,1.0,1.0,1.886519728757838,51.09646759594697,1,1,1,0,0,0,0,54,-1,-1,58,1,0,4,0.2,0,0.0,0,0,58,0.06759393493886078,2.432676033284884,5
Proposed smooth SAC,smooth,3,70,12070,enlarged_delay_only,2,0.1,0.0,0.0,0.0,1.0,1.0,1.0,1.6986806001597525,76.52323330972095,1,1,1,0,0,0,0,43,-1,-1,47,1,0,4,0.2,0,0.0,0,0,47,0.06110948104415179,0.5090816931237007,5
Proposed smooth SAC,smooth,3,71,12071,enlarged_delay_only,2,0.1,0.0,0.0,0.0,1.0,1.0,1.0,2.6459208153503964,67.50779341665432,1,1,1,0,0,0,0,67,-1,-1,71,1,0,4,0.2,0,0.0,0,0,71,0.07272174520237827,1.942838985117076,5
Proposed smooth SAC,smooth,3,72,12072,enlarged_delay_only,2,0.1,0.0,0.0,0.0,1.0,1.0,1.0,0.48175087121353316,49.596093601348606,1,1,1,0,0,0,0,29,-1,-1,33,1,0,4,0.2,0,0.0,0,0,33,0.046208084140631205,1.4569924749718481,5
Proposed smooth SAC,smooth,3,73,12073,enlarged_delay_only,2,0.1,0.0,0.0,0.0,1.0,1.0,1.0,1.3565823895626754,84.90849262920553,1,1,1,0,0,0,0,47,-1,-1,51,1,0,4,0.2,0,0.0,0,0,51,0.0625346063817955,2.278779491566626,5
Proposed smooth SAC,smooth,3,74,12074,enlarged_delay_only,2,0.1,0.0,0.0,0.0,1.0,1.0,1.0,2.034268978334935,63.584860606479154,1,1,1,0,0,0,0,52,-1,-1,56,1,0,4,0.2,0,0.0,0,0,56,0.06766386244503864,0.7868240252854231,5
Proposed smooth SAC,smooth,3,75,12075,enlarged_delay_only,2,0.1,0.0,0.0,0.0,1.0,1.0,1.0,2.7867133802887056,59.621185717904865,1,1,1,0,0,0,0,71,-1,-1,75,1,0,4,0.2,0,0.0,0,0,75,0.06184788829800503,1.2483230454736711,5
Proposed smooth SAC,smooth,3,76,12076,enlarged_delay_only,2,0.1,0.0,0.0,0.0,1.0,1.0,1.0,1.4672375160200708,30.3721436917542,1,1,1,0,0,0,0,42,-1,-1,46,1,0,4,0.2,0,0.0,0,0,46,0.07995055487525647,1.312471221663079,5
Proposed smooth SAC,smooth,3,77,12077,enlarged_delay_only,2,0.1,0.0,0.0,0.0,1.0,1.0,1.0,1.9775577095396648,51.41426263764932,1,1,1,0,0,0,0,54,-1,-1,58,1,0,4,0.2,0,0.0,0,0,58,0.06977610785935678,0.20984714354211487,5
Proposed smooth SAC,smooth,3,78,12078,enlarged_delay_only,2,0.1,0.0,0.0,0.0,1.0,1.0,1.0,2.327760709820301,60.008956047653996,1,1,1,0,0,0,0,63,-1,-1,67,1,0,4,0.2,0,0.0,0,0,67,0.04482099109069038,1.5864091918179573,5
Proposed smooth SAC,smooth,3,79,12079,enlarged_delay_only,2,0.1,0.0,0.0,0.0,1.0,1.0,1.0,1.5278991276633485,40.17317828277736,1,1,1,0,0,0,0,44,-1,-1,48,1,0,4,0.2,0,0.0,0,0,48,0.06678001847694458,1.923740495537251,5
Proposed smooth SAC,smooth,3,80,12080,enlarged_delay_only,2,0.1,0.0,0.0,0.0,1.0,1.0,1.0,2.3192768073204557,47.36251928991689,1,1,1,0,0,0,0,62,-1,-1,66,1,0,4,0.2,0,0.0,0,0,66,0.05944813056006434,0.21200369573126704,5
Proposed smooth SAC,smooth,3,81,12081,enlarged_delay_only,2,0.1,0.0,0.0,0.0,1.0,1.0,1.0,2.348060423688873,77.305474384795,1,1,1,0,0,0,0,62,-1,-1,66,1,0,4,0.2,0,0.0,0,0,66,0.06773775565418233,2.329591189793055,5
Proposed smooth SAC,smooth,3,82,12082,enlarged_delay_only,2,0.1,0.0,0.0,0.0,1.0,1.0,1.0,1.657062365864348,55.61082307125895,1,1,1,0,0,0,0,44,-1,-1,48,1,0,4,0.2,0,0.0,0,0,48,0.0633184488010126,1.6576117794812246,5
Proposed smooth SAC,smooth,3,83,12083,enlarged_delay_only,2,0.1,0.0,0.0,0.0,1.0,1.0,1.0,1.7829506075254924,2.609497891508878,1,1,1,0,0,0,0,46,-1,-1,50,1,0,4,0.2,0,0.0,0,0,50,0.07629405839677116,2.9109455157630406,5
Proposed smooth SAC,smooth,3,84,12084,enlarged_delay_only,2,0.1,0.0,0.0,0.0,1.0,1.0,1.0,1.6404890956693123,1.3837049720644343,1,1,1,0,0,0,0,46,-1,-1,50,1,0,4,0.2,0,0.0,0,0,50,0.055730201731642726,4.686192362658925,5
Proposed smooth SAC,smooth,3,85,12085,enlarged_delay_only,2,0.1,0.0,0.0,0.0,1.0,1.0,1.0,2.497746521837666,36.904581010184,1,1,1,0,0,0,0,59,-1,-1,63,1,0,4,0.2,0,0.0,0,0,63,0.07387953292558454,1.0980604845589774,5
Proposed smooth SAC,smooth,3,86,12086,enlarged_delay_only,2,0.1,0.0,0.0,0.0,1.0,1.0,1.0,1.8263883792562778,0.33389918702221527,1,1,1,0,0,0,0,47,-1,-1,51,1,0,4,0.2,0,0.0,0,0,51,0.07546228442835556,1.2869094521377178,5
Proposed smooth SAC,smooth,3,87,12087,enlarged_delay_only,2,0.1,0.0,0.0,0.0,1.0,1.0,1.0,2.03592606033529,9.710697655286923,1,1,1,0,0,0,0,49,-1,-1,53,1,0,4,0.2,0,0.0,0,0,53,0.05496081783839882,1.2008179058574688,5
Proposed smooth SAC,smooth,3,88,12088,enlarged_delay_only,2,0.1,0.0,0.0,0.0,1.0,1.0,1.0,2.799243954274032,20.695729317232512,1,1,1,0,0,0,0,63,-1,-1,67,1,0,4,0.2,0,0.0,0,0,67,0.06417764111510474,0.751538414259491,5
Proposed smooth SAC,smooth,3,89,12089,enlarged_delay_only,2,0.1,0.0,0.0,0.0,1.0,1.0,1.0,1.9684957245170929,46.29750155301514,1,1,1,0,0,0,0,51,-1,-1,55,1,0,4,0.2,0,0.0,0,0,55,0.05050005506945776,1.396767602130378,5
Proposed smooth SAC,smooth,3,90,12090,enlarged_delay_only,2,0.1,0.0,0.0,0.0,1.0,1.0,1.0,1.911320050192248,50.27198521595098,1,1,1,0,0,0,0,52,-1,-1,56,1,0,4,0.2,0,0.0,0,0,56,0.0663970464244924,2.6763016239032456,5
Proposed smooth SAC,smooth,3,91,12091,enlarged_delay_only,2,0.1,0.0,0.0,0.0,1.0,1.0,1.0,2.127844865867529,32.123072930770725,1,1,1,0,0,0,0,59,-1,-1,63,1,0,4,0.2,0,0.0,0,0,63,0.06675448463080577,3.120707455363302,5
Proposed smooth SAC,smooth,3,92,12092,enlarged_delay_only,2,0.1,0.0,0.0,0.0,1.0,1.0,1.0,2.1800958407414126,47.35001662864118,1,1,1,0,0,0,0,47,-1,-1,51,1,0,4,0.2,0,0.0,0,0,51,0.05307428458484576,2.025378406142095,5
Proposed smooth SAC,smooth,3,93,12093,enlarged_delay_only,2,0.1,0.0,0.0,0.0,1.0,1.0,1.0,3.259884867767638,59.350430189016386,1,1,1,0,0,0,0,96,-1,-1,100,1,0,4,0.2,0,0.0,0,0,100,0.07767224379999799,2.9732421770788457,5
Proposed smooth SAC,smooth,3,94,12094,enlarged_delay_only,2,0.1,0.0,0.0,0.0,1.0,1.0,1.0,0.7611576363914472,18.846404373032783,1,1,1,0,0,0,0,31,-1,-1,35,1,0,4,0.2,0,0.0,0,0,35,0.05394348008200013,0.42933187076610285,5
Proposed smooth SAC,smooth,3,95,12095,enlarged_delay_only,2,0.1,0.0,0.0,0.0,1.0,1.0,1.0,2.315981959981536,11.583421973809466,1,1,1,0,0,0,0,51,-1,-1,55,1,0,4,0.2,0,0.0,0,0,55,0.06496516462227495,0.23138252989196673,5
Proposed smooth SAC,smooth,3,96,12096,enlarged_delay_only,2,0.1,0.0,0.0,0.0,1.0,1.0,1.0,2.6433593115574596,23.402961879678983,1,1,1,0,0,0,0,64,-1,-1,68,1,0,4,0.2,0,0.0,0,0,68,0.06610093645928186,0.6852488136827256,5
Proposed smooth SAC,smooth,3,97,12097,enlarged_delay_only,2,0.1,0.0,0.0,0.0,1.0,1.0,1.0,2.517006739513531,35.98333875531102,1,1,1,0,0,0,0,53,-1,-1,57,1,0,4,0.2,0,0.0,0,0,57,0.07780322053127425,0.4912688265725718,5
Proposed smooth SAC,smooth,3,98,12098,enlarged_delay_only,2,0.1,0.0,0.0,0.0,1.0,1.0,1.0,3.120283930411399,82.53858091175118,1,1,1,0,0,0,0,69,-1,-1,73,1,0,4,0.2,0,0.0,0,0,73,0.0587459046214693,0.5154389450545429,5
Proposed smooth SAC,smooth,3,99,12099,enlarged_delay_only,2,0.1,0.0,0.0,0.0,1.0,1.0,1.0,0.19539344804534206,10.475630177230514,1,1,1,0,0,0,0,11,-1,-1,15,1,0,4,0.2,0,0.0,0,0,15,0.0816910603270465,0.150623693826845,5
Proposed smooth SAC,smooth,4,0,12000,enlarged_delay_only,2,0.1,0.0,0.0,0.0,1.0,1.0,1.0,1.4011169590411672,3.680448288035017,1,1,1,0,0,0,0,35,-1,-1,39,1,0,4,0.2,0,0.0,0,0,39,0.034385173251869315,1.5388863363985952,5
Proposed smooth SAC,smooth,4,1,12001,enlarged_delay_only,2,0.1,0.0,0.0,0.0,1.0,1.0,1.0,1.8698938269216967,60.07772922240686,1,1,1,0,0,0,0,54,-1,-1,58,1,0,4,0.2,0,0.0,0,0,58,0.06914810957544068,1.5486599102140604,5
Proposed smooth SAC,smooth,4,2,12002,enlarged_delay_only,2,0.1,0.0,0.0,0.0,1.0,1.0,1.0,1.5052862077716045,52.14187244464703,1,1,1,0,0,0,0,50,-1,-1,54,1,0,4,0.2,0,0.0,0,0,54,0.05181253978807767,1.6682913138570683,5
Proposed smooth SAC,smooth,4,3,12003,enlarged_delay_only,2,0.1,0.0,0.0,0.0,1.0,1.0,1.0,1.11052274394814,63.72168295593285,1,1,1,0,0,0,0,36,-1,-1,40,1,0,4,0.2,0,0.0,0,0,40,0.034267519237762924,1.0918726533360632,5
Proposed smooth SAC,smooth,4,4,12004,enlarged_delay_only,2,0.1,0.0,0.0,0.0,1.0,1.0,1.0,2.0622948587954135,27.609846144219087,1,1,1,0,0,0,0,54,-1,-1,58,1,0,4,0.2,0,0.0,0,0,58,0.05207578062920958,0.5520058568800871,5
Proposed smooth SAC,smooth,4,5,12005,enlarged_delay_only,2,0.1,0.0,0.0,0.0,1.0,1.0,1.0,0.7836208893081577,86.33696522241115,1,1,1,0,0,0,0,37,-1,-1,41,1,0,4,0.2,0,0.0,0,0,41,0.0624812696112077,1.5290123374579898,5
Proposed smooth SAC,smooth,4,6,12006,enlarged_delay_only,2,0.1,0.0,0.0,0.0,1.0,1.0,1.0,1.4039658384766267,70.50865751906693,1,1,1,0,0,0,0,45,-1,-1,49,1,0,4,0.2,0,0.0,0,0,49,0.04110215500314699,1.6157552063086227,5
Proposed smooth SAC,smooth,4,7,12007,enlarged_delay_only,2,0.1,0.0,0.0,0.0,1.0,1.0,1.0,2.023389540687327,41.417218692919725,1,1,1,0,0,0,0,57,-1,-1,61,1,0,4,0.2,0,0.0,0,0,61,0.08434762039902796,0.9583115057676374,5
Proposed smooth SAC,smooth,4,8,12008,enlarged_delay_only,2,0.1,0.0,0.0,0.0,1.0,1.0,1.0,0.6761041193866284,47.03972454974209,1,1,1,0,0,0,0,32,-1,-1,36,1,0,4,0.2,0,0.0,0,0,36,0.06872750173009423,1.577022377464244,5
Proposed smooth SAC,smooth,4,9,12009,enlarged_delay_only,2,0.1,0.0,0.0,0.0,1.0,1.0,1.0,0.8365610729382312,17.566701837686487,1,1,1,0,0,0,0,39,-1,-1,43,1,0,4,0.2,0,0.0,0,0,43,0.055254513031184574,0.7241028250240191,5
Proposed smooth SAC,smooth,4,10,12010,enlarged_delay_only,2,0.1,0.0,0.0,0.0,1.0,1.0,1.0,2.0882312594206844,67.10242168941406,1,1,1,0,0,0,0,54,-1,-1,58,1,0,4,0.2,0,0.0,0,0,58,0.05578987318798616,1.2714022546791444,5
Proposed smooth SAC,smooth,4,11,12011,enlarged_delay_only,2,0.1,0.0,0.0,0.0,1.0,1.0,1.0,1.0363136503576447,39.13181690606595,1,1,1,0,0,0,0,37,-1,-1,41,1,0,4,0.2,0,0.0,0,0,41,0.06175020711145332,0.96475792368366,5
Proposed smooth SAC,smooth,4,12,12012,enlarged_delay_only,2,0.1,0.0,0.0,0.0,1.0,1.0,1.0,1.0633346171025668,74.10415106043168,1,1,1,0,0,0,0,43,-1,-1,47,1,0,4,0.2,0,0.0,0,0,47,0.07011805769236186,1.5320145257633278,5
Proposed smooth SAC,smooth,4,13,12013,enlarged_delay_only,2,0.1,0.0,0.0,0.0,1.0,1.0,1.0,2.9321695975105375,64.82631579002067,1,1,1,0,0,0,0,67,-1,-1,71,1,0,4,0.2,0,0.0,0,0,71,0.04057559666669095,1.709348114566544,5
Proposed smooth SAC,smooth,4,14,12014,enlarged_delay_only,2,0.1,0.0,0.0,0.0,1.0,1.0,1.0,1.5727126782681156,69.85363554747353,1,1,1,0,0,0,0,55,-1,-1,59,1,0,4,0.2,0,0.0,0,0,59,0.0571677996216471,1.5683171946453571,5
Proposed smooth SAC,smooth,4,15,12015,enlarged_delay_only,2,0.1,0.0,0.0,0.0,1.0,1.0,1.0,1.7941221940119125,66.18821452938619,1,1,1,0,0,0,0,51,-1,-1,55,1,0,4,0.2,0,0.0,0,0,55,0.05010110950771262,3.3175022808242947,5
Proposed smooth SAC,smooth,4,16,12016,enlarged_delay_only,2,0.1,0.0,0.0,0.0,1.0,1.0,1.0,2.0956191639967527,80.76412508613855,1,1,1,0,0,0,0,54,-1,-1,58,1,0,4,0.2,0,0.0,0,0,58,0.027524358877152415,0.8255149658602826,5
Proposed smooth SAC,smooth,4,17,12017,enlarged_delay_only,2,0.1,0.0,0.0,0.0,1.0,1.0,1.0,2.3497476747776798,68.42664510531779,1,1,1,0,0,0,0,60,-1,-1,64,1,0,4,0.2,0,0.0,0,0,64,0.07750854405062912,2.9743510156019153,5
Proposed smooth SAC,smooth,4,18,12018,enlarged_delay_only,2,0.1,0.0,0.0,0.0,1.0,1.0,1.0,1.3063656328926654,58.185179426044705,1,1,1,0,0,0,0,39,-1,-1,43,1,0,4,0.2,0,0.0,0,0,43,0.08241636147102584,1.295289774084206,5
Proposed smooth SAC,smooth,4,19,12019,enlarged_delay_only,2,0.1,0.0,0.0,0.0,1.0,1.0,1.0,1.569053725441394,46.92282244700273,1,1,1,0,0,0,0,46,-1,-1,50,1,0,4,0.2,0,0.0,0,0,50,0.07219490830122062,0.595721788971666,5
Proposed smooth SAC,smooth,4,20,12020,enlarged_delay_only,2,0.1,0.0,0.0,0.0,1.0,1.0,1.0,2.8509785660679805,57.54032760612546,1,1,1,0,0,0,0,68,-1,-1,72,1,0,4,0.2,0,0.0,0,0,72,0.07282022513785782,2.9087677526348643,5
Proposed smooth SAC,smooth,4,21,12021,enlarged_delay_only,2,0.1,0.0,0.0,0.0,1.0,1.0,1.0,1.721321109839246,84.23015922197487,1,1,1,0,0,0,0,53,-1,-1,57,1,0,4,0.2,0,0.0,0,0,57,0.05849089225925511,4.199990896120268,5
Proposed smooth SAC,smooth,4,22,12022,enlarged_delay_only,2,0.1,0.0,0.0,0.0,1.0,1.0,1.0,2.0714459852992766,7.241713190147896,1,1,1,0,0,0,0,50,-1,-1,54,1,0,4,0.2,0,0.0,0,0,54,0.045128826742872996,2.0933283296565555,5
Proposed smooth SAC,smooth,4,23,12023,enlarged_delay_only,2,0.1,0.0,0.0,0.0,1.0,1.0,1.0,1.96706721911142,29.687929491648173,1,1,1,0,0,0,0,45,-1,-1,49,1,0,4,0.2,0,0.0,0,0,49,0.03385747902556796,0.09412654346725483,5
Proposed smooth SAC,smooth,4,24,12024,enlarged_delay_only,2,0.1,0.0,0.0,0.0,1.0,1.0,1.0,2.3296647946987346,59.32330750782227,1,1,1,0,0,0,0,62,-1,-1,66,1,0,4,0.2,0,0.0,0,0,66,0.07920025651537486,0.4593957488107073,5
Proposed smooth SAC,smooth,4,25,12025,enlarged_delay_only,2,0.1,0.0,0.0,0.0,1.0,1.0,1.0,1.7406706115734212,29.68845883130885,1,1,1,0,0,0,0,51,-1,-1,55,1,0,4,0.2,0,0.0,0,0,55,0.04531300460993014,0.5591815042117144,5
Proposed smooth SAC,smooth,4,26,12026,enlarged_delay_only,2,0.1,0.0,0.0,0.0,1.0,1.0,1.0,1.2890960116783232,58.822470226552745,1,1,1,0,0,0,0,41,-1,-1,45,1,0,4,0.2,0,0.0,0,0,45,0.06070763464784426,0.22403356651015036,5
Proposed smooth SAC,smooth,4,27,12027,enlarged_delay_only,2,0.1,0.0,0.0,0.0,1.0,1.0,1.0,1.679512651290201,27.36887877784833,1,1,1,0,0,0,0,45,-1,-1,49,1,0,4,0.2,0,0.0,0,0,49,0.04589408213417636,2.084808308997199,5
Proposed smooth SAC,smooth,4,28,12028,enlarged_delay_only,2,0.1,0.0,0.0,0.0,1.0,1.0,1.0,2.161397968359572,63.816718208044406,1,1,1,0,0,0,0,57,-1,-1,61,1,0,4,0.2,0,0.0,0,0,61,0.07964963758579965,1.559171037738181,5
Proposed smooth SAC,smooth,4,29,12029,enlarged_delay_only,2,0.1,0.0,0.0,0.0,1.0,1.0,1.0,1.4273638277059564,34.274883047648224,1,1,1,0,0,0,0,44,-1,-1,48,1,0,4,0.2,0,0.0,0,0,48,0.05295546389293948,0.9996844161696375,5
Proposed smooth SAC,smooth,4,30,12030,enlarged_delay_only,2,0.1,0.0,0.0,0.0,1.0,1.0,1.0,1.7462896683471236,26.955215200955678,1,1,1,0,0,0,0,47,-1,-1,51,1,0,4,0.2,0,0.0,0,0,51,0.06313205513019227,0.6008131613893817,5
Proposed smooth SAC,smooth,4,31,12031,enlarged_delay_only,2,0.1,0.0,0.0,0.0,1.0,1.0,1.0,0.831092090571535,57.81877392801937,1,1,1,0,0,0,0,36,-1,-1,40,1,0,4,0.2,0,0.0,0,0,40,0.08422146758656482,0.6909136551864578,5
Proposed smooth SAC,smooth,4,32,12032,enlarged_delay_only,2,0.1,0.0,0.0,0.0,1.0,1.0,1.0,2.3622064651248813,65.6166711298287,1,1,1,0,0,0,0,60,-1,-1,64,1,0,4,0.2,0,0.0,0,0,64,0.05565715759267406,2.121628364708857,5
Proposed smooth SAC,smooth,4,33,12033,enlarged_delay_only,2,0.1,0.0,0.0,0.0,1.0,1.0,1.0,0.7030471412582213,16.83992189867294,1,1,1,0,0,0,0,37,-1,-1,41,1,0,4,0.2,0,0.0,0,0,41,0.0673981325322476,0.8410737099027485,5
Proposed smooth SAC,smooth,4,34,12034,enlarged_delay_only,2,0.1,0.0,0.0,0.0,1.0,1.0,1.0,2.282842407805926,24.938362791888462,1,1,1,0,0,0,0,62,-1,-1,66,1,0,4,0.2,0,0.0,0,0,66,0.0572509090403809,1.0130792709056788,5
Proposed smooth SAC,smooth,4,35,12035,enlarged_delay_only,2,0.1,0.0,0.0,0.0,1.0,1.0,1.0,2.371908074838775,71.96116554796184,1,1,1,0,0,0,0,61,-1,-1,65,1,0,4,0.2,0,0.0,0,0,65,0.07910942667392708,1.1501461197873195,5
Proposed smooth SAC,smooth,4,36,12036,enlarged_delay_only,2,0.1,0.0,0.0,0.0,1.0,1.0,1.0,0.8829462334714887,87.90779944848737,1,1,1,0,0,0,0,40,-1,-1,44,1,0,4,0.2,0,0.0,0,0,44,0.0697502582106664,0.591758198179796,5
Proposed smooth SAC,smooth,4,37,12037,enlarged_delay_only,2,0.1,0.0,0.0,0.0,1.0,1.0,1.0,0.817844285721509,43.45796651879823,1,1,1,0,0,0,0,33,-1,-1,37,1,0,4,0.2,0,0.0,0,0,37,0.08136890450861137,1.8669534490041189,5
Proposed smooth SAC,smooth,4,38,12038,enlarged_delay_only,2,0.1,0.0,0.0,0.0,1.0,1.0,1.0,1.5743284929286714,57.88825061225674,1,1,1,0,0,0,0,42,-1,-1,46,1,0,4,0.2,0,0.0,0,0,46,0.05080671640984408,0.561337602833617,5
Proposed smooth SAC,smooth,4,39,12039,enlarged_delay_only,2,0.1,0.0,0.0,0.0,1.0,1.0,1.0,0.8994689163493125,9.298986658723248,1,1,1,0,0,0,0,37,-1,-1,41,1,0,4,0.2,0,0.0,0,0,41,0.07373660135612498,0.0017641097965673557,5
Proposed smooth SAC,smooth,4,40,12040,enlarged_delay_only,2,0.1,0.0,0.0,0.0,1.0,1.0,1.0,1.8657719186487738,68.44804408798744,1,1,1,0,0,0,0,50,-1,-1,54,1,0,4,0.2,0,0.0,0,0,54,0.07815382823828616,1.1832647465773594,5
Proposed smooth SAC,smooth,4,41,12041,enlarged_delay_only,2,0.1,0.0,0.0,0.0,1.0,1.0,1.0,2.1801507199074694,36.011752342258276,1,1,1,0,0,0,0,50,-1,-1,54,1,0,4,0.2,0,0.0,0,0,54,0.047960497119166244,1.4381617501518287,5
Proposed smooth SAC,smooth,4,42,12042,enlarged_delay_only,2,0.1,0.0,0.0,0.0,1.0,1.0,1.0,2.890509486387824,8.39370570216694,1,1,1,0,0,0,0,71,-1,-1,75,1,0,4,0.2,0,0.0,0,0,75,0.07666224408486223,3.758504116756746,5
Proposed smooth SAC,smooth,4,43,12043,enlarged_delay_only,2,0.1,0.0,0.0,0.0,1.0,1.0,1.0,1.4295379479494126,86.66219834011966,1,1,1,0,0,0,0,52,-1,-1,56,1,0,4,0.2,0,0.0,0,0,56,0.05377913202160435,2.9527603607486816,5
Proposed smooth SAC,smooth,4,44,12044,enlarged_delay_only,2,0.1,0.0,0.0,0.0,1.0,1.0,1.0,1.4633774253790757,25.79388667411487,1,1,1,0,0,0,0,46,-1,-1,50,1,0,4,0.2,0,0.0,0,0,50,0.07211091958915847,0.08934918632858792,5
Proposed smooth SAC,smooth,4,45,12045,enlarged_delay_only,2,0.1,0.0,0.0,0.0,1.0,1.0,1.0,2.7817081294799144,45.277112272150255,1,1,1,0,0,0,0,69,-1,-1,73,1,0,4,0.2,0,0.0,0,0,73,0.07556450920970566,1.507699692648317,5
Proposed smooth SAC,smooth,4,46,12046,enlarged_delay_only,2,0.1,0.0,0.0,0.0,1.0,1.0,1.0,2.448255495287487,6.5296484668143195,1,1,1,0,0,0,0,59,-1,-1,63,1,0,4,0.2,0,0.0,0,0,63,0.0580952106374586,2.0038861487015924,5
Proposed smooth SAC,smooth,4,47,12047,enlarged_delay_only,2,0.1,0.0,0.0,0.0,1.0,1.0,1.0,2.0375889749407565,48.300679923363994,1,1,1,0,0,0,0,58,-1,-1,62,1,0,4,0.2,0,0.0,0,0,62,0.049126115122067084,4.574187078667648,5
Proposed smooth SAC,smooth,4,48,12048,enlarged_delay_only,2,0.1,0.0,0.0,0.0,1.0,1.0,1.0,1.595910055499794,38.132652438046875,1,1,1,0,0,0,0,49,-1,-1,53,1,0,4,0.2,0,0.0,0,0,53,0.07260764274335059,1.4843242239875947,5
Proposed smooth SAC,smooth,4,49,12049,enlarged_delay_only,2,0.1,0.0,0.0,0.0,1.0,1.0,1.0,1.5300451933387877,9.115019782297185,1,1,1,0,0,0,0,45,-1,-1,49,1,0,4,0.2,0,0.0,0,0,49,0.05457473530780929,2.0922726385429655,5
Proposed smooth SAC,smooth,4,50,12050,enlarged_delay_only,2,0.1,0.0,0.0,0.0,1.0,1.0,1.0,2.262693545269486,73.02772690761601,1,1,1,0,0,0,0,57,-1,-1,61,1,0,4,0.2,0,0.0,0,0,61,0.050415818068759694,0.7252236697389888,5
Proposed smooth SAC,smooth,4,51,12051,enlarged_delay_only,2,0.1,0.0,0.0,0.0,1.0,1.0,1.0,1.6263518811985,35.99433194478016,1,1,1,0,0,0,0,50,-1,-1,54,1,0,4,0.2,0,0.0,0,0,54,0.05704324959796593,3.5411600268475354,5
Proposed smooth SAC,smooth,4,52,12052,enlarged_delay_only,2,0.1,0.0,0.0,0.0,1.0,1.0,1.0,0.7048587995105587,83.91519870877808,1,1,1,0,0,0,0,33,-1,-1,37,1,0,4,0.2,0,0.0,0,0,37,0.03234255445097195,2.0183689245063694,5
Proposed smooth SAC,smooth,4,53,12053,enlarged_delay_only,2,0.1,0.0,0.0,0.0,1.0,1.0,1.0,1.470188620244381,45.138920469767974,1,1,1,0,0,0,0,48,-1,-1,52,1,0,4,0.2,0,0.0,0,0,52,0.06290140408649278,2.474517772140382,5
Proposed smooth SAC,smooth,4,54,12054,enlarged_delay_only,2,0.1,0.0,0.0,0.0,1.0,1.0,1.0,2.2790002868522827,82.51781713667434,1,1,1,0,0,0,0,66,-1,-1,70,1,0,4,0.2,0,0.0,0,0,70,0.057121387282234114,2.8228979740592295,5
Proposed smooth SAC,smooth,4,55,12055,enlarged_delay_only,2,0.1,0.0,0.0,0.0,1.0,1.0,1.0,2.8850994760210127,23.46271066699096,1,1,1,0,0,0,0,68,-1,-1,72,1,0,4,0.2,0,0.0,0,0,72,0.06447938797260079,0.5565774412297941,5
Proposed smooth SAC,smooth,4,56,12056,enlarged_delay_only,2,0.1,0.0,0.0,0.0,1.0,1.0,1.0,1.826905546699788,11.925707512554547,1,1,1,0,0,0,0,45,-1,-1,49,1,0,4,0.2,0,0.0,0,0,49,0.051835217915571524,4.703724177597879,5
Proposed smooth SAC,smooth,4,57,12057,enlarged_delay_only,2,0.1,0.0,0.0,0.0,1.0,1.0,1.0,1.7691751722646727,27.276807827836556,1,1,1,0,0,0,0,51,-1,-1,55,1,0,4,0.2,0,0.0,0,0,55,0.07734387148200708,0.4774062639609434,5
Proposed smooth SAC,smooth,4,58,12058,enlarged_delay_only,2,0.1,0.0,0.0,0.0,1.0,1.0,1.0,2.3268545695420997,62.93145738971906,1,1,1,0,0,0,0,64,-1,-1,68,1,0,4,0.2,0,0.0,0,0,68,0.08068859161259513,0.7821282702310394,5
Proposed smooth SAC,smooth,4,59,12059,enlarged_delay_only,2,0.1,0.0,0.0,0.0,1.0,1.0,1.0,2.1903482121613216,54.840688506488746,1,1,1,0,0,0,0,62,-1,-1,66,1,0,4,0.2,0,0.0,0,0,66,0.07369196801402685,3.2580894534421154,5
Proposed smooth SAC,smooth,4,60,12060,enlarged_delay_only,2,0.1,0.0,0.0,0.0,1.0,1.0,1.0,1.0973360553047116,33.91806713521758,1,1,1,0,0,0,0,32,-1,-1,36,1,0,4,0.2,0,0.0,0,0,36,0.029356159214993797,0.6561997523383969,5
Proposed smooth SAC,smooth,4,61,12061,enlarged_delay_only,2,0.1,0.0,0.0,0.0,1.0,1.0,1.0,1.936928029361262,42.58082679539602,1,1,1,0,0,0,0,50,-1,-1,54,1,0,4,0.2,0,0.0,0,0,54,0.06522310233708466,2.0139325031970348,5
Proposed smooth SAC,smooth,4,62,12062,enlarged_delay_only,2,0.1,0.0,0.0,0.0,1.0,1.0,1.0,1.8981880108378766,55.958209907540386,1,1,1,0,0,0,0,49,-1,-1,53,1,0,4,0.2,0,0.0,0,0,53,0.07311578693351589,1.6956415257279152,5
Proposed smooth SAC,smooth,4,63,12063,enlarged_delay_only,2,0.1,0.0,0.0,0.0,1.0,1.0,1.0,1.3410819077846639,71.65242733709893,1,1,1,0,0,0,0,46,-1,-1,50,1,0,4,0.2,0,0.0,0,0,50,0.0613524455813556,1.6603282737801854,5
Proposed smooth SAC,smooth,4,64,12064,enlarged_delay_only,2,0.1,0.0,0.0,0.0,1.0,1.0,1.0,3.236122857778983,77.84361815931113,1,1,1,0,0,0,0,75,-1,-1,79,1,0,4,0.2,0,0.0,0,0,79,0.07842078476644512,0.16768074391741636,5
Proposed smooth SAC,smooth,4,65,12065,enlarged_delay_only,2,0.1,0.0,0.0,0.0,1.0,1.0,1.0,2.27680658754703,16.046224888813487,1,1,1,0,0,0,0,57,-1,-1,61,1,0,4,0.2,0,0.0,0,0,61,0.07063541004453848,0.00940587501711838,5
Proposed smooth SAC,smooth,4,66,12066,enlarged_delay_only,2,0.1,0.0,0.0,0.0,1.0,1.0,1.0,0.7254567305431476,42.00001141404023,1,1,1,0,0,0,0,32,-1,-1,36,1,0,4,0.2,0,0.0,0,0,36,0.06188466932734521,0.8453779030186201,5
Proposed smooth SAC,smooth,4,67,12067,enlarged_delay_only,2,0.1,0.0,0.0,0.0,1.0,1.0,1.0,1.5334421939190404,11.645351299013972,1,1,1,0,0,0,0,45,-1,-1,49,1,0,4,0.2,0,0.0,0,0,49,0.07414388366883354,1.1848905450432339,5
Proposed smooth SAC,smooth,4,68,12068,enlarged_delay_only,2,0.1,0.0,0.0,0.0,1.0,1.0,1.0,1.8681160247703945,59.46436457456137,1,1,1,0,0,0,0,53,-1,-1,57,1,0,4,0.2,0,0.0,0,0,57,0.0702627478212844,2.4891956352233278,5
Proposed smooth SAC,smooth,4,69,12069,enlarged_delay_only,2,0.1,0.0,0.0,0.0,1.0,1.0,1.0,1.886519728757838,51.09646759594697,1,1,1,0,0,0,0,52,-1,-1,56,1,0,4,0.2,0,0.0,0,0,56,0.07003660826716404,1.332583354004416,5
Proposed smooth SAC,smooth,4,70,12070,enlarged_delay_only,2,0.1,0.0,0.0,0.0,1.0,1.0,1.0,1.6986806001597525,76.52323330972095,1,1,1,0,0,0,0,44,-1,-1,48,1,0,4,0.2,0,0.0,0,0,48,0.07410442847309771,2.621333755566864,5
Proposed smooth SAC,smooth,4,71,12071,enlarged_delay_only,2,0.1,0.0,0.0,0.0,1.0,1.0,1.0,2.6459208153503964,67.50779341665432,1,1,1,0,0,0,0,63,-1,-1,67,1,0,4,0.2,0,0.0,0,0,67,0.07250670128014838,0.09915946574073524,5
Proposed smooth SAC,smooth,4,72,12072,enlarged_delay_only,2,0.1,0.0,0.0,0.0,1.0,1.0,1.0,0.48175087121353316,49.596093601348606,1,1,1,0,0,0,0,24,-1,-1,28,1,0,4,0.2,0,0.0,0,0,28,0.041894167875702416,2.9433028966257413,5
Proposed smooth SAC,smooth,4,73,12073,enlarged_delay_only,2,0.1,0.0,0.0,0.0,1.0,1.0,1.0,1.3565823895626754,84.90849262920553,1,1,1,0,0,0,0,44,-1,-1,48,1,0,4,0.2,0,0.0,0,0,48,0.050862092034618354,0.6674156700074984,5
Proposed smooth SAC,smooth,4,74,12074,enlarged_delay_only,2,0.1,0.0,0.0,0.0,1.0,1.0,1.0,2.034268978334935,63.584860606479154,1,1,1,0,0,0,0,49,-1,-1,53,1,0,4,0.2,0,0.0,0,0,53,0.04281388480976851,1.0707333245765795,5
Proposed smooth SAC,smooth,4,75,12075,enlarged_delay_only,2,0.1,0.0,0.0,0.0,1.0,1.0,1.0,2.7867133802887056,59.621185717904865,1,1,1,0,0,0,0,74,-1,-1,78,1,0,4,0.2,0,0.0,0,0,78,0.0701694280030329,0.15830473513641358,5
Proposed smooth SAC,smooth,4,76,12076,enlarged_delay_only,2,0.1,0.0,0.0,0.0,1.0,1.0,1.0,1.4672375160200708,30.3721436917542,1,1,1,0,0,0,0,40,-1,-1,44,1,0,4,0.2,0,0.0,0,0,44,0.07376093132836724,1.92304659100626,5
Proposed smooth SAC,smooth,4,77,12077,enlarged_delay_only,2,0.1,0.0,0.0,0.0,1.0,1.0,1.0,1.9775577095396648,51.41426263764932,1,1,1,0,0,0,0,51,-1,-1,55,1,0,4,0.2,0,0.0,0,0,55,0.07328309772343312,0.6508398147480823,5
Proposed smooth SAC,smooth,4,78,12078,enlarged_delay_only,2,0.1,0.0,0.0,0.0,1.0,1.0,1.0,2.327760709820301,60.008956047653996,1,1,1,0,0,0,0,63,-1,-1,67,1,0,4,0.2,0,0.0,0,0,67,0.04381936894921227,2.04955727580394,5
Proposed smooth SAC,smooth,4,79,12079,enlarged_delay_only,2,0.1,0.0,0.0,0.0,1.0,1.0,1.0,1.5278991276633485,40.17317828277736,1,1,1,0,0,0,0,43,-1,-1,47,1,0,4,0.2,0,0.0,0,0,47,0.06617214557693193,0.20521007208569766,5
Proposed smooth SAC,smooth,4,80,12080,enlarged_delay_only,2,0.1,0.0,0.0,0.0,1.0,1.0,1.0,2.3192768073204557,47.36251928991689,1,1,1,0,0,0,0,66,-1,-1,70,1,0,4,0.2,0,0.0,0,0,70,0.07368215227341415,2.6582487935966674,5
Proposed smooth SAC,smooth,4,81,12081,enlarged_delay_only,2,0.1,0.0,0.0,0.0,1.0,1.0,1.0,2.348060423688873,77.305474384795,1,1,1,0,0,0,0,62,-1,-1,66,1,0,4,0.2,0,0.0,0,0,66,0.07613613720526899,0.6427487619851147,5
Proposed smooth SAC,smooth,4,82,12082,enlarged_delay_only,2,0.1,0.0,0.0,0.0,1.0,1.0,1.0,1.657062365864348,55.61082307125895,1,1,1,0,0,0,0,47,-1,-1,51,1,0,4,0.2,0,0.0,0,0,51,0.06706895778774989,0.060245310048127235,5
Proposed smooth SAC,smooth,4,83,12083,enlarged_delay_only,2,0.1,0.0,0.0,0.0,1.0,1.0,1.0,1.7829506075254924,2.609497891508878,1,1,1,0,0,0,0,43,-1,-1,47,1,0,4,0.2,0,0.0,0,0,47,0.01165380601875538,4.748777386023752,5
Proposed smooth SAC,smooth,4,84,12084,enlarged_delay_only,2,0.1,0.0,0.0,0.0,1.0,1.0,1.0,1.6404890956693123,1.3837049720644343,1,1,1,0,0,0,0,48,-1,-1,52,1,0,4,0.2,0,0.0,0,0,52,0.06457080847435825,0.904512453552974,5
Proposed smooth SAC,smooth,4,85,12085,enlarged_delay_only,2,0.1,0.0,0.0,0.0,1.0,1.0,1.0,2.497746521837666,36.904581010184,1,1,1,0,0,0,0,61,-1,-1,65,1,0,4,0.2,0,0.0,0,0,65,0.07379722997718152,1.7236267317481613,5
Proposed smooth SAC,smooth,4,86,12086,enlarged_delay_only,2,0.1,0.0,0.0,0.0,1.0,1.0,1.0,1.8263883792562778,0.33389918702221527,1,1,1,0,0,0,0,55,-1,-1,59,1,0,4,0.2,0,0.0,0,0,59,0.06266688013578016,0.27514192439822527,5
Proposed smooth SAC,smooth,4,87,12087,enlarged_delay_only,2,0.1,0.0,0.0,0.0,1.0,1.0,1.0,2.03592606033529,9.710697655286923,1,1,1,0,0,0,0,50,-1,-1,54,1,0,4,0.2,0,0.0,0,0,54,0.04693523389386156,1.39595801127032,5
Proposed smooth SAC,smooth,4,88,12088,enlarged_delay_only,2,0.1,0.0,0.0,0.0,1.0,1.0,1.0,2.799243954274032,20.695729317232512,1,1,1,0,0,0,0,63,-1,-1,67,1,0,4,0.2,0,0.0,0,0,67,0.07341428612512724,2.1430700360608195,5
Proposed smooth SAC,smooth,4,89,12089,enlarged_delay_only,2,0.1,0.0,0.0,0.0,1.0,1.0,1.0,1.9684957245170929,46.29750155301514,1,1,1,0,0,0,0,58,-1,-1,62,1,0,4,0.2,0,0.0,0,0,62,0.048250402668073594,3.4660087360703544,5
Proposed smooth SAC,smooth,4,90,12090,enlarged_delay_only,2,0.1,0.0,0.0,0.0,1.0,1.0,1.0,1.911320050192248,50.27198521595098,1,1,1,0,0,0,0,51,-1,-1,55,1,0,4,0.2,0,0.0,0,0,55,0.07065214366520216,0.8516945473404126,5
Proposed smooth SAC,smooth,4,91,12091,enlarged_delay_only,2,0.1,0.0,0.0,0.0,1.0,1.0,1.0,2.127844865867529,32.123072930770725,1,1,1,0,0,0,0,59,-1,-1,63,1,0,4,0.2,0,0.0,0,0,63,0.0760538379269305,1.1497914835590077,5
Proposed smooth SAC,smooth,4,92,12092,enlarged_delay_only,2,0.1,0.0,0.0,0.0,1.0,1.0,1.0,2.1800958407414126,47.35001662864118,1,1,1,0,0,0,0,55,-1,-1,59,1,0,4,0.2,0,0.0,0,0,59,0.03762772482331643,0.9219061706046462,5
Proposed smooth SAC,smooth,4,93,12093,enlarged_delay_only,2,0.1,0.0,0.0,0.0,1.0,1.0,1.0,3.259884867767638,59.350430189016386,1,1,1,0,0,0,0,76,-1,-1,80,1,0,4,0.2,0,0.0,0,0,80,0.0732918560727494,0.322269616021505,5
Proposed smooth SAC,smooth,4,94,12094,enlarged_delay_only,2,0.1,0.0,0.0,0.0,1.0,1.0,1.0,0.7611576363914472,18.846404373032783,1,1,1,0,0,0,0,31,-1,-1,35,1,0,4,0.2,0,0.0,0,0,35,0.07999048622563648,0.3156083673117443,5
Proposed smooth SAC,smooth,4,95,12095,enlarged_delay_only,2,0.1,0.0,0.0,0.0,1.0,1.0,1.0,2.315981959981536,11.583421973809466,1,1,1,0,0,0,0,57,-1,-1,61,1,0,4,0.2,0,0.0,0,0,61,0.04560813952045222,0.09986224151351931,5
Proposed smooth SAC,smooth,4,96,12096,enlarged_delay_only,2,0.1,0.0,0.0,0.0,1.0,1.0,1.0,2.6433593115574596,23.402961879678983,1,1,1,0,0,0,0,60,-1,-1,64,1,0,4,0.2,0,0.0,0,0,64,0.06292128044956329,2.6711192178704986,5
Proposed smooth SAC,smooth,4,97,12097,enlarged_delay_only,2,0.1,0.0,0.0,0.0,1.0,1.0,1.0,2.517006739513531,35.98333875531102,1,1,1,0,0,0,0,66,-1,-1,70,1,0,4,0.2,0,0.0,0,0,70,0.019422721196586782,0.547595902553786,5
Proposed smooth SAC,smooth,4,98,12098,enlarged_delay_only,2,0.1,0.0,0.0,0.0,1.0,1.0,1.0,3.120283930411399,82.53858091175118,1,1,1,0,0,0,0,71,-1,-1,75,1,0,4,0.2,0,0.0,0,0,75,0.0735465228213515,0.9576951879167495,5
Proposed smooth SAC,smooth,4,99,12099,enlarged_delay_only,2,0.1,0.0,0.0,0.0,1.0,1.0,1.0,0.19539344804534206,10.475630177230514,1,1,1,0,0,0,0,9,-1,-1,13,1,0,4,0.2,0,0.0,0,0,13,0.03893871492610898,1.5880142862729103,5
Proposed smooth SAC,smooth,0,0,12000,enlarged_delay_only,3,0.15000000000000002,0.0,0.0,0.0,1.0,1.0,1.0,1.4011169590411672,3.680448288035017,1,1,1,0,0,0,0,41,-1,-1,45,1,0,4,0.2,0,0.0,0,0,45,0.09485570288172397,0.5273255019227749,5
Proposed smooth SAC,smooth,0,1,12001,enlarged_delay_only,3,0.15000000000000002,0.0,0.0,0.0,1.0,1.0,1.0,1.8698938269216967,60.07772922240686,1,1,1,0,0,0,0,49,-1,-1,53,1,0,4,0.2,0,0.0,0,0,53,0.03846361835702548,1.0256706179188915,5
Proposed smooth SAC,smooth,0,2,12002,enlarged_delay_only,3,0.15000000000000002,0.0,0.0,0.0,1.0,1.0,1.0,1.5052862077716045,52.14187244464703,1,1,1,0,0,0,0,52,-1,-1,56,1,0,4,0.2,0,0.0,0,0,56,0.06612946168644188,1.3647071210531614,5
Proposed smooth SAC,smooth,0,3,12003,enlarged_delay_only,3,0.15000000000000002,0.0,0.0,0.0,1.0,1.0,1.0,1.11052274394814,63.72168295593285,1,1,1,0,0,0,0,43,-1,-1,47,1,0,4,0.2,0,0.0,0,0,47,0.0567534746263322,2.4889713061977754,5
Proposed smooth SAC,smooth,0,4,12004,enlarged_delay_only,3,0.15000000000000002,0.0,0.0,0.0,1.0,1.0,1.0,2.0622948587954135,27.609846144219087,1,1,1,0,0,0,0,64,-1,-1,68,1,0,4,0.2,0,0.0,0,0,68,0.06140031829423472,0.8373955463129908,5
Proposed smooth SAC,smooth,0,5,12005,enlarged_delay_only,3,0.15000000000000002,0.0,0.0,0.0,1.0,1.0,1.0,0.7836208893081577,86.33696522241115,1,1,1,0,0,0,0,47,-1,-1,51,1,0,4,0.2,0,0.0,0,0,51,0.04803860517210258,0.5536113248610103,5
Proposed smooth SAC,smooth,0,6,12006,enlarged_delay_only,3,0.15000000000000002,0.0,0.0,0.0,1.0,1.0,1.0,1.4039658384766267,70.50865751906693,1,1,1,0,0,0,0,55,-1,-1,59,1,0,4,0.2,0,0.0,0,0,59,0.0872797545467765,0.7851473205658908,5
Proposed smooth SAC,smooth,0,7,12007,enlarged_delay_only,3,0.15000000000000002,0.0,0.0,0.0,1.0,1.0,1.0,2.023389540687327,41.417218692919725,1,1,1,0,0,0,0,57,-1,-1,61,1,0,4,0.2,0,0.0,0,0,61,0.06928629896684504,0.5332027196210122,5
Proposed smooth SAC,smooth,0,8,12008,enlarged_delay_only,3,0.15000000000000002,0.0,0.0,0.0,1.0,1.0,1.0,0.6761041193866284,47.03972454974209,1,1,1,0,0,0,0,29,-1,-1,33,1,0,4,0.2,0,0.0,0,0,33,0.05758186137247644,1.8332663156873812,5
Proposed smooth SAC,smooth,0,9,12009,enlarged_delay_only,3,0.15000000000000002,0.0,0.0,0.0,1.0,1.0,1.0,0.8365610729382312,17.566701837686487,1,1,1,0,0,0,0,41,-1,-1,45,1,0,4,0.2,0,0.0,0,0,45,0.0412201103184122,4.862818493274516,5
Proposed smooth SAC,smooth,0,10,12010,enlarged_delay_only,3,0.15000000000000002,0.0,0.0,0.0,1.0,1.0,1.0,2.0882312594206844,67.10242168941406,1,1,1,0,0,0,0,62,-1,-1,66,1,0,4,0.2,0,0.0,0,0,66,0.03797724944651592,0.7738922360307675,5
Proposed smooth SAC,smooth,0,11,12011,enlarged_delay_only,3,0.15000000000000002,0.0,0.0,0.0,1.0,1.0,1.0,1.0363136503576447,39.13181690606595,1,1,1,0,0,0,0,33,-1,-1,37,1,0,4,0.2,0,0.0,0,0,37,0.05551288066296098,1.3294724162808869,5
Proposed smooth SAC,smooth,0,12,12012,enlarged_delay_only,3,0.15000000000000002,0.0,0.0,0.0,1.0,1.0,1.0,1.0633346171025668,74.10415106043168,1,1,1,0,0,0,0,42,-1,-1,46,1,0,4,0.2,0,0.0,0,0,46,0.07613711356583872,1.6928696428636534,5
Proposed smooth SAC,smooth,0,13,12013,enlarged_delay_only,3,0.15000000000000002,0.0,0.0,0.0,1.0,1.0,1.0,2.9321695975105375,64.82631579002067,1,1,1,0,0,0,0,66,-1,-1,70,1,0,4,0.2,0,0.0,0,0,70,0.057959959643674466,0.6335641852638573,5
Proposed smooth SAC,smooth,0,14,12014,enlarged_delay_only,3,0.15000000000000002,0.0,0.0,0.0,1.0,1.0,1.0,1.5727126782681156,69.85363554747353,1,1,1,0,0,0,0,52,-1,-1,56,1,0,4,0.2,0,0.0,0,0,56,0.02257750171162115,3.045638340299573,5
Proposed smooth SAC,smooth,0,15,12015,enlarged_delay_only,3,0.15000000000000002,0.0,0.0,0.0,1.0,1.0,1.0,1.7941221940119125,66.18821452938619,1,1,1,0,0,0,0,48,-1,-1,52,1,0,4,0.2,0,0.0,0,0,52,0.04830947735559484,0.6208216669544051,5
Proposed smooth SAC,smooth,0,16,12016,enlarged_delay_only,3,0.15000000000000002,0.0,0.0,0.0,1.0,1.0,1.0,2.0956191639967527,80.76412508613855,1,1,1,0,0,0,0,61,-1,-1,65,1,0,4,0.2,0,0.0,0,0,65,0.060836211244187165,0.2822415058340568,5
Proposed smooth SAC,smooth,0,17,12017,enlarged_delay_only,3,0.15000000000000002,0.0,0.0,0.0,1.0,1.0,1.0,2.3497476747776798,68.42664510531779,1,1,1,0,0,0,0,58,-1,-1,62,1,0,4,0.2,0,0.0,0,0,62,0.06353907768557676,1.7803836827602633,5
Proposed smooth SAC,smooth,0,18,12018,enlarged_delay_only,3,0.15000000000000002,0.0,0.0,0.0,1.0,1.0,1.0,1.3063656328926654,58.185179426044705,1,1,1,0,0,0,0,37,-1,-1,41,1,0,4,0.2,0,0.0,0,0,41,0.04521831934208282,3.0041327748172866,5
Proposed smooth SAC,smooth,0,19,12019,enlarged_delay_only,3,0.15000000000000002,0.0,0.0,0.0,1.0,1.0,1.0,1.569053725441394,46.92282244700273,1,1,1,0,0,0,0,56,-1,-1,60,1,0,4,0.2,0,0.0,0,0,60,0.053963791371009054,2.9590718824285966,5
Proposed smooth SAC,smooth,0,20,12020,enlarged_delay_only,3,0.15000000000000002,0.0,0.0,0.0,1.0,1.0,1.0,2.8509785660679805,57.54032760612546,1,1,0,1,0,1,1,69,73,80,84,2,1,15,0.75,11,0.55,0,0,84,0.042682843356668505,2.3806871946436856,5
Proposed smooth SAC,smooth,0,21,12021,enlarged_delay_only,3,0.15000000000000002,0.0,0.0,0.0,1.0,1.0,1.0,1.721321109839246,84.23015922197487,1,1,1,0,0,0,0,58,-1,-1,62,1,0,4,0.2,0,0.0,0,0,62,0.06037375854927459,1.7788859503413263,5
Proposed smooth SAC,smooth,0,22,12022,enlarged_delay_only,3,0.15000000000000002,0.0,0.0,0.0,1.0,1.0,1.0,2.0714459852992766,7.241713190147896,1,1,1,0,0,0,0,50,-1,-1,54,1,0,4,0.2,0,0.0,0,0,54,0.060896112010088266,1.872523041385441,5
Proposed smooth SAC,smooth,0,23,12023,enlarged_delay_only,3,0.15000000000000002,0.0,0.0,0.0,1.0,1.0,1.0,1.96706721911142,29.687929491648173,1,1,1,0,0,0,0,52,-1,-1,56,1,0,4,0.2,0,0.0,0,0,56,0.06526775101969716,2.926631898965621,5
Proposed smooth SAC,smooth,0,24,12024,enlarged_delay_only,3,0.15000000000000002,0.0,0.0,0.0,1.0,1.0,1.0,2.3296647946987346,59.32330750782227,1,1,1,0,0,0,0,64,-1,-1,68,1,0,4,0.2,0,0.0,0,0,68,0.059693563083709544,0.09049253598326425,5
Proposed smooth SAC,smooth,0,25,12025,enlarged_delay_only,3,0.15000000000000002,0.0,0.0,0.0,1.0,1.0,1.0,1.7406706115734212,29.68845883130885,1,1,1,0,0,0,0,52,-1,-1,56,1,0,4,0.2,0,0.0,0,0,56,0.0695123709741912,0.6956333692637895,5
Proposed smooth SAC,smooth,0,26,12026,enlarged_delay_only,3,0.15000000000000002,0.0,0.0,0.0,1.0,1.0,1.0,1.2890960116783232,58.822470226552745,1,1,1,0,0,0,0,53,-1,-1,57,1,0,4,0.2,0,0.0,0,0,57,0.047851328126758616,1.1142531555337851,5
Proposed smooth SAC,smooth,0,27,12027,enlarged_delay_only,3,0.15000000000000002,0.0,0.0,0.0,1.0,1.0,1.0,1.679512651290201,27.36887877784833,1,1,1,0,0,0,0,52,-1,-1,56,1,0,4,0.2,0,0.0,0,0,56,0.04063197836423558,1.1253293744900186,5
Proposed smooth SAC,smooth,0,28,12028,enlarged_delay_only,3,0.15000000000000002,0.0,0.0,0.0,1.0,1.0,1.0,2.161397968359572,63.816718208044406,1,1,1,0,0,0,0,60,-1,-1,64,1,0,4,0.2,0,0.0,0,0,64,0.07247123103108791,1.1344072295054946,5
Proposed smooth SAC,smooth,0,29,12029,enlarged_delay_only,3,0.15000000000000002,0.0,0.0,0.0,1.0,1.0,1.0,1.4273638277059564,34.274883047648224,1,1,1,0,0,0,0,49,-1,-1,53,1,0,4,0.2,0,0.0,0,0,53,0.06085747087677532,2.01648976871097,5
Proposed smooth SAC,smooth,0,30,12030,enlarged_delay_only,3,0.15000000000000002,0.0,0.0,0.0,1.0,1.0,1.0,1.7462896683471236,26.955215200955678,1,1,1,0,0,0,0,44,-1,-1,48,1,0,4,0.2,0,0.0,0,0,48,0.08416106815127776,0.9443702358979951,5
Proposed smooth SAC,smooth,0,31,12031,enlarged_delay_only,3,0.15000000000000002,0.0,0.0,0.0,1.0,1.0,1.0,0.831092090571535,57.81877392801937,1,1,1,0,0,0,0,36,-1,-1,40,1,0,4,0.2,0,0.0,0,0,40,0.08409642507705328,4.1762811750770386,5
Proposed smooth SAC,smooth,0,32,12032,enlarged_delay_only,3,0.15000000000000002,0.0,0.0,0.0,1.0,1.0,1.0,2.3622064651248813,65.6166711298287,1,1,1,0,0,0,0,64,-1,-1,68,1,0,4,0.2,0,0.0,0,0,68,0.06617775437637742,2.8023557532435928,5
Proposed smooth SAC,smooth,0,33,12033,enlarged_delay_only,3,0.15000000000000002,0.0,0.0,0.0,1.0,1.0,1.0,0.7030471412582213,16.83992189867294,1,1,1,0,0,0,0,29,-1,-1,33,1,0,4,0.2,0,0.0,0,0,33,0.029318227918856087,0.5041939990814689,5
Proposed smooth SAC,smooth,0,34,12034,enlarged_delay_only,3,0.15000000000000002,0.0,0.0,0.0,1.0,1.0,1.0,2.282842407805926,24.938362791888462,1,1,0,1,0,1,1,59,62,72,76,2,1,17,0.8500000000000001,13,0.65,0,0,76,0.053092525679635,2.327516306389252,5
Proposed smooth SAC,smooth,0,35,12035,enlarged_delay_only,3,0.15000000000000002,0.0,0.0,0.0,1.0,1.0,1.0,2.371908074838775,71.96116554796184,1,1,1,0,0,0,0,65,-1,-1,69,1,0,4,0.2,0,0.0,0,0,69,0.042936769939003465,1.714145788849949,5
Proposed smooth SAC,smooth,0,36,12036,enlarged_delay_only,3,0.15000000000000002,0.0,0.0,0.0,1.0,1.0,1.0,0.8829462334714887,87.90779944848737,1,1,1,0,0,0,0,44,-1,-1,48,1,0,4,0.2,0,0.0,0,0,48,0.06858076095692336,1.7599597095946327,5
Proposed smooth SAC,smooth,0,37,12037,enlarged_delay_only,3,0.15000000000000002,0.0,0.0,0.0,1.0,1.0,1.0,0.817844285721509,43.45796651879823,1,1,1,0,0,0,0,29,-1,-1,33,1,0,4,0.2,0,0.0,0,0,33,0.07029369358705415,1.212436377800778,5
Proposed smooth SAC,smooth,0,38,12038,enlarged_delay_only,3,0.15000000000000002,0.0,0.0,0.0,1.0,1.0,1.0,1.5743284929286714,57.88825061225674,1,1,1,0,0,0,0,43,-1,-1,47,1,0,4,0.2,0,0.0,0,0,47,0.05796344978556076,1.0277923521515324,5
Proposed smooth SAC,smooth,0,39,12039,enlarged_delay_only,3,0.15000000000000002,0.0,0.0,0.0,1.0,1.0,1.0,0.8994689163493125,9.298986658723248,1,1,1,0,0,0,0,44,-1,-1,48,1,0,4,0.2,0,0.0,0,0,48,0.07199747831388453,1.3439931850129225,5
Proposed smooth SAC,smooth,0,40,12040,enlarged_delay_only,3,0.15000000000000002,0.0,0.0,0.0,1.0,1.0,1.0,1.8657719186487738,68.44804408798744,1,1,1,0,0,0,0,56,-1,-1,60,1,0,4,0.2,0,0.0,0,0,60,0.0700422682491095,2.981505852200915,5
Proposed smooth SAC,smooth,0,41,12041,enlarged_delay_only,3,0.15000000000000002,0.0,0.0,0.0,1.0,1.0,1.0,2.1801507199074694,36.011752342258276,1,1,1,0,0,0,0,48,-1,-1,52,1,0,4,0.2,0,0.0,0,0,52,0.09329032679589273,1.3190738801563657,5
Proposed smooth SAC,smooth,0,42,12042,enlarged_delay_only,3,0.15000000000000002,0.0,0.0,0.0,1.0,1.0,1.0,2.890509486387824,8.39370570216694,1,1,1,0,0,0,0,76,-1,-1,80,1,0,4,0.2,0,0.0,0,0,80,0.08025277140344678,1.076374100335658,5
Proposed smooth SAC,smooth,0,43,12043,enlarged_delay_only,3,0.15000000000000002,0.0,0.0,0.0,1.0,1.0,1.0,1.4295379479494126,86.66219834011966,1,1,1,0,0,0,0,57,-1,-1,61,1,0,4,0.2,0,0.0,0,0,61,0.057750251020032985,1.1875656313203518,5
Proposed smooth SAC,smooth,0,44,12044,enlarged_delay_only,3,0.15000000000000002,0.0,0.0,0.0,1.0,1.0,1.0,1.4633774253790757,25.79388667411487,1,1,1,0,0,0,0,44,-1,-1,48,1,0,4,0.2,0,0.0,0,0,48,0.05842072537340022,0.023694926746765935,5
Proposed smooth SAC,smooth,0,45,12045,enlarged_delay_only,3,0.15000000000000002,0.0,0.0,0.0,1.0,1.0,1.0,2.7817081294799144,45.277112272150255,1,1,1,0,0,0,0,64,-1,-1,68,1,0,4,0.2,0,0.0,0,0,68,0.058895753733101866,2.8176372342944385,5
Proposed smooth SAC,smooth,0,46,12046,enlarged_delay_only,3,0.15000000000000002,0.0,0.0,0.0,1.0,1.0,1.0,2.448255495287487,6.5296484668143195,1,1,1,0,0,0,0,61,-1,-1,65,1,0,4,0.2,0,0.0,0,0,65,0.0766542168328667,3.5373430183185564,5
Proposed smooth SAC,smooth,0,47,12047,enlarged_delay_only,3,0.15000000000000002,0.0,0.0,0.0,1.0,1.0,1.0,2.0375889749407565,48.300679923363994,1,1,1,0,0,0,0,60,-1,-1,64,1,0,4,0.2,0,0.0,0,0,64,0.07622877618913691,0.002197592104486779,5
Proposed smooth SAC,smooth,0,48,12048,enlarged_delay_only,3,0.15000000000000002,0.0,0.0,0.0,1.0,1.0,1.0,1.595910055499794,38.132652438046875,1,1,1,0,0,0,0,46,-1,-1,50,1,0,4,0.2,0,0.0,0,0,50,0.04161148087574785,1.077830318011046,5
Proposed smooth SAC,smooth,0,49,12049,enlarged_delay_only,3,0.15000000000000002,0.0,0.0,0.0,1.0,1.0,1.0,1.5300451933387877,9.115019782297185,1,1,1,0,0,0,0,51,-1,-1,55,1,0,4,0.2,0,0.0,0,0,55,0.0703243937039862,1.778777200923135,5
Proposed smooth SAC,smooth,0,50,12050,enlarged_delay_only,3,0.15000000000000002,0.0,0.0,0.0,1.0,1.0,1.0,2.262693545269486,73.02772690761601,1,1,1,0,0,0,0,61,-1,-1,65,1,0,4,0.2,0,0.0,0,0,65,0.042667258263670106,2.100002705136127,5
Proposed smooth SAC,smooth,0,51,12051,enlarged_delay_only,3,0.15000000000000002,0.0,0.0,0.0,1.0,1.0,1.0,1.6263518811985,35.99433194478016,1,1,1,0,0,0,0,52,-1,-1,56,1,0,4,0.2,0,0.0,0,0,56,0.05443430201626416,3.9471513803115594,5
Proposed smooth SAC,smooth,0,52,12052,enlarged_delay_only,3,0.15000000000000002,0.0,0.0,0.0,1.0,1.0,1.0,0.7048587995105587,83.91519870877808,1,1,1,0,0,0,0,38,-1,-1,42,1,0,4,0.2,0,0.0,0,0,42,0.061113571369610716,2.772086062389389,5
Proposed smooth SAC,smooth,0,53,12053,enlarged_delay_only,3,0.15000000000000002,0.0,0.0,0.0,1.0,1.0,1.0,1.470188620244381,45.138920469767974,1,1,1,0,0,0,0,41,-1,-1,45,1,0,4,0.2,0,0.0,0,0,45,0.03356288509593585,3.2674739199183014,5
Proposed smooth SAC,smooth,0,54,12054,enlarged_delay_only,3,0.15000000000000002,0.0,0.0,0.0,1.0,1.0,1.0,2.2790002868522827,82.51781713667434,1,1,1,0,0,0,0,69,-1,-1,73,1,0,4,0.2,0,0.0,0,0,73,0.08458798639767479,4.928901000381213,5
Proposed smooth SAC,smooth,0,55,12055,enlarged_delay_only,3,0.15000000000000002,0.0,0.0,0.0,1.0,1.0,1.0,2.8850994760210127,23.46271066699096,1,1,1,0,0,0,0,75,-1,-1,79,1,0,4,0.2,0,0.0,0,0,79,0.08514676107801634,2.5406920599140506,5
Proposed smooth SAC,smooth,0,56,12056,enlarged_delay_only,3,0.15000000000000002,0.0,0.0,0.0,1.0,1.0,1.0,1.826905546699788,11.925707512554547,1,1,1,0,0,0,0,55,-1,-1,59,1,0,4,0.2,0,0.0,0,0,59,0.06411393694982281,1.7040377492085648,5
Proposed smooth SAC,smooth,0,57,12057,enlarged_delay_only,3,0.15000000000000002,0.0,0.0,0.0,1.0,1.0,1.0,1.7691751722646727,27.276807827836556,1,1,1,0,0,0,0,52,-1,-1,56,1,0,4,0.2,0,0.0,0,0,56,0.05760795193721638,1.629339492072426,5
Proposed smooth SAC,smooth,0,58,12058,enlarged_delay_only,3,0.15000000000000002,0.0,0.0,0.0,1.0,1.0,1.0,2.3268545695420997,62.93145738971906,1,1,1,0,0,0,0,66,-1,-1,70,1,0,4,0.2,0,0.0,0,0,70,0.03294950973809479,0.4514148328481061,5
Proposed smooth SAC,smooth,0,59,12059,enlarged_delay_only,3,0.15000000000000002,0.0,0.0,0.0,1.0,1.0,1.0,2.1903482121613216,54.840688506488746,1,1,1,0,0,0,0,65,-1,-1,69,1,0,4,0.2,0,0.0,0,0,69,0.0697948090803693,1.8689497852324666,5
Proposed smooth SAC,smooth,0,60,12060,enlarged_delay_only,3,0.15000000000000002,0.0,0.0,0.0,1.0,1.0,1.0,1.0973360553047116,33.91806713521758,1,1,1,0,0,0,0,43,-1,-1,47,1,0,4,0.2,0,0.0,0,0,47,0.0544420113039092,0.26413947682111316,5
Proposed smooth SAC,smooth,0,61,12061,enlarged_delay_only,3,0.15000000000000002,0.0,0.0,0.0,1.0,1.0,1.0,1.936928029361262,42.58082679539602,1,1,1,0,0,0,0,47,-1,-1,51,1,0,4,0.2,0,0.0,0,0,51,0.07883181525497923,1.3560191204289052,5
Proposed smooth SAC,smooth,0,62,12062,enlarged_delay_only,3,0.15000000000000002,0.0,0.0,0.0,1.0,1.0,1.0,1.8981880108378766,55.958209907540386,1,1,1,0,0,0,0,51,-1,-1,55,1,0,4,0.2,0,0.0,0,0,55,0.06056433051098706,0.009705101002283077,5
Proposed smooth SAC,smooth,0,63,12063,enlarged_delay_only,3,0.15000000000000002,0.0,0.0,0.0,1.0,1.0,1.0,1.3410819077846639,71.65242733709893,1,1,1,0,0,0,0,47,-1,-1,51,1,0,4,0.2,0,0.0,0,0,51,0.07123044841822479,0.14621826183282643,5
Proposed smooth SAC,smooth,0,64,12064,enlarged_delay_only,3,0.15000000000000002,0.0,0.0,0.0,1.0,1.0,1.0,3.236122857778983,77.84361815931113,1,1,1,0,0,0,0,82,-1,-1,86,1,0,4,0.2,0,0.0,0,0,86,0.08595209157820949,0.792215552500649,5
Proposed smooth SAC,smooth,0,65,12065,enlarged_delay_only,3,0.15000000000000002,0.0,0.0,0.0,1.0,1.0,1.0,2.27680658754703,16.046224888813487,1,1,1,0,0,0,0,55,-1,-1,59,1,0,4,0.2,0,0.0,0,0,59,0.08394685829290784,0.28132906193005186,5
Proposed smooth SAC,smooth,0,66,12066,enlarged_delay_only,3,0.15000000000000002,0.0,0.0,0.0,1.0,1.0,1.0,0.7254567305431476,42.00001141404023,1,1,1,0,0,0,0,30,-1,-1,34,1,0,4,0.2,0,0.0,0,0,34,0.07213114946315644,2.233582849168182,5
Proposed smooth SAC,smooth,0,67,12067,enlarged_delay_only,3,0.15000000000000002,0.0,0.0,0.0,1.0,1.0,1.0,1.5334421939190404,11.645351299013972,1,1,1,0,0,0,0,47,-1,-1,51,1,0,4,0.2,0,0.0,0,0,51,0.037594460261048956,3.2629766672366713,5
Proposed smooth SAC,smooth,0,68,12068,enlarged_delay_only,3,0.15000000000000002,0.0,0.0,0.0,1.0,1.0,1.0,1.8681160247703945,59.46436457456137,1,1,1,0,0,0,0,51,-1,-1,55,1,0,4,0.2,0,0.0,0,0,55,0.06791248072306943,0.21385815879199163,5
Proposed smooth SAC,smooth,0,69,12069,enlarged_delay_only,3,0.15000000000000002,0.0,0.0,0.0,1.0,1.0,1.0,1.886519728757838,51.09646759594697,1,1,1,0,0,0,0,57,-1,-1,61,1,0,4,0.2,0,0.0,0,0,61,0.05065014314442816,0.07323890451064347,5
Proposed smooth SAC,smooth,0,70,12070,enlarged_delay_only,3,0.15000000000000002,0.0,0.0,0.0,1.0,1.0,1.0,1.6986806001597525,76.52323330972095,1,1,1,0,0,0,0,45,-1,-1,49,1,0,4,0.2,0,0.0,0,0,49,0.06957693964719504,3.640734579992801,5
Proposed smooth SAC,smooth,0,71,12071,enlarged_delay_only,3,0.15000000000000002,0.0,0.0,0.0,1.0,1.0,1.0,2.6459208153503964,67.50779341665432,1,1,1,0,0,0,0,74,-1,-1,78,1,0,4,0.2,0,0.0,0,0,78,0.055082750826083576,3.5876862082566046,5
Proposed smooth SAC,smooth,0,72,12072,enlarged_delay_only,3,0.15000000000000002,0.0,0.0,0.0,1.0,1.0,1.0,0.48175087121353316,49.596093601348606,1,1,1,0,0,0,0,23,-1,-1,27,1,0,4,0.2,0,0.0,0,0,27,0.07664366827359868,2.104229098128484,5
Proposed smooth SAC,smooth,0,73,12073,enlarged_delay_only,3,0.15000000000000002,0.0,0.0,0.0,1.0,1.0,1.0,1.3565823895626754,84.90849262920553,1,1,1,0,0,0,0,54,-1,-1,58,1,0,4,0.2,0,0.0,0,0,58,0.0739425228413483,4.332546938663644,5
Proposed smooth SAC,smooth,0,74,12074,enlarged_delay_only,3,0.15000000000000002,0.0,0.0,0.0,1.0,1.0,1.0,2.034268978334935,63.584860606479154,1,1,1,0,0,0,0,55,-1,-1,59,1,0,4,0.2,0,0.0,0,0,59,0.08369576777796388,0.8431354131758875,5
Proposed smooth SAC,smooth,0,75,12075,enlarged_delay_only,3,0.15000000000000002,0.0,0.0,0.0,1.0,1.0,1.0,2.7867133802887056,59.621185717904865,1,1,1,0,0,0,0,78,-1,-1,82,1,0,4,0.2,0,0.0,0,0,82,0.07367804781312372,1.0920946344840887,5
Proposed smooth SAC,smooth,0,76,12076,enlarged_delay_only,3,0.15000000000000002,0.0,0.0,0.0,1.0,1.0,1.0,1.4672375160200708,30.3721436917542,1,1,1,0,0,0,0,40,-1,-1,44,1,0,4,0.2,0,0.0,0,0,44,0.07137502278413133,1.3081873056713058,5
Proposed smooth SAC,smooth,0,77,12077,enlarged_delay_only,3,0.15000000000000002,0.0,0.0,0.0,1.0,1.0,1.0,1.9775577095396648,51.41426263764932,1,1,1,0,0,0,0,58,-1,-1,62,1,0,4,0.2,0,0.0,0,0,62,0.05010172207357531,0.9432926668347198,5
Proposed smooth SAC,smooth,0,78,12078,enlarged_delay_only,3,0.15000000000000002,0.0,0.0,0.0,1.0,1.0,1.0,2.327760709820301,60.008956047653996,1,1,1,0,0,0,0,59,-1,-1,63,1,0,4,0.2,0,0.0,0,0,63,0.054506354174639136,1.7340111806075196,5
Proposed smooth SAC,smooth,0,79,12079,enlarged_delay_only,3,0.15000000000000002,0.0,0.0,0.0,1.0,1.0,1.0,1.5278991276633485,40.17317828277736,1,1,1,0,0,0,0,51,-1,-1,55,1,0,4,0.2,0,0.0,0,0,55,0.04324734560515209,0.0670146344953115,5
Proposed smooth SAC,smooth,0,80,12080,enlarged_delay_only,3,0.15000000000000002,0.0,0.0,0.0,1.0,1.0,1.0,2.3192768073204557,47.36251928991689,1,1,1,0,0,0,0,64,-1,-1,68,1,0,4,0.2,0,0.0,0,0,68,0.05208715720774622,0.9673658820078412,5
Proposed smooth SAC,smooth,0,81,12081,enlarged_delay_only,3,0.15000000000000002,0.0,0.0,0.0,1.0,1.0,1.0,2.348060423688873,77.305474384795,1,1,1,0,0,0,0,68,-1,-1,72,1,0,4,0.2,0,0.0,0,0,72,0.0375915335830551,3.081904510358225,5
Proposed smooth SAC,smooth,0,82,12082,enlarged_delay_only,3,0.15000000000000002,0.0,0.0,0.0,1.0,1.0,1.0,1.657062365864348,55.61082307125895,1,1,1,0,0,0,0,49,-1,-1,53,1,0,4,0.2,0,0.0,0,0,53,0.0499561224898372,3.533867732691489,5
Proposed smooth SAC,smooth,0,83,12083,enlarged_delay_only,3,0.15000000000000002,0.0,0.0,0.0,1.0,1.0,1.0,1.7829506075254924,2.609497891508878,1,1,1,0,0,0,0,52,-1,-1,56,1,0,4,0.2,0,0.0,0,0,56,0.04897570466061375,0.3742516778343862,5
Proposed smooth SAC,smooth,0,84,12084,enlarged_delay_only,3,0.15000000000000002,0.0,0.0,0.0,1.0,1.0,1.0,1.6404890956693123,1.3837049720644343,1,1,0,1,0,1,1,47,49,57,61,2,1,14,0.7000000000000001,10,0.5,0,0,61,0.05907151293764943,2.10655563131452,5
Proposed smooth SAC,smooth,0,85,12085,enlarged_delay_only,3,0.15000000000000002,0.0,0.0,0.0,1.0,1.0,1.0,2.497746521837666,36.904581010184,1,1,1,0,0,0,0,54,-1,-1,58,1,0,4,0.2,0,0.0,0,0,58,0.09005309959405829,2.356781532548641,5
Proposed smooth SAC,smooth,0,86,12086,enlarged_delay_only,3,0.15000000000000002,0.0,0.0,0.0,1.0,1.0,1.0,1.8263883792562778,0.33389918702221527,1,1,1,0,0,0,0,48,-1,-1,52,1,0,4,0.2,0,0.0,0,0,52,0.08282260436835759,0.7794137502836352,5
Proposed smooth SAC,smooth,0,87,12087,enlarged_delay_only,3,0.15000000000000002,0.0,0.0,0.0,1.0,1.0,1.0,2.03592606033529,9.710697655286923,1,1,1,0,0,0,0,57,-1,-1,61,1,0,4,0.2,0,0.0,0,0,61,0.07610721507197196,0.6550267207093001,5
Proposed smooth SAC,smooth,0,88,12088,enlarged_delay_only,3,0.15000000000000002,0.0,0.0,0.0,1.0,1.0,1.0,2.799243954274032,20.695729317232512,1,1,1,0,0,0,0,58,-1,-1,62,1,0,4,0.2,0,0.0,0,0,62,0.04412735993627554,0.2711706229631124,5
Proposed smooth SAC,smooth,0,89,12089,enlarged_delay_only,3,0.15000000000000002,0.0,0.0,0.0,1.0,1.0,1.0,1.9684957245170929,46.29750155301514,1,1,1,0,0,0,0,60,-1,-1,64,1,0,4,0.2,0,0.0,0,0,64,0.07169828251116332,1.0468263818210655,5
Proposed smooth SAC,smooth,0,90,12090,enlarged_delay_only,3,0.15000000000000002,0.0,0.0,0.0,1.0,1.0,1.0,1.911320050192248,50.27198521595098,1,1,1,0,0,0,0,48,-1,-1,52,1,0,4,0.2,0,0.0,0,0,52,0.03936102463440387,2.026746364966802,5
Proposed smooth SAC,smooth,0,91,12091,enlarged_delay_only,3,0.15000000000000002,0.0,0.0,0.0,1.0,1.0,1.0,2.127844865867529,32.123072930770725,1,1,1,0,0,0,0,65,-1,-1,69,1,0,4,0.2,0,0.0,0,0,69,0.06623004229475168,1.600195395049099,5
Proposed smooth SAC,smooth,0,92,12092,enlarged_delay_only,3,0.15000000000000002,0.0,0.0,0.0,1.0,1.0,1.0,2.1800958407414126,47.35001662864118,1,1,1,0,0,0,0,60,-1,-1,64,1,0,4,0.2,0,0.0,0,0,64,0.06577406852592457,2.077300650438886,5
Proposed smooth SAC,smooth,0,93,12093,enlarged_delay_only,3,0.15000000000000002,0.0,0.0,0.0,1.0,1.0,1.0,3.259884867767638,59.350430189016386,1,1,1,0,0,0,0,81,-1,-1,85,1,0,4,0.2,0,0.0,0,0,85,0.04897236205145559,1.6880557468809696,5
Proposed smooth SAC,smooth,0,94,12094,enlarged_delay_only,3,0.15000000000000002,0.0,0.0,0.0,1.0,1.0,1.0,0.7611576363914472,18.846404373032783,1,1,1,0,0,0,0,27,-1,-1,31,1,0,4,0.2,0,0.0,0,0,31,0.05876089189784702,0.7621248339470406,5
Proposed smooth SAC,smooth,0,95,12095,enlarged_delay_only,3,0.15000000000000002,0.0,0.0,0.0,1.0,1.0,1.0,2.315981959981536,11.583421973809466,1,1,1,0,0,0,0,59,-1,-1,63,1,0,4,0.2,0,0.0,0,0,63,0.03724190942156397,1.055869765725574,5
Proposed smooth SAC,smooth,0,96,12096,enlarged_delay_only,3,0.15000000000000002,0.0,0.0,0.0,1.0,1.0,1.0,2.6433593115574596,23.402961879678983,1,1,1,0,0,0,0,57,-1,-1,61,1,0,4,0.2,0,0.0,0,0,61,0.051439288943671446,0.49875300635561326,5
Proposed smooth SAC,smooth,0,97,12097,enlarged_delay_only,3,0.15000000000000002,0.0,0.0,0.0,1.0,1.0,1.0,2.517006739513531,35.98333875531102,1,1,1,0,0,0,0,66,-1,-1,70,1,0,4,0.2,0,0.0,0,0,70,0.05248152226356336,0.8638059668427261,5
Proposed smooth SAC,smooth,0,98,12098,enlarged_delay_only,3,0.15000000000000002,0.0,0.0,0.0,1.0,1.0,1.0,3.120283930411399,82.53858091175118,1,1,0,1,0,1,1,67,68,82,86,2,1,19,0.9500000000000001,15,0.75,0,0,86,0.05286876756589115,3.486738146757932,5
Proposed smooth SAC,smooth,0,99,12099,enlarged_delay_only,3,0.15000000000000002,0.0,0.0,0.0,1.0,1.0,1.0,0.19539344804534206,10.475630177230514,1,1,1,0,0,0,0,16,-1,-1,20,1,0,4,0.2,0,0.0,0,0,20,0.04077487189656272,0.8818977505719148,5
Proposed smooth SAC,smooth,1,0,12000,enlarged_delay_only,3,0.15000000000000002,0.0,0.0,0.0,1.0,1.0,1.0,1.4011169590411672,3.680448288035017,1,1,1,0,0,0,0,39,-1,-1,43,1,0,4,0.2,0,0.0,0,0,43,0.02163640515558652,1.8785995618692253,5
Proposed smooth SAC,smooth,1,1,12001,enlarged_delay_only,3,0.15000000000000002,0.0,0.0,0.0,1.0,1.0,1.0,1.8698938269216967,60.07772922240686,1,1,0,1,0,1,1,46,50,68,72,2,1,26,1.3,22,1.1,0,0,72,0.08298586906160264,1.886121734579525,5
Proposed smooth SAC,smooth,1,2,12002,enlarged_delay_only,3,0.15000000000000002,0.0,0.0,0.0,1.0,1.0,1.0,1.5052862077716045,52.14187244464703,1,1,1,0,0,0,0,55,-1,-1,59,1,0,4,0.2,0,0.0,0,0,59,0.05349400314989814,1.1205129171863961,5
Proposed smooth SAC,smooth,1,3,12003,enlarged_delay_only,3,0.15000000000000002,0.0,0.0,0.0,1.0,1.0,1.0,1.11052274394814,63.72168295593285,1,1,1,0,0,0,0,35,-1,-1,39,1,0,4,0.2,0,0.0,0,0,39,0.05953588244798177,0.27759508288817053,5
Proposed smooth SAC,smooth,1,4,12004,enlarged_delay_only,3,0.15000000000000002,0.0,0.0,0.0,1.0,1.0,1.0,2.0622948587954135,27.609846144219087,1,1,1,0,0,0,0,56,-1,-1,60,1,0,4,0.2,0,0.0,0,0,60,0.06499729083029994,2.3899862837552464,5
Proposed smooth SAC,smooth,1,5,12005,enlarged_delay_only,3,0.15000000000000002,0.0,0.0,0.0,1.0,1.0,1.0,0.7836208893081577,86.33696522241115,1,1,1,0,0,0,0,39,-1,-1,43,1,0,4,0.2,0,0.0,0,0,43,0.07163658029728344,2.4261239608801377,5
Proposed smooth SAC,smooth,1,6,12006,enlarged_delay_only,3,0.15000000000000002,0.0,0.0,0.0,1.0,1.0,1.0,1.4039658384766267,70.50865751906693,1,1,1,0,0,0,0,64,-1,-1,68,1,0,4,0.2,0,0.0,0,0,68,0.08908977179750464,3.368348556883397,5
Proposed smooth SAC,smooth,1,7,12007,enlarged_delay_only,3,0.15000000000000002,0.0,0.0,0.0,1.0,1.0,1.0,2.023389540687327,41.417218692919725,1,1,1,0,0,0,0,53,-1,-1,57,1,0,4,0.2,0,0.0,0,0,57,0.0550424639489715,1.0631279089357704,5
Proposed smooth SAC,smooth,1,8,12008,enlarged_delay_only,3,0.15000000000000002,0.0,0.0,0.0,1.0,1.0,1.0,0.6761041193866284,47.03972454974209,1,1,1,0,0,0,0,35,-1,-1,39,1,0,4,0.2,0,0.0,0,0,39,0.04617483592611237,3.608099509251657,5
Proposed smooth SAC,smooth,1,9,12009,enlarged_delay_only,3,0.15000000000000002,0.0,0.0,0.0,1.0,1.0,1.0,0.8365610729382312,17.566701837686487,1,1,1,0,0,0,0,42,-1,-1,46,1,0,4,0.2,0,0.0,0,0,46,0.03672870463194432,1.534934965242037,5
Proposed smooth SAC,smooth,1,10,12010,enlarged_delay_only,3,0.15000000000000002,0.0,0.0,0.0,1.0,1.0,1.0,2.0882312594206844,67.10242168941406,1,1,1,0,0,0,0,55,-1,-1,59,1,0,4,0.2,0,0.0,0,0,59,0.057531740184254915,0.8105492209759912,5
Proposed smooth SAC,smooth,1,11,12011,enlarged_delay_only,3,0.15000000000000002,0.0,0.0,0.0,1.0,1.0,1.0,1.0363136503576447,39.13181690606595,1,1,1,0,0,0,0,47,-1,-1,51,1,0,4,0.2,0,0.0,0,0,51,0.0389143576903121,0.8000075176831642,5
Proposed smooth SAC,smooth,1,12,12012,enlarged_delay_only,3,0.15000000000000002,0.0,0.0,0.0,1.0,1.0,1.0,1.0633346171025668,74.10415106043168,1,1,1,0,0,0,0,48,-1,-1,52,1,0,4,0.2,0,0.0,0,0,52,0.026582494275710886,3.0956995714909468,5
Proposed smooth SAC,smooth,1,13,12013,enlarged_delay_only,3,0.15000000000000002,0.0,0.0,0.0,1.0,1.0,1.0,2.9321695975105375,64.82631579002067,1,1,1,0,0,0,0,65,-1,-1,69,1,0,4,0.2,0,0.0,0,0,69,0.04421176928032088,0.7112285054079269,5
Proposed smooth SAC,smooth,1,14,12014,enlarged_delay_only,3,0.15000000000000002,0.0,0.0,0.0,1.0,1.0,1.0,1.5727126782681156,69.85363554747353,1,1,1,0,0,0,0,54,-1,-1,58,1,0,4,0.2,0,0.0,0,0,58,0.05654410413121246,1.0403523229832454,5
Proposed smooth SAC,smooth,1,15,12015,enlarged_delay_only,3,0.15000000000000002,0.0,0.0,0.0,1.0,1.0,1.0,1.7941221940119125,66.18821452938619,1,1,1,0,0,0,0,57,-1,-1,61,1,0,4,0.2,0,0.0,0,0,61,0.04405544994643357,0.18594225517943716,5
Proposed smooth SAC,smooth,1,16,12016,enlarged_delay_only,3,0.15000000000000002,0.0,0.0,0.0,1.0,1.0,1.0,2.0956191639967527,80.76412508613855,1,1,0,1,0,1,1,50,51,70,74,2,1,24,1.2000000000000002,20,1.0,0,0,74,0.054672007673891625,1.5512534611079611,5
Proposed smooth SAC,smooth,1,17,12017,enlarged_delay_only,3,0.15000000000000002,0.0,0.0,0.0,1.0,1.0,1.0,2.3497476747776798,68.42664510531779,1,1,1,0,0,0,0,64,-1,-1,68,1,0,4,0.2,0,0.0,0,0,68,0.060923017563596533,2.5952667654863335,5
Proposed smooth SAC,smooth,1,18,12018,enlarged_delay_only,3,0.15000000000000002,0.0,0.0,0.0,1.0,1.0,1.0,1.3063656328926654,58.185179426044705,1,1,1,0,0,0,0,36,-1,-1,40,1,0,4,0.2,0,0.0,0,0,40,0.018200890267993083,4.9420491145334875,5
Proposed smooth SAC,smooth,1,19,12019,enlarged_delay_only,3,0.15000000000000002,0.0,0.0,0.0,1.0,1.0,1.0,1.569053725441394,46.92282244700273,1,1,1,0,0,0,0,58,-1,-1,62,1,0,4,0.2,0,0.0,0,0,62,0.042499451781224426,0.597543261685091,5
Proposed smooth SAC,smooth,1,20,12020,enlarged_delay_only,3,0.15000000000000002,0.0,0.0,0.0,1.0,1.0,1.0,2.8509785660679805,57.54032760612546,1,1,1,0,0,0,0,84,-1,-1,88,1,0,4,0.2,0,0.0,0,0,88,0.06088302186183647,0.38244907877716505,5
Proposed smooth SAC,smooth,1,21,12021,enlarged_delay_only,3,0.15000000000000002,0.0,0.0,0.0,1.0,1.0,1.0,1.721321109839246,84.23015922197487,1,1,1,0,0,0,0,53,-1,-1,57,1,0,4,0.2,0,0.0,0,0,57,0.07243663659926622,0.18445957052101547,5
Proposed smooth SAC,smooth,1,22,12022,enlarged_delay_only,3,0.15000000000000002,0.0,0.0,0.0,1.0,1.0,1.0,2.0714459852992766,7.241713190147896,1,1,1,0,0,0,0,55,-1,-1,59,1,0,4,0.2,0,0.0,0,0,59,0.07919273926562378,3.3597899029665474,5
Proposed smooth SAC,smooth,1,23,12023,enlarged_delay_only,3,0.15000000000000002,0.0,0.0,0.0,1.0,1.0,1.0,1.96706721911142,29.687929491648173,1,1,1,0,0,0,0,51,-1,-1,55,1,0,4,0.2,0,0.0,0,0,55,0.06165524745718463,0.5335720300838689,5
Proposed smooth SAC,smooth,1,24,12024,enlarged_delay_only,3,0.15000000000000002,0.0,0.0,0.0,1.0,1.0,1.0,2.3296647946987346,59.32330750782227,1,1,1,0,0,0,0,63,-1,-1,67,1,0,4,0.2,0,0.0,0,0,67,0.08361801008510306,3.319140885894863,5
Proposed smooth SAC,smooth,1,25,12025,enlarged_delay_only,3,0.15000000000000002,0.0,0.0,0.0,1.0,1.0,1.0,1.7406706115734212,29.68845883130885,1,1,1,0,0,0,0,55,-1,-1,59,1,0,4,0.2,0,0.0,0,0,59,0.07933672226089133,2.4627555460593853,5
Proposed smooth SAC,smooth,1,26,12026,enlarged_delay_only,3,0.15000000000000002,0.0,0.0,0.0,1.0,1.0,1.0,1.2890960116783232,58.822470226552745,1,1,1,0,0,0,0,50,-1,-1,54,1,0,4,0.2,0,0.0,0,0,54,0.07800054104877334,1.1828999717869983,5
Proposed smooth SAC,smooth,1,27,12027,enlarged_delay_only,3,0.15000000000000002,0.0,0.0,0.0,1.0,1.0,1.0,1.679512651290201,27.36887877784833,1,1,1,0,0,0,0,59,-1,-1,63,1,0,4,0.2,0,0.0,0,0,63,0.040072142579418164,2.5174175499869973,5
Proposed smooth SAC,smooth,1,28,12028,enlarged_delay_only,3,0.15000000000000002,0.0,0.0,0.0,1.0,1.0,1.0,2.161397968359572,63.816718208044406,1,1,1,0,0,0,0,56,-1,-1,60,1,0,4,0.2,0,0.0,0,0,60,0.05252894292558308,2.7410138243077085,5
Proposed smooth SAC,smooth,1,29,12029,enlarged_delay_only,3,0.15000000000000002,0.0,0.0,0.0,1.0,1.0,1.0,1.4273638277059564,34.274883047648224,1,1,1,0,0,0,0,58,-1,-1,62,1,0,4,0.2,0,0.0,0,0,62,0.04021045209864013,0.46228940114126554,5
Proposed smooth SAC,smooth,1,30,12030,enlarged_delay_only,3,0.15000000000000002,0.0,0.0,0.0,1.0,1.0,1.0,1.7462896683471236,26.955215200955678,1,1,1,0,0,0,0,48,-1,-1,52,1,0,4,0.2,0,0.0,0,0,52,0.07425437963488976,0.7669135969680128,5
Proposed smooth SAC,smooth,1,31,12031,enlarged_delay_only,3,0.15000000000000002,0.0,0.0,0.0,1.0,1.0,1.0,0.831092090571535,57.81877392801937,1,1,1,0,0,0,0,35,-1,-1,39,1,0,4,0.2,0,0.0,0,0,39,0.046878055657623686,2.096585476117005,5
Proposed smooth SAC,smooth,1,32,12032,enlarged_delay_only,3,0.15000000000000002,0.0,0.0,0.0,1.0,1.0,1.0,2.3622064651248813,65.6166711298287,1,1,1,0,0,0,0,57,-1,-1,61,1,0,4,0.2,0,0.0,0,0,61,0.04255364933394207,0.7919976801382962,5
Proposed smooth SAC,smooth,1,33,12033,enlarged_delay_only,3,0.15000000000000002,0.0,0.0,0.0,1.0,1.0,1.0,0.7030471412582213,16.83992189867294,1,1,1,0,0,0,0,39,-1,-1,43,1,0,4,0.2,0,0.0,0,0,43,0.047444251913873185,2.45952081115715,5
Proposed smooth SAC,smooth,1,34,12034,enlarged_delay_only,3,0.15000000000000002,0.0,0.0,0.0,1.0,1.0,1.0,2.282842407805926,24.938362791888462,1,1,1,0,0,0,0,80,-1,-1,84,1,0,4,0.2,0,0.0,0,0,84,0.059420525294482836,1.1450372450098558,5
Proposed smooth SAC,smooth,1,35,12035,enlarged_delay_only,3,0.15000000000000002,0.0,0.0,0.0,1.0,1.0,1.0,2.371908074838775,71.96116554796184,1,1,1,0,0,0,0,57,-1,-1,61,1,0,4,0.2,0,0.0,0,0,61,0.06269930294549729,0.9897129803116536,5
Proposed smooth SAC,smooth,1,36,12036,enlarged_delay_only,3,0.15000000000000002,0.0,0.0,0.0,1.0,1.0,1.0,0.8829462334714887,87.90779944848737,1,1,1,0,0,0,0,36,-1,-1,40,1,0,4,0.2,0,0.0,0,0,40,0.041585129389663876,2.8332243663106422,5
Proposed smooth SAC,smooth,1,37,12037,enlarged_delay_only,3,0.15000000000000002,0.0,0.0,0.0,1.0,1.0,1.0,0.817844285721509,43.45796651879823,1,1,1,0,0,0,0,35,-1,-1,39,1,0,4,0.2,0,0.0,0,0,39,0.07824679662094056,1.0425579404766308,5
Proposed smooth SAC,smooth,1,38,12038,enlarged_delay_only,3,0.15000000000000002,0.0,0.0,0.0,1.0,1.0,1.0,1.5743284929286714,57.88825061225674,1,1,1,0,0,0,0,41,-1,-1,45,1,0,4,0.2,0,0.0,0,0,45,0.04194485947130745,4.169796764233758,5
Proposed smooth SAC,smooth,1,39,12039,enlarged_delay_only,3,0.15000000000000002,0.0,0.0,0.0,1.0,1.0,1.0,0.8994689163493125,9.298986658723248,1,1,1,0,0,0,0,42,-1,-1,46,1,0,4,0.2,0,0.0,0,0,46,0.04358124425057421,1.5752763036359538,5
Proposed smooth SAC,smooth,1,40,12040,enlarged_delay_only,3,0.15000000000000002,0.0,0.0,0.0,1.0,1.0,1.0,1.8657719186487738,68.44804408798744,1,1,1,0,0,0,0,57,-1,-1,61,1,0,4,0.2,0,0.0,0,0,61,0.08336291609001105,0.4533321416533227,5
Proposed smooth SAC,smooth,1,41,12041,enlarged_delay_only,3,0.15000000000000002,0.0,0.0,0.0,1.0,1.0,1.0,2.1801507199074694,36.011752342258276,1,1,1,0,0,0,0,57,-1,-1,61,1,0,4,0.2,0,0.0,0,0,61,0.08035529534901138,1.5632360675113965,5
Proposed smooth SAC,smooth,1,42,12042,enlarged_delay_only,3,0.15000000000000002,0.0,0.0,0.0,1.0,1.0,1.0,2.890509486387824,8.39370570216694,1,1,1,0,0,0,0,103,-1,-1,107,1,0,4,0.2,0,0.0,0,0,107,0.07096152380741133,1.0754990890699558,5
Proposed smooth SAC,smooth,1,43,12043,enlarged_delay_only,3,0.15000000000000002,0.0,0.0,0.0,1.0,1.0,1.0,1.4295379479494126,86.66219834011966,1,1,1,0,0,0,0,50,-1,-1,54,1,0,4,0.2,0,0.0,0,0,54,0.052188656207015856,2.9035529032035594,5
Proposed smooth SAC,smooth,1,44,12044,enlarged_delay_only,3,0.15000000000000002,0.0,0.0,0.0,1.0,1.0,1.0,1.4633774253790757,25.79388667411487,1,1,1,0,0,0,0,59,-1,-1,63,1,0,4,0.2,0,0.0,0,0,63,0.029340597866477056,1.729113614807503,5
Proposed smooth SAC,smooth,1,45,12045,enlarged_delay_only,3,0.15000000000000002,0.0,0.0,0.0,1.0,1.0,1.0,2.7817081294799144,45.277112272150255,1,1,1,0,0,0,0,73,-1,-1,77,1,0,4,0.2,0,0.0,0,0,77,0.05423394147861264,0.45585504277799616,5
Proposed smooth SAC,smooth,1,46,12046,enlarged_delay_only,3,0.15000000000000002,0.0,0.0,0.0,1.0,1.0,1.0,2.448255495287487,6.5296484668143195,1,1,1,0,0,0,0,62,-1,-1,66,1,0,4,0.2,0,0.0,0,0,66,0.02473649716579643,0.9670949155968621,5
Proposed smooth SAC,smooth,1,47,12047,enlarged_delay_only,3,0.15000000000000002,0.0,0.0,0.0,1.0,1.0,1.0,2.0375889749407565,48.300679923363994,1,1,1,0,0,0,0,65,-1,-1,69,1,0,4,0.2,0,0.0,0,0,69,0.05374699998566102,0.05689098013435017,5
Proposed smooth SAC,smooth,1,48,12048,enlarged_delay_only,3,0.15000000000000002,0.0,0.0,0.0,1.0,1.0,1.0,1.595910055499794,38.132652438046875,1,1,1,0,0,0,0,51,-1,-1,55,1,0,4,0.2,0,0.0,0,0,55,0.024758775732701518,0.20156722004034044,5
Proposed smooth SAC,smooth,1,49,12049,enlarged_delay_only,3,0.15000000000000002,0.0,0.0,0.0,1.0,1.0,1.0,1.5300451933387877,9.115019782297185,1,1,1,0,0,0,0,49,-1,-1,53,1,0,4,0.2,0,0.0,0,0,53,0.033075664605930206,1.941623638331637,5
Proposed smooth SAC,smooth,1,50,12050,enlarged_delay_only,3,0.15000000000000002,0.0,0.0,0.0,1.0,1.0,1.0,2.262693545269486,73.02772690761601,1,1,1,0,0,0,0,60,-1,-1,64,1,0,4,0.2,0,0.0,0,0,64,0.04618168830914035,1.4621522560029696,5
Proposed smooth SAC,smooth,1,51,12051,enlarged_delay_only,3,0.15000000000000002,0.0,0.0,0.0,1.0,1.0,1.0,1.6263518811985,35.99433194478016,1,1,1,0,0,0,0,50,-1,-1,54,1,0,4,0.2,0,0.0,0,0,54,0.039320974947896485,0.4811004891674211,5
Proposed smooth SAC,smooth,1,52,12052,enlarged_delay_only,3,0.15000000000000002,0.0,0.0,0.0,1.0,1.0,1.0,0.7048587995105587,83.91519870877808,1,1,1,0,0,0,0,42,-1,-1,46,1,0,4,0.2,0,0.0,0,0,46,0.02814882334652122,1.1608391010980919,5
Proposed smooth SAC,smooth,1,53,12053,enlarged_delay_only,3,0.15000000000000002,0.0,0.0,0.0,1.0,1.0,1.0,1.470188620244381,45.138920469767974,1,1,1,0,0,0,0,51,-1,-1,55,1,0,4,0.2,0,0.0,0,0,55,0.06906882417652653,2.4085091164540864,5
Proposed smooth SAC,smooth,1,54,12054,enlarged_delay_only,3,0.15000000000000002,0.0,0.0,0.0,1.0,1.0,1.0,2.2790002868522827,82.51781713667434,1,1,1,0,0,0,0,70,-1,-1,74,1,0,4,0.2,0,0.0,0,0,74,0.06787238471389592,0.8944558004129236,5
Proposed smooth SAC,smooth,1,55,12055,enlarged_delay_only,3,0.15000000000000002,0.0,0.0,0.0,1.0,1.0,1.0,2.8850994760210127,23.46271066699096,1,1,1,0,0,0,0,69,-1,-1,73,1,0,4,0.2,0,0.0,0,0,73,0.08795033510211211,3.4620997334309918,5
Proposed smooth SAC,smooth,1,56,12056,enlarged_delay_only,3,0.15000000000000002,0.0,0.0,0.0,1.0,1.0,1.0,1.826905546699788,11.925707512554547,1,1,1,0,0,0,0,50,-1,-1,54,1,0,4,0.2,0,0.0,0,0,54,0.03947191522928958,0.9817641342216397,5
Proposed smooth SAC,smooth,1,57,12057,enlarged_delay_only,3,0.15000000000000002,0.0,0.0,0.0,1.0,1.0,1.0,1.7691751722646727,27.276807827836556,1,1,1,0,0,0,0,47,-1,-1,51,1,0,4,0.2,0,0.0,0,0,51,0.04044642970097543,4.212589180044357,5
Proposed smooth SAC,smooth,1,58,12058,enlarged_delay_only,3,0.15000000000000002,0.0,0.0,0.0,1.0,1.0,1.0,2.3268545695420997,62.93145738971906,1,1,1,0,0,0,0,66,-1,-1,70,1,0,4,0.2,0,0.0,0,0,70,0.052481506852258164,0.8896761087369428,5
Proposed smooth SAC,smooth,1,59,12059,enlarged_delay_only,3,0.15000000000000002,0.0,0.0,0.0,1.0,1.0,1.0,2.1903482121613216,54.840688506488746,1,1,1,0,0,0,0,79,-1,-1,83,1,0,4,0.2,0,0.0,0,0,83,0.06125706035329754,1.455781503776346,5
Proposed smooth SAC,smooth,1,60,12060,enlarged_delay_only,3,0.15000000000000002,0.0,0.0,0.0,1.0,1.0,1.0,1.0973360553047116,33.91806713521758,1,1,1,0,0,0,0,32,-1,-1,36,1,0,4,0.2,0,0.0,0,0,36,0.07187216056963601,0.7747912063194176,5
Proposed smooth SAC,smooth,1,61,12061,enlarged_delay_only,3,0.15000000000000002,0.0,0.0,0.0,1.0,1.0,1.0,1.936928029361262,42.58082679539602,1,1,1,0,0,0,0,54,-1,-1,58,1,0,4,0.2,0,0.0,0,0,58,0.053627649930098054,1.1067105989776813,5
Proposed smooth SAC,smooth,1,62,12062,enlarged_delay_only,3,0.15000000000000002,0.0,0.0,0.0,1.0,1.0,1.0,1.8981880108378766,55.958209907540386,1,1,1,0,0,0,0,51,-1,-1,55,1,0,4,0.2,0,0.0,0,0,55,0.05442066692900674,1.7907552182932218,5
Proposed smooth SAC,smooth,1,63,12063,enlarged_delay_only,3,0.15000000000000002,0.0,0.0,0.0,1.0,1.0,1.0,1.3410819077846639,71.65242733709893,1,1,1,0,0,0,0,48,-1,-1,52,1,0,4,0.2,0,0.0,0,0,52,0.056959266677009644,1.0739915382540872,5
Proposed smooth SAC,smooth,1,64,12064,enlarged_delay_only,3,0.15000000000000002,0.0,0.0,0.0,1.0,1.0,1.0,3.236122857778983,77.84361815931113,1,1,1,0,0,0,0,92,-1,-1,96,1,0,4,0.2,0,0.0,0,0,96,0.03729303446887297,1.8866092393315346,5
Proposed smooth SAC,smooth,1,65,12065,enlarged_delay_only,3,0.15000000000000002,0.0,0.0,0.0,1.0,1.0,1.0,2.27680658754703,16.046224888813487,1,1,1,0,0,0,0,66,-1,-1,70,1,0,4,0.2,0,0.0,0,0,70,0.026771065732333826,1.195397617142535,5
Proposed smooth SAC,smooth,1,66,12066,enlarged_delay_only,3,0.15000000000000002,0.0,0.0,0.0,1.0,1.0,1.0,0.7254567305431476,42.00001141404023,1,1,1,0,0,0,0,37,-1,-1,41,1,0,4,0.2,0,0.0,0,0,41,0.05019442096107742,0.7698499379808836,5
Proposed smooth SAC,smooth,1,67,12067,enlarged_delay_only,3,0.15000000000000002,0.0,0.0,0.0,1.0,1.0,1.0,1.5334421939190404,11.645351299013972,1,1,1,0,0,0,0,47,-1,-1,51,1,0,4,0.2,0,0.0,0,0,51,0.060055650450852205,2.219008079253021,5
Proposed smooth SAC,smooth,1,68,12068,enlarged_delay_only,3,0.15000000000000002,0.0,0.0,0.0,1.0,1.0,1.0,1.8681160247703945,59.46436457456137,1,1,1,0,0,0,0,50,-1,-1,54,1,0,4,0.2,0,0.0,0,0,54,0.06433902026701867,0.7606498332514351,5
Proposed smooth SAC,smooth,1,69,12069,enlarged_delay_only,3,0.15000000000000002,0.0,0.0,0.0,1.0,1.0,1.0,1.886519728757838,51.09646759594697,1,1,1,0,0,0,0,56,-1,-1,60,1,0,4,0.2,0,0.0,0,0,60,0.050221305425321584,2.2895080112054234,5
Proposed smooth SAC,smooth,1,70,12070,enlarged_delay_only,3,0.15000000000000002,0.0,0.0,0.0,1.0,1.0,1.0,1.6986806001597525,76.52323330972095,1,1,1,0,0,0,0,44,-1,-1,48,1,0,4,0.2,0,0.0,0,0,48,0.06536631326197424,4.258431275319367,5
Proposed smooth SAC,smooth,1,71,12071,enlarged_delay_only,3,0.15000000000000002,0.0,0.0,0.0,1.0,1.0,1.0,2.6459208153503964,67.50779341665432,1,1,0,1,0,1,1,74,76,82,86,2,1,12,0.6000000000000001,8,0.4,0,0,86,0.08010136583081257,1.531558717357935,5
Proposed smooth SAC,smooth,1,72,12072,enlarged_delay_only,3,0.15000000000000002,0.0,0.0,0.0,1.0,1.0,1.0,0.48175087121353316,49.596093601348606,1,1,1,0,0,0,0,28,-1,-1,32,1,0,4,0.2,0,0.0,0,0,32,0.06350462305650108,0.9107250442116296,5
Proposed smooth SAC,smooth,1,73,12073,enlarged_delay_only,3,0.15000000000000002,0.0,0.0,0.0,1.0,1.0,1.0,1.3565823895626754,84.90849262920553,1,1,1,0,0,0,0,59,-1,-1,63,1,0,4,0.2,0,0.0,0,0,63,0.05656206293235947,2.8121276195117653,5
Proposed smooth SAC,smooth,1,74,12074,enlarged_delay_only,3,0.15000000000000002,0.0,0.0,0.0,1.0,1.0,1.0,2.034268978334935,63.584860606479154,1,1,1,0,0,0,0,56,-1,-1,60,1,0,4,0.2,0,0.0,0,0,60,0.06394383371457853,2.1212364826052275,5
Proposed smooth SAC,smooth,1,75,12075,enlarged_delay_only,3,0.15000000000000002,0.0,0.0,0.0,1.0,1.0,1.0,2.7867133802887056,59.621185717904865,1,1,1,0,0,0,0,72,-1,-1,76,1,0,4,0.2,0,0.0,0,0,76,0.06422620039812665,1.4682004952347216,5
Proposed smooth SAC,smooth,1,76,12076,enlarged_delay_only,3,0.15000000000000002,0.0,0.0,0.0,1.0,1.0,1.0,1.4672375160200708,30.3721436917542,1,1,1,0,0,0,0,50,-1,-1,54,1,0,4,0.2,0,0.0,0,0,54,0.07564906271810712,0.35602142269194614,5
Proposed smooth SAC,smooth,1,77,12077,enlarged_delay_only,3,0.15000000000000002,0.0,0.0,0.0,1.0,1.0,1.0,1.9775577095396648,51.41426263764932,1,1,1,0,0,0,0,54,-1,-1,58,1,0,4,0.2,0,0.0,0,0,58,0.07177560933842708,2.3731780419814914,5
Proposed smooth SAC,smooth,1,78,12078,enlarged_delay_only,3,0.15000000000000002,0.0,0.0,0.0,1.0,1.0,1.0,2.327760709820301,60.008956047653996,1,1,1,0,0,0,0,65,-1,-1,69,1,0,4,0.2,0,0.0,0,0,69,0.08115737865511007,1.19966200306215,5
Proposed smooth SAC,smooth,1,79,12079,enlarged_delay_only,3,0.15000000000000002,0.0,0.0,0.0,1.0,1.0,1.0,1.5278991276633485,40.17317828277736,1,1,1,0,0,0,0,49,-1,-1,53,1,0,4,0.2,0,0.0,0,0,53,0.05948265573243649,0.41532408659333225,5
Proposed smooth SAC,smooth,1,80,12080,enlarged_delay_only,3,0.15000000000000002,0.0,0.0,0.0,1.0,1.0,1.0,2.3192768073204557,47.36251928991689,1,1,1,0,0,0,0,64,-1,-1,68,1,0,4,0.2,0,0.0,0,0,68,0.07255406143732356,0.43734149486755924,5
Proposed smooth SAC,smooth,1,81,12081,enlarged_delay_only,3,0.15000000000000002,0.0,0.0,0.0,1.0,1.0,1.0,2.348060423688873,77.305474384795,1,1,1,0,0,0,0,71,-1,-1,75,1,0,4,0.2,0,0.0,0,0,75,0.04479578700582894,0.8237546446842705,5
Proposed smooth SAC,smooth,1,82,12082,enlarged_delay_only,3,0.15000000000000002,0.0,0.0,0.0,1.0,1.0,1.0,1.657062365864348,55.61082307125895,1,1,1,0,0,0,0,42,-1,-1,46,1,0,4,0.2,0,0.0,0,0,46,0.04781559311206055,0.15197832577854217,5
Proposed smooth SAC,smooth,1,83,12083,enlarged_delay_only,3,0.15000000000000002,0.0,0.0,0.0,1.0,1.0,1.0,1.7829506075254924,2.609497891508878,1,1,1,0,0,0,0,41,-1,-1,45,1,0,4,0.2,0,0.0,0,0,45,0.07609411466950178,2.333443416484942,5
Proposed smooth SAC,smooth,1,84,12084,enlarged_delay_only,3,0.15000000000000002,0.0,0.0,0.0,1.0,1.0,1.0,1.6404890956693123,1.3837049720644343,1,1,1,0,0,0,0,54,-1,-1,58,1,0,4,0.2,0,0.0,0,0,58,0.06152288857564207,0.635898936021238,5
Proposed smooth SAC,smooth,1,85,12085,enlarged_delay_only,3,0.15000000000000002,0.0,0.0,0.0,1.0,1.0,1.0,2.497746521837666,36.904581010184,1,1,1,0,0,0,0,79,-1,-1,83,1,0,4,0.2,0,0.0,0,0,83,0.0640253850622148,2.032974216829384,5
Proposed smooth SAC,smooth,1,86,12086,enlarged_delay_only,3,0.15000000000000002,0.0,0.0,0.0,1.0,1.0,1.0,1.8263883792562778,0.33389918702221527,1,1,0,1,0,1,1,54,55,64,68,2,1,14,0.7000000000000001,10,0.5,0,0,68,0.04225437371091637,1.120551550443889,5
Proposed smooth SAC,smooth,1,87,12087,enlarged_delay_only,3,0.15000000000000002,0.0,0.0,0.0,1.0,1.0,1.0,2.03592606033529,9.710697655286923,1,1,1,0,0,0,0,55,-1,-1,59,1,0,4,0.2,0,0.0,0,0,59,0.030691600771691026,0.4617740420240469,5
Proposed smooth SAC,smooth,1,88,12088,enlarged_delay_only,3,0.15000000000000002,0.0,0.0,0.0,1.0,1.0,1.0,2.799243954274032,20.695729317232512,1,1,1,0,0,0,0,66,-1,-1,70,1,0,4,0.2,0,0.0,0,0,70,0.05833723005362607,2.981508413521854,5
Proposed smooth SAC,smooth,1,89,12089,enlarged_delay_only,3,0.15000000000000002,0.0,0.0,0.0,1.0,1.0,1.0,1.9684957245170929,46.29750155301514,1,1,1,0,0,0,0,65,-1,-1,69,1,0,4,0.2,0,0.0,0,0,69,0.05339476938001632,4.144948962920075,5
Proposed smooth SAC,smooth,1,90,12090,enlarged_delay_only,3,0.15000000000000002,0.0,0.0,0.0,1.0,1.0,1.0,1.911320050192248,50.27198521595098,1,1,1,0,0,0,0,53,-1,-1,57,1,0,4,0.2,0,0.0,0,0,57,0.05595682143023873,2.2611281483171974,5
Proposed smooth SAC,smooth,1,91,12091,enlarged_delay_only,3,0.15000000000000002,0.0,0.0,0.0,1.0,1.0,1.0,2.127844865867529,32.123072930770725,1,1,1,0,0,0,0,60,-1,-1,64,1,0,4,0.2,0,0.0,0,0,64,0.07248656357767957,2.056824597080834,5
Proposed smooth SAC,smooth,1,92,12092,enlarged_delay_only,3,0.15000000000000002,0.0,0.0,0.0,1.0,1.0,1.0,2.1800958407414126,47.35001662864118,1,1,1,0,0,0,0,49,-1,-1,53,1,0,4,0.2,0,0.0,0,0,53,0.06522891922356283,1.0150715517092068,5
Proposed smooth SAC,smooth,1,93,12093,enlarged_delay_only,3,0.15000000000000002,0.0,0.0,0.0,1.0,1.0,1.0,3.259884867767638,59.350430189016386,1,1,1,0,0,0,0,72,-1,-1,76,1,0,4,0.2,0,0.0,0,0,76,0.07166699940535276,3.4118506720374424,5
Proposed smooth SAC,smooth,1,94,12094,enlarged_delay_only,3,0.15000000000000002,0.0,0.0,0.0,1.0,1.0,1.0,0.7611576363914472,18.846404373032783,1,1,1,0,0,0,0,33,-1,-1,37,1,0,4,0.2,0,0.0,0,0,37,0.07008953162727548,0.7739841234194453,5
Proposed smooth SAC,smooth,1,95,12095,enlarged_delay_only,3,0.15000000000000002,0.0,0.0,0.0,1.0,1.0,1.0,2.315981959981536,11.583421973809466,1,1,1,0,0,0,0,60,-1,-1,64,1,0,4,0.2,0,0.0,0,0,64,0.06254247000303816,0.9214815249373418,5
Proposed smooth SAC,smooth,1,96,12096,enlarged_delay_only,3,0.15000000000000002,0.0,0.0,0.0,1.0,1.0,1.0,2.6433593115574596,23.402961879678983,1,1,1,0,0,0,0,64,-1,-1,68,1,0,4,0.2,0,0.0,0,0,68,0.06417524466006488,0.6624976670008247,5
Proposed smooth SAC,smooth,1,97,12097,enlarged_delay_only,3,0.15000000000000002,0.0,0.0,0.0,1.0,1.0,1.0,2.517006739513531,35.98333875531102,1,1,1,0,0,0,0,61,-1,-1,65,1,0,4,0.2,0,0.0,0,0,65,0.06531493003228828,2.7978565795712584,5
Proposed smooth SAC,smooth,1,98,12098,enlarged_delay_only,3,0.15000000000000002,0.0,0.0,0.0,1.0,1.0,1.0,3.120283930411399,82.53858091175118,1,1,1,0,0,0,0,78,-1,-1,82,1,0,4,0.2,0,0.0,0,0,82,0.05817815303261252,0.07081598161396739,5
Proposed smooth SAC,smooth,1,99,12099,enlarged_delay_only,3,0.15000000000000002,0.0,0.0,0.0,1.0,1.0,1.0,0.19539344804534206,10.475630177230514,1,1,1,0,0,0,0,10,-1,-1,14,1,0,4,0.2,0,0.0,0,0,14,0.039444981093243514,0.09232784249780106,5
Proposed smooth SAC,smooth,2,0,12000,enlarged_delay_only,3,0.15000000000000002,0.0,0.0,0.0,1.0,1.0,1.0,1.4011169590411672,3.680448288035017,1,1,1,0,0,0,0,42,-1,-1,46,1,0,4,0.2,0,0.0,0,0,46,0.05863405545012394,2.5249687510012695,5
Proposed smooth SAC,smooth,2,1,12001,enlarged_delay_only,3,0.15000000000000002,0.0,0.0,0.0,1.0,1.0,1.0,1.8698938269216967,60.07772922240686,1,1,1,0,0,0,0,50,-1,-1,54,1,0,4,0.2,0,0.0,0,0,54,0.03249497926742937,0.3152416181698263,5
Proposed smooth SAC,smooth,2,2,12002,enlarged_delay_only,3,0.15000000000000002,0.0,0.0,0.0,1.0,1.0,1.0,1.5052862077716045,52.14187244464703,1,1,0,1,0,1,1,50,51,56,60,2,1,10,0.5,6,0.30000000000000004,0,0,60,0.04186812597080623,0.0935323103393571,5
Proposed smooth SAC,smooth,2,3,12003,enlarged_delay_only,3,0.15000000000000002,0.0,0.0,0.0,1.0,1.0,1.0,1.11052274394814,63.72168295593285,1,1,1,0,0,0,0,39,-1,-1,43,1,0,4,0.2,0,0.0,0,0,43,0.049030003180226996,1.4382884288165914,5
Proposed smooth SAC,smooth,2,4,12004,enlarged_delay_only,3,0.15000000000000002,0.0,0.0,0.0,1.0,1.0,1.0,2.0622948587954135,27.609846144219087,1,1,1,0,0,0,0,52,-1,-1,56,1,0,4,0.2,0,0.0,0,0,56,0.08063217727918116,0.15827407932642787,5
Proposed smooth SAC,smooth,2,5,12005,enlarged_delay_only,3,0.15000000000000002,0.0,0.0,0.0,1.0,1.0,1.0,0.7836208893081577,86.33696522241115,1,1,1,0,0,0,0,38,-1,-1,42,1,0,4,0.2,0,0.0,0,0,42,0.08211090602887328,2.6697841293311724,5
Proposed smooth SAC,smooth,2,6,12006,enlarged_delay_only,3,0.15000000000000002,0.0,0.0,0.0,1.0,1.0,1.0,1.4039658384766267,70.50865751906693,1,1,1,0,0,0,0,45,-1,-1,49,1,0,4,0.2,0,0.0,0,0,49,0.0655565719935773,1.5387230521887496,5
Proposed smooth SAC,smooth,2,7,12007,enlarged_delay_only,3,0.15000000000000002,0.0,0.0,0.0,1.0,1.0,1.0,2.023389540687327,41.417218692919725,1,1,1,0,0,0,0,54,-1,-1,58,1,0,4,0.2,0,0.0,0,0,58,0.08187796354620079,0.5390956254099993,5
Proposed smooth SAC,smooth,2,8,12008,enlarged_delay_only,3,0.15000000000000002,0.0,0.0,0.0,1.0,1.0,1.0,0.6761041193866284,47.03972454974209,1,1,1,0,0,0,0,32,-1,-1,36,1,0,4,0.2,0,0.0,0,0,36,0.05525737162605583,0.84632431110549,5
Proposed smooth SAC,smooth,2,9,12009,enlarged_delay_only,3,0.15000000000000002,0.0,0.0,0.0,1.0,1.0,1.0,0.8365610729382312,17.566701837686487,1,1,1,0,0,0,0,33,-1,-1,37,1,0,4,0.2,0,0.0,0,0,37,0.03954723203487146,1.4165454820892078,5
Proposed smooth SAC,smooth,2,10,12010,enlarged_delay_only,3,0.15000000000000002,0.0,0.0,0.0,1.0,1.0,1.0,2.0882312594206844,67.10242168941406,1,1,1,0,0,0,0,58,-1,-1,62,1,0,4,0.2,0,0.0,0,0,62,0.07241927668799485,0.7956893973846881,5
Proposed smooth SAC,smooth,2,11,12011,enlarged_delay_only,3,0.15000000000000002,0.0,0.0,0.0,1.0,1.0,1.0,1.0363136503576447,39.13181690606595,1,1,1,0,0,0,0,34,-1,-1,38,1,0,4,0.2,0,0.0,0,0,38,0.07239293180578933,2.308422085677658,5
Proposed smooth SAC,smooth,2,12,12012,enlarged_delay_only,3,0.15000000000000002,0.0,0.0,0.0,1.0,1.0,1.0,1.0633346171025668,74.10415106043168,1,1,1,0,0,0,0,44,-1,-1,48,1,0,4,0.2,0,0.0,0,0,48,0.07396040210499825,0.7397266693070117,5
Proposed smooth SAC,smooth,2,13,12013,enlarged_delay_only,3,0.15000000000000002,0.0,0.0,0.0,1.0,1.0,1.0,2.9321695975105375,64.82631579002067,1,1,1,0,0,0,0,61,-1,-1,65,1,0,4,0.2,0,0.0,0,0,65,0.0468101253390763,1.850110842841102,5
Proposed smooth SAC,smooth,2,14,12014,enlarged_delay_only,3,0.15000000000000002,0.0,0.0,0.0,1.0,1.0,1.0,1.5727126782681156,69.85363554747353,1,1,1,0,0,0,0,51,-1,-1,55,1,0,4,0.2,0,0.0,0,0,55,0.06075292063726413,1.5459162018801251,5
Proposed smooth SAC,smooth,2,15,12015,enlarged_delay_only,3,0.15000000000000002,0.0,0.0,0.0,1.0,1.0,1.0,1.7941221940119125,66.18821452938619,1,1,1,0,0,0,0,47,-1,-1,51,1,0,4,0.2,0,0.0,0,0,51,0.05508045630121983,0.8425639718022807,5
Proposed smooth SAC,smooth,2,16,12016,enlarged_delay_only,3,0.15000000000000002,0.0,0.0,0.0,1.0,1.0,1.0,2.0956191639967527,80.76412508613855,1,1,1,0,0,0,0,59,-1,-1,63,1,0,4,0.2,0,0.0,0,0,63,0.04512451536203004,0.7452159536047335,5
Proposed smooth SAC,smooth,2,17,12017,enlarged_delay_only,3,0.15000000000000002,0.0,0.0,0.0,1.0,1.0,1.0,2.3497476747776798,68.42664510531779,1,1,1,0,0,0,0,56,-1,-1,60,1,0,4,0.2,0,0.0,0,0,60,0.08271109254385771,1.8358541036091698,5
Proposed smooth SAC,smooth,2,18,12018,enlarged_delay_only,3,0.15000000000000002,0.0,0.0,0.0,1.0,1.0,1.0,1.3063656328926654,58.185179426044705,1,1,1,0,0,0,0,41,-1,-1,45,1,0,4,0.2,0,0.0,0,0,45,0.04712463963701139,0.5349165634941565,5
Proposed smooth SAC,smooth,2,19,12019,enlarged_delay_only,3,0.15000000000000002,0.0,0.0,0.0,1.0,1.0,1.0,1.569053725441394,46.92282244700273,1,1,1,0,0,0,0,43,-1,-1,47,1,0,4,0.2,0,0.0,0,0,47,0.08659862360334669,0.4748199167821828,5
Proposed smooth SAC,smooth,2,20,12020,enlarged_delay_only,3,0.15000000000000002,0.0,0.0,0.0,1.0,1.0,1.0,2.8509785660679805,57.54032760612546,1,1,1,0,0,0,0,66,-1,-1,70,1,0,4,0.2,0,0.0,0,0,70,0.04146252369804108,0.766992144143468,5
Proposed smooth SAC,smooth,2,21,12021,enlarged_delay_only,3,0.15000000000000002,0.0,0.0,0.0,1.0,1.0,1.0,1.721321109839246,84.23015922197487,1,1,1,0,0,0,0,54,-1,-1,58,1,0,4,0.2,0,0.0,0,0,58,0.0775051351385598,2.1209175981483526,5
Proposed smooth SAC,smooth,2,22,12022,enlarged_delay_only,3,0.15000000000000002,0.0,0.0,0.0,1.0,1.0,1.0,2.0714459852992766,7.241713190147896,1,1,1,0,0,0,0,56,-1,-1,60,1,0,4,0.2,0,0.0,0,0,60,0.061704255836368536,1.1914726062473047,5
Proposed smooth SAC,smooth,2,23,12023,enlarged_delay_only,3,0.15000000000000002,0.0,0.0,0.0,1.0,1.0,1.0,1.96706721911142,29.687929491648173,1,1,1,0,0,0,0,61,-1,-1,65,1,0,4,0.2,0,0.0,0,0,65,0.07458278933920026,2.979981439355533,5
Proposed smooth SAC,smooth,2,24,12024,enlarged_delay_only,3,0.15000000000000002,0.0,0.0,0.0,1.0,1.0,1.0,2.3296647946987346,59.32330750782227,1,1,1,0,0,0,0,62,-1,-1,66,1,0,4,0.2,0,0.0,0,0,66,0.053062269803884995,1.392199486236109,5
Proposed smooth SAC,smooth,2,25,12025,enlarged_delay_only,3,0.15000000000000002,0.0,0.0,0.0,1.0,1.0,1.0,1.7406706115734212,29.68845883130885,1,1,1,0,0,0,0,55,-1,-1,59,1,0,4,0.2,0,0.0,0,0,59,0.03787422457237455,3.272615771702852,5
Proposed smooth SAC,smooth,2,26,12026,enlarged_delay_only,3,0.15000000000000002,0.0,0.0,0.0,1.0,1.0,1.0,1.2890960116783232,58.822470226552745,1,1,1,0,0,0,0,46,-1,-1,50,1,0,4,0.2,0,0.0,0,0,50,0.08295484894030379,0.42062778184470007,5
Proposed smooth SAC,smooth,2,27,12027,enlarged_delay_only,3,0.15000000000000002,0.0,0.0,0.0,1.0,1.0,1.0,1.679512651290201,27.36887877784833,1,1,1,0,0,0,0,44,-1,-1,48,1,0,4,0.2,0,0.0,0,0,48,0.06706746925586013,2.1099135230652273,5
Proposed smooth SAC,smooth,2,28,12028,enlarged_delay_only,3,0.15000000000000002,0.0,0.0,0.0,1.0,1.0,1.0,2.161397968359572,63.816718208044406,1,1,1,0,0,0,0,59,-1,-1,63,1,0,4,0.2,0,0.0,0,0,63,0.07499447177582567,2.671809920750316,5
Proposed smooth SAC,smooth,2,29,12029,enlarged_delay_only,3,0.15000000000000002,0.0,0.0,0.0,1.0,1.0,1.0,1.4273638277059564,34.274883047648224,1,1,1,0,0,0,0,48,-1,-1,52,1,0,4,0.2,0,0.0,0,0,52,0.03321703316429236,2.72964604165128,5
Proposed smooth SAC,smooth,2,30,12030,enlarged_delay_only,3,0.15000000000000002,0.0,0.0,0.0,1.0,1.0,1.0,1.7462896683471236,26.955215200955678,1,1,1,0,0,0,0,51,-1,-1,55,1,0,4,0.2,0,0.0,0,0,55,0.06621804856039122,1.1971317381397777,5
Proposed smooth SAC,smooth,2,31,12031,enlarged_delay_only,3,0.15000000000000002,0.0,0.0,0.0,1.0,1.0,1.0,0.831092090571535,57.81877392801937,1,1,1,0,0,0,0,30,-1,-1,34,1,0,4,0.2,0,0.0,0,0,34,0.03175353804534516,1.2449862846207085,5
Proposed smooth SAC,smooth,2,32,12032,enlarged_delay_only,3,0.15000000000000002,0.0,0.0,0.0,1.0,1.0,1.0,2.3622064651248813,65.6166711298287,1,1,1,0,0,0,0,62,-1,-1,66,1,0,4,0.2,0,0.0,0,0,66,0.07212544903885335,0.44794653749276764,5
Proposed smooth SAC,smooth,2,33,12033,enlarged_delay_only,3,0.15000000000000002,0.0,0.0,0.0,1.0,1.0,1.0,0.7030471412582213,16.83992189867294,1,1,1,0,0,0,0,31,-1,-1,35,1,0,4,0.2,0,0.0,0,0,35,0.04995263621657794,0.848196049742338,5
Proposed smooth SAC,smooth,2,34,12034,enlarged_delay_only,3,0.15000000000000002,0.0,0.0,0.0,1.0,1.0,1.0,2.282842407805926,24.938362791888462,1,1,1,0,0,0,0,61,-1,-1,65,1,0,4,0.2,0,0.0,0,0,65,0.04467238416111408,0.23666242620294525,5
Proposed smooth SAC,smooth,2,35,12035,enlarged_delay_only,3,0.15000000000000002,0.0,0.0,0.0,1.0,1.0,1.0,2.371908074838775,71.96116554796184,1,1,1,0,0,0,0,66,-1,-1,70,1,0,4,0.2,0,0.0,0,0,70,0.051883509103657584,0.2861346069392583,5
Proposed smooth SAC,smooth,2,36,12036,enlarged_delay_only,3,0.15000000000000002,0.0,0.0,0.0,1.0,1.0,1.0,0.8829462334714887,87.90779944848737,1,1,1,0,0,0,0,44,-1,-1,48,1,0,4,0.2,0,0.0,0,0,48,0.039841214314198375,0.9483848930260816,5
Proposed smooth SAC,smooth,2,37,12037,enlarged_delay_only,3,0.15000000000000002,0.0,0.0,0.0,1.0,1.0,1.0,0.817844285721509,43.45796651879823,1,1,1,0,0,0,0,28,-1,-1,32,1,0,4,0.2,0,0.0,0,0,32,0.09144724053313488,0.966047548776323,5
Proposed smooth SAC,smooth,2,38,12038,enlarged_delay_only,3,0.15000000000000002,0.0,0.0,0.0,1.0,1.0,1.0,1.5743284929286714,57.88825061225674,1,1,1,0,0,0,0,50,-1,-1,54,1,0,4,0.2,0,0.0,0,0,54,0.05208095118750343,0.8174882662859011,5
Proposed smooth SAC,smooth,2,39,12039,enlarged_delay_only,3,0.15000000000000002,0.0,0.0,0.0,1.0,1.0,1.0,0.8994689163493125,9.298986658723248,1,1,1,0,0,0,0,35,-1,-1,39,1,0,4,0.2,0,0.0,0,0,39,0.06106755345035753,1.0736976266763651,5
Proposed smooth SAC,smooth,2,40,12040,enlarged_delay_only,3,0.15000000000000002,0.0,0.0,0.0,1.0,1.0,1.0,1.8657719186487738,68.44804408798744,1,1,1,0,0,0,0,45,-1,-1,49,1,0,4,0.2,0,0.0,0,0,49,0.05839575633003494,2.2565581114322244,5
Proposed smooth SAC,smooth,2,41,12041,enlarged_delay_only,3,0.15000000000000002,0.0,0.0,0.0,1.0,1.0,1.0,2.1801507199074694,36.011752342258276,1,1,1,0,0,0,0,55,-1,-1,59,1,0,4,0.2,0,0.0,0,0,59,0.07440283200589685,1.7348267478831014,5
Proposed smooth SAC,smooth,2,42,12042,enlarged_delay_only,3,0.15000000000000002,0.0,0.0,0.0,1.0,1.0,1.0,2.890509486387824,8.39370570216694,1,1,1,0,0,0,0,68,-1,-1,72,1,0,4,0.2,0,0.0,0,0,72,0.058088836248178316,1.2463452788221294,5
Proposed smooth SAC,smooth,2,43,12043,enlarged_delay_only,3,0.15000000000000002,0.0,0.0,0.0,1.0,1.0,1.0,1.4295379479494126,86.66219834011966,1,1,1,0,0,0,0,47,-1,-1,51,1,0,4,0.2,0,0.0,0,0,51,0.05089033715666787,1.8578972584949165,5
Proposed smooth SAC,smooth,2,44,12044,enlarged_delay_only,3,0.15000000000000002,0.0,0.0,0.0,1.0,1.0,1.0,1.4633774253790757,25.79388667411487,1,1,1,0,0,0,0,48,-1,-1,52,1,0,4,0.2,0,0.0,0,0,52,0.04094417324322983,0.5454441795218204,5
Proposed smooth SAC,smooth,2,45,12045,enlarged_delay_only,3,0.15000000000000002,0.0,0.0,0.0,1.0,1.0,1.0,2.7817081294799144,45.277112272150255,1,1,1,0,0,0,0,70,-1,-1,74,1,0,4,0.2,0,0.0,0,0,74,0.05391357383468774,1.0310217509684791,5
Proposed smooth SAC,smooth,2,46,12046,enlarged_delay_only,3,0.15000000000000002,0.0,0.0,0.0,1.0,1.0,1.0,2.448255495287487,6.5296484668143195,1,1,1,0,0,0,0,57,-1,-1,61,1,0,4,0.2,0,0.0,0,0,61,0.08228351455974509,1.822287640370232,5
Proposed smooth SAC,smooth,2,47,12047,enlarged_delay_only,3,0.15000000000000002,0.0,0.0,0.0,1.0,1.0,1.0,2.0375889749407565,48.300679923363994,1,1,1,0,0,0,0,57,-1,-1,61,1,0,4,0.2,0,0.0,0,0,61,0.027127862427402238,1.349878140034829,5
Proposed smooth SAC,smooth,2,48,12048,enlarged_delay_only,3,0.15000000000000002,0.0,0.0,0.0,1.0,1.0,1.0,1.595910055499794,38.132652438046875,1,1,1,0,0,0,0,44,-1,-1,48,1,0,4,0.2,0,0.0,0,0,48,0.06152284002262891,0.043094128078003335,5
Proposed smooth SAC,smooth,2,49,12049,enlarged_delay_only,3,0.15000000000000002,0.0,0.0,0.0,1.0,1.0,1.0,1.5300451933387877,9.115019782297185,1,1,1,0,0,0,0,43,-1,-1,47,1,0,4,0.2,0,0.0,0,0,47,0.07218570330294398,1.2039945841517596,5
Proposed smooth SAC,smooth,2,50,12050,enlarged_delay_only,3,0.15000000000000002,0.0,0.0,0.0,1.0,1.0,1.0,2.262693545269486,73.02772690761601,1,1,1,0,0,0,0,57,-1,-1,61,1,0,4,0.2,0,0.0,0,0,61,0.0761826884833971,0.8060131215934566,5
Proposed smooth SAC,smooth,2,51,12051,enlarged_delay_only,3,0.15000000000000002,0.0,0.0,0.0,1.0,1.0,1.0,1.6263518811985,35.99433194478016,1,1,1,0,0,0,0,49,-1,-1,53,1,0,4,0.2,0,0.0,0,0,53,0.06988582679405213,1.278228601867749,5
Proposed smooth SAC,smooth,2,52,12052,enlarged_delay_only,3,0.15000000000000002,0.0,0.0,0.0,1.0,1.0,1.0,0.7048587995105587,83.91519870877808,1,1,1,0,0,0,0,37,-1,-1,41,1,0,4,0.2,0,0.0,0,0,41,0.03337216608764872,0.9106202434965521,5
Proposed smooth SAC,smooth,2,53,12053,enlarged_delay_only,3,0.15000000000000002,0.0,0.0,0.0,1.0,1.0,1.0,1.470188620244381,45.138920469767974,1,1,1,0,0,0,0,44,-1,-1,48,1,0,4,0.2,0,0.0,0,0,48,0.05306576131424204,1.3239417773221749,5
Proposed smooth SAC,smooth,2,54,12054,enlarged_delay_only,3,0.15000000000000002,0.0,0.0,0.0,1.0,1.0,1.0,2.2790002868522827,82.51781713667434,1,1,1,0,0,0,0,67,-1,-1,71,1,0,4,0.2,0,0.0,0,0,71,0.040040667876314794,4.275918694028715,5
Proposed smooth SAC,smooth,2,55,12055,enlarged_delay_only,3,0.15000000000000002,0.0,0.0,0.0,1.0,1.0,1.0,2.8850994760210127,23.46271066699096,1,1,1,0,0,0,0,64,-1,-1,68,1,0,4,0.2,0,0.0,0,0,68,0.061931950440646026,2.2014715685590134,5
Proposed smooth SAC,smooth,2,56,12056,enlarged_delay_only,3,0.15000000000000002,0.0,0.0,0.0,1.0,1.0,1.0,1.826905546699788,11.925707512554547,1,1,1,0,0,0,0,50,-1,-1,54,1,0,4,0.2,0,0.0,0,0,54,0.04585169518896021,3.8095653303312917,5
Proposed smooth SAC,smooth,2,57,12057,enlarged_delay_only,3,0.15000000000000002,0.0,0.0,0.0,1.0,1.0,1.0,1.7691751722646727,27.276807827836556,1,1,1,0,0,0,0,49,-1,-1,53,1,0,4,0.2,0,0.0,0,0,53,0.0724675640254714,0.6357791942673513,5
Proposed smooth SAC,smooth,2,58,12058,enlarged_delay_only,3,0.15000000000000002,0.0,0.0,0.0,1.0,1.0,1.0,2.3268545695420997,62.93145738971906,1,1,1,0,0,0,0,64,-1,-1,68,1,0,4,0.2,0,0.0,0,0,68,0.05428139240445891,0.19901986630482982,5
Proposed smooth SAC,smooth,2,59,12059,enlarged_delay_only,3,0.15000000000000002,0.0,0.0,0.0,1.0,1.0,1.0,2.1903482121613216,54.840688506488746,1,1,1,0,0,0,0,61,-1,-1,65,1,0,4,0.2,0,0.0,0,0,65,0.06367330529370602,3.1930745902800566,5
Proposed smooth SAC,smooth,2,60,12060,enlarged_delay_only,3,0.15000000000000002,0.0,0.0,0.0,1.0,1.0,1.0,1.0973360553047116,33.91806713521758,1,1,1,0,0,0,0,38,-1,-1,42,1,0,4,0.2,0,0.0,0,0,42,0.09221126468382669,0.3998616588903341,5
Proposed smooth SAC,smooth,2,61,12061,enlarged_delay_only,3,0.15000000000000002,0.0,0.0,0.0,1.0,1.0,1.0,1.936928029361262,42.58082679539602,1,1,1,0,0,0,0,47,-1,-1,51,1,0,4,0.2,0,0.0,0,0,51,0.06271095049475338,2.006927930759775,5
Proposed smooth SAC,smooth,2,62,12062,enlarged_delay_only,3,0.15000000000000002,0.0,0.0,0.0,1.0,1.0,1.0,1.8981880108378766,55.958209907540386,1,1,1,0,0,0,0,47,-1,-1,51,1,0,4,0.2,0,0.0,0,0,51,0.04109763035622931,3.928615100677791,5
Proposed smooth SAC,smooth,2,63,12063,enlarged_delay_only,3,0.15000000000000002,0.0,0.0,0.0,1.0,1.0,1.0,1.3410819077846639,71.65242733709893,1,1,1,0,0,0,0,45,-1,-1,49,1,0,4,0.2,0,0.0,0,0,49,0.06117809418126895,0.7333985524018478,5
Proposed smooth SAC,smooth,2,64,12064,enlarged_delay_only,3,0.15000000000000002,0.0,0.0,0.0,1.0,1.0,1.0,3.236122857778983,77.84361815931113,1,1,1,0,0,0,0,73,-1,-1,77,1,0,4,0.2,0,0.0,0,0,77,0.08876823031117008,1.467937639673382,5
Proposed smooth SAC,smooth,2,65,12065,enlarged_delay_only,3,0.15000000000000002,0.0,0.0,0.0,1.0,1.0,1.0,2.27680658754703,16.046224888813487,1,1,1,0,0,0,0,56,-1,-1,60,1,0,4,0.2,0,0.0,0,0,60,0.07075751541745084,1.50794525929332,5
Proposed smooth SAC,smooth,2,66,12066,enlarged_delay_only,3,0.15000000000000002,0.0,0.0,0.0,1.0,1.0,1.0,0.7254567305431476,42.00001141404023,1,1,1,0,0,0,0,29,-1,-1,33,1,0,4,0.2,0,0.0,0,0,33,0.09023923895391993,3.3446569785301494,5
Proposed smooth SAC,smooth,2,67,12067,enlarged_delay_only,3,0.15000000000000002,0.0,0.0,0.0,1.0,1.0,1.0,1.5334421939190404,11.645351299013972,1,1,1,0,0,0,0,46,-1,-1,50,1,0,4,0.2,0,0.0,0,0,50,0.06333158551709331,4.387658027529185,5
Proposed smooth SAC,smooth,2,68,12068,enlarged_delay_only,3,0.15000000000000002,0.0,0.0,0.0,1.0,1.0,1.0,1.8681160247703945,59.46436457456137,1,1,1,0,0,0,0,52,-1,-1,56,1,0,4,0.2,0,0.0,0,0,56,0.06321225275812227,2.8546408513400405,5
Proposed smooth SAC,smooth,2,69,12069,enlarged_delay_only,3,0.15000000000000002,0.0,0.0,0.0,1.0,1.0,1.0,1.886519728757838,51.09646759594697,1,1,1,0,0,0,0,55,-1,-1,59,1,0,4,0.2,0,0.0,0,0,59,0.05485673564144456,2.9367072817650364,5
Proposed smooth SAC,smooth,2,70,12070,enlarged_delay_only,3,0.15000000000000002,0.0,0.0,0.0,1.0,1.0,1.0,1.6986806001597525,76.52323330972095,1,1,1,0,0,0,0,47,-1,-1,51,1,0,4,0.2,0,0.0,0,0,51,0.050834231001772395,0.1979502213282088,5
Proposed smooth SAC,smooth,2,71,12071,enlarged_delay_only,3,0.15000000000000002,0.0,0.0,0.0,1.0,1.0,1.0,2.6459208153503964,67.50779341665432,1,1,1,0,0,0,0,65,-1,-1,69,1,0,4,0.2,0,0.0,0,0,69,0.036999682223873294,2.757292086090553,5
Proposed smooth SAC,smooth,2,72,12072,enlarged_delay_only,3,0.15000000000000002,0.0,0.0,0.0,1.0,1.0,1.0,0.48175087121353316,49.596093601348606,1,1,1,0,0,0,0,25,-1,-1,29,1,0,4,0.2,0,0.0,0,0,29,0.0750174344404253,2.9280756302014326,5
Proposed smooth SAC,smooth,2,73,12073,enlarged_delay_only,3,0.15000000000000002,0.0,0.0,0.0,1.0,1.0,1.0,1.3565823895626754,84.90849262920553,1,1,1,0,0,0,0,43,-1,-1,47,1,0,4,0.2,0,0.0,0,0,47,0.04220316195320525,0.3346846054159139,5
Proposed smooth SAC,smooth,2,74,12074,enlarged_delay_only,3,0.15000000000000002,0.0,0.0,0.0,1.0,1.0,1.0,2.034268978334935,63.584860606479154,1,1,1,0,0,0,0,51,-1,-1,55,1,0,4,0.2,0,0.0,0,0,55,0.031613782670119106,2.618601679898859,5
Proposed smooth SAC,smooth,2,75,12075,enlarged_delay_only,3,0.15000000000000002,0.0,0.0,0.0,1.0,1.0,1.0,2.7867133802887056,59.621185717904865,1,1,1,0,0,0,0,80,-1,-1,84,1,0,4,0.2,0,0.0,0,0,84,0.06713956505043238,3.036185571931687,5
Proposed smooth SAC,smooth,2,76,12076,enlarged_delay_only,3,0.15000000000000002,0.0,0.0,0.0,1.0,1.0,1.0,1.4672375160200708,30.3721436917542,1,1,1,0,0,0,0,41,-1,-1,45,1,0,4,0.2,0,0.0,0,0,45,0.05812152905534941,3.745510535634443,5
Proposed smooth SAC,smooth,2,77,12077,enlarged_delay_only,3,0.15000000000000002,0.0,0.0,0.0,1.0,1.0,1.0,1.9775577095396648,51.41426263764932,1,1,1,0,0,0,0,53,-1,-1,57,1,0,4,0.2,0,0.0,0,0,57,0.04814763414701759,0.7244631175027373,5
Proposed smooth SAC,smooth,2,78,12078,enlarged_delay_only,3,0.15000000000000002,0.0,0.0,0.0,1.0,1.0,1.0,2.327760709820301,60.008956047653996,1,1,1,0,0,0,0,66,-1,-1,70,1,0,4,0.2,0,0.0,0,0,70,0.04330639414193246,0.13152948645546444,5
Proposed smooth SAC,smooth,2,79,12079,enlarged_delay_only,3,0.15000000000000002,0.0,0.0,0.0,1.0,1.0,1.0,1.5278991276633485,40.17317828277736,1,1,1,0,0,0,0,42,-1,-1,46,1,0,4,0.2,0,0.0,0,0,46,0.05395335530481802,0.5684540196185356,5
Proposed smooth SAC,smooth,2,80,12080,enlarged_delay_only,3,0.15000000000000002,0.0,0.0,0.0,1.0,1.0,1.0,2.3192768073204557,47.36251928991689,1,1,1,0,0,0,0,60,-1,-1,64,1,0,4,0.2,0,0.0,0,0,64,0.04541447084246234,3.0944716315442253,5
Proposed smooth SAC,smooth,2,81,12081,enlarged_delay_only,3,0.15000000000000002,0.0,0.0,0.0,1.0,1.0,1.0,2.348060423688873,77.305474384795,1,1,1,0,0,0,0,66,-1,-1,70,1,0,4,0.2,0,0.0,0,0,70,0.061584429655911384,2.4490783056898464,5
Proposed smooth SAC,smooth,2,82,12082,enlarged_delay_only,3,0.15000000000000002,0.0,0.0,0.0,1.0,1.0,1.0,1.657062365864348,55.61082307125895,1,1,1,0,0,0,0,46,-1,-1,50,1,0,4,0.2,0,0.0,0,0,50,0.0552991556867532,0.3870766386615545,5
Proposed smooth SAC,smooth,2,83,12083,enlarged_delay_only,3,0.15000000000000002,0.0,0.0,0.0,1.0,1.0,1.0,1.7829506075254924,2.609497891508878,1,1,1,0,0,0,0,48,-1,-1,52,1,0,4,0.2,0,0.0,0,0,52,0.0695776269901561,0.9612392023223398,5
Proposed smooth SAC,smooth,2,84,12084,enlarged_delay_only,3,0.15000000000000002,0.0,0.0,0.0,1.0,1.0,1.0,1.6404890956693123,1.3837049720644343,1,1,1,0,0,0,0,48,-1,-1,52,1,0,4,0.2,0,0.0,0,0,52,0.06304494945777797,1.1585508810044318,5
Proposed smooth SAC,smooth,2,85,12085,enlarged_delay_only,3,0.15000000000000002,0.0,0.0,0.0,1.0,1.0,1.0,2.497746521837666,36.904581010184,1,1,1,0,0,0,0,58,-1,-1,62,1,0,4,0.2,0,0.0,0,0,62,0.05754348286875895,1.8315711481127486,5
Proposed smooth SAC,smooth,2,86,12086,enlarged_delay_only,3,0.15000000000000002,0.0,0.0,0.0,1.0,1.0,1.0,1.8263883792562778,0.33389918702221527,1,1,1,0,0,0,0,48,-1,-1,52,1,0,4,0.2,0,0.0,0,0,52,0.06368900083168368,0.7488400626505128,5
Proposed smooth SAC,smooth,2,87,12087,enlarged_delay_only,3,0.15000000000000002,0.0,0.0,0.0,1.0,1.0,1.0,2.03592606033529,9.710697655286923,1,1,1,0,0,0,0,49,-1,-1,53,1,0,4,0.2,0,0.0,0,0,53,0.03807485881354975,0.7434133706332319,5
Proposed smooth SAC,smooth,2,88,12088,enlarged_delay_only,3,0.15000000000000002,0.0,0.0,0.0,1.0,1.0,1.0,2.799243954274032,20.695729317232512,1,1,1,0,0,0,0,59,-1,-1,63,1,0,4,0.2,0,0.0,0,0,63,0.04842491828332308,1.9000529726088238,5
Proposed smooth SAC,smooth,2,89,12089,enlarged_delay_only,3,0.15000000000000002,0.0,0.0,0.0,1.0,1.0,1.0,1.9684957245170929,46.29750155301514,1,1,1,0,0,0,0,59,-1,-1,63,1,0,4,0.2,0,0.0,0,0,63,0.0334624293086638,3.370298789334847,5
Proposed smooth SAC,smooth,2,90,12090,enlarged_delay_only,3,0.15000000000000002,0.0,0.0,0.0,1.0,1.0,1.0,1.911320050192248,50.27198521595098,1,1,1,0,0,0,0,52,-1,-1,56,1,0,4,0.2,0,0.0,0,0,56,0.07243093060141768,0.3348077089035328,5
Proposed smooth SAC,smooth,2,91,12091,enlarged_delay_only,3,0.15000000000000002,0.0,0.0,0.0,1.0,1.0,1.0,2.127844865867529,32.123072930770725,1,1,1,0,0,0,0,58,-1,-1,62,1,0,4,0.2,0,0.0,0,0,62,0.04214626753815834,3.436841907323696,5
Proposed smooth SAC,smooth,2,92,12092,enlarged_delay_only,3,0.15000000000000002,0.0,0.0,0.0,1.0,1.0,1.0,2.1800958407414126,47.35001662864118,1,1,1,0,0,0,0,53,-1,-1,57,1,0,4,0.2,0,0.0,0,0,57,0.028862924015637243,2.5836874604090463,5
Proposed smooth SAC,smooth,2,93,12093,enlarged_delay_only,3,0.15000000000000002,0.0,0.0,0.0,1.0,1.0,1.0,3.259884867767638,59.350430189016386,1,1,1,0,0,0,0,79,-1,-1,83,1,0,4,0.2,0,0.0,0,0,83,0.07748178528311982,0.2978984071654152,5
Proposed smooth SAC,smooth,2,94,12094,enlarged_delay_only,3,0.15000000000000002,0.0,0.0,0.0,1.0,1.0,1.0,0.7611576363914472,18.846404373032783,1,1,0,1,0,1,1,26,27,33,37,2,1,11,0.55,7,0.35000000000000003,0,0,37,0.040597649943934146,0.16898959225733326,5
Proposed smooth SAC,smooth,2,95,12095,enlarged_delay_only,3,0.15000000000000002,0.0,0.0,0.0,1.0,1.0,1.0,2.315981959981536,11.583421973809466,1,1,1,0,0,0,0,62,-1,-1,66,1,0,4,0.2,0,0.0,0,0,66,0.07453539566323703,0.19038469292493543,5
Proposed smooth SAC,smooth,2,96,12096,enlarged_delay_only,3,0.15000000000000002,0.0,0.0,0.0,1.0,1.0,1.0,2.6433593115574596,23.402961879678983,1,1,1,0,0,0,0,58,-1,-1,62,1,0,4,0.2,0,0.0,0,0,62,0.040942535947138085,1.831553859196412,5
Proposed smooth SAC,smooth,2,97,12097,enlarged_delay_only,3,0.15000000000000002,0.0,0.0,0.0,1.0,1.0,1.0,2.517006739513531,35.98333875531102,1,1,1,0,0,0,0,59,-1,-1,63,1,0,4,0.2,0,0.0,0,0,63,0.06128009704848339,0.8364697355153368,5
Proposed smooth SAC,smooth,2,98,12098,enlarged_delay_only,3,0.15000000000000002,0.0,0.0,0.0,1.0,1.0,1.0,3.120283930411399,82.53858091175118,1,1,1,0,0,0,0,73,-1,-1,77,1,0,4,0.2,0,0.0,0,0,77,0.06797909243182734,4.10261203534975,5
Proposed smooth SAC,smooth,2,99,12099,enlarged_delay_only,3,0.15000000000000002,0.0,0.0,0.0,1.0,1.0,1.0,0.19539344804534206,10.475630177230514,1,1,1,0,0,0,0,11,-1,-1,15,1,0,4,0.2,0,0.0,0,0,15,0.025262266058268885,0.8036795981356923,5
Proposed smooth SAC,smooth,3,0,12000,enlarged_delay_only,3,0.15000000000000002,0.0,0.0,0.0,1.0,1.0,1.0,1.4011169590411672,3.680448288035017,1,1,1,0,0,0,0,42,-1,-1,46,1,0,4,0.2,0,0.0,0,0,46,0.053408858854838974,1.9993167521468538,5
Proposed smooth SAC,smooth,3,1,12001,enlarged_delay_only,3,0.15000000000000002,0.0,0.0,0.0,1.0,1.0,1.0,1.8698938269216967,60.07772922240686,1,1,1,0,0,0,0,52,-1,-1,56,1,0,4,0.2,0,0.0,0,0,56,0.04846991929072116,3.572574628161363,5
Proposed smooth SAC,smooth,3,2,12002,enlarged_delay_only,3,0.15000000000000002,0.0,0.0,0.0,1.0,1.0,1.0,1.5052862077716045,52.14187244464703,1,1,1,0,0,0,0,47,-1,-1,51,1,0,4,0.2,0,0.0,0,0,51,0.05500335702140937,1.003012105677609,5
Proposed smooth SAC,smooth,3,3,12003,enlarged_delay_only,3,0.15000000000000002,0.0,0.0,0.0,1.0,1.0,1.0,1.11052274394814,63.72168295593285,1,1,1,0,0,0,0,38,-1,-1,42,1,0,4,0.2,0,0.0,0,0,42,0.08513006074548073,1.6804168206245451,5
Proposed smooth SAC,smooth,3,4,12004,enlarged_delay_only,3,0.15000000000000002,0.0,0.0,0.0,1.0,1.0,1.0,2.0622948587954135,27.609846144219087,1,1,1,0,0,0,0,57,-1,-1,61,1,0,4,0.2,0,0.0,0,0,61,0.03593004520596844,0.5579381963393605,5
Proposed smooth SAC,smooth,3,5,12005,enlarged_delay_only,3,0.15000000000000002,0.0,0.0,0.0,1.0,1.0,1.0,0.7836208893081577,86.33696522241115,1,1,0,1,0,1,1,38,39,42,46,2,1,8,0.4,4,0.2,0,0,46,0.015457326007042636,1.2688331430558675,5
Proposed smooth SAC,smooth,3,6,12006,enlarged_delay_only,3,0.15000000000000002,0.0,0.0,0.0,1.0,1.0,1.0,1.4039658384766267,70.50865751906693,1,1,1,0,0,0,0,44,-1,-1,48,1,0,4,0.2,0,0.0,0,0,48,0.05363647368817479,0.5113045461725695,5
Proposed smooth SAC,smooth,3,7,12007,enlarged_delay_only,3,0.15000000000000002,0.0,0.0,0.0,1.0,1.0,1.0,2.023389540687327,41.417218692919725,1,1,1,0,0,0,0,51,-1,-1,55,1,0,4,0.2,0,0.0,0,0,55,0.06668372285921878,3.646489014368537,5
Proposed smooth SAC,smooth,3,8,12008,enlarged_delay_only,3,0.15000000000000002,0.0,0.0,0.0,1.0,1.0,1.0,0.6761041193866284,47.03972454974209,1,1,0,1,0,1,1,28,30,34,38,2,1,10,0.5,6,0.30000000000000004,0,0,38,0.035066717696728526,0.5109988952072114,5
Proposed smooth SAC,smooth,3,9,12009,enlarged_delay_only,3,0.15000000000000002,0.0,0.0,0.0,1.0,1.0,1.0,0.8365610729382312,17.566701837686487,1,1,1,0,0,0,0,33,-1,-1,37,1,0,4,0.2,0,0.0,0,0,37,0.05762020720710925,0.4861237197759953,5
Proposed smooth SAC,smooth,3,10,12010,enlarged_delay_only,3,0.15000000000000002,0.0,0.0,0.0,1.0,1.0,1.0,2.0882312594206844,67.10242168941406,1,1,1,0,0,0,0,60,-1,-1,64,1,0,4,0.2,0,0.0,0,0,64,0.058474185765183685,0.6027261479655142,5
Proposed smooth SAC,smooth,3,11,12011,enlarged_delay_only,3,0.15000000000000002,0.0,0.0,0.0,1.0,1.0,1.0,1.0363136503576447,39.13181690606595,1,1,1,0,0,0,0,41,-1,-1,45,1,0,4,0.2,0,0.0,0,0,45,0.07839048570547721,3.5194193212759735,5
Proposed smooth SAC,smooth,3,12,12012,enlarged_delay_only,3,0.15000000000000002,0.0,0.0,0.0,1.0,1.0,1.0,1.0633346171025668,74.10415106043168,1,1,1,0,0,0,0,56,-1,-1,60,1,0,4,0.2,0,0.0,0,0,60,0.06783908750038077,3.116901545891724,5
Proposed smooth SAC,smooth,3,13,12013,enlarged_delay_only,3,0.15000000000000002,0.0,0.0,0.0,1.0,1.0,1.0,2.9321695975105375,64.82631579002067,1,1,1,0,0,0,0,62,-1,-1,66,1,0,4,0.2,0,0.0,0,0,66,0.057823511223860424,0.3331976518892609,5
Proposed smooth SAC,smooth,3,14,12014,enlarged_delay_only,3,0.15000000000000002,0.0,0.0,0.0,1.0,1.0,1.0,1.5727126782681156,69.85363554747353,1,1,1,0,0,0,0,49,-1,-1,53,1,0,4,0.2,0,0.0,0,0,53,0.06702760220167676,0.8097960858982917,5
Proposed smooth SAC,smooth,3,15,12015,enlarged_delay_only,3,0.15000000000000002,0.0,0.0,0.0,1.0,1.0,1.0,1.7941221940119125,66.18821452938619,1,1,1,0,0,0,0,57,-1,-1,61,1,0,4,0.2,0,0.0,0,0,61,0.05375234069892003,0.7403477896346597,5
Proposed smooth SAC,smooth,3,16,12016,enlarged_delay_only,3,0.15000000000000002,0.0,0.0,0.0,1.0,1.0,1.0,2.0956191639967527,80.76412508613855,1,1,1,0,0,0,0,51,-1,-1,55,1,0,4,0.2,0,0.0,0,0,55,0.08868731769423793,4.07801182839348,5
Proposed smooth SAC,smooth,3,17,12017,enlarged_delay_only,3,0.15000000000000002,0.0,0.0,0.0,1.0,1.0,1.0,2.3497476747776798,68.42664510531779,1,1,1,0,0,0,0,54,-1,-1,58,1,0,4,0.2,0,0.0,0,0,58,0.05242945552106574,3.5306308633551375,5
Proposed smooth SAC,smooth,3,18,12018,enlarged_delay_only,3,0.15000000000000002,0.0,0.0,0.0,1.0,1.0,1.0,1.3063656328926654,58.185179426044705,1,1,1,0,0,0,0,38,-1,-1,42,1,0,4,0.2,0,0.0,0,0,42,0.051109336105857245,0.3356859485008348,5
Proposed smooth SAC,smooth,3,19,12019,enlarged_delay_only,3,0.15000000000000002,0.0,0.0,0.0,1.0,1.0,1.0,1.569053725441394,46.92282244700273,1,1,1,0,0,0,0,46,-1,-1,50,1,0,4,0.2,0,0.0,0,0,50,0.09410431307329065,1.0669858985997698,5
Proposed smooth SAC,smooth,3,20,12020,enlarged_delay_only,3,0.15000000000000002,0.0,0.0,0.0,1.0,1.0,1.0,2.8509785660679805,57.54032760612546,1,1,1,0,0,0,0,65,-1,-1,69,1,0,4,0.2,0,0.0,0,0,69,0.08657976714703763,0.4992835733159058,5
Proposed smooth SAC,smooth,3,21,12021,enlarged_delay_only,3,0.15000000000000002,0.0,0.0,0.0,1.0,1.0,1.0,1.721321109839246,84.23015922197487,1,1,1,0,0,0,0,50,-1,-1,54,1,0,4,0.2,0,0.0,0,0,54,0.08587117065819688,0.9073548794647572,5
Proposed smooth SAC,smooth,3,22,12022,enlarged_delay_only,3,0.15000000000000002,0.0,0.0,0.0,1.0,1.0,1.0,2.0714459852992766,7.241713190147896,1,1,1,0,0,0,0,51,-1,-1,55,1,0,4,0.2,0,0.0,0,0,55,0.06502890254020294,1.851291611793868,5
Proposed smooth SAC,smooth,3,23,12023,enlarged_delay_only,3,0.15000000000000002,0.0,0.0,0.0,1.0,1.0,1.0,1.96706721911142,29.687929491648173,1,1,1,0,0,0,0,51,-1,-1,55,1,0,4,0.2,0,0.0,0,0,55,0.0385543043030772,0.3456843315895285,5
Proposed smooth SAC,smooth,3,24,12024,enlarged_delay_only,3,0.15000000000000002,0.0,0.0,0.0,1.0,1.0,1.0,2.3296647946987346,59.32330750782227,1,1,1,0,0,0,0,59,-1,-1,63,1,0,4,0.2,0,0.0,0,0,63,0.06250632741589084,2.0035935177843394,5
Proposed smooth SAC,smooth,3,25,12025,enlarged_delay_only,3,0.15000000000000002,0.0,0.0,0.0,1.0,1.0,1.0,1.7406706115734212,29.68845883130885,1,1,1,0,0,0,0,52,-1,-1,56,1,0,4,0.2,0,0.0,0,0,56,0.0682609196515143,3.213766221483787,5
Proposed smooth SAC,smooth,3,26,12026,enlarged_delay_only,3,0.15000000000000002,0.0,0.0,0.0,1.0,1.0,1.0,1.2890960116783232,58.822470226552745,1,1,1,0,0,0,0,40,-1,-1,44,1,0,4,0.2,0,0.0,0,0,44,0.076250998820256,0.28058974731325087,5
Proposed smooth SAC,smooth,3,27,12027,enlarged_delay_only,3,0.15000000000000002,0.0,0.0,0.0,1.0,1.0,1.0,1.679512651290201,27.36887877784833,1,1,1,0,0,0,0,43,-1,-1,47,1,0,4,0.2,0,0.0,0,0,47,0.08689665872081449,1.7249704647456556,5
Proposed smooth SAC,smooth,3,28,12028,enlarged_delay_only,3,0.15000000000000002,0.0,0.0,0.0,1.0,1.0,1.0,2.161397968359572,63.816718208044406,1,1,1,0,0,0,0,52,-1,-1,56,1,0,4,0.2,0,0.0,0,0,56,0.06560146143538521,0.5397873955068747,5
Proposed smooth SAC,smooth,3,29,12029,enlarged_delay_only,3,0.15000000000000002,0.0,0.0,0.0,1.0,1.0,1.0,1.4273638277059564,34.274883047648224,1,1,1,0,0,0,0,54,-1,-1,58,1,0,4,0.2,0,0.0,0,0,58,0.08113890202631807,0.3163964003872345,5
Proposed smooth SAC,smooth,3,30,12030,enlarged_delay_only,3,0.15000000000000002,0.0,0.0,0.0,1.0,1.0,1.0,1.7462896683471236,26.955215200955678,1,1,1,0,0,0,0,50,-1,-1,54,1,0,4,0.2,0,0.0,0,0,54,0.07738314030462178,2.0411049167060495,5
Proposed smooth SAC,smooth,3,31,12031,enlarged_delay_only,3,0.15000000000000002,0.0,0.0,0.0,1.0,1.0,1.0,0.831092090571535,57.81877392801937,1,1,1,0,0,0,0,32,-1,-1,36,1,0,4,0.2,0,0.0,0,0,36,0.06615740419605143,0.509042899783649,5
Proposed smooth SAC,smooth,3,32,12032,enlarged_delay_only,3,0.15000000000000002,0.0,0.0,0.0,1.0,1.0,1.0,2.3622064651248813,65.6166711298287,1,1,1,0,0,0,0,59,-1,-1,63,1,0,4,0.2,0,0.0,0,0,63,0.06040915650986182,3.0171874007552963,5
Proposed smooth SAC,smooth,3,33,12033,enlarged_delay_only,3,0.15000000000000002,0.0,0.0,0.0,1.0,1.0,1.0,0.7030471412582213,16.83992189867294,1,1,1,0,0,0,0,31,-1,-1,35,1,0,4,0.2,0,0.0,0,0,35,0.05916212586572181,1.0850858999003035,5
Proposed smooth SAC,smooth,3,34,12034,enlarged_delay_only,3,0.15000000000000002,0.0,0.0,0.0,1.0,1.0,1.0,2.282842407805926,24.938362791888462,1,1,1,0,0,0,0,62,-1,-1,66,1,0,4,0.2,0,0.0,0,0,66,0.04418272875675059,0.66175477720688,5
Proposed smooth SAC,smooth,3,35,12035,enlarged_delay_only,3,0.15000000000000002,0.0,0.0,0.0,1.0,1.0,1.0,2.371908074838775,71.96116554796184,1,1,1,0,0,0,0,61,-1,-1,65,1,0,4,0.2,0,0.0,0,0,65,0.04201940642180646,0.38115235669106756,5
Proposed smooth SAC,smooth,3,36,12036,enlarged_delay_only,3,0.15000000000000002,0.0,0.0,0.0,1.0,1.0,1.0,0.8829462334714887,87.90779944848737,1,1,1,0,0,0,0,39,-1,-1,43,1,0,4,0.2,0,0.0,0,0,43,0.059478016091599306,1.4505886390164322,5
Proposed smooth SAC,smooth,3,37,12037,enlarged_delay_only,3,0.15000000000000002,0.0,0.0,0.0,1.0,1.0,1.0,0.817844285721509,43.45796651879823,1,1,1,0,0,0,0,26,-1,-1,30,1,0,4,0.2,0,0.0,0,0,30,0.07045379217093245,2.4878865867802125,5
Proposed smooth SAC,smooth,3,38,12038,enlarged_delay_only,3,0.15000000000000002,0.0,0.0,0.0,1.0,1.0,1.0,1.5743284929286714,57.88825061225674,1,1,1,0,0,0,0,44,-1,-1,48,1,0,4,0.2,0,0.0,0,0,48,0.04697936495235888,3.443110313434475,5
Proposed smooth SAC,smooth,3,39,12039,enlarged_delay_only,3,0.15000000000000002,0.0,0.0,0.0,1.0,1.0,1.0,0.8994689163493125,9.298986658723248,1,1,1,0,0,0,0,41,-1,-1,45,1,0,4,0.2,0,0.0,0,0,45,0.05282095571287232,2.154092040390516,5
Proposed smooth SAC,smooth,3,40,12040,enlarged_delay_only,3,0.15000000000000002,0.0,0.0,0.0,1.0,1.0,1.0,1.8657719186487738,68.44804408798744,1,1,1,0,0,0,0,49,-1,-1,53,1,0,4,0.2,0,0.0,0,0,53,0.06409564630776184,1.453323809613905,5
Proposed smooth SAC,smooth,3,41,12041,enlarged_delay_only,3,0.15000000000000002,0.0,0.0,0.0,1.0,1.0,1.0,2.1801507199074694,36.011752342258276,1,1,1,0,0,0,0,59,-1,-1,63,1,0,4,0.2,0,0.0,0,0,63,0.03228304812194069,0.3307771769217112,5
Proposed smooth SAC,smooth,3,42,12042,enlarged_delay_only,3,0.15000000000000002,0.0,0.0,0.0,1.0,1.0,1.0,2.890509486387824,8.39370570216694,1,1,1,0,0,0,0,65,-1,-1,69,1,0,4,0.2,0,0.0,0,0,69,0.05898908446174899,1.8061318951056247,5
Proposed smooth SAC,smooth,3,43,12043,enlarged_delay_only,3,0.15000000000000002,0.0,0.0,0.0,1.0,1.0,1.0,1.4295379479494126,86.66219834011966,1,1,1,0,0,0,0,55,-1,-1,59,1,0,4,0.2,0,0.0,0,0,59,0.07094319944266728,2.694669496685291,5
Proposed smooth SAC,smooth,3,44,12044,enlarged_delay_only,3,0.15000000000000002,0.0,0.0,0.0,1.0,1.0,1.0,1.4633774253790757,25.79388667411487,1,1,1,0,0,0,0,44,-1,-1,48,1,0,4,0.2,0,0.0,0,0,48,0.06758758723785345,0.2603698794099273,5
Proposed smooth SAC,smooth,3,45,12045,enlarged_delay_only,3,0.15000000000000002,0.0,0.0,0.0,1.0,1.0,1.0,2.7817081294799144,45.277112272150255,1,1,1,0,0,0,0,63,-1,-1,67,1,0,4,0.2,0,0.0,0,0,67,0.0602075896520085,2.2184947478482124,5
Proposed smooth SAC,smooth,3,46,12046,enlarged_delay_only,3,0.15000000000000002,0.0,0.0,0.0,1.0,1.0,1.0,2.448255495287487,6.5296484668143195,1,1,1,0,0,0,0,47,-1,-1,51,1,0,4,0.2,0,0.0,0,0,51,0.097624464570536,2.574261799354429,5
Proposed smooth SAC,smooth,3,47,12047,enlarged_delay_only,3,0.15000000000000002,0.0,0.0,0.0,1.0,1.0,1.0,2.0375889749407565,48.300679923363994,1,1,1,0,0,0,0,50,-1,-1,54,1,0,4,0.2,0,0.0,0,0,54,0.09531911109252503,0.7130351971651011,5
Proposed smooth SAC,smooth,3,48,12048,enlarged_delay_only,3,0.15000000000000002,0.0,0.0,0.0,1.0,1.0,1.0,1.595910055499794,38.132652438046875,1,1,0,1,0,1,1,38,39,44,48,2,1,10,0.5,6,0.30000000000000004,0,0,48,0.030019387196116663,0.9780809547117103,5
Proposed smooth SAC,smooth,3,49,12049,enlarged_delay_only,3,0.15000000000000002,0.0,0.0,0.0,1.0,1.0,1.0,1.5300451933387877,9.115019782297185,1,1,1,0,0,0,0,47,-1,-1,51,1,0,4,0.2,0,0.0,0,0,51,0.05588021798334553,2.8164233816128803,5
Proposed smooth SAC,smooth,3,50,12050,enlarged_delay_only,3,0.15000000000000002,0.0,0.0,0.0,1.0,1.0,1.0,2.262693545269486,73.02772690761601,1,1,0,1,0,1,1,52,53,56,60,2,1,8,0.4,4,0.2,0,0,60,0.026184290120826553,0.7750407750283875,5
Proposed smooth SAC,smooth,3,51,12051,enlarged_delay_only,3,0.15000000000000002,0.0,0.0,0.0,1.0,1.0,1.0,1.6263518811985,35.99433194478016,1,1,1,0,0,0,0,52,-1,-1,56,1,0,4,0.2,0,0.0,0,0,56,0.05453785051357873,1.7442400292198483,5
Proposed smooth SAC,smooth,3,52,12052,enlarged_delay_only,3,0.15000000000000002,0.0,0.0,0.0,1.0,1.0,1.0,0.7048587995105587,83.91519870877808,1,1,1,0,0,0,0,39,-1,-1,43,1,0,4,0.2,0,0.0,0,0,43,0.06929505543304934,1.6705349242777117,5
Proposed smooth SAC,smooth,3,53,12053,enlarged_delay_only,3,0.15000000000000002,0.0,0.0,0.0,1.0,1.0,1.0,1.470188620244381,45.138920469767974,1,1,1,0,0,0,0,44,-1,-1,48,1,0,4,0.2,0,0.0,0,0,48,0.06823371401369475,2.420032072470721,5
Proposed smooth SAC,smooth,3,54,12054,enlarged_delay_only,3,0.15000000000000002,0.0,0.0,0.0,1.0,1.0,1.0,2.2790002868522827,82.51781713667434,1,1,1,0,0,0,0,61,-1,-1,65,1,0,4,0.2,0,0.0,0,0,65,0.015405735543854887,1.9764672080522223,5
Proposed smooth SAC,smooth,3,55,12055,enlarged_delay_only,3,0.15000000000000002,0.0,0.0,0.0,1.0,1.0,1.0,2.8850994760210127,23.46271066699096,1,1,1,0,0,0,0,73,-1,-1,77,1,0,4,0.2,0,0.0,0,0,77,0.08510696434234341,1.7331868621520636,5
Proposed smooth SAC,smooth,3,56,12056,enlarged_delay_only,3,0.15000000000000002,0.0,0.0,0.0,1.0,1.0,1.0,1.826905546699788,11.925707512554547,1,1,1,0,0,0,0,46,-1,-1,50,1,0,4,0.2,0,0.0,0,0,50,0.06741225295422985,1.2326921575580971,5
Proposed smooth SAC,smooth,3,57,12057,enlarged_delay_only,3,0.15000000000000002,0.0,0.0,0.0,1.0,1.0,1.0,1.7691751722646727,27.276807827836556,1,1,1,0,0,0,0,53,-1,-1,57,1,0,4,0.2,0,0.0,0,0,57,0.04588203415363336,1.2932318594316223,5
Proposed smooth SAC,smooth,3,58,12058,enlarged_delay_only,3,0.15000000000000002,0.0,0.0,0.0,1.0,1.0,1.0,2.3268545695420997,62.93145738971906,1,1,1,0,0,0,0,61,-1,-1,65,1,0,4,0.2,0,0.0,0,0,65,0.06867833009401021,2.5602031356084267,5
Proposed smooth SAC,smooth,3,59,12059,enlarged_delay_only,3,0.15000000000000002,0.0,0.0,0.0,1.0,1.0,1.0,2.1903482121613216,54.840688506488746,1,1,1,0,0,0,0,57,-1,-1,61,1,0,4,0.2,0,0.0,0,0,61,0.0745028369338572,1.5143185728408826,5
Proposed smooth SAC,smooth,3,60,12060,enlarged_delay_only,3,0.15000000000000002,0.0,0.0,0.0,1.0,1.0,1.0,1.0973360553047116,33.91806713521758,1,1,0,1,0,1,1,33,36,40,44,2,1,11,0.55,7,0.35000000000000003,0,0,44,0.09354568129765053,1.7829285685563276,5
Proposed smooth SAC,smooth,3,61,12061,enlarged_delay_only,3,0.15000000000000002,0.0,0.0,0.0,1.0,1.0,1.0,1.936928029361262,42.58082679539602,1,1,1,0,0,0,0,56,-1,-1,60,1,0,4,0.2,0,0.0,0,0,60,0.052921175139123304,3.6755809244777367,5
Proposed smooth SAC,smooth,3,62,12062,enlarged_delay_only,3,0.15000000000000002,0.0,0.0,0.0,1.0,1.0,1.0,1.8981880108378766,55.958209907540386,1,1,1,0,0,0,0,50,-1,-1,54,1,0,4,0.2,0,0.0,0,0,54,0.07295037674394278,2.860390803404133,5
Proposed smooth SAC,smooth,3,63,12063,enlarged_delay_only,3,0.15000000000000002,0.0,0.0,0.0,1.0,1.0,1.0,1.3410819077846639,71.65242733709893,1,1,1,0,0,0,0,43,-1,-1,47,1,0,4,0.2,0,0.0,0,0,47,0.049605696185991525,1.8842348948213088,5
Proposed smooth SAC,smooth,3,64,12064,enlarged_delay_only,3,0.15000000000000002,0.0,0.0,0.0,1.0,1.0,1.0,3.236122857778983,77.84361815931113,1,1,1,0,0,0,0,68,-1,-1,72,1,0,4,0.2,0,0.0,0,0,72,0.07676524085129297,1.952396767643451,5
Proposed smooth SAC,smooth,3,65,12065,enlarged_delay_only,3,0.15000000000000002,0.0,0.0,0.0,1.0,1.0,1.0,2.27680658754703,16.046224888813487,1,1,1,0,0,0,0,55,-1,-1,59,1,0,4,0.2,0,0.0,0,0,59,0.06513213893062177,0.1832812161468428,5
Proposed smooth SAC,smooth,3,66,12066,enlarged_delay_only,3,0.15000000000000002,0.0,0.0,0.0,1.0,1.0,1.0,0.7254567305431476,42.00001141404023,1,1,1,0,0,0,0,28,-1,-1,32,1,0,4,0.2,0,0.0,0,0,32,0.02128905624591905,2.1304006754806806,5
Proposed smooth SAC,smooth,3,67,12067,enlarged_delay_only,3,0.15000000000000002,0.0,0.0,0.0,1.0,1.0,1.0,1.5334421939190404,11.645351299013972,1,1,1,0,0,0,0,49,-1,-1,53,1,0,4,0.2,0,0.0,0,0,53,0.03730992047864833,0.7582577729380497,5
Proposed smooth SAC,smooth,3,68,12068,enlarged_delay_only,3,0.15000000000000002,0.0,0.0,0.0,1.0,1.0,1.0,1.8681160247703945,59.46436457456137,1,1,1,0,0,0,0,49,-1,-1,53,1,0,4,0.2,0,0.0,0,0,53,0.06762791149390408,0.5409236615083298,5
Proposed smooth SAC,smooth,3,69,12069,enlarged_delay_only,3,0.15000000000000002,0.0,0.0,0.0,1.0,1.0,1.0,1.886519728757838,51.09646759594697,1,1,1,0,0,0,0,54,-1,-1,58,1,0,4,0.2,0,0.0,0,0,58,0.05921122793867826,2.9337508770714784,5
Proposed smooth SAC,smooth,3,70,12070,enlarged_delay_only,3,0.15000000000000002,0.0,0.0,0.0,1.0,1.0,1.0,1.6986806001597525,76.52323330972095,1,1,1,0,0,0,0,43,-1,-1,47,1,0,4,0.2,0,0.0,0,0,47,0.04815390552119456,2.6226822910411185,5
Proposed smooth SAC,smooth,3,71,12071,enlarged_delay_only,3,0.15000000000000002,0.0,0.0,0.0,1.0,1.0,1.0,2.6459208153503964,67.50779341665432,1,1,1,0,0,0,0,67,-1,-1,71,1,0,4,0.2,0,0.0,0,0,71,0.07603995128671852,3.0948090855779062,5
Proposed smooth SAC,smooth,3,72,12072,enlarged_delay_only,3,0.15000000000000002,0.0,0.0,0.0,1.0,1.0,1.0,0.48175087121353316,49.596093601348606,1,1,1,0,0,0,0,26,-1,-1,30,1,0,4,0.2,0,0.0,0,0,30,0.08097355218446381,4.627082198034342,5
Proposed smooth SAC,smooth,3,73,12073,enlarged_delay_only,3,0.15000000000000002,0.0,0.0,0.0,1.0,1.0,1.0,1.3565823895626754,84.90849262920553,1,1,1,0,0,0,0,47,-1,-1,51,1,0,4,0.2,0,0.0,0,0,51,0.06717457698925319,0.2785417310988784,5
Proposed smooth SAC,smooth,3,74,12074,enlarged_delay_only,3,0.15000000000000002,0.0,0.0,0.0,1.0,1.0,1.0,2.034268978334935,63.584860606479154,1,1,1,0,0,0,0,51,-1,-1,55,1,0,4,0.2,0,0.0,0,0,55,0.07259676407724414,1.671054872428279,5
Proposed smooth SAC,smooth,3,75,12075,enlarged_delay_only,3,0.15000000000000002,0.0,0.0,0.0,1.0,1.0,1.0,2.7867133802887056,59.621185717904865,1,1,1,0,0,0,0,71,-1,-1,75,1,0,4,0.2,0,0.0,0,0,75,0.06485579409180862,2.7618930722702024,5
Proposed smooth SAC,smooth,3,76,12076,enlarged_delay_only,3,0.15000000000000002,0.0,0.0,0.0,1.0,1.0,1.0,1.4672375160200708,30.3721436917542,1,1,1,0,0,0,0,45,-1,-1,49,1,0,4,0.2,0,0.0,0,0,49,0.07858805794697639,1.3805768521462745,5
Proposed smooth SAC,smooth,3,77,12077,enlarged_delay_only,3,0.15000000000000002,0.0,0.0,0.0,1.0,1.0,1.0,1.9775577095396648,51.41426263764932,1,1,1,0,0,0,0,53,-1,-1,57,1,0,4,0.2,0,0.0,0,0,57,0.0719830494389215,0.7169834200313386,5
Proposed smooth SAC,smooth,3,78,12078,enlarged_delay_only,3,0.15000000000000002,0.0,0.0,0.0,1.0,1.0,1.0,2.327760709820301,60.008956047653996,1,1,1,0,0,0,0,59,-1,-1,63,1,0,4,0.2,0,0.0,0,0,63,0.05674994659799621,0.31780021770508365,5
Proposed smooth SAC,smooth,3,79,12079,enlarged_delay_only,3,0.15000000000000002,0.0,0.0,0.0,1.0,1.0,1.0,1.5278991276633485,40.17317828277736,1,1,1,0,0,0,0,42,-1,-1,46,1,0,4,0.2,0,0.0,0,0,46,0.023714223995000557,3.295671288689641,5
Proposed smooth SAC,smooth,3,80,12080,enlarged_delay_only,3,0.15000000000000002,0.0,0.0,0.0,1.0,1.0,1.0,2.3192768073204557,47.36251928991689,1,1,1,0,0,0,0,62,-1,-1,66,1,0,4,0.2,0,0.0,0,0,66,0.05421491504997071,1.470752317941662,5
Proposed smooth SAC,smooth,3,81,12081,enlarged_delay_only,3,0.15000000000000002,0.0,0.0,0.0,1.0,1.0,1.0,2.348060423688873,77.305474384795,1,1,1,0,0,0,0,62,-1,-1,66,1,0,4,0.2,0,0.0,0,0,66,0.06493842930325468,3.4077596021680163,5
Proposed smooth SAC,smooth,3,82,12082,enlarged_delay_only,3,0.15000000000000002,0.0,0.0,0.0,1.0,1.0,1.0,1.657062365864348,55.61082307125895,1,1,1,0,0,0,0,43,-1,-1,47,1,0,4,0.2,0,0.0,0,0,47,0.08884934694450096,0.16939378737776728,5
Proposed smooth SAC,smooth,3,83,12083,enlarged_delay_only,3,0.15000000000000002,0.0,0.0,0.0,1.0,1.0,1.0,1.7829506075254924,2.609497891508878,1,1,1,0,0,0,0,58,-1,-1,62,1,0,4,0.2,0,0.0,0,0,62,0.0359515612511863,1.9432733424596065,5
Proposed smooth SAC,smooth,3,84,12084,enlarged_delay_only,3,0.15000000000000002,0.0,0.0,0.0,1.0,1.0,1.0,1.6404890956693123,1.3837049720644343,1,1,1,0,0,0,0,47,-1,-1,51,1,0,4,0.2,0,0.0,0,0,51,0.04371173646228905,4.815280803538051,5
Proposed smooth SAC,smooth,3,85,12085,enlarged_delay_only,3,0.15000000000000002,0.0,0.0,0.0,1.0,1.0,1.0,2.497746521837666,36.904581010184,1,1,1,0,0,0,0,55,-1,-1,59,1,0,4,0.2,0,0.0,0,0,59,0.055688524424915405,4.638156495999872,5
Proposed smooth SAC,smooth,3,86,12086,enlarged_delay_only,3,0.15000000000000002,0.0,0.0,0.0,1.0,1.0,1.0,1.8263883792562778,0.33389918702221527,1,1,1,0,0,0,0,44,-1,-1,48,1,0,4,0.2,0,0.0,0,0,48,0.06315254116324728,1.9125187081743316,5
Proposed smooth SAC,smooth,3,87,12087,enlarged_delay_only,3,0.15000000000000002,0.0,0.0,0.0,1.0,1.0,1.0,2.03592606033529,9.710697655286923,1,1,1,0,0,0,0,49,-1,-1,53,1,0,4,0.2,0,0.0,0,0,53,0.05843275771409149,0.5988287246312286,5
Proposed smooth SAC,smooth,3,88,12088,enlarged_delay_only,3,0.15000000000000002,0.0,0.0,0.0,1.0,1.0,1.0,2.799243954274032,20.695729317232512,1,1,1,0,0,0,0,65,-1,-1,69,1,0,4,0.2,0,0.0,0,0,69,0.0729808336515133,1.8147795549250954,5
Proposed smooth SAC,smooth,3,89,12089,enlarged_delay_only,3,0.15000000000000002,0.0,0.0,0.0,1.0,1.0,1.0,1.9684957245170929,46.29750155301514,1,1,1,0,0,0,0,50,-1,-1,54,1,0,4,0.2,0,0.0,0,0,54,0.04049010785976108,3.094229800158925,5
Proposed smooth SAC,smooth,3,90,12090,enlarged_delay_only,3,0.15000000000000002,0.0,0.0,0.0,1.0,1.0,1.0,1.911320050192248,50.27198521595098,1,1,1,0,0,0,0,53,-1,-1,57,1,0,4,0.2,0,0.0,0,0,57,0.06703988634118416,4.200644459846474,5
Proposed smooth SAC,smooth,3,91,12091,enlarged_delay_only,3,0.15000000000000002,0.0,0.0,0.0,1.0,1.0,1.0,2.127844865867529,32.123072930770725,1,1,1,0,0,0,0,59,-1,-1,63,1,0,4,0.2,0,0.0,0,0,63,0.0704854303319318,4.669384547771993,5
Proposed smooth SAC,smooth,3,92,12092,enlarged_delay_only,3,0.15000000000000002,0.0,0.0,0.0,1.0,1.0,1.0,2.1800958407414126,47.35001662864118,1,1,1,0,0,0,0,56,-1,-1,60,1,0,4,0.2,0,0.0,0,0,60,0.06849023201919917,1.6972159910533087,5
Proposed smooth SAC,smooth,3,93,12093,enlarged_delay_only,3,0.15000000000000002,0.0,0.0,0.0,1.0,1.0,1.0,3.259884867767638,59.350430189016386,1,1,1,0,0,0,0,107,-1,-1,111,1,0,4,0.2,0,0.0,0,0,111,0.0591188469178993,0.7973142353552106,5
Proposed smooth SAC,smooth,3,94,12094,enlarged_delay_only,3,0.15000000000000002,0.0,0.0,0.0,1.0,1.0,1.0,0.7611576363914472,18.846404373032783,1,1,1,0,0,0,0,27,-1,-1,31,1,0,4,0.2,0,0.0,0,0,31,0.08153884634197282,3.3174600190288053,5
Proposed smooth SAC,smooth,3,95,12095,enlarged_delay_only,3,0.15000000000000002,0.0,0.0,0.0,1.0,1.0,1.0,2.315981959981536,11.583421973809466,1,1,1,0,0,0,0,50,-1,-1,54,1,0,4,0.2,0,0.0,0,0,54,0.06884851408953391,1.24664580714561,5
Proposed smooth SAC,smooth,3,96,12096,enlarged_delay_only,3,0.15000000000000002,0.0,0.0,0.0,1.0,1.0,1.0,2.6433593115574596,23.402961879678983,1,1,1,0,0,0,0,67,-1,-1,71,1,0,4,0.2,0,0.0,0,0,71,0.04744052273233537,3.797719647876374,5
Proposed smooth SAC,smooth,3,97,12097,enlarged_delay_only,3,0.15000000000000002,0.0,0.0,0.0,1.0,1.0,1.0,2.517006739513531,35.98333875531102,1,1,0,1,0,1,1,53,57,71,75,2,1,22,1.1,18,0.9,0,0,75,0.04743802321024864,2.251546673572139,5
Proposed smooth SAC,smooth,3,98,12098,enlarged_delay_only,3,0.15000000000000002,0.0,0.0,0.0,1.0,1.0,1.0,3.120283930411399,82.53858091175118,1,1,1,0,0,0,0,68,-1,-1,72,1,0,4,0.2,0,0.0,0,0,72,0.05441696610763249,4.566544523873227,5
Proposed smooth SAC,smooth,3,99,12099,enlarged_delay_only,3,0.15000000000000002,0.0,0.0,0.0,1.0,1.0,1.0,0.19539344804534206,10.475630177230514,1,1,1,0,0,0,0,11,-1,-1,15,1,0,4,0.2,0,0.0,0,0,15,0.05815080241396336,3.080192480754079,5
Proposed smooth SAC,smooth,4,0,12000,enlarged_delay_only,3,0.15000000000000002,0.0,0.0,0.0,1.0,1.0,1.0,1.4011169590411672,3.680448288035017,1,1,1,0,0,0,0,35,-1,-1,39,1,0,4,0.2,0,0.0,0,0,39,0.03371849242560958,0.354271346799689,5
Proposed smooth SAC,smooth,4,1,12001,enlarged_delay_only,3,0.15000000000000002,0.0,0.0,0.0,1.0,1.0,1.0,1.8698938269216967,60.07772922240686,1,1,1,0,0,0,0,55,-1,-1,59,1,0,4,0.2,0,0.0,0,0,59,0.065448496662394,2.1198565709494734,5
Proposed smooth SAC,smooth,4,2,12002,enlarged_delay_only,3,0.15000000000000002,0.0,0.0,0.0,1.0,1.0,1.0,1.5052862077716045,52.14187244464703,1,1,1,0,0,0,0,52,-1,-1,56,1,0,4,0.2,0,0.0,0,0,56,0.05957261426304505,2.4070299536119553,5
Proposed smooth SAC,smooth,4,3,12003,enlarged_delay_only,3,0.15000000000000002,0.0,0.0,0.0,1.0,1.0,1.0,1.11052274394814,63.72168295593285,1,1,1,0,0,0,0,38,-1,-1,42,1,0,4,0.2,0,0.0,0,0,42,0.013041988859990602,1.2845258228390892,5
Proposed smooth SAC,smooth,4,4,12004,enlarged_delay_only,3,0.15000000000000002,0.0,0.0,0.0,1.0,1.0,1.0,2.0622948587954135,27.609846144219087,1,1,1,0,0,0,0,53,-1,-1,57,1,0,4,0.2,0,0.0,0,0,57,0.05131403467430195,1.9490969325006886,5
Proposed smooth SAC,smooth,4,5,12005,enlarged_delay_only,3,0.15000000000000002,0.0,0.0,0.0,1.0,1.0,1.0,0.7836208893081577,86.33696522241115,1,1,1,0,0,0,0,46,-1,-1,50,1,0,4,0.2,0,0.0,0,0,50,0.02853869151157251,1.7847519088996038,5
Proposed smooth SAC,smooth,4,6,12006,enlarged_delay_only,3,0.15000000000000002,0.0,0.0,0.0,1.0,1.0,1.0,1.4039658384766267,70.50865751906693,1,1,1,0,0,0,0,44,-1,-1,48,1,0,4,0.2,0,0.0,0,0,48,0.04996840867229364,3.4707960583482986,5
Proposed smooth SAC,smooth,4,7,12007,enlarged_delay_only,3,0.15000000000000002,0.0,0.0,0.0,1.0,1.0,1.0,2.023389540687327,41.417218692919725,1,1,1,0,0,0,0,53,-1,-1,57,1,0,4,0.2,0,0.0,0,0,57,0.07571755689553444,0.25841198967608725,5
Proposed smooth SAC,smooth,4,8,12008,enlarged_delay_only,3,0.15000000000000002,0.0,0.0,0.0,1.0,1.0,1.0,0.6761041193866284,47.03972454974209,1,1,1,0,0,0,0,37,-1,-1,41,1,0,4,0.2,0,0.0,0,0,41,0.043379548350485166,0.5617133699596735,5
Proposed smooth SAC,smooth,4,9,12009,enlarged_delay_only,3,0.15000000000000002,0.0,0.0,0.0,1.0,1.0,1.0,0.8365610729382312,17.566701837686487,1,1,1,0,0,0,0,37,-1,-1,41,1,0,4,0.2,0,0.0,0,0,41,0.08273214465609385,4.20753654760584,5
Proposed smooth SAC,smooth,4,10,12010,enlarged_delay_only,3,0.15000000000000002,0.0,0.0,0.0,1.0,1.0,1.0,2.0882312594206844,67.10242168941406,1,1,1,0,0,0,0,53,-1,-1,57,1,0,4,0.2,0,0.0,0,0,57,0.062373046598981706,1.9385617925927672,5
Proposed smooth SAC,smooth,4,11,12011,enlarged_delay_only,3,0.15000000000000002,0.0,0.0,0.0,1.0,1.0,1.0,1.0363136503576447,39.13181690606595,1,1,1,0,0,0,0,40,-1,-1,44,1,0,4,0.2,0,0.0,0,0,44,0.045256147937375986,0.4924299053706211,5
Proposed smooth SAC,smooth,4,12,12012,enlarged_delay_only,3,0.15000000000000002,0.0,0.0,0.0,1.0,1.0,1.0,1.0633346171025668,74.10415106043168,1,1,1,0,0,0,0,43,-1,-1,47,1,0,4,0.2,0,0.0,0,0,47,0.05840235420774771,2.0387711264440207,5
Proposed smooth SAC,smooth,4,13,12013,enlarged_delay_only,3,0.15000000000000002,0.0,0.0,0.0,1.0,1.0,1.0,2.9321695975105375,64.82631579002067,1,1,1,0,0,0,0,65,-1,-1,69,1,0,4,0.2,0,0.0,0,0,69,0.0589033380547301,2.197715604845741,5
Proposed smooth SAC,smooth,4,14,12014,enlarged_delay_only,3,0.15000000000000002,0.0,0.0,0.0,1.0,1.0,1.0,1.5727126782681156,69.85363554747353,1,1,1,0,0,0,0,56,-1,-1,60,1,0,4,0.2,0,0.0,0,0,60,0.04732832079251246,0.4845160106392506,5
Proposed smooth SAC,smooth,4,15,12015,enlarged_delay_only,3,0.15000000000000002,0.0,0.0,0.0,1.0,1.0,1.0,1.7941221940119125,66.18821452938619,1,1,1,0,0,0,0,50,-1,-1,54,1,0,4,0.2,0,0.0,0,0,54,0.06403900650868424,1.2911907000868463,5
Proposed smooth SAC,smooth,4,16,12016,enlarged_delay_only,3,0.15000000000000002,0.0,0.0,0.0,1.0,1.0,1.0,2.0956191639967527,80.76412508613855,1,1,1,0,0,0,0,55,-1,-1,59,1,0,4,0.2,0,0.0,0,0,59,0.020341681358497277,1.0292255179384715,5
Proposed smooth SAC,smooth,4,17,12017,enlarged_delay_only,3,0.15000000000000002,0.0,0.0,0.0,1.0,1.0,1.0,2.3497476747776798,68.42664510531779,1,1,1,0,0,0,0,59,-1,-1,63,1,0,4,0.2,0,0.0,0,0,63,0.07127870379893674,1.2699353648331784,5
Proposed smooth SAC,smooth,4,18,12018,enlarged_delay_only,3,0.15000000000000002,0.0,0.0,0.0,1.0,1.0,1.0,1.3063656328926654,58.185179426044705,1,1,1,0,0,0,0,38,-1,-1,42,1,0,4,0.2,0,0.0,0,0,42,0.08192138831481713,2.3913207319643375,5
Proposed smooth SAC,smooth,4,19,12019,enlarged_delay_only,3,0.15000000000000002,0.0,0.0,0.0,1.0,1.0,1.0,1.569053725441394,46.92282244700273,1,1,1,0,0,0,0,46,-1,-1,50,1,0,4,0.2,0,0.0,0,0,50,0.04675507469810288,1.0598887984435976,5
Proposed smooth SAC,smooth,4,20,12020,enlarged_delay_only,3,0.15000000000000002,0.0,0.0,0.0,1.0,1.0,1.0,2.8509785660679805,57.54032760612546,1,1,1,0,0,0,0,68,-1,-1,72,1,0,4,0.2,0,0.0,0,0,72,0.0676959180187158,1.0587649121600131,5
Proposed smooth SAC,smooth,4,21,12021,enlarged_delay_only,3,0.15000000000000002,0.0,0.0,0.0,1.0,1.0,1.0,1.721321109839246,84.23015922197487,1,1,1,0,0,0,0,53,-1,-1,57,1,0,4,0.2,0,0.0,0,0,57,0.04199520002342975,1.8209376107920967,5
Proposed smooth SAC,smooth,4,22,12022,enlarged_delay_only,3,0.15000000000000002,0.0,0.0,0.0,1.0,1.0,1.0,2.0714459852992766,7.241713190147896,1,1,1,0,0,0,0,51,-1,-1,55,1,0,4,0.2,0,0.0,0,0,55,0.047703495064959106,3.5521056184358923,5
Proposed smooth SAC,smooth,4,23,12023,enlarged_delay_only,3,0.15000000000000002,0.0,0.0,0.0,1.0,1.0,1.0,1.96706721911142,29.687929491648173,1,1,1,0,0,0,0,45,-1,-1,49,1,0,4,0.2,0,0.0,0,0,49,0.034066980213102255,0.7613601729251164,5
Proposed smooth SAC,smooth,4,24,12024,enlarged_delay_only,3,0.15000000000000002,0.0,0.0,0.0,1.0,1.0,1.0,2.3296647946987346,59.32330750782227,1,1,1,0,0,0,0,58,-1,-1,62,1,0,4,0.2,0,0.0,0,0,62,0.07478361447656776,0.7971489234329552,5
Proposed smooth SAC,smooth,4,25,12025,enlarged_delay_only,3,0.15000000000000002,0.0,0.0,0.0,1.0,1.0,1.0,1.7406706115734212,29.68845883130885,1,1,1,0,0,0,0,52,-1,-1,56,1,0,4,0.2,0,0.0,0,0,56,0.025689487675500874,2.5440732169966185,5
Proposed smooth SAC,smooth,4,26,12026,enlarged_delay_only,3,0.15000000000000002,0.0,0.0,0.0,1.0,1.0,1.0,1.2890960116783232,58.822470226552745,1,1,1,0,0,0,0,41,-1,-1,45,1,0,4,0.2,0,0.0,0,0,45,0.04611184600697989,0.20156573927667273,5
Proposed smooth SAC,smooth,4,27,12027,enlarged_delay_only,3,0.15000000000000002,0.0,0.0,0.0,1.0,1.0,1.0,1.679512651290201,27.36887877784833,1,1,1,0,0,0,0,44,-1,-1,48,1,0,4,0.2,0,0.0,0,0,48,0.04859108169858767,0.08704953367219602,5
Proposed smooth SAC,smooth,4,28,12028,enlarged_delay_only,3,0.15000000000000002,0.0,0.0,0.0,1.0,1.0,1.0,2.161397968359572,63.816718208044406,1,1,1,0,0,0,0,54,-1,-1,58,1,0,4,0.2,0,0.0,0,0,58,0.066829281507782,1.133627734166467,5
Proposed smooth SAC,smooth,4,29,12029,enlarged_delay_only,3,0.15000000000000002,0.0,0.0,0.0,1.0,1.0,1.0,1.4273638277059564,34.274883047648224,1,1,1,0,0,0,0,45,-1,-1,49,1,0,4,0.2,0,0.0,0,0,49,0.03298534271946264,2.119002156972987,5
Proposed smooth SAC,smooth,4,30,12030,enlarged_delay_only,3,0.15000000000000002,0.0,0.0,0.0,1.0,1.0,1.0,1.7462896683471236,26.955215200955678,1,1,1,0,0,0,0,46,-1,-1,50,1,0,4,0.2,0,0.0,0,0,50,0.03860292934199764,2.6818244721774356,5
Proposed smooth SAC,smooth,4,31,12031,enlarged_delay_only,3,0.15000000000000002,0.0,0.0,0.0,1.0,1.0,1.0,0.831092090571535,57.81877392801937,1,1,1,0,0,0,0,41,-1,-1,45,1,0,4,0.2,0,0.0,0,0,45,0.04487141459308235,1.2519507296965942,5
Proposed smooth SAC,smooth,4,32,12032,enlarged_delay_only,3,0.15000000000000002,0.0,0.0,0.0,1.0,1.0,1.0,2.3622064651248813,65.6166711298287,1,1,1,0,0,0,0,61,-1,-1,65,1,0,4,0.2,0,0.0,0,0,65,0.04555951567052012,0.6264680456030371,5
Proposed smooth SAC,smooth,4,33,12033,enlarged_delay_only,3,0.15000000000000002,0.0,0.0,0.0,1.0,1.0,1.0,0.7030471412582213,16.83992189867294,1,1,1,0,0,0,0,32,-1,-1,36,1,0,4,0.2,0,0.0,0,0,36,0.04665556449202601,0.1928537262686157,5
Proposed smooth SAC,smooth,4,34,12034,enlarged_delay_only,3,0.15000000000000002,0.0,0.0,0.0,1.0,1.0,1.0,2.282842407805926,24.938362791888462,1,1,1,0,0,0,0,62,-1,-1,66,1,0,4,0.2,0,0.0,0,0,66,0.058720000025187694,0.6710201956202667,5
Proposed smooth SAC,smooth,4,35,12035,enlarged_delay_only,3,0.15000000000000002,0.0,0.0,0.0,1.0,1.0,1.0,2.371908074838775,71.96116554796184,1,1,1,0,0,0,0,59,-1,-1,63,1,0,4,0.2,0,0.0,0,0,63,0.06808612362932212,0.06615960019891036,5
Proposed smooth SAC,smooth,4,36,12036,enlarged_delay_only,3,0.15000000000000002,0.0,0.0,0.0,1.0,1.0,1.0,0.8829462334714887,87.90779944848737,1,1,1,0,0,0,0,42,-1,-1,46,1,0,4,0.2,0,0.0,0,0,46,0.06811389045252293,2.706876752279396,5
Proposed smooth SAC,smooth,4,37,12037,enlarged_delay_only,3,0.15000000000000002,0.0,0.0,0.0,1.0,1.0,1.0,0.817844285721509,43.45796651879823,1,1,1,0,0,0,0,35,-1,-1,39,1,0,4,0.2,0,0.0,0,0,39,0.04765042813236732,1.272596257123427,5
Proposed smooth SAC,smooth,4,38,12038,enlarged_delay_only,3,0.15000000000000002,0.0,0.0,0.0,1.0,1.0,1.0,1.5743284929286714,57.88825061225674,1,1,1,0,0,0,0,42,-1,-1,46,1,0,4,0.2,0,0.0,0,0,46,0.045999516716000596,3.6119419175466123,5
Proposed smooth SAC,smooth,4,39,12039,enlarged_delay_only,3,0.15000000000000002,0.0,0.0,0.0,1.0,1.0,1.0,0.8994689163493125,9.298986658723248,1,1,1,0,0,0,0,38,-1,-1,42,1,0,4,0.2,0,0.0,0,0,42,0.05928441924965272,2.487728211768833,5
Proposed smooth SAC,smooth,4,40,12040,enlarged_delay_only,3,0.15000000000000002,0.0,0.0,0.0,1.0,1.0,1.0,1.8657719186487738,68.44804408798744,1,1,1,0,0,0,0,48,-1,-1,52,1,0,4,0.2,0,0.0,0,0,52,0.0889170272873557,2.0886310804982906,5
Proposed smooth SAC,smooth,4,41,12041,enlarged_delay_only,3,0.15000000000000002,0.0,0.0,0.0,1.0,1.0,1.0,2.1801507199074694,36.011752342258276,1,1,1,0,0,0,0,50,-1,-1,54,1,0,4,0.2,0,0.0,0,0,54,0.04984417829492907,1.6010650702295122,5
Proposed smooth SAC,smooth,4,42,12042,enlarged_delay_only,3,0.15000000000000002,0.0,0.0,0.0,1.0,1.0,1.0,2.890509486387824,8.39370570216694,1,1,1,0,0,0,0,76,-1,-1,80,1,0,4,0.2,0,0.0,0,0,80,0.07458610317296197,0.006719881448164379,5
Proposed smooth SAC,smooth,4,43,12043,enlarged_delay_only,3,0.15000000000000002,0.0,0.0,0.0,1.0,1.0,1.0,1.4295379479494126,86.66219834011966,1,1,1,0,0,0,0,52,-1,-1,56,1,0,4,0.2,0,0.0,0,0,56,0.04704591710168394,1.534500821342918,5
Proposed smooth SAC,smooth,4,44,12044,enlarged_delay_only,3,0.15000000000000002,0.0,0.0,0.0,1.0,1.0,1.0,1.4633774253790757,25.79388667411487,1,1,1,0,0,0,0,45,-1,-1,49,1,0,4,0.2,0,0.0,0,0,49,0.0815660447267433,0.3489676782287477,5
Proposed smooth SAC,smooth,4,45,12045,enlarged_delay_only,3,0.15000000000000002,0.0,0.0,0.0,1.0,1.0,1.0,2.7817081294799144,45.277112272150255,1,1,1,0,0,0,0,69,-1,-1,73,1,0,4,0.2,0,0.0,0,0,73,0.06980401309807388,2.7731727027976554,5
Proposed smooth SAC,smooth,4,46,12046,enlarged_delay_only,3,0.15000000000000002,0.0,0.0,0.0,1.0,1.0,1.0,2.448255495287487,6.5296484668143195,1,1,1,0,0,0,0,61,-1,-1,65,1,0,4,0.2,0,0.0,0,0,65,0.04276657409179246,1.665405558932738,5
Proposed smooth SAC,smooth,4,47,12047,enlarged_delay_only,3,0.15000000000000002,0.0,0.0,0.0,1.0,1.0,1.0,2.0375889749407565,48.300679923363994,1,1,1,0,0,0,0,60,-1,-1,64,1,0,4,0.2,0,0.0,0,0,64,0.03671743652841306,4.2397314980323415,5
Proposed smooth SAC,smooth,4,48,12048,enlarged_delay_only,3,0.15000000000000002,0.0,0.0,0.0,1.0,1.0,1.0,1.595910055499794,38.132652438046875,1,1,1,0,0,0,0,55,-1,-1,59,1,0,4,0.2,0,0.0,0,0,59,0.052656754114211876,1.010650711768916,5
Proposed smooth SAC,smooth,4,49,12049,enlarged_delay_only,3,0.15000000000000002,0.0,0.0,0.0,1.0,1.0,1.0,1.5300451933387877,9.115019782297185,1,1,1,0,0,0,0,44,-1,-1,48,1,0,4,0.2,0,0.0,0,0,48,0.03476344451878645,0.4585817823607122,5
Proposed smooth SAC,smooth,4,50,12050,enlarged_delay_only,3,0.15000000000000002,0.0,0.0,0.0,1.0,1.0,1.0,2.262693545269486,73.02772690761601,1,1,1,0,0,0,0,60,-1,-1,64,1,0,4,0.2,0,0.0,0,0,64,0.04685799724975593,0.7587428764516793,5
Proposed smooth SAC,smooth,4,51,12051,enlarged_delay_only,3,0.15000000000000002,0.0,0.0,0.0,1.0,1.0,1.0,1.6263518811985,35.99433194478016,1,1,1,0,0,0,0,53,-1,-1,57,1,0,4,0.2,0,0.0,0,0,57,0.05244557353308731,0.14362987360144283,5
Proposed smooth SAC,smooth,4,52,12052,enlarged_delay_only,3,0.15000000000000002,0.0,0.0,0.0,1.0,1.0,1.0,0.7048587995105587,83.91519870877808,1,1,1,0,0,0,0,33,-1,-1,37,1,0,4,0.2,0,0.0,0,0,37,0.03538145600173626,4.49003359856439,5
Proposed smooth SAC,smooth,4,53,12053,enlarged_delay_only,3,0.15000000000000002,0.0,0.0,0.0,1.0,1.0,1.0,1.470188620244381,45.138920469767974,1,1,0,1,0,1,1,49,53,54,58,2,1,9,0.45,5,0.25,0,0,58,0.04530335219526988,1.6615426600702727,5
Proposed smooth SAC,smooth,4,54,12054,enlarged_delay_only,3,0.15000000000000002,0.0,0.0,0.0,1.0,1.0,1.0,2.2790002868522827,82.51781713667434,1,1,0,1,0,1,1,67,70,76,80,2,1,13,0.65,9,0.45,0,0,80,0.04452722380174253,0.765454391084863,5
Proposed smooth SAC,smooth,4,55,12055,enlarged_delay_only,3,0.15000000000000002,0.0,0.0,0.0,1.0,1.0,1.0,2.8850994760210127,23.46271066699096,1,1,1,0,0,0,0,71,-1,-1,75,1,0,4,0.2,0,0.0,0,0,75,0.05170151491559905,0.8462231922892621,5
Proposed smooth SAC,smooth,4,56,12056,enlarged_delay_only,3,0.15000000000000002,0.0,0.0,0.0,1.0,1.0,1.0,1.826905546699788,11.925707512554547,1,1,1,0,0,0,0,47,-1,-1,51,1,0,4,0.2,0,0.0,0,0,51,0.041719058564247985,2.1751172836465194,5
Proposed smooth SAC,smooth,4,57,12057,enlarged_delay_only,3,0.15000000000000002,0.0,0.0,0.0,1.0,1.0,1.0,1.7691751722646727,27.276807827836556,1,1,1,0,0,0,0,53,-1,-1,57,1,0,4,0.2,0,0.0,0,0,57,0.056289360364122534,1.6893365140720529,5
Proposed smooth SAC,smooth,4,58,12058,enlarged_delay_only,3,0.15000000000000002,0.0,0.0,0.0,1.0,1.0,1.0,2.3268545695420997,62.93145738971906,1,1,1,0,0,0,0,63,-1,-1,67,1,0,4,0.2,0,0.0,0,0,67,0.07413314976489747,0.6724311632924033,5
Proposed smooth SAC,smooth,4,59,12059,enlarged_delay_only,3,0.15000000000000002,0.0,0.0,0.0,1.0,1.0,1.0,2.1903482121613216,54.840688506488746,1,1,1,0,0,0,0,67,-1,-1,71,1,0,4,0.2,0,0.0,0,0,71,0.057242993572341964,0.15019460586853747,5
Proposed smooth SAC,smooth,4,60,12060,enlarged_delay_only,3,0.15000000000000002,0.0,0.0,0.0,1.0,1.0,1.0,1.0973360553047116,33.91806713521758,1,1,1,0,0,0,0,32,-1,-1,36,1,0,4,0.2,0,0.0,0,0,36,0.020388077907043917,2.347636336136817,5
Proposed smooth SAC,smooth,4,61,12061,enlarged_delay_only,3,0.15000000000000002,0.0,0.0,0.0,1.0,1.0,1.0,1.936928029361262,42.58082679539602,1,1,1,0,0,0,0,49,-1,-1,53,1,0,4,0.2,0,0.0,0,0,53,0.0758192076270057,0.5518389441322449,5
Proposed smooth SAC,smooth,4,62,12062,enlarged_delay_only,3,0.15000000000000002,0.0,0.0,0.0,1.0,1.0,1.0,1.8981880108378766,55.958209907540386,1,1,1,0,0,0,0,47,-1,-1,51,1,0,4,0.2,0,0.0,0,0,51,0.06135890591312913,2.5783409163928073,5
Proposed smooth SAC,smooth,4,63,12063,enlarged_delay_only,3,0.15000000000000002,0.0,0.0,0.0,1.0,1.0,1.0,1.3410819077846639,71.65242733709893,1,1,1,0,0,0,0,46,-1,-1,50,1,0,4,0.2,0,0.0,0,0,50,0.0667956103320322,3.5074876211261956,5
Proposed smooth SAC,smooth,4,64,12064,enlarged_delay_only,3,0.15000000000000002,0.0,0.0,0.0,1.0,1.0,1.0,3.236122857778983,77.84361815931113,1,1,1,0,0,0,0,75,-1,-1,79,1,0,4,0.2,0,0.0,0,0,79,0.07192157878648284,0.3539556639939875,5
Proposed smooth SAC,smooth,4,65,12065,enlarged_delay_only,3,0.15000000000000002,0.0,0.0,0.0,1.0,1.0,1.0,2.27680658754703,16.046224888813487,1,1,1,0,0,0,0,57,-1,-1,61,1,0,4,0.2,0,0.0,0,0,61,0.06850548303051181,0.40000055719040867,5
Proposed smooth SAC,smooth,4,66,12066,enlarged_delay_only,3,0.15000000000000002,0.0,0.0,0.0,1.0,1.0,1.0,0.7254567305431476,42.00001141404023,1,1,0,1,0,1,1,28,31,36,40,2,1,12,0.6000000000000001,8,0.4,0,0,40,0.043676076754617287,0.7064115678566283,5
Proposed smooth SAC,smooth,4,67,12067,enlarged_delay_only,3,0.15000000000000002,0.0,0.0,0.0,1.0,1.0,1.0,1.5334421939190404,11.645351299013972,1,1,1,0,0,0,0,44,-1,-1,48,1,0,4,0.2,0,0.0,0,0,48,0.04877515495336434,4.03153196420472,5
Proposed smooth SAC,smooth,4,68,12068,enlarged_delay_only,3,0.15000000000000002,0.0,0.0,0.0,1.0,1.0,1.0,1.8681160247703945,59.46436457456137,1,1,1,0,0,0,0,56,-1,-1,60,1,0,4,0.2,0,0.0,0,0,60,0.06937060042272591,1.3156808769644561,5
Proposed smooth SAC,smooth,4,69,12069,enlarged_delay_only,3,0.15000000000000002,0.0,0.0,0.0,1.0,1.0,1.0,1.886519728757838,51.09646759594697,1,1,1,0,0,0,0,53,-1,-1,57,1,0,4,0.2,0,0.0,0,0,57,0.0718003478718223,3.3589965338057683,5
Proposed smooth SAC,smooth,4,70,12070,enlarged_delay_only,3,0.15000000000000002,0.0,0.0,0.0,1.0,1.0,1.0,1.6986806001597525,76.52323330972095,1,1,1,0,0,0,0,43,-1,-1,47,1,0,4,0.2,0,0.0,0,0,47,0.06850321260649608,1.3583358352180088,5
Proposed smooth SAC,smooth,4,71,12071,enlarged_delay_only,3,0.15000000000000002,0.0,0.0,0.0,1.0,1.0,1.0,2.6459208153503964,67.50779341665432,1,1,1,0,0,0,0,63,-1,-1,67,1,0,4,0.2,0,0.0,0,0,67,0.06549560412523056,1.2359466359759024,5
Proposed smooth SAC,smooth,4,72,12072,enlarged_delay_only,3,0.15000000000000002,0.0,0.0,0.0,1.0,1.0,1.0,0.48175087121353316,49.596093601348606,1,1,1,0,0,0,0,24,-1,-1,28,1,0,4,0.2,0,0.0,0,0,28,0.055297090423881284,1.0878493517498085,5
Proposed smooth SAC,smooth,4,73,12073,enlarged_delay_only,3,0.15000000000000002,0.0,0.0,0.0,1.0,1.0,1.0,1.3565823895626754,84.90849262920553,1,1,1,0,0,0,0,41,-1,-1,45,1,0,4,0.2,0,0.0,0,0,45,0.03595909740795263,3.9530723005483144,5
Proposed smooth SAC,smooth,4,74,12074,enlarged_delay_only,3,0.15000000000000002,0.0,0.0,0.0,1.0,1.0,1.0,2.034268978334935,63.584860606479154,1,1,1,0,0,0,0,50,-1,-1,54,1,0,4,0.2,0,0.0,0,0,54,0.030714399660217318,0.6272710197173368,5
Proposed smooth SAC,smooth,4,75,12075,enlarged_delay_only,3,0.15000000000000002,0.0,0.0,0.0,1.0,1.0,1.0,2.7867133802887056,59.621185717904865,1,1,1,0,0,0,0,76,-1,-1,80,1,0,4,0.2,0,0.0,0,0,80,0.05733165510269822,2.1705109613815803,5
Proposed smooth SAC,smooth,4,76,12076,enlarged_delay_only,3,0.15000000000000002,0.0,0.0,0.0,1.0,1.0,1.0,1.4672375160200708,30.3721436917542,1,1,1,0,0,0,0,39,-1,-1,43,1,0,4,0.2,0,0.0,0,0,43,0.07493129416469721,0.1833682076772679,5
Proposed smooth SAC,smooth,4,77,12077,enlarged_delay_only,3,0.15000000000000002,0.0,0.0,0.0,1.0,1.0,1.0,1.9775577095396648,51.41426263764932,1,1,1,0,0,0,0,50,-1,-1,54,1,0,4,0.2,0,0.0,0,0,54,0.049391886134969386,1.3508450386892088,5
Proposed smooth SAC,smooth,4,78,12078,enlarged_delay_only,3,0.15000000000000002,0.0,0.0,0.0,1.0,1.0,1.0,2.327760709820301,60.008956047653996,1,1,1,0,0,0,0,63,-1,-1,67,1,0,4,0.2,0,0.0,0,0,67,0.04116679942183595,1.354543479403065,5
Proposed smooth SAC,smooth,4,79,12079,enlarged_delay_only,3,0.15000000000000002,0.0,0.0,0.0,1.0,1.0,1.0,1.5278991276633485,40.17317828277736,1,1,1,0,0,0,0,43,-1,-1,47,1,0,4,0.2,0,0.0,0,0,47,0.028051846991554077,1.496267236638185,5
Proposed smooth SAC,smooth,4,80,12080,enlarged_delay_only,3,0.15000000000000002,0.0,0.0,0.0,1.0,1.0,1.0,2.3192768073204557,47.36251928991689,1,1,1,0,0,0,0,71,-1,-1,75,1,0,4,0.2,0,0.0,0,0,75,0.05794253516726947,0.359676774517093,5
Proposed smooth SAC,smooth,4,81,12081,enlarged_delay_only,3,0.15000000000000002,0.0,0.0,0.0,1.0,1.0,1.0,2.348060423688873,77.305474384795,1,1,1,0,0,0,0,62,-1,-1,66,1,0,4,0.2,0,0.0,0,0,66,0.09007868715901798,0.8059414579680243,5
Proposed smooth SAC,smooth,4,82,12082,enlarged_delay_only,3,0.15000000000000002,0.0,0.0,0.0,1.0,1.0,1.0,1.657062365864348,55.61082307125895,1,1,1,0,0,0,0,46,-1,-1,50,1,0,4,0.2,0,0.0,0,0,50,0.08139258692146592,2.205084525186539,5
Proposed smooth SAC,smooth,4,83,12083,enlarged_delay_only,3,0.15000000000000002,0.0,0.0,0.0,1.0,1.0,1.0,1.7829506075254924,2.609497891508878,1,1,1,0,0,0,0,44,-1,-1,48,1,0,4,0.2,0,0.0,0,0,48,0.01956272779481341,1.8035842345452098,5
Proposed smooth SAC,smooth,4,84,12084,enlarged_delay_only,3,0.15000000000000002,0.0,0.0,0.0,1.0,1.0,1.0,1.6404890956693123,1.3837049720644343,1,1,1,0,0,0,0,47,-1,-1,51,1,0,4,0.2,0,0.0,0,0,51,0.060846920449415164,4.133802521081437,5
Proposed smooth SAC,smooth,4,85,12085,enlarged_delay_only,3,0.15000000000000002,0.0,0.0,0.0,1.0,1.0,1.0,2.497746521837666,36.904581010184,1,1,1,0,0,0,0,62,-1,-1,66,1,0,4,0.2,0,0.0,0,0,66,0.05454793125765537,1.7391491904106615,5
Proposed smooth SAC,smooth,4,86,12086,enlarged_delay_only,3,0.15000000000000002,0.0,0.0,0.0,1.0,1.0,1.0,1.8263883792562778,0.33389918702221527,1,1,1,0,0,0,0,50,-1,-1,54,1,0,4,0.2,0,0.0,0,0,54,0.09586062297820966,0.7873100892944047,5
Proposed smooth SAC,smooth,4,87,12087,enlarged_delay_only,3,0.15000000000000002,0.0,0.0,0.0,1.0,1.0,1.0,2.03592606033529,9.710697655286923,1,1,1,0,0,0,0,50,-1,-1,54,1,0,4,0.2,0,0.0,0,0,54,0.06742190978504028,3.035716850199895,5
Proposed smooth SAC,smooth,4,88,12088,enlarged_delay_only,3,0.15000000000000002,0.0,0.0,0.0,1.0,1.0,1.0,2.799243954274032,20.695729317232512,1,1,1,0,0,0,0,63,-1,-1,67,1,0,4,0.2,0,0.0,0,0,67,0.07019295675709722,1.637974985617438,5
Proposed smooth SAC,smooth,4,89,12089,enlarged_delay_only,3,0.15000000000000002,0.0,0.0,0.0,1.0,1.0,1.0,1.9684957245170929,46.29750155301514,1,1,1,0,0,0,0,59,-1,-1,63,1,0,4,0.2,0,0.0,0,0,63,0.0358601527724614,1.1875377769551427,5
Proposed smooth SAC,smooth,4,90,12090,enlarged_delay_only,3,0.15000000000000002,0.0,0.0,0.0,1.0,1.0,1.0,1.911320050192248,50.27198521595098,1,1,1,0,0,0,0,52,-1,-1,56,1,0,4,0.2,0,0.0,0,0,56,0.08584604124818335,1.905527369228589,5
Proposed smooth SAC,smooth,4,91,12091,enlarged_delay_only,3,0.15000000000000002,0.0,0.0,0.0,1.0,1.0,1.0,2.127844865867529,32.123072930770725,1,1,1,0,0,0,0,57,-1,-1,61,1,0,4,0.2,0,0.0,0,0,61,0.06957951757315926,0.9365046327384907,5
Proposed smooth SAC,smooth,4,92,12092,enlarged_delay_only,3,0.15000000000000002,0.0,0.0,0.0,1.0,1.0,1.0,2.1800958407414126,47.35001662864118,1,1,1,0,0,0,0,62,-1,-1,66,1,0,4,0.2,0,0.0,0,0,66,0.05625663230860231,1.183434327367846,5
Proposed smooth SAC,smooth,4,93,12093,enlarged_delay_only,3,0.15000000000000002,0.0,0.0,0.0,1.0,1.0,1.0,3.259884867767638,59.350430189016386,1,1,1,0,0,0,0,76,-1,-1,80,1,0,4,0.2,0,0.0,0,0,80,0.06986063598080385,3.581070316271801,5
Proposed smooth SAC,smooth,4,94,12094,enlarged_delay_only,3,0.15000000000000002,0.0,0.0,0.0,1.0,1.0,1.0,0.7611576363914472,18.846404373032783,1,1,1,0,0,0,0,31,-1,-1,35,1,0,4,0.2,0,0.0,0,0,35,0.06236363860987873,0.9455994565051857,5
Proposed smooth SAC,smooth,4,95,12095,enlarged_delay_only,3,0.15000000000000002,0.0,0.0,0.0,1.0,1.0,1.0,2.315981959981536,11.583421973809466,1,1,1,0,0,0,0,57,-1,-1,61,1,0,4,0.2,0,0.0,0,0,61,0.038574754027922084,2.0046775968716672,5
Proposed smooth SAC,smooth,4,96,12096,enlarged_delay_only,3,0.15000000000000002,0.0,0.0,0.0,1.0,1.0,1.0,2.6433593115574596,23.402961879678983,1,1,1,0,0,0,0,60,-1,-1,64,1,0,4,0.2,0,0.0,0,0,64,0.06365567481697963,0.27486359418954726,5
Proposed smooth SAC,smooth,4,97,12097,enlarged_delay_only,3,0.15000000000000002,0.0,0.0,0.0,1.0,1.0,1.0,2.517006739513531,35.98333875531102,1,1,1,0,0,0,0,70,-1,-1,74,1,0,4,0.2,0,0.0,0,0,74,0.018458515276243148,0.21289942434810397,5
Proposed smooth SAC,smooth,4,98,12098,enlarged_delay_only,3,0.15000000000000002,0.0,0.0,0.0,1.0,1.0,1.0,3.120283930411399,82.53858091175118,1,1,1,0,0,0,0,71,-1,-1,75,1,0,4,0.2,0,0.0,0,0,75,0.06376980013371004,1.097416098899469,5
Proposed smooth SAC,smooth,4,99,12099,enlarged_delay_only,3,0.15000000000000002,0.0,0.0,0.0,1.0,1.0,1.0,0.19539344804534206,10.475630177230514,1,1,1,0,0,0,0,10,-1,-1,14,1,0,4,0.2,0,0.0,0,0,14,0.02680459493975594,3.5758334821691053,5
Proposed smooth SAC,smooth,0,0,12000,enlarged_delay_only,5,0.25,0.0,0.0,0.0,1.0,1.0,1.0,1.4011169590411672,3.680448288035017,1,1,1,0,0,0,0,60,-1,-1,64,1,0,4,0.2,0,0.0,0,0,64,0.02971885570938897,2.6487934639078423,5
Proposed smooth SAC,smooth,0,1,12001,enlarged_delay_only,5,0.25,0.0,0.0,0.0,1.0,1.0,1.0,1.8698938269216967,60.07772922240686,1,1,1,0,0,0,0,78,-1,-1,82,1,0,4,0.2,0,0.0,0,0,82,0.05508917567915825,3.618438708107764,5
Proposed smooth SAC,smooth,0,2,12002,enlarged_delay_only,5,0.25,0.0,0.0,0.0,1.0,1.0,1.0,1.5052862077716045,52.14187244464703,1,1,0,1,0,1,1,62,64,70,74,2,1,12,0.6000000000000001,8,0.4,0,0,74,0.08167684660601325,0.15104785924647338,5
Proposed smooth SAC,smooth,0,3,12003,enlarged_delay_only,5,0.25,0.0,0.0,0.0,1.0,1.0,1.0,1.11052274394814,63.72168295593285,1,1,1,0,0,0,0,54,-1,-1,58,1,0,4,0.2,0,0.0,0,0,58,0.059276502837749434,3.9440632810330674,5
Proposed smooth SAC,smooth,0,4,12004,enlarged_delay_only,5,0.25,0.0,0.0,0.0,1.0,1.0,1.0,2.0622948587954135,27.609846144219087,1,1,0,1,0,1,1,62,66,76,80,2,1,18,0.9,14,0.7000000000000001,0,0,80,0.07827388054785994,1.6154338672525148,5
Proposed smooth SAC,smooth,0,5,12005,enlarged_delay_only,5,0.25,0.0,0.0,0.0,1.0,1.0,1.0,0.7836208893081577,86.33696522241115,1,1,0,1,0,1,1,58,62,76,80,2,1,22,1.1,18,0.9,0,0,80,0.049678154715250694,3.246707583520524,5
Proposed smooth SAC,smooth,0,6,12006,enlarged_delay_only,5,0.25,0.0,0.0,0.0,1.0,1.0,1.0,1.4039658384766267,70.50865751906693,1,1,1,0,0,0,0,62,-1,-1,66,1,0,4,0.2,0,0.0,0,0,66,0.024458827636654294,0.9593835253022119,5
Proposed smooth SAC,smooth,0,7,12007,enlarged_delay_only,5,0.25,0.0,0.0,0.0,1.0,1.0,1.0,2.023389540687327,41.417218692919725,1,1,1,0,0,0,0,59,-1,-1,63,1,0,4,0.2,0,0.0,0,0,63,0.052842045051668805,2.541110195557302,5
Proposed smooth SAC,smooth,0,8,12008,enlarged_delay_only,5,0.25,0.0,0.0,0.0,1.0,1.0,1.0,0.6761041193866284,47.03972454974209,1,1,1,0,0,0,0,30,-1,-1,34,1,0,4,0.2,0,0.0,0,0,34,0.05964166211628889,3.540369219007695,5
Proposed smooth SAC,smooth,0,9,12009,enlarged_delay_only,5,0.25,0.0,0.0,0.0,1.0,1.0,1.0,0.8365610729382312,17.566701837686487,1,1,1,0,0,0,0,52,-1,-1,56,1,0,4,0.2,0,0.0,0,0,56,0.031514545321883684,3.360553816936531,5
Proposed smooth SAC,smooth,0,10,12010,enlarged_delay_only,5,0.25,0.0,0.0,0.0,1.0,1.0,1.0,2.0882312594206844,67.10242168941406,1,1,1,0,0,0,0,71,-1,-1,75,1,0,4,0.2,0,0.0,0,0,75,0.07292110256007743,1.9596933306677289,5
Proposed smooth SAC,smooth,0,11,12011,enlarged_delay_only,5,0.25,0.0,0.0,0.0,1.0,1.0,1.0,1.0363136503576447,39.13181690606595,1,1,1,0,0,0,0,55,-1,-1,59,1,0,4,0.2,0,0.0,0,0,59,0.09886255638580894,3.554738869804344,5
Proposed smooth SAC,smooth,0,12,12012,enlarged_delay_only,5,0.25,0.0,0.0,0.0,1.0,1.0,1.0,1.0633346171025668,74.10415106043168,1,1,1,0,0,0,0,40,-1,-1,44,1,0,4,0.2,0,0.0,0,0,44,0.05560746659905728,2.496571172309884,5
Proposed smooth SAC,smooth,0,13,12013,enlarged_delay_only,5,0.25,0.0,0.0,0.0,1.0,1.0,1.0,2.9321695975105375,64.82631579002067,1,1,1,0,0,0,0,72,-1,-1,76,1,0,4,0.2,0,0.0,0,0,76,0.038482866989146304,3.139998044013534,5
Proposed smooth SAC,smooth,0,14,12014,enlarged_delay_only,5,0.25,0.0,0.0,0.0,1.0,1.0,1.0,1.5727126782681156,69.85363554747353,1,1,1,0,0,0,0,78,-1,-1,82,1,0,4,0.2,0,0.0,0,0,82,0.06405220517296402,1.6035700421076142,5
Proposed smooth SAC,smooth,0,15,12015,enlarged_delay_only,5,0.25,0.0,0.0,0.0,1.0,1.0,1.0,1.7941221940119125,66.18821452938619,1,1,1,0,0,0,0,62,-1,-1,66,1,0,4,0.2,0,0.0,0,0,66,0.05513436832891266,3.2175104458094235,5
Proposed smooth SAC,smooth,0,16,12016,enlarged_delay_only,5,0.25,0.0,0.0,0.0,1.0,1.0,1.0,2.0956191639967527,80.76412508613855,1,1,1,0,0,0,0,74,-1,-1,78,1,0,4,0.2,0,0.0,0,0,78,0.0774057917790403,0.26322823353629826,5
Proposed smooth SAC,smooth,0,17,12017,enlarged_delay_only,5,0.25,0.0,0.0,0.0,1.0,1.0,1.0,2.3497476747776798,68.42664510531779,1,1,1,0,0,0,0,72,-1,-1,76,1,0,4,0.2,0,0.0,0,0,76,0.0485783592863528,0.9741596790761825,5
Proposed smooth SAC,smooth,0,18,12018,enlarged_delay_only,5,0.25,0.0,0.0,0.0,1.0,1.0,1.0,1.3063656328926654,58.185179426044705,1,1,1,0,0,0,0,53,-1,-1,57,1,0,4,0.2,0,0.0,0,0,57,0.015632463880343454,2.1486765541523423,5
Proposed smooth SAC,smooth,0,19,12019,enlarged_delay_only,5,0.25,0.0,0.0,0.0,1.0,1.0,1.0,1.569053725441394,46.92282244700273,1,1,0,1,0,1,1,62,63,72,76,2,1,14,0.7000000000000001,10,0.5,0,0,76,0.07045197885429075,2.1028374470850943,5
Proposed smooth SAC,smooth,0,20,12020,enlarged_delay_only,5,0.25,0.0,0.0,0.0,1.0,1.0,1.0,2.8509785660679805,57.54032760612546,1,1,0,1,0,1,1,100,104,114,118,2,1,18,0.9,14,0.7000000000000001,0,0,118,0.06090732601788696,2.9753147126051216,5
Proposed smooth SAC,smooth,0,21,12021,enlarged_delay_only,5,0.25,0.0,0.0,0.0,1.0,1.0,1.0,1.721321109839246,84.23015922197487,1,1,0,1,0,1,1,71,75,85,89,2,1,18,0.9,14,0.7000000000000001,0,0,89,0.048028478911467755,2.653167986627824,5
Proposed smooth SAC,smooth,0,22,12022,enlarged_delay_only,5,0.25,0.0,0.0,0.0,1.0,1.0,1.0,2.0714459852992766,7.241713190147896,1,1,0,1,0,1,1,60,63,75,79,2,1,19,0.9500000000000001,15,0.75,0,0,79,0.06770014983385979,4.273691625472468,5
Proposed smooth SAC,smooth,0,23,12023,enlarged_delay_only,5,0.25,0.0,0.0,0.0,1.0,1.0,1.0,1.96706721911142,29.687929491648173,1,1,1,0,0,0,0,87,-1,-1,91,1,0,4,0.2,0,0.0,0,0,91,0.06219650802315205,1.8266696336096182,5
Proposed smooth SAC,smooth,0,24,12024,enlarged_delay_only,5,0.25,0.0,0.0,0.0,1.0,1.0,1.0,2.3296647946987346,59.32330750782227,1,1,0,1,0,1,1,60,63,72,76,2,1,16,0.8,12,0.6000000000000001,0,0,76,0.06693182304585908,0.019183653501038626,5
Proposed smooth SAC,smooth,0,25,12025,enlarged_delay_only,5,0.25,0.0,0.0,0.0,1.0,1.0,1.0,1.7406706115734212,29.68845883130885,1,1,1,0,0,0,0,56,-1,-1,60,1,0,4,0.2,0,0.0,0,0,60,0.07525968896381781,4.163145013755812,5
Proposed smooth SAC,smooth,0,26,12026,enlarged_delay_only,5,0.25,0.0,0.0,0.0,1.0,1.0,1.0,1.2890960116783232,58.822470226552745,1,1,1,0,0,0,0,43,-1,-1,47,1,0,4,0.2,0,0.0,0,0,47,0.029515012682538446,2.043530701078462,5
Proposed smooth SAC,smooth,0,27,12027,enlarged_delay_only,5,0.25,0.0,0.0,0.0,1.0,1.0,1.0,1.679512651290201,27.36887877784833,1,1,1,0,0,0,0,64,-1,-1,68,1,0,4,0.2,0,0.0,0,0,68,0.052246074140245055,2.602792353291218,5
Proposed smooth SAC,smooth,0,28,12028,enlarged_delay_only,5,0.25,0.0,0.0,0.0,1.0,1.0,1.0,2.161397968359572,63.816718208044406,1,1,1,0,0,0,0,78,-1,-1,82,1,0,4,0.2,0,0.0,0,0,82,0.0701305140315566,3.2713218777419573,5
Proposed smooth SAC,smooth,0,29,12029,enlarged_delay_only,5,0.25,0.0,0.0,0.0,1.0,1.0,1.0,1.4273638277059564,34.274883047648224,1,1,0,1,0,1,1,69,73,103,107,2,1,38,1.9000000000000001,34,1.7000000000000002,0,0,107,0.051012451336707294,2.584107517043002,5
Proposed smooth SAC,smooth,0,30,12030,enlarged_delay_only,5,0.25,0.0,0.0,0.0,1.0,1.0,1.0,1.7462896683471236,26.955215200955678,1,1,1,0,0,0,0,75,-1,-1,79,1,0,4,0.2,0,0.0,0,0,79,0.06363233203920471,2.83747679939921,5
Proposed smooth SAC,smooth,0,31,12031,enlarged_delay_only,5,0.25,0.0,0.0,0.0,1.0,1.0,1.0,0.831092090571535,57.81877392801937,1,1,1,0,0,0,0,37,-1,-1,41,1,0,4,0.2,0,0.0,0,0,41,0.09777322870876136,0.48276219948729115,5
Proposed smooth SAC,smooth,0,32,12032,enlarged_delay_only,5,0.25,0.0,0.0,0.0,1.0,1.0,1.0,2.3622064651248813,65.6166711298287,1,1,0,1,0,1,1,62,66,79,83,2,1,21,1.05,17,0.8500000000000001,0,0,83,0.06846673766992807,3.7675186858006935,5
Proposed smooth SAC,smooth,0,33,12033,enlarged_delay_only,5,0.25,0.0,0.0,0.0,1.0,1.0,1.0,0.7030471412582213,16.83992189867294,1,1,1,0,0,0,0,33,-1,-1,37,1,0,4,0.2,0,0.0,0,0,37,0.07798365502283479,3.1628089548506724,5
Proposed smooth SAC,smooth,0,34,12034,enlarged_delay_only,5,0.25,0.0,0.0,0.0,1.0,1.0,1.0,2.282842407805926,24.938362791888462,1,1,1,0,0,0,0,87,-1,-1,91,1,0,4,0.2,0,0.0,0,0,91,0.024894133287403242,1.3095405369006146,5
Proposed smooth SAC,smooth,0,35,12035,enlarged_delay_only,5,0.25,0.0,0.0,0.0,1.0,1.0,1.0,2.371908074838775,71.96116554796184,1,1,0,1,0,1,1,64,65,69,73,2,1,9,0.45,5,0.25,0,0,73,0.06613175730498265,0.028324667756017264,5
Proposed smooth SAC,smooth,0,36,12036,enlarged_delay_only,5,0.25,0.0,0.0,0.0,1.0,1.0,1.0,0.8829462334714887,87.90779944848737,1,1,1,0,0,0,0,65,-1,-1,69,1,0,4,0.2,0,0.0,0,0,69,0.06140754119607195,4.312028623510103,5
Proposed smooth SAC,smooth,0,37,12037,enlarged_delay_only,5,0.25,0.0,0.0,0.0,1.0,1.0,1.0,0.817844285721509,43.45796651879823,1,1,1,0,0,0,0,27,-1,-1,31,1,0,4,0.2,0,0.0,0,0,31,0.09619130272759166,1.1155674333404837,5
Proposed smooth SAC,smooth,0,38,12038,enlarged_delay_only,5,0.25,0.0,0.0,0.0,1.0,1.0,1.0,1.5743284929286714,57.88825061225674,1,1,1,0,0,0,0,68,-1,-1,72,1,0,4,0.2,0,0.0,0,0,72,0.08468260930696642,4.761766698277824,5
Proposed smooth SAC,smooth,0,39,12039,enlarged_delay_only,5,0.25,0.0,0.0,0.0,1.0,1.0,1.0,0.8994689163493125,9.298986658723248,1,1,1,0,0,0,0,40,-1,-1,44,1,0,4,0.2,0,0.0,0,0,44,0.0839608708903094,2.8745137136170156,5
Proposed smooth SAC,smooth,0,40,12040,enlarged_delay_only,5,0.25,0.0,0.0,0.0,1.0,1.0,1.0,1.8657719186487738,68.44804408798744,1,1,1,0,0,0,0,50,-1,-1,54,1,0,4,0.2,0,0.0,0,0,54,0.04464828545348486,1.1402430925427416,5
Proposed smooth SAC,smooth,0,41,12041,enlarged_delay_only,5,0.25,0.0,0.0,0.0,1.0,1.0,1.0,2.1801507199074694,36.011752342258276,1,1,1,0,0,0,0,71,-1,-1,75,1,0,4,0.2,0,0.0,0,0,75,0.05055853658155325,1.5519901610429705,5
Proposed smooth SAC,smooth,0,42,12042,enlarged_delay_only,5,0.25,0.0,0.0,0.0,1.0,1.0,1.0,2.890509486387824,8.39370570216694,1,1,0,1,0,1,1,86,90,103,107,2,1,21,1.05,17,0.8500000000000001,0,0,107,0.07992601380129273,3.5504232574659538,5
Proposed smooth SAC,smooth,0,43,12043,enlarged_delay_only,5,0.25,0.0,0.0,0.0,1.0,1.0,1.0,1.4295379479494126,86.66219834011966,1,1,1,0,0,0,0,68,-1,-1,72,1,0,4,0.2,0,0.0,0,0,72,0.07117690416127707,1.1019524117254154,5
Proposed smooth SAC,smooth,0,44,12044,enlarged_delay_only,5,0.25,0.0,0.0,0.0,1.0,1.0,1.0,1.4633774253790757,25.79388667411487,1,1,1,0,0,0,0,42,-1,-1,46,1,0,4,0.2,0,0.0,0,0,46,0.05413121878876594,3.1907318353947423,5
Proposed smooth SAC,smooth,0,45,12045,enlarged_delay_only,5,0.25,0.0,0.0,0.0,1.0,1.0,1.0,2.7817081294799144,45.277112272150255,1,1,1,0,0,0,0,63,-1,-1,67,1,0,4,0.2,0,0.0,0,0,67,0.058102877306343684,1.0957444101001084,5
Proposed smooth SAC,smooth,0,46,12046,enlarged_delay_only,5,0.25,0.0,0.0,0.0,1.0,1.0,1.0,2.448255495287487,6.5296484668143195,1,1,1,0,0,0,0,68,-1,-1,72,1,0,4,0.2,0,0.0,0,0,72,0.05087593350666109,1.7229073207294887,5
Proposed smooth SAC,smooth,0,47,12047,enlarged_delay_only,5,0.25,0.0,0.0,0.0,1.0,1.0,1.0,2.0375889749407565,48.300679923363994,1,1,1,0,0,0,0,72,-1,-1,76,1,0,4,0.2,0,0.0,0,0,76,0.05555544085671676,0.823510251978031,5
Proposed smooth SAC,smooth,0,48,12048,enlarged_delay_only,5,0.25,0.0,0.0,0.0,1.0,1.0,1.0,1.595910055499794,38.132652438046875,1,1,1,0,0,0,0,64,-1,-1,68,1,0,4,0.2,0,0.0,0,0,68,0.08746305625855946,3.607423320523826,5
Proposed smooth SAC,smooth,0,49,12049,enlarged_delay_only,5,0.25,0.0,0.0,0.0,1.0,1.0,1.0,1.5300451933387877,9.115019782297185,1,1,1,0,0,0,0,48,-1,-1,52,1,0,4,0.2,0,0.0,0,0,52,0.05586215635226886,3.49684127720085,5
Proposed smooth SAC,smooth,0,50,12050,enlarged_delay_only,5,0.25,0.0,0.0,0.0,1.0,1.0,1.0,2.262693545269486,73.02772690761601,1,1,0,1,0,1,1,65,69,77,81,2,1,16,0.8,12,0.6000000000000001,0,0,81,0.08346059767736959,2.8272097444162116,5
Proposed smooth SAC,smooth,0,51,12051,enlarged_delay_only,5,0.25,0.0,0.0,0.0,1.0,1.0,1.0,1.6263518811985,35.99433194478016,1,1,1,0,0,0,0,47,-1,-1,51,1,0,4,0.2,0,0.0,0,0,51,0.036130342197760665,1.0001851544131641,5
Proposed smooth SAC,smooth,0,52,12052,enlarged_delay_only,5,0.25,0.0,0.0,0.0,1.0,1.0,1.0,0.7048587995105587,83.91519870877808,1,1,1,0,0,0,0,49,-1,-1,53,1,0,4,0.2,0,0.0,0,0,53,0.016313649403382216,2.857156495388721,5
Proposed smooth SAC,smooth,0,53,12053,enlarged_delay_only,5,0.25,0.0,0.0,0.0,1.0,1.0,1.0,1.470188620244381,45.138920469767974,1,1,0,1,0,1,1,43,44,62,97,5,4,54,2.7,50,2.5,0,0,97,0.04314806558794887,3.192702344970291,5
Proposed smooth SAC,smooth,0,54,12054,enlarged_delay_only,5,0.25,0.0,0.0,0.0,1.0,1.0,1.0,2.2790002868522827,82.51781713667434,1,1,1,0,0,0,0,88,-1,-1,92,1,0,4,0.2,0,0.0,0,0,92,0.08806672068330086,1.1539621678209468,5
Proposed smooth SAC,smooth,0,55,12055,enlarged_delay_only,5,0.25,0.0,0.0,0.0,1.0,1.0,1.0,2.8850994760210127,23.46271066699096,1,1,1,0,0,0,0,83,-1,-1,87,1,0,4,0.2,0,0.0,0,0,87,0.01791165724245999,4.0921080581799165,5
Proposed smooth SAC,smooth,0,56,12056,enlarged_delay_only,5,0.25,0.0,0.0,0.0,1.0,1.0,1.0,1.826905546699788,11.925707512554547,1,1,1,0,0,0,0,55,-1,-1,59,1,0,4,0.2,0,0.0,0,0,59,0.07517750258348752,4.452072260931105,5
Proposed smooth SAC,smooth,0,57,12057,enlarged_delay_only,5,0.25,0.0,0.0,0.0,1.0,1.0,1.0,1.7691751722646727,27.276807827836556,1,1,0,1,0,1,1,60,64,75,79,2,1,19,0.9500000000000001,15,0.75,0,0,79,0.05017252893367152,2.925940555755569,5
Proposed smooth SAC,smooth,0,58,12058,enlarged_delay_only,5,0.25,0.0,0.0,0.0,1.0,1.0,1.0,2.3268545695420997,62.93145738971906,1,1,0,1,0,1,1,72,73,83,101,3,2,29,1.4500000000000002,25,1.25,0,0,101,0.07591297030770335,2.6591365047453572,5
Proposed smooth SAC,smooth,0,59,12059,enlarged_delay_only,5,0.25,0.0,0.0,0.0,1.0,1.0,1.0,2.1903482121613216,54.840688506488746,1,1,0,1,0,1,1,84,88,100,104,2,1,20,1.0,16,0.8,0,0,104,0.07273699981220945,2.733335197576733,5
Proposed smooth SAC,smooth,0,60,12060,enlarged_delay_only,5,0.25,0.0,0.0,0.0,1.0,1.0,1.0,1.0973360553047116,33.91806713521758,1,1,1,0,0,0,0,59,-1,-1,63,1,0,4,0.2,0,0.0,0,0,63,0.09301656007436335,3.0419675405075144,5
Proposed smooth SAC,smooth,0,61,12061,enlarged_delay_only,5,0.25,0.0,0.0,0.0,1.0,1.0,1.0,1.936928029361262,42.58082679539602,1,1,0,1,0,1,1,52,56,69,73,2,1,21,1.05,17,0.8500000000000001,0,0,73,0.06861115664760602,2.38866613625473,5
Proposed smooth SAC,smooth,0,62,12062,enlarged_delay_only,5,0.25,0.0,0.0,0.0,1.0,1.0,1.0,1.8981880108378766,55.958209907540386,1,1,1,0,0,0,0,59,-1,-1,63,1,0,4,0.2,0,0.0,0,0,63,0.07075414068314916,0.8396844600977386,5
Proposed smooth SAC,smooth,0,63,12063,enlarged_delay_only,5,0.25,0.0,0.0,0.0,1.0,1.0,1.0,1.3410819077846639,71.65242733709893,1,1,1,0,0,0,0,51,-1,-1,55,1,0,4,0.2,0,0.0,0,0,55,0.06915204251770701,1.51094157790484,5
Proposed smooth SAC,smooth,0,64,12064,enlarged_delay_only,5,0.25,0.0,0.0,0.0,1.0,1.0,1.0,3.236122857778983,77.84361815931113,1,1,1,0,0,0,0,116,-1,-1,120,1,0,4,0.2,0,0.0,0,0,120,0.050940986808394075,4.1396017785736,5
Proposed smooth SAC,smooth,0,65,12065,enlarged_delay_only,5,0.25,0.0,0.0,0.0,1.0,1.0,1.0,2.27680658754703,16.046224888813487,1,1,1,0,0,0,0,67,-1,-1,71,1,0,4,0.2,0,0.0,0,0,71,0.053427066159421804,1.0814483972804485,5
Proposed smooth SAC,smooth,0,66,12066,enlarged_delay_only,5,0.25,0.0,0.0,0.0,1.0,1.0,1.0,0.7254567305431476,42.00001141404023,1,1,1,0,0,0,0,35,-1,-1,39,1,0,4,0.2,0,0.0,0,0,39,0.08715979327437465,0.8115059277074691,5
Proposed smooth SAC,smooth,0,67,12067,enlarged_delay_only,5,0.25,0.0,0.0,0.0,1.0,1.0,1.0,1.5334421939190404,11.645351299013972,1,1,0,1,0,1,1,42,45,56,60,2,1,18,0.9,14,0.7000000000000001,0,0,60,0.0790593889054023,2.7787888258426987,5
Proposed smooth SAC,smooth,0,68,12068,enlarged_delay_only,5,0.25,0.0,0.0,0.0,1.0,1.0,1.0,1.8681160247703945,59.46436457456137,1,1,1,0,0,0,0,63,-1,-1,67,1,0,4,0.2,0,0.0,0,0,67,0.05225407680326615,1.1484122122334883,5
Proposed smooth SAC,smooth,0,69,12069,enlarged_delay_only,5,0.25,0.0,0.0,0.0,1.0,1.0,1.0,1.886519728757838,51.09646759594697,1,1,1,0,0,0,0,49,-1,-1,53,1,0,4,0.2,0,0.0,0,0,53,0.056704343115045144,2.0879519035626974,5
Proposed smooth SAC,smooth,0,70,12070,enlarged_delay_only,5,0.25,0.0,0.0,0.0,1.0,1.0,1.0,1.6986806001597525,76.52323330972095,1,1,1,0,0,0,0,58,-1,-1,62,1,0,4,0.2,0,0.0,0,0,62,0.033909655704304396,1.8870192641251469,5
Proposed smooth SAC,smooth,0,71,12071,enlarged_delay_only,5,0.25,0.0,0.0,0.0,1.0,1.0,1.0,2.6459208153503964,67.50779341665432,1,1,0,1,0,1,1,82,86,99,103,2,1,21,1.05,17,0.8500000000000001,0,0,103,0.07634426708126976,1.9375729092669962,5
Proposed smooth SAC,smooth,0,72,12072,enlarged_delay_only,5,0.25,0.0,0.0,0.0,1.0,1.0,1.0,0.48175087121353316,49.596093601348606,1,1,1,0,0,0,0,40,-1,-1,44,1,0,4,0.2,0,0.0,0,0,44,0.0611962702899866,2.1244255406173886,5
Proposed smooth SAC,smooth,0,73,12073,enlarged_delay_only,5,0.25,0.0,0.0,0.0,1.0,1.0,1.0,1.3565823895626754,84.90849262920553,1,1,1,0,0,0,0,61,-1,-1,65,1,0,4,0.2,0,0.0,0,0,65,0.027657636535658163,1.5660278006129333,5
Proposed smooth SAC,smooth,0,74,12074,enlarged_delay_only,5,0.25,0.0,0.0,0.0,1.0,1.0,1.0,2.034268978334935,63.584860606479154,1,1,1,0,0,0,0,65,-1,-1,69,1,0,4,0.2,0,0.0,0,0,69,0.09226385357469918,1.1347302761088949,5
Proposed smooth SAC,smooth,0,75,12075,enlarged_delay_only,5,0.25,0.0,0.0,0.0,1.0,1.0,1.0,2.7867133802887056,59.621185717904865,1,1,1,0,0,0,0,77,-1,-1,81,1,0,4,0.2,0,0.0,0,0,81,0.06902015393884242,0.7053312773898556,5
Proposed smooth SAC,smooth,0,76,12076,enlarged_delay_only,5,0.25,0.0,0.0,0.0,1.0,1.0,1.0,1.4672375160200708,30.3721436917542,1,1,1,0,0,0,0,38,-1,-1,42,1,0,4,0.2,0,0.0,0,0,42,0.08745109946952624,4.1797982956127715,5
Proposed smooth SAC,smooth,0,77,12077,enlarged_delay_only,5,0.25,0.0,0.0,0.0,1.0,1.0,1.0,1.9775577095396648,51.41426263764932,1,1,0,1,0,1,1,52,56,65,69,2,1,17,0.8500000000000001,13,0.65,0,0,69,0.03927946421091624,1.8090315238517065,5
Proposed smooth SAC,smooth,0,78,12078,enlarged_delay_only,5,0.25,0.0,0.0,0.0,1.0,1.0,1.0,2.327760709820301,60.008956047653996,1,1,1,0,0,0,0,86,-1,-1,90,1,0,4,0.2,0,0.0,0,0,90,0.06808765852912078,1.353599525915428,5
Proposed smooth SAC,smooth,0,79,12079,enlarged_delay_only,5,0.25,0.0,0.0,0.0,1.0,1.0,1.0,1.5278991276633485,40.17317828277736,1,1,1,0,0,0,0,74,-1,-1,78,1,0,4,0.2,0,0.0,0,0,78,0.03813752040288086,4.521220669201492,5
Proposed smooth SAC,smooth,0,80,12080,enlarged_delay_only,5,0.25,0.0,0.0,0.0,1.0,1.0,1.0,2.3192768073204557,47.36251928991689,1,1,1,0,0,0,0,73,-1,-1,77,1,0,4,0.2,0,0.0,0,0,77,0.05774953279793009,1.9455917647960028,5
Proposed smooth SAC,smooth,0,81,12081,enlarged_delay_only,5,0.25,0.0,0.0,0.0,1.0,1.0,1.0,2.348060423688873,77.305474384795,1,1,1,0,0,0,0,73,-1,-1,77,1,0,4,0.2,0,0.0,0,0,77,0.09092608814744534,4.388835808274189,5
Proposed smooth SAC,smooth,0,82,12082,enlarged_delay_only,5,0.25,0.0,0.0,0.0,1.0,1.0,1.0,1.657062365864348,55.61082307125895,1,1,0,1,0,1,1,63,66,71,75,2,1,12,0.6000000000000001,8,0.4,0,0,75,0.060753541925172475,1.1678766505424378,5
Proposed smooth SAC,smooth,0,83,12083,enlarged_delay_only,5,0.25,0.0,0.0,0.0,1.0,1.0,1.0,1.7829506075254924,2.609497891508878,1,1,1,0,0,0,0,67,-1,-1,71,1,0,4,0.2,0,0.0,0,0,71,0.06237301685593857,4.333421202877406,5
Proposed smooth SAC,smooth,0,84,12084,enlarged_delay_only,5,0.25,0.0,0.0,0.0,1.0,1.0,1.0,1.6404890956693123,1.3837049720644343,1,1,1,0,0,0,0,74,-1,-1,78,1,0,4,0.2,0,0.0,0,0,78,0.04821144991191689,0.20630252882692948,5
Proposed smooth SAC,smooth,0,85,12085,enlarged_delay_only,5,0.25,0.0,0.0,0.0,1.0,1.0,1.0,2.497746521837666,36.904581010184,1,1,1,0,0,0,0,53,-1,-1,57,1,0,4,0.2,0,0.0,0,0,57,0.08427692247622683,3.9232858455778885,5
Proposed smooth SAC,smooth,0,86,12086,enlarged_delay_only,5,0.25,0.0,0.0,0.0,1.0,1.0,1.0,1.8263883792562778,0.33389918702221527,1,1,0,1,0,1,1,56,60,65,69,2,1,13,0.65,9,0.45,0,0,69,0.03592195377673082,1.1003985436892374,5
Proposed smooth SAC,smooth,0,87,12087,enlarged_delay_only,5,0.25,0.0,0.0,0.0,1.0,1.0,1.0,2.03592606033529,9.710697655286923,1,1,1,0,0,0,0,68,-1,-1,72,1,0,4,0.2,0,0.0,0,0,72,0.04328022550105415,1.4063101234528264,5
Proposed smooth SAC,smooth,0,88,12088,enlarged_delay_only,5,0.25,0.0,0.0,0.0,1.0,1.0,1.0,2.799243954274032,20.695729317232512,1,1,1,0,0,0,0,67,-1,-1,71,1,0,4,0.2,0,0.0,0,0,71,0.061240030808765375,4.830900165509401,5
Proposed smooth SAC,smooth,0,89,12089,enlarged_delay_only,5,0.25,0.0,0.0,0.0,1.0,1.0,1.0,1.9684957245170929,46.29750155301514,1,1,1,0,0,0,0,83,-1,-1,87,1,0,4,0.2,0,0.0,0,0,87,0.0044158323121678104,4.038012959953416,5
Proposed smooth SAC,smooth,0,90,12090,enlarged_delay_only,5,0.25,0.0,0.0,0.0,1.0,1.0,1.0,1.911320050192248,50.27198521595098,1,1,0,1,0,1,1,46,49,67,87,3,2,41,2.0500000000000003,37,1.85,0,0,87,0.06502574754843725,3.713378337570941,5
Proposed smooth SAC,smooth,0,91,12091,enlarged_delay_only,5,0.25,0.0,0.0,0.0,1.0,1.0,1.0,2.127844865867529,32.123072930770725,1,1,0,1,0,1,1,57,59,71,75,2,1,18,0.9,14,0.7000000000000001,0,0,75,0.07822493811888341,4.771906540987531,5
Proposed smooth SAC,smooth,0,92,12092,enlarged_delay_only,5,0.25,0.0,0.0,0.0,1.0,1.0,1.0,2.1800958407414126,47.35001662864118,1,1,1,0,0,0,0,80,-1,-1,84,1,0,4,0.2,0,0.0,0,0,84,0.0724099279884518,2.161066090419922,5
Proposed smooth SAC,smooth,0,93,12093,enlarged_delay_only,5,0.25,0.0,0.0,0.0,1.0,1.0,1.0,3.259884867767638,59.350430189016386,1,1,0,1,0,1,1,99,103,115,119,2,1,20,1.0,16,0.8,0,0,119,0.06890178885829698,2.927529428511243,5
Proposed smooth SAC,smooth,0,94,12094,enlarged_delay_only,5,0.25,0.0,0.0,0.0,1.0,1.0,1.0,0.7611576363914472,18.846404373032783,1,1,1,0,0,0,0,28,-1,-1,32,1,0,4,0.2,0,0.0,0,0,32,0.07706407638872437,2.8130375287752583,5
Proposed smooth SAC,smooth,0,95,12095,enlarged_delay_only,5,0.25,0.0,0.0,0.0,1.0,1.0,1.0,2.315981959981536,11.583421973809466,1,1,0,1,0,1,1,53,56,79,99,3,2,46,2.3000000000000003,42,2.1,0,0,99,0.06761370331770859,2.727030079199165,5
Proposed smooth SAC,smooth,0,96,12096,enlarged_delay_only,5,0.25,0.0,0.0,0.0,1.0,1.0,1.0,2.6433593115574596,23.402961879678983,1,1,1,0,0,0,0,70,-1,-1,74,1,0,4,0.2,0,0.0,0,0,74,0.040196742123764444,3.945260698571935,5
Proposed smooth SAC,smooth,0,97,12097,enlarged_delay_only,5,0.25,0.0,0.0,0.0,1.0,1.0,1.0,2.517006739513531,35.98333875531102,1,1,1,0,0,0,0,78,-1,-1,82,1,0,4,0.2,0,0.0,0,0,82,0.07265735213685406,4.258330956915932,5
Proposed smooth SAC,smooth,0,98,12098,enlarged_delay_only,5,0.25,0.0,0.0,0.0,1.0,1.0,1.0,3.120283930411399,82.53858091175118,1,1,0,1,0,1,1,68,71,101,105,2,1,37,1.85,33,1.6500000000000001,0,0,105,0.06477484805804963,1.6900496285100846,5
Proposed smooth SAC,smooth,0,99,12099,enlarged_delay_only,5,0.25,0.0,0.0,0.0,1.0,1.0,1.0,0.19539344804534206,10.475630177230514,1,1,1,0,0,0,0,20,-1,-1,24,1,0,4,0.2,0,0.0,0,0,24,0.03077887178489808,2.826278704254974,5
Proposed smooth SAC,smooth,1,0,12000,enlarged_delay_only,5,0.25,0.0,0.0,0.0,1.0,1.0,1.0,1.4011169590411672,3.680448288035017,1,1,0,1,0,1,1,37,38,53,61,3,2,24,1.2000000000000002,20,1.0,0,0,61,0.06152834260779827,1.0361662707956738,5
Proposed smooth SAC,smooth,1,1,12001,enlarged_delay_only,5,0.25,0.0,0.0,0.0,1.0,1.0,1.0,1.8698938269216967,60.07772922240686,1,1,0,1,0,1,1,46,50,111,115,2,1,69,3.45,65,3.25,0,0,115,0.08191304628010602,2.0903145086852875,5
Proposed smooth SAC,smooth,1,2,12002,enlarged_delay_only,5,0.25,0.0,0.0,0.0,1.0,1.0,1.0,1.5052862077716045,52.14187244464703,1,1,0,1,0,1,1,56,57,68,72,2,1,16,0.8,12,0.6000000000000001,0,0,72,0.09814729567620388,3.8253234305201578,5
Proposed smooth SAC,smooth,1,3,12003,enlarged_delay_only,5,0.25,0.0,0.0,0.0,1.0,1.0,1.0,1.11052274394814,63.72168295593285,1,1,0,1,0,1,1,74,76,92,108,3,2,34,1.7000000000000002,30,1.5,0,0,108,0.055998873828048544,3.6033030089070155,5
Proposed smooth SAC,smooth,1,4,12004,enlarged_delay_only,5,0.25,0.0,0.0,0.0,1.0,1.0,1.0,2.0622948587954135,27.609846144219087,1,1,1,0,0,0,0,77,-1,-1,81,1,0,4,0.2,0,0.0,0,0,81,0.030584305873614968,4.631778379975549,5
Proposed smooth SAC,smooth,1,5,12005,enlarged_delay_only,5,0.25,0.0,0.0,0.0,1.0,1.0,1.0,0.7836208893081577,86.33696522241115,1,1,1,0,0,0,0,42,-1,-1,46,1,0,4,0.2,0,0.0,0,0,46,0.030312090238912893,0.6755576823849766,5
Proposed smooth SAC,smooth,1,6,12006,enlarged_delay_only,5,0.25,0.0,0.0,0.0,1.0,1.0,1.0,1.4039658384766267,70.50865751906693,1,1,1,0,0,0,0,64,-1,-1,68,1,0,4,0.2,0,0.0,0,0,68,0.06806293470693033,0.5568329863542878,5
Proposed smooth SAC,smooth,1,7,12007,enlarged_delay_only,5,0.25,0.0,0.0,0.0,1.0,1.0,1.0,2.023389540687327,41.417218692919725,1,1,0,1,0,1,1,49,53,108,168,5,4,119,5.95,115,5.75,0,0,168,0.05263009457919801,3.6796265309005,5
Proposed smooth SAC,smooth,1,8,12008,enlarged_delay_only,5,0.25,0.0,0.0,0.0,1.0,1.0,1.0,0.6761041193866284,47.03972454974209,1,1,0,1,0,1,1,44,48,62,66,2,1,22,1.1,18,0.9,0,0,66,0.08841941769524381,3.7339474522564347,5
Proposed smooth SAC,smooth,1,9,12009,enlarged_delay_only,5,0.25,0.0,0.0,0.0,1.0,1.0,1.0,0.8365610729382312,17.566701837686487,1,1,1,0,0,0,0,55,-1,-1,59,1,0,4,0.2,0,0.0,0,0,59,0.05406116141835596,4.200261969252953,5
Proposed smooth SAC,smooth,1,10,12010,enlarged_delay_only,5,0.25,0.0,0.0,0.0,1.0,1.0,1.0,2.0882312594206844,67.10242168941406,1,1,0,1,0,1,1,56,60,71,85,3,2,29,1.4500000000000002,25,1.25,0,0,85,0.08260501578109668,1.0296851683252723,5
Proposed smooth SAC,smooth,1,11,12011,enlarged_delay_only,5,0.25,0.0,0.0,0.0,1.0,1.0,1.0,1.0363136503576447,39.13181690606595,1,1,1,0,0,0,0,50,-1,-1,54,1,0,4,0.2,0,0.0,0,0,54,0.03967590947116001,0.5207897045781603,5
Proposed smooth SAC,smooth,1,12,12012,enlarged_delay_only,5,0.25,0.0,0.0,0.0,1.0,1.0,1.0,1.0633346171025668,74.10415106043168,1,1,1,0,0,0,0,59,-1,-1,63,1,0,4,0.2,0,0.0,0,0,63,0.036083162849017844,3.1221804283464976,5
Proposed smooth SAC,smooth,1,13,12013,enlarged_delay_only,5,0.25,0.0,0.0,0.0,1.0,1.0,1.0,2.9321695975105375,64.82631579002067,1,1,1,0,0,0,0,61,-1,-1,65,1,0,4,0.2,0,0.0,0,0,65,0.05960716424490582,0.469063081168067,5
Proposed smooth SAC,smooth,1,14,12014,enlarged_delay_only,5,0.25,0.0,0.0,0.0,1.0,1.0,1.0,1.5727126782681156,69.85363554747353,1,1,1,0,0,0,0,66,-1,-1,70,1,0,4,0.2,0,0.0,0,0,70,0.07076158592540646,4.475811437165131,5
Proposed smooth SAC,smooth,1,15,12015,enlarged_delay_only,5,0.25,0.0,0.0,0.0,1.0,1.0,1.0,1.7941221940119125,66.18821452938619,1,1,0,1,0,1,1,62,66,80,149,6,5,87,4.3500000000000005,83,4.15,0,0,149,0.07895551795730908,1.9051190519822692,5
Proposed smooth SAC,smooth,1,16,12016,enlarged_delay_only,5,0.25,0.0,0.0,0.0,1.0,1.0,1.0,2.0956191639967527,80.76412508613855,1,1,1,0,0,0,0,95,-1,-1,99,1,0,4,0.2,0,0.0,0,0,99,0.06154362787290986,4.397279629635618,5
Proposed smooth SAC,smooth,1,17,12017,enlarged_delay_only,5,0.25,0.0,0.0,0.0,1.0,1.0,1.0,2.3497476747776798,68.42664510531779,1,1,0,1,0,1,1,63,64,73,77,2,1,14,0.7000000000000001,10,0.5,0,0,77,0.05319169131537487,2.733387064325743,5
Proposed smooth SAC,smooth,1,18,12018,enlarged_delay_only,5,0.25,0.0,0.0,0.0,1.0,1.0,1.0,1.3063656328926654,58.185179426044705,1,1,1,0,0,0,0,37,-1,-1,41,1,0,4,0.2,0,0.0,0,0,41,0.09115022894165663,2.263887758185294,5
Proposed smooth SAC,smooth,1,19,12019,enlarged_delay_only,5,0.25,0.0,0.0,0.0,1.0,1.0,1.0,1.569053725441394,46.92282244700273,1,1,1,0,0,0,0,144,-1,-1,148,1,0,4,0.2,0,0.0,0,0,148,0.08430792516885964,3.1254341597123627,5
Proposed smooth SAC,smooth,1,20,12020,enlarged_delay_only,5,0.25,0.0,0.0,0.0,1.0,1.0,1.0,2.8509785660679805,57.54032760612546,1,1,1,0,0,0,0,95,-1,-1,99,1,0,4,0.2,0,0.0,0,0,99,0.0803659402689935,0.6021717287039795,5
Proposed smooth SAC,smooth,1,21,12021,enlarged_delay_only,5,0.25,0.0,0.0,0.0,1.0,1.0,1.0,1.721321109839246,84.23015922197487,1,1,1,0,0,0,0,54,-1,-1,58,1,0,4,0.2,0,0.0,0,0,58,0.09584781456215018,3.4033844391178003,5
Proposed smooth SAC,smooth,1,22,12022,enlarged_delay_only,5,0.25,0.0,0.0,0.0,1.0,1.0,1.0,2.0714459852992766,7.241713190147896,1,1,1,0,0,0,0,62,-1,-1,66,1,0,4,0.2,0,0.0,0,0,66,0.05573311743154736,3.085776800730799,5
Proposed smooth SAC,smooth,1,23,12023,enlarged_delay_only,5,0.25,0.0,0.0,0.0,1.0,1.0,1.0,1.96706721911142,29.687929491648173,1,1,0,1,0,1,1,59,60,62,96,4,3,37,1.85,33,1.6500000000000001,0,0,96,0.024327178660934895,3.605279068011265,5
Proposed smooth SAC,smooth,1,24,12024,enlarged_delay_only,5,0.25,0.0,0.0,0.0,1.0,1.0,1.0,2.3296647946987346,59.32330750782227,1,1,0,1,0,1,1,71,75,100,104,2,1,33,1.6500000000000001,29,1.4500000000000002,0,0,104,0.07912223833613206,2.7332519546462235,5
Proposed smooth SAC,smooth,1,25,12025,enlarged_delay_only,5,0.25,0.0,0.0,0.0,1.0,1.0,1.0,1.7406706115734212,29.68845883130885,1,1,1,0,0,0,0,62,-1,-1,66,1,0,4,0.2,0,0.0,0,0,66,0.05425389645919126,2.0156562721888167,5
Proposed smooth SAC,smooth,1,26,12026,enlarged_delay_only,5,0.25,0.0,0.0,0.0,1.0,1.0,1.0,1.2890960116783232,58.822470226552745,1,1,0,1,0,1,1,54,56,61,78,3,2,24,1.2000000000000002,20,1.0,0,0,78,0.02128654926406904,2.4538583708917976,5
Proposed smooth SAC,smooth,1,27,12027,enlarged_delay_only,5,0.25,0.0,0.0,0.0,1.0,1.0,1.0,1.679512651290201,27.36887877784833,1,1,0,1,0,1,1,71,75,91,107,3,2,36,1.8,32,1.6,0,0,107,0.06618151632054528,3.500865539282457,5
Proposed smooth SAC,smooth,1,28,12028,enlarged_delay_only,5,0.25,0.0,0.0,0.0,1.0,1.0,1.0,2.161397968359572,63.816718208044406,1,1,0,1,0,1,1,57,58,68,72,2,1,15,0.75,11,0.55,0,0,72,0.06219935502912531,2.2210185027465323,5
Proposed smooth SAC,smooth,1,29,12029,enlarged_delay_only,5,0.25,0.0,0.0,0.0,1.0,1.0,1.0,1.4273638277059564,34.274883047648224,1,1,1,0,0,0,0,68,-1,-1,72,1,0,4,0.2,0,0.0,0,0,72,0.04001816317701017,1.333516208434652,5
Proposed smooth SAC,smooth,1,30,12030,enlarged_delay_only,5,0.25,0.0,0.0,0.0,1.0,1.0,1.0,1.7462896683471236,26.955215200955678,1,1,1,0,0,0,0,58,-1,-1,62,1,0,4,0.2,0,0.0,0,0,62,0.043506409578289384,4.951895259108884,5
Proposed smooth SAC,smooth,1,31,12031,enlarged_delay_only,5,0.25,0.0,0.0,0.0,1.0,1.0,1.0,0.831092090571535,57.81877392801937,1,1,1,0,0,0,0,46,-1,-1,50,1,0,4,0.2,0,0.0,0,0,50,0.010458949455853149,2.3402810761743598,5
Proposed smooth SAC,smooth,1,32,12032,enlarged_delay_only,5,0.25,0.0,0.0,0.0,1.0,1.0,1.0,2.3622064651248813,65.6166711298287,1,1,0,1,0,1,1,58,60,96,114,3,2,56,2.8000000000000003,52,2.6,0,0,114,0.07049316340713692,3.8569920294937448,5
Proposed smooth SAC,smooth,1,33,12033,enlarged_delay_only,5,0.25,0.0,0.0,0.0,1.0,1.0,1.0,0.7030471412582213,16.83992189867294,1,1,0,1,0,1,1,55,56,86,90,2,1,35,1.75,31,1.55,0,0,90,0.058039794430907725,1.754721808274879,5
Proposed smooth SAC,smooth,1,34,12034,enlarged_delay_only,5,0.25,0.0,0.0,0.0,1.0,1.0,1.0,2.282842407805926,24.938362791888462,1,1,1,0,0,0,0,81,-1,-1,85,1,0,4,0.2,0,0.0,0,0,85,0.058434474065692764,4.812289180681585,5
Proposed smooth SAC,smooth,1,35,12035,enlarged_delay_only,5,0.25,0.0,0.0,0.0,1.0,1.0,1.0,2.371908074838775,71.96116554796184,1,1,1,0,0,0,0,55,-1,-1,59,1,0,4,0.2,0,0.0,0,0,59,0.06284150116615504,2.526067344240584,5
Proposed smooth SAC,smooth,1,36,12036,enlarged_delay_only,5,0.25,0.0,0.0,0.0,1.0,1.0,1.0,0.8829462334714887,87.90779944848737,1,1,0,1,0,1,1,36,40,61,65,2,1,29,1.4500000000000002,25,1.25,0,0,65,0.05751564146722509,3.00427941044103,5
Proposed smooth SAC,smooth,1,37,12037,enlarged_delay_only,5,0.25,0.0,0.0,0.0,1.0,1.0,1.0,0.817844285721509,43.45796651879823,1,1,1,0,0,0,0,40,-1,-1,44,1,0,4,0.2,0,0.0,0,0,44,0.058824434788595246,0.6316575486292189,5
Proposed smooth SAC,smooth,1,38,12038,enlarged_delay_only,5,0.25,0.0,0.0,0.0,1.0,1.0,1.0,1.5743284929286714,57.88825061225674,1,1,1,0,0,0,0,62,-1,-1,66,1,0,4,0.2,0,0.0,0,0,66,0.07683062551470726,0.8219687102988709,5
Proposed smooth SAC,smooth,1,39,12039,enlarged_delay_only,5,0.25,0.0,0.0,0.0,1.0,1.0,1.0,0.8994689163493125,9.298986658723248,1,1,0,1,0,1,1,35,39,56,60,2,1,25,1.25,21,1.05,0,0,60,0.04742677330048831,3.2284541164070766,5
Proposed smooth SAC,smooth,1,40,12040,enlarged_delay_only,5,0.25,0.0,0.0,0.0,1.0,1.0,1.0,1.8657719186487738,68.44804408798744,1,1,0,1,0,1,1,65,67,82,92,3,2,27,1.35,23,1.1500000000000001,0,0,92,0.08660597712271813,3.0415161076920585,5
Proposed smooth SAC,smooth,1,41,12041,enlarged_delay_only,5,0.25,0.0,0.0,0.0,1.0,1.0,1.0,2.1801507199074694,36.011752342258276,1,1,0,1,0,1,1,59,63,75,93,3,2,34,1.7000000000000002,30,1.5,0,0,93,0.04868751526379594,3.210816433535988,5
Proposed smooth SAC,smooth,1,42,12042,enlarged_delay_only,5,0.25,0.0,0.0,0.0,1.0,1.0,1.0,2.890509486387824,8.39370570216694,1,1,1,0,0,0,0,120,-1,-1,124,1,0,4,0.2,0,0.0,0,0,124,0.046189911444659386,3.0898597597505857,5
Proposed smooth SAC,smooth,1,43,12043,enlarged_delay_only,5,0.25,0.0,0.0,0.0,1.0,1.0,1.0,1.4295379479494126,86.66219834011966,1,1,1,0,0,0,0,62,-1,-1,66,1,0,4,0.2,0,0.0,0,0,66,0.049124171531455756,1.7263977608387766,5
Proposed smooth SAC,smooth,1,44,12044,enlarged_delay_only,5,0.25,0.0,0.0,0.0,1.0,1.0,1.0,1.4633774253790757,25.79388667411487,1,1,1,0,0,0,0,63,-1,-1,67,1,0,4,0.2,0,0.0,0,0,67,0.07312805593989447,4.301646309084861,5
Proposed smooth SAC,smooth,1,45,12045,enlarged_delay_only,5,0.25,0.0,0.0,0.0,1.0,1.0,1.0,2.7817081294799144,45.277112272150255,1,1,0,1,0,1,1,83,84,91,95,2,1,12,0.6000000000000001,8,0.4,0,0,95,0.05390196883435059,1.4159169979638608,5
Proposed smooth SAC,smooth,1,46,12046,enlarged_delay_only,5,0.25,0.0,0.0,0.0,1.0,1.0,1.0,2.448255495287487,6.5296484668143195,1,1,0,1,0,1,1,73,75,81,103,3,2,30,1.5,26,1.3,0,0,103,0.07196390747570176,3.732541713947881,5
Proposed smooth SAC,smooth,1,47,12047,enlarged_delay_only,5,0.25,0.0,0.0,0.0,1.0,1.0,1.0,2.0375889749407565,48.300679923363994,1,1,0,1,0,1,1,61,62,78,91,3,2,30,1.5,26,1.3,0,0,91,0.0649107862728402,2.0969090563289345,5
Proposed smooth SAC,smooth,1,48,12048,enlarged_delay_only,5,0.25,0.0,0.0,0.0,1.0,1.0,1.0,1.595910055499794,38.132652438046875,1,1,1,0,0,0,0,47,-1,-1,51,1,0,4,0.2,0,0.0,0,0,51,0.04961947886596738,3.5533775277253956,5
Proposed smooth SAC,smooth,1,49,12049,enlarged_delay_only,5,0.25,0.0,0.0,0.0,1.0,1.0,1.0,1.5300451933387877,9.115019782297185,1,1,1,0,0,0,0,67,-1,-1,71,1,0,4,0.2,0,0.0,0,0,71,0.07404934699312814,3.691398361935017,5
Proposed smooth SAC,smooth,1,50,12050,enlarged_delay_only,5,0.25,0.0,0.0,0.0,1.0,1.0,1.0,2.262693545269486,73.02772690761601,1,1,1,0,0,0,0,69,-1,-1,73,1,0,4,0.2,0,0.0,0,0,73,0.055796987718100925,2.6730611260288977,5
Proposed smooth SAC,smooth,1,51,12051,enlarged_delay_only,5,0.25,0.0,0.0,0.0,1.0,1.0,1.0,1.6263518811985,35.99433194478016,1,1,1,0,0,0,0,50,-1,-1,54,1,0,4,0.2,0,0.0,0,0,54,0.06349817442391258,2.6080780659351617,5
Proposed smooth SAC,smooth,1,52,12052,enlarged_delay_only,5,0.25,0.0,0.0,0.0,1.0,1.0,1.0,0.7048587995105587,83.91519870877808,1,1,1,0,0,0,0,42,-1,-1,46,1,0,4,0.2,0,0.0,0,0,46,0.06471149429433559,1.9934893201243635,5
Proposed smooth SAC,smooth,1,53,12053,enlarged_delay_only,5,0.25,0.0,0.0,0.0,1.0,1.0,1.0,1.470188620244381,45.138920469767974,1,1,1,0,0,0,0,43,-1,-1,47,1,0,4,0.2,0,0.0,0,0,47,0.05404698232465274,1.2598017119824065,5
Proposed smooth SAC,smooth,1,54,12054,enlarged_delay_only,5,0.25,0.0,0.0,0.0,1.0,1.0,1.0,2.2790002868522827,82.51781713667434,1,1,1,0,0,0,0,78,-1,-1,82,1,0,4,0.2,0,0.0,0,0,82,0.04409570261902395,2.88829682191869,5
Proposed smooth SAC,smooth,1,55,12055,enlarged_delay_only,5,0.25,0.0,0.0,0.0,1.0,1.0,1.0,2.8850994760210127,23.46271066699096,1,1,1,0,0,0,0,85,-1,-1,89,1,0,4,0.2,0,0.0,0,0,89,0.09689070787761712,2.4914254785439254,5
Proposed smooth SAC,smooth,1,56,12056,enlarged_delay_only,5,0.25,0.0,0.0,0.0,1.0,1.0,1.0,1.826905546699788,11.925707512554547,1,1,0,1,0,1,1,58,62,73,77,2,1,19,0.9500000000000001,15,0.75,0,0,77,0.05840525481960609,2.0870247053828686,5
Proposed smooth SAC,smooth,1,57,12057,enlarged_delay_only,5,0.25,0.0,0.0,0.0,1.0,1.0,1.0,1.7691751722646727,27.276807827836556,1,1,1,0,0,0,0,88,-1,-1,92,1,0,4,0.2,0,0.0,0,0,92,0.08266736753562796,2.385578036976238,5
Proposed smooth SAC,smooth,1,58,12058,enlarged_delay_only,5,0.25,0.0,0.0,0.0,1.0,1.0,1.0,2.3268545695420997,62.93145738971906,1,1,0,1,0,1,1,65,66,83,104,3,2,39,1.9500000000000002,35,1.75,0,0,104,0.02276480834125573,3.947540274207427,5
Proposed smooth SAC,smooth,1,59,12059,enlarged_delay_only,5,0.25,0.0,0.0,0.0,1.0,1.0,1.0,2.1903482121613216,54.840688506488746,1,1,0,1,0,1,1,73,77,84,88,2,1,15,0.75,11,0.55,0,0,88,0.09036294659767473,0.7691650514340311,5
Proposed smooth SAC,smooth,1,60,12060,enlarged_delay_only,5,0.25,0.0,0.0,0.0,1.0,1.0,1.0,1.0973360553047116,33.91806713521758,1,1,0,1,0,1,1,72,74,91,95,2,1,23,1.1500000000000001,19,0.9500000000000001,0,0,95,0.027494863009878114,4.681654555729098,5
Proposed smooth SAC,smooth,1,61,12061,enlarged_delay_only,5,0.25,0.0,0.0,0.0,1.0,1.0,1.0,1.936928029361262,42.58082679539602,1,1,1,0,0,0,0,61,-1,-1,65,1,0,4,0.2,0,0.0,0,0,65,0.06413617237979101,3.2679351711306888,5
Proposed smooth SAC,smooth,1,62,12062,enlarged_delay_only,5,0.25,0.0,0.0,0.0,1.0,1.0,1.0,1.8981880108378766,55.958209907540386,1,1,1,0,0,0,0,51,-1,-1,55,1,0,4,0.2,0,0.0,0,0,55,0.05164034147302011,2.5411663311745434,5
Proposed smooth SAC,smooth,1,63,12063,enlarged_delay_only,5,0.25,0.0,0.0,0.0,1.0,1.0,1.0,1.3410819077846639,71.65242733709893,1,1,0,1,0,1,1,47,51,68,80,3,2,33,1.6500000000000001,29,1.4500000000000002,0,0,80,0.08942102559926889,0.004093716651105787,5
Proposed smooth SAC,smooth,1,64,12064,enlarged_delay_only,5,0.25,0.0,0.0,0.0,1.0,1.0,1.0,3.236122857778983,77.84361815931113,1,1,0,1,0,1,1,91,93,115,119,2,1,28,1.4000000000000001,24,1.2000000000000002,0,0,119,0.05297394760008794,2.904086298289055,5
Proposed smooth SAC,smooth,1,65,12065,enlarged_delay_only,5,0.25,0.0,0.0,0.0,1.0,1.0,1.0,2.27680658754703,16.046224888813487,1,1,1,0,0,0,0,56,-1,-1,60,1,0,4,0.2,0,0.0,0,0,60,0.05474065820944095,0.38694232939482853,5
Proposed smooth SAC,smooth,1,66,12066,enlarged_delay_only,5,0.25,0.0,0.0,0.0,1.0,1.0,1.0,0.7254567305431476,42.00001141404023,1,1,1,0,0,0,0,38,-1,-1,42,1,0,4,0.2,0,0.0,0,0,42,0.018829753977372517,4.236023559086671,5
Proposed smooth SAC,smooth,1,67,12067,enlarged_delay_only,5,0.25,0.0,0.0,0.0,1.0,1.0,1.0,1.5334421939190404,11.645351299013972,1,1,1,0,0,0,0,47,-1,-1,51,1,0,4,0.2,0,0.0,0,0,51,0.09796627732393427,3.79847566444013,5
Proposed smooth SAC,smooth,1,68,12068,enlarged_delay_only,5,0.25,0.0,0.0,0.0,1.0,1.0,1.0,1.8681160247703945,59.46436457456137,1,1,1,0,0,0,0,50,-1,-1,54,1,0,4,0.2,0,0.0,0,0,54,0.06289697395965253,0.934698154424728,5
Proposed smooth SAC,smooth,1,69,12069,enlarged_delay_only,5,0.25,0.0,0.0,0.0,1.0,1.0,1.0,1.886519728757838,51.09646759594697,1,1,0,1,0,1,1,76,79,93,114,3,2,38,1.9000000000000001,34,1.7000000000000002,0,0,114,0.08642187643756674,4.027947395550933,5
Proposed smooth SAC,smooth,1,70,12070,enlarged_delay_only,5,0.25,0.0,0.0,0.0,1.0,1.0,1.0,1.6986806001597525,76.52323330972095,1,1,1,0,0,0,0,57,-1,-1,61,1,0,4,0.2,0,0.0,0,0,61,0.08186061674373663,4.2302921765993835,5
Proposed smooth SAC,smooth,1,71,12071,enlarged_delay_only,5,0.25,0.0,0.0,0.0,1.0,1.0,1.0,2.6459208153503964,67.50779341665432,1,1,1,0,0,0,0,84,-1,-1,88,1,0,4,0.2,0,0.0,0,0,88,0.06706639455151957,3.7237162557665786,5
Proposed smooth SAC,smooth,1,72,12072,enlarged_delay_only,5,0.25,0.0,0.0,0.0,1.0,1.0,1.0,0.48175087121353316,49.596093601348606,1,1,0,1,0,1,1,25,29,42,59,3,2,34,1.7000000000000002,30,1.5,0,0,59,0.06732579798064803,1.5111236451349033,5
Proposed smooth SAC,smooth,1,73,12073,enlarged_delay_only,5,0.25,0.0,0.0,0.0,1.0,1.0,1.0,1.3565823895626754,84.90849262920553,1,1,1,0,0,0,0,68,-1,-1,72,1,0,4,0.2,0,0.0,0,0,72,0.05152085570026733,2.054718764382354,5
Proposed smooth SAC,smooth,1,74,12074,enlarged_delay_only,5,0.25,0.0,0.0,0.0,1.0,1.0,1.0,2.034268978334935,63.584860606479154,1,1,1,0,0,0,0,59,-1,-1,63,1,0,4,0.2,0,0.0,0,0,63,0.05483042031708622,4.095551754182073,5
Proposed smooth SAC,smooth,1,75,12075,enlarged_delay_only,5,0.25,0.0,0.0,0.0,1.0,1.0,1.0,2.7867133802887056,59.621185717904865,1,1,1,0,0,0,0,122,-1,-1,126,1,0,4,0.2,0,0.0,0,0,126,0.08232663336124703,1.9371095236204932,5
Proposed smooth SAC,smooth,1,76,12076,enlarged_delay_only,5,0.25,0.0,0.0,0.0,1.0,1.0,1.0,1.4672375160200708,30.3721436917542,1,1,1,0,0,0,0,56,-1,-1,60,1,0,4,0.2,0,0.0,0,0,60,0.07687267232956031,3.161476427632285,5
Proposed smooth SAC,smooth,1,77,12077,enlarged_delay_only,5,0.25,0.0,0.0,0.0,1.0,1.0,1.0,1.9775577095396648,51.41426263764932,1,1,1,0,0,0,0,66,-1,-1,70,1,0,4,0.2,0,0.0,0,0,70,0.049343067990401134,2.705605696763539,5
Proposed smooth SAC,smooth,1,78,12078,enlarged_delay_only,5,0.25,0.0,0.0,0.0,1.0,1.0,1.0,2.327760709820301,60.008956047653996,1,1,0,1,0,1,1,77,80,91,95,2,1,18,0.9,14,0.7000000000000001,0,0,95,0.051725675871199195,3.809491052024068,5
Proposed smooth SAC,smooth,1,79,12079,enlarged_delay_only,5,0.25,0.0,0.0,0.0,1.0,1.0,1.0,1.5278991276633485,40.17317828277736,1,1,0,1,0,1,1,62,63,75,79,2,1,17,0.8500000000000001,13,0.65,0,0,79,0.04571509394965987,4.400956832730023,5
Proposed smooth SAC,smooth,1,80,12080,enlarged_delay_only,5,0.25,0.0,0.0,0.0,1.0,1.0,1.0,2.3192768073204557,47.36251928991689,1,1,1,0,0,0,0,66,-1,-1,70,1,0,4,0.2,0,0.0,0,0,70,0.053388582755720504,0.0669298774506012,5
Proposed smooth SAC,smooth,1,81,12081,enlarged_delay_only,5,0.25,0.0,0.0,0.0,1.0,1.0,1.0,2.348060423688873,77.305474384795,1,1,1,0,0,0,0,91,-1,-1,95,1,0,4,0.2,0,0.0,0,0,95,0.04535872114292565,4.853336056272423,5
Proposed smooth SAC,smooth,1,82,12082,enlarged_delay_only,5,0.25,0.0,0.0,0.0,1.0,1.0,1.0,1.657062365864348,55.61082307125895,1,1,1,0,0,0,0,60,-1,-1,64,1,0,4,0.2,0,0.0,0,0,64,0.08214680161290817,0.46707341504633054,5
Proposed smooth SAC,smooth,1,83,12083,enlarged_delay_only,5,0.25,0.0,0.0,0.0,1.0,1.0,1.0,1.7829506075254924,2.609497891508878,1,1,1,0,0,0,0,88,-1,-1,92,1,0,4,0.2,0,0.0,0,0,92,0.08046112569269413,4.842169550753098,5
Proposed smooth SAC,smooth,1,84,12084,enlarged_delay_only,5,0.25,0.0,0.0,0.0,1.0,1.0,1.0,1.6404890956693123,1.3837049720644343,1,1,1,0,0,0,0,58,-1,-1,62,1,0,4,0.2,0,0.0,0,0,62,0.06129962389470682,1.4347433471939433,5
Proposed smooth SAC,smooth,1,85,12085,enlarged_delay_only,5,0.25,0.0,0.0,0.0,1.0,1.0,1.0,2.497746521837666,36.904581010184,1,1,0,1,0,1,1,102,106,117,169,4,3,67,3.35,63,3.1500000000000004,0,0,169,0.0888030293651394,3.420119469801389,5
Proposed smooth SAC,smooth,1,86,12086,enlarged_delay_only,5,0.25,0.0,0.0,0.0,1.0,1.0,1.0,1.8263883792562778,0.33389918702221527,1,1,1,0,0,0,0,65,-1,-1,69,1,0,4,0.2,0,0.0,0,0,69,0.06223829007462348,1.5279930384460712,5
Proposed smooth SAC,smooth,1,87,12087,enlarged_delay_only,5,0.25,0.0,0.0,0.0,1.0,1.0,1.0,2.03592606033529,9.710697655286923,1,1,0,1,0,1,1,56,60,67,71,2,1,15,0.75,11,0.55,0,0,71,0.09870411050460744,1.1993273237928195,5
Proposed smooth SAC,smooth,1,88,12088,enlarged_delay_only,5,0.25,0.0,0.0,0.0,1.0,1.0,1.0,2.799243954274032,20.695729317232512,1,1,1,0,0,0,0,81,-1,-1,85,1,0,4,0.2,0,0.0,0,0,85,0.04653298027709661,1.7740255236949218,5
Proposed smooth SAC,smooth,1,89,12089,enlarged_delay_only,5,0.25,0.0,0.0,0.0,1.0,1.0,1.0,1.9684957245170929,46.29750155301514,1,1,1,0,0,0,0,61,-1,-1,65,1,0,4,0.2,0,0.0,0,0,65,0.059273811784714435,4.270619321006431,5
Proposed smooth SAC,smooth,1,90,12090,enlarged_delay_only,5,0.25,0.0,0.0,0.0,1.0,1.0,1.0,1.911320050192248,50.27198521595098,1,1,1,0,0,0,0,68,-1,-1,72,1,0,4,0.2,0,0.0,0,0,72,0.08478715286606325,3.097051095172963,5
Proposed smooth SAC,smooth,1,91,12091,enlarged_delay_only,5,0.25,0.0,0.0,0.0,1.0,1.0,1.0,2.127844865867529,32.123072930770725,1,1,0,1,0,1,1,62,63,78,98,3,2,36,1.8,32,1.6,0,0,98,0.06507513487045181,2.657599925625516,5
Proposed smooth SAC,smooth,1,92,12092,enlarged_delay_only,5,0.25,0.0,0.0,0.0,1.0,1.0,1.0,2.1800958407414126,47.35001662864118,1,1,0,1,0,1,1,85,89,118,122,2,1,37,1.85,33,1.6500000000000001,0,0,122,0.05162452602327294,3.3405507541785027,5
Proposed smooth SAC,smooth,1,93,12093,enlarged_delay_only,5,0.25,0.0,0.0,0.0,1.0,1.0,1.0,3.259884867767638,59.350430189016386,1,1,0,1,0,1,1,74,77,91,95,2,1,21,1.05,17,0.8500000000000001,0,0,95,0.035228272865161454,2.5045697507147917,5
Proposed smooth SAC,smooth,1,94,12094,enlarged_delay_only,5,0.25,0.0,0.0,0.0,1.0,1.0,1.0,0.7611576363914472,18.846404373032783,1,1,0,1,0,1,1,40,44,60,98,4,3,58,2.9000000000000004,54,2.7,0,0,98,0.035215759765020616,2.6637195616784357,5
Proposed smooth SAC,smooth,1,95,12095,enlarged_delay_only,5,0.25,0.0,0.0,0.0,1.0,1.0,1.0,2.315981959981536,11.583421973809466,1,1,1,0,0,0,0,64,-1,-1,68,1,0,4,0.2,0,0.0,0,0,68,0.09006265521832384,4.862697257416748,5
Proposed smooth SAC,smooth,1,96,12096,enlarged_delay_only,5,0.25,0.0,0.0,0.0,1.0,1.0,1.0,2.6433593115574596,23.402961879678983,1,1,0,1,0,1,1,82,86,99,103,2,1,21,1.05,17,0.8500000000000001,0,0,103,0.06944170320421457,4.45160994250166,5
Proposed smooth SAC,smooth,1,97,12097,enlarged_delay_only,5,0.25,0.0,0.0,0.0,1.0,1.0,1.0,2.517006739513531,35.98333875531102,1,1,1,0,0,0,0,73,-1,-1,77,1,0,4,0.2,0,0.0,0,0,77,0.07635639239863587,3.7144045734937357,5
Proposed smooth SAC,smooth,1,98,12098,enlarged_delay_only,5,0.25,0.0,0.0,0.0,1.0,1.0,1.0,3.120283930411399,82.53858091175118,1,1,1,0,0,0,0,88,-1,-1,92,1,0,4,0.2,0,0.0,0,0,92,0.05876601321323768,3.202122883383031,5
Proposed smooth SAC,smooth,1,99,12099,enlarged_delay_only,5,0.25,0.0,0.0,0.0,1.0,1.0,1.0,0.19539344804534206,10.475630177230514,1,1,1,0,0,0,0,12,-1,-1,16,1,0,4,0.2,0,0.0,0,0,16,0.04082011717018674,1.7339625155096832,5
Proposed smooth SAC,smooth,2,0,12000,enlarged_delay_only,5,0.25,0.0,0.0,0.0,1.0,1.0,1.0,1.4011169590411672,3.680448288035017,1,1,1,0,0,0,0,49,-1,-1,53,1,0,4,0.2,0,0.0,0,0,53,0.0379769471221742,3.5362939439507244,5
Proposed smooth SAC,smooth,2,1,12001,enlarged_delay_only,5,0.25,0.0,0.0,0.0,1.0,1.0,1.0,1.8698938269216967,60.07772922240686,1,1,0,1,0,1,1,49,51,53,57,2,1,8,0.4,4,0.2,0,0,57,0.06372911132122182,0.9707663557191556,5
Proposed smooth SAC,smooth,2,2,12002,enlarged_delay_only,5,0.25,0.0,0.0,0.0,1.0,1.0,1.0,1.5052862077716045,52.14187244464703,1,1,0,1,0,1,1,58,62,73,77,2,1,19,0.9500000000000001,15,0.75,0,0,77,0.07617939873693934,3.907993478913053,5
Proposed smooth SAC,smooth,2,3,12003,enlarged_delay_only,5,0.25,0.0,0.0,0.0,1.0,1.0,1.0,1.11052274394814,63.72168295593285,1,1,1,0,0,0,0,58,-1,-1,62,1,0,4,0.2,0,0.0,0,0,62,0.07388903379975194,2.9151409594607207,5
Proposed smooth SAC,smooth,2,4,12004,enlarged_delay_only,5,0.25,0.0,0.0,0.0,1.0,1.0,1.0,2.0622948587954135,27.609846144219087,1,1,1,0,0,0,0,74,-1,-1,78,1,0,4,0.2,0,0.0,0,0,78,0.06917135284251363,2.748211349589021,5
Proposed smooth SAC,smooth,2,5,12005,enlarged_delay_only,5,0.25,0.0,0.0,0.0,1.0,1.0,1.0,0.7836208893081577,86.33696522241115,1,1,1,0,0,0,0,49,-1,-1,53,1,0,4,0.2,0,0.0,0,0,53,0.01066653235062113,3.440832445346276,5
Proposed smooth SAC,smooth,2,6,12006,enlarged_delay_only,5,0.25,0.0,0.0,0.0,1.0,1.0,1.0,1.4039658384766267,70.50865751906693,1,1,0,1,0,1,1,41,42,69,73,2,1,32,1.6,28,1.4000000000000001,0,0,73,0.09785426762771078,2.2990775331194344,5
Proposed smooth SAC,smooth,2,7,12007,enlarged_delay_only,5,0.25,0.0,0.0,0.0,1.0,1.0,1.0,2.023389540687327,41.417218692919725,1,1,1,0,0,0,0,57,-1,-1,61,1,0,4,0.2,0,0.0,0,0,61,0.08230715623703211,3.3470084845953383,5
Proposed smooth SAC,smooth,2,8,12008,enlarged_delay_only,5,0.25,0.0,0.0,0.0,1.0,1.0,1.0,0.6761041193866284,47.03972454974209,1,1,1,0,0,0,0,27,-1,-1,31,1,0,4,0.2,0,0.0,0,0,31,0.03668577365951664,0.8136592515650214,5
Proposed smooth SAC,smooth,2,9,12009,enlarged_delay_only,5,0.25,0.0,0.0,0.0,1.0,1.0,1.0,0.8365610729382312,17.566701837686487,1,1,1,0,0,0,0,35,-1,-1,39,1,0,4,0.2,0,0.0,0,0,39,0.027440771864861286,1.5850005720233478,5
Proposed smooth SAC,smooth,2,10,12010,enlarged_delay_only,5,0.25,0.0,0.0,0.0,1.0,1.0,1.0,2.0882312594206844,67.10242168941406,1,1,0,1,0,1,1,57,60,76,84,3,2,27,1.35,23,1.1500000000000001,0,0,84,0.07246357463337177,1.296313768851179,5
Proposed smooth SAC,smooth,2,11,12011,enlarged_delay_only,5,0.25,0.0,0.0,0.0,1.0,1.0,1.0,1.0363136503576447,39.13181690606595,1,1,1,0,0,0,0,42,-1,-1,46,1,0,4,0.2,0,0.0,0,0,46,0.052658369576984686,4.525834035099012,5
Proposed smooth SAC,smooth,2,12,12012,enlarged_delay_only,5,0.25,0.0,0.0,0.0,1.0,1.0,1.0,1.0633346171025668,74.10415106043168,1,1,0,1,0,1,1,52,56,66,70,2,1,18,0.9,14,0.7000000000000001,0,0,70,0.07346170322652194,1.4507089143788479,5
Proposed smooth SAC,smooth,2,13,12013,enlarged_delay_only,5,0.25,0.0,0.0,0.0,1.0,1.0,1.0,2.9321695975105375,64.82631579002067,1,1,1,0,0,0,0,70,-1,-1,74,1,0,4,0.2,0,0.0,0,0,74,0.04653869536247569,3.2670895083340765,5
Proposed smooth SAC,smooth,2,14,12014,enlarged_delay_only,5,0.25,0.0,0.0,0.0,1.0,1.0,1.0,1.5727126782681156,69.85363554747353,1,1,1,0,0,0,0,61,-1,-1,65,1,0,4,0.2,0,0.0,0,0,65,0.08104390675372321,0.6151878814670554,5
Proposed smooth SAC,smooth,2,15,12015,enlarged_delay_only,5,0.25,0.0,0.0,0.0,1.0,1.0,1.0,1.7941221940119125,66.18821452938619,1,1,1,0,0,0,0,47,-1,-1,51,1,0,4,0.2,0,0.0,0,0,51,0.07428026162712707,1.066300211640124,5
Proposed smooth SAC,smooth,2,16,12016,enlarged_delay_only,5,0.25,0.0,0.0,0.0,1.0,1.0,1.0,2.0956191639967527,80.76412508613855,1,1,1,0,0,0,0,75,-1,-1,79,1,0,4,0.2,0,0.0,0,0,79,0.06044694401826717,3.771506662502335,5
Proposed smooth SAC,smooth,2,17,12017,enlarged_delay_only,5,0.25,0.0,0.0,0.0,1.0,1.0,1.0,2.3497476747776798,68.42664510531779,1,1,1,0,0,0,0,53,-1,-1,57,1,0,4,0.2,0,0.0,0,0,57,0.040030241297651724,4.278528680065306,5
Proposed smooth SAC,smooth,2,18,12018,enlarged_delay_only,5,0.25,0.0,0.0,0.0,1.0,1.0,1.0,1.3063656328926654,58.185179426044705,1,1,1,0,0,0,0,64,-1,-1,68,1,0,4,0.2,0,0.0,0,0,68,0.0662258597495207,3.9748998775883826,5
Proposed smooth SAC,smooth,2,19,12019,enlarged_delay_only,5,0.25,0.0,0.0,0.0,1.0,1.0,1.0,1.569053725441394,46.92282244700273,1,1,1,0,0,0,0,65,-1,-1,69,1,0,4,0.2,0,0.0,0,0,69,0.0592926196263737,3.702755685864279,5
Proposed smooth SAC,smooth,2,20,12020,enlarged_delay_only,5,0.25,0.0,0.0,0.0,1.0,1.0,1.0,2.8509785660679805,57.54032760612546,1,1,1,0,0,0,0,80,-1,-1,84,1,0,4,0.2,0,0.0,0,0,84,0.035976897086256655,3.506368750762783,5
Proposed smooth SAC,smooth,2,21,12021,enlarged_delay_only,5,0.25,0.0,0.0,0.0,1.0,1.0,1.0,1.721321109839246,84.23015922197487,1,1,0,1,0,1,1,58,61,73,91,3,2,33,1.6500000000000001,29,1.4500000000000002,0,0,91,0.06574220506970183,2.43071982441791,5
Proposed smooth SAC,smooth,2,22,12022,enlarged_delay_only,5,0.25,0.0,0.0,0.0,1.0,1.0,1.0,2.0714459852992766,7.241713190147896,1,1,1,0,0,0,0,65,-1,-1,69,1,0,4,0.2,0,0.0,0,0,69,0.08265291891964716,2.5181816774003924,5
Proposed smooth SAC,smooth,2,23,12023,enlarged_delay_only,5,0.25,0.0,0.0,0.0,1.0,1.0,1.0,1.96706721911142,29.687929491648173,1,1,0,1,0,1,1,57,59,69,73,2,1,16,0.8,12,0.6000000000000001,0,0,73,0.07318906274857687,0.8856766594519301,5
Proposed smooth SAC,smooth,2,24,12024,enlarged_delay_only,5,0.25,0.0,0.0,0.0,1.0,1.0,1.0,2.3296647946987346,59.32330750782227,1,1,0,1,0,1,1,64,65,75,79,2,1,15,0.75,11,0.55,0,0,79,0.062162758136605316,1.2743112749353351,5
Proposed smooth SAC,smooth,2,25,12025,enlarged_delay_only,5,0.25,0.0,0.0,0.0,1.0,1.0,1.0,1.7406706115734212,29.68845883130885,1,1,1,0,0,0,0,71,-1,-1,75,1,0,4,0.2,0,0.0,0,0,75,0.073045192256143,3.2826232794973897,5
Proposed smooth SAC,smooth,2,26,12026,enlarged_delay_only,5,0.25,0.0,0.0,0.0,1.0,1.0,1.0,1.2890960116783232,58.822470226552745,1,1,0,1,0,1,1,43,46,50,54,2,1,11,0.55,7,0.35000000000000003,0,0,54,0.09111948117277827,0.10535570796808635,5
Proposed smooth SAC,smooth,2,27,12027,enlarged_delay_only,5,0.25,0.0,0.0,0.0,1.0,1.0,1.0,1.679512651290201,27.36887877784833,1,1,1,0,0,0,0,50,-1,-1,54,1,0,4,0.2,0,0.0,0,0,54,0.04441461656839491,3.1112222435968584,5
Proposed smooth SAC,smooth,2,28,12028,enlarged_delay_only,5,0.25,0.0,0.0,0.0,1.0,1.0,1.0,2.161397968359572,63.816718208044406,1,1,1,0,0,0,0,63,-1,-1,67,1,0,4,0.2,0,0.0,0,0,67,0.03527075241701278,0.33756224949060487,5
Proposed smooth SAC,smooth,2,29,12029,enlarged_delay_only,5,0.25,0.0,0.0,0.0,1.0,1.0,1.0,1.4273638277059564,34.274883047648224,1,1,1,0,0,0,0,59,-1,-1,63,1,0,4,0.2,0,0.0,0,0,63,0.04425682508890812,4.350249935218671,5
Proposed smooth SAC,smooth,2,30,12030,enlarged_delay_only,5,0.25,0.0,0.0,0.0,1.0,1.0,1.0,1.7462896683471236,26.955215200955678,1,1,1,0,0,0,0,50,-1,-1,54,1,0,4,0.2,0,0.0,0,0,54,0.061696733549581724,1.183844992491693,5
Proposed smooth SAC,smooth,2,31,12031,enlarged_delay_only,5,0.25,0.0,0.0,0.0,1.0,1.0,1.0,0.831092090571535,57.81877392801937,1,1,0,1,0,1,1,31,32,54,58,2,1,27,1.35,23,1.1500000000000001,0,0,58,0.06717370767656025,1.9221966593414166,5
Proposed smooth SAC,smooth,2,32,12032,enlarged_delay_only,5,0.25,0.0,0.0,0.0,1.0,1.0,1.0,2.3622064651248813,65.6166711298287,1,1,0,1,0,1,1,83,87,100,104,2,1,21,1.05,17,0.8500000000000001,0,0,104,0.08902058996479598,1.2297254008590786,5
Proposed smooth SAC,smooth,2,33,12033,enlarged_delay_only,5,0.25,0.0,0.0,0.0,1.0,1.0,1.0,0.7030471412582213,16.83992189867294,1,1,1,0,0,0,0,36,-1,-1,40,1,0,4,0.2,0,0.0,0,0,40,0.08983161935402743,2.657358094240215,5
Proposed smooth SAC,smooth,2,34,12034,enlarged_delay_only,5,0.25,0.0,0.0,0.0,1.0,1.0,1.0,2.282842407805926,24.938362791888462,1,1,1,0,0,0,0,88,-1,-1,92,1,0,4,0.2,0,0.0,0,0,92,0.03789524155622525,3.910307632381218,5
Proposed smooth SAC,smooth,2,35,12035,enlarged_delay_only,5,0.25,0.0,0.0,0.0,1.0,1.0,1.0,2.371908074838775,71.96116554796184,1,1,1,0,0,0,0,84,-1,-1,88,1,0,4,0.2,0,0.0,0,0,88,0.03841112771195199,1.9003899997556815,5
Proposed smooth SAC,smooth,2,36,12036,enlarged_delay_only,5,0.25,0.0,0.0,0.0,1.0,1.0,1.0,0.8829462334714887,87.90779944848737,1,1,1,0,0,0,0,50,-1,-1,54,1,0,4,0.2,0,0.0,0,0,54,0.04159539170180094,0.08937665382761342,5
Proposed smooth SAC,smooth,2,37,12037,enlarged_delay_only,5,0.25,0.0,0.0,0.0,1.0,1.0,1.0,0.817844285721509,43.45796651879823,1,1,1,0,0,0,0,48,-1,-1,52,1,0,4,0.2,0,0.0,0,0,52,0.06497630546948495,3.891052902224129,5
Proposed smooth SAC,smooth,2,38,12038,enlarged_delay_only,5,0.25,0.0,0.0,0.0,1.0,1.0,1.0,1.5743284929286714,57.88825061225674,1,1,1,0,0,0,0,55,-1,-1,59,1,0,4,0.2,0,0.0,0,0,59,0.034605157807594544,0.6054270075345782,5
Proposed smooth SAC,smooth,2,39,12039,enlarged_delay_only,5,0.25,0.0,0.0,0.0,1.0,1.0,1.0,0.8994689163493125,9.298986658723248,1,1,0,1,0,1,1,45,48,59,63,2,1,18,0.9,14,0.7000000000000001,0,0,63,0.07727981387361728,2.179279216728584,5
Proposed smooth SAC,smooth,2,40,12040,enlarged_delay_only,5,0.25,0.0,0.0,0.0,1.0,1.0,1.0,1.8657719186487738,68.44804408798744,1,1,1,0,0,0,0,62,-1,-1,66,1,0,4,0.2,0,0.0,0,0,66,0.03616531159508529,3.306805991140643,5
Proposed smooth SAC,smooth,2,41,12041,enlarged_delay_only,5,0.25,0.0,0.0,0.0,1.0,1.0,1.0,2.1801507199074694,36.011752342258276,1,1,1,0,0,0,0,53,-1,-1,57,1,0,4,0.2,0,0.0,0,0,57,0.08493183579717507,0.26617481983292407,5
Proposed smooth SAC,smooth,2,42,12042,enlarged_delay_only,5,0.25,0.0,0.0,0.0,1.0,1.0,1.0,2.890509486387824,8.39370570216694,1,1,0,1,0,1,1,80,81,90,94,2,1,14,0.7000000000000001,10,0.5,0,0,94,0.07523697256206807,1.829135758786816,5
Proposed smooth SAC,smooth,2,43,12043,enlarged_delay_only,5,0.25,0.0,0.0,0.0,1.0,1.0,1.0,1.4295379479494126,86.66219834011966,1,1,0,1,0,1,1,63,67,76,94,3,2,31,1.55,27,1.35,0,0,94,0.08771039918759661,1.4745580139698284,5
Proposed smooth SAC,smooth,2,44,12044,enlarged_delay_only,5,0.25,0.0,0.0,0.0,1.0,1.0,1.0,1.4633774253790757,25.79388667411487,1,1,1,0,0,0,0,59,-1,-1,63,1,0,4,0.2,0,0.0,0,0,63,0.021632066011768605,3.538859320314299,5
Proposed smooth SAC,smooth,2,45,12045,enlarged_delay_only,5,0.25,0.0,0.0,0.0,1.0,1.0,1.0,2.7817081294799144,45.277112272150255,1,1,1,0,0,0,0,64,-1,-1,68,1,0,4,0.2,0,0.0,0,0,68,0.06772512298697649,1.3442534792533234,5
Proposed smooth SAC,smooth,2,46,12046,enlarged_delay_only,5,0.25,0.0,0.0,0.0,1.0,1.0,1.0,2.448255495287487,6.5296484668143195,1,1,1,0,0,0,0,62,-1,-1,66,1,0,4,0.2,0,0.0,0,0,66,0.08314653471374148,2.5410256719663233,5
Proposed smooth SAC,smooth,2,47,12047,enlarged_delay_only,5,0.25,0.0,0.0,0.0,1.0,1.0,1.0,2.0375889749407565,48.300679923363994,1,1,1,0,0,0,0,67,-1,-1,71,1,0,4,0.2,0,0.0,0,0,71,0.09067455865396239,3.1963620457049484,5
Proposed smooth SAC,smooth,2,48,12048,enlarged_delay_only,5,0.25,0.0,0.0,0.0,1.0,1.0,1.0,1.595910055499794,38.132652438046875,1,1,1,0,0,0,0,50,-1,-1,54,1,0,4,0.2,0,0.0,0,0,54,0.08731203406974612,1.057955321299955,5
Proposed smooth SAC,smooth,2,49,12049,enlarged_delay_only,5,0.25,0.0,0.0,0.0,1.0,1.0,1.0,1.5300451933387877,9.115019782297185,1,1,0,1,0,1,1,44,48,72,76,2,1,32,1.6,28,1.4000000000000001,0,0,76,0.06546371530289757,2.4783522830291096,5
Proposed smooth SAC,smooth,2,50,12050,enlarged_delay_only,5,0.25,0.0,0.0,0.0,1.0,1.0,1.0,2.262693545269486,73.02772690761601,1,1,0,1,0,1,1,58,61,75,79,2,1,21,1.05,17,0.8500000000000001,0,0,79,0.0845186300301085,3.586497755341022,5
Proposed smooth SAC,smooth,2,51,12051,enlarged_delay_only,5,0.25,0.0,0.0,0.0,1.0,1.0,1.0,1.6263518811985,35.99433194478016,1,1,1,0,0,0,0,47,-1,-1,51,1,0,4,0.2,0,0.0,0,0,51,0.0502751808461463,0.2798727375329582,5
Proposed smooth SAC,smooth,2,52,12052,enlarged_delay_only,5,0.25,0.0,0.0,0.0,1.0,1.0,1.0,0.7048587995105587,83.91519870877808,1,1,1,0,0,0,0,49,-1,-1,53,1,0,4,0.2,0,0.0,0,0,53,0.09491706020662456,1.9029677558371265,5
Proposed smooth SAC,smooth,2,53,12053,enlarged_delay_only,5,0.25,0.0,0.0,0.0,1.0,1.0,1.0,1.470188620244381,45.138920469767974,1,1,1,0,0,0,0,71,-1,-1,75,1,0,4,0.2,0,0.0,0,0,75,0.043494216534211046,3.0909464001588525,5
Proposed smooth SAC,smooth,2,54,12054,enlarged_delay_only,5,0.25,0.0,0.0,0.0,1.0,1.0,1.0,2.2790002868522827,82.51781713667434,1,1,1,0,0,0,0,82,-1,-1,86,1,0,4,0.2,0,0.0,0,0,86,0.08572582229037319,0.7243854774617813,5
Proposed smooth SAC,smooth,2,55,12055,enlarged_delay_only,5,0.25,0.0,0.0,0.0,1.0,1.0,1.0,2.8850994760210127,23.46271066699096,1,1,1,0,0,0,0,65,-1,-1,69,1,0,4,0.2,0,0.0,0,0,69,0.07093518101285759,3.9654976953090366,5
Proposed smooth SAC,smooth,2,56,12056,enlarged_delay_only,5,0.25,0.0,0.0,0.0,1.0,1.0,1.0,1.826905546699788,11.925707512554547,1,1,1,0,0,0,0,51,-1,-1,55,1,0,4,0.2,0,0.0,0,0,55,0.07711973578191145,1.0763928833558756,5
Proposed smooth SAC,smooth,2,57,12057,enlarged_delay_only,5,0.25,0.0,0.0,0.0,1.0,1.0,1.0,1.7691751722646727,27.276807827836556,1,1,1,0,0,0,0,45,-1,-1,49,1,0,4,0.2,0,0.0,0,0,49,0.05376928846018941,1.5197011887936756,5
Proposed smooth SAC,smooth,2,58,12058,enlarged_delay_only,5,0.25,0.0,0.0,0.0,1.0,1.0,1.0,2.3268545695420997,62.93145738971906,1,1,1,0,0,0,0,76,-1,-1,80,1,0,4,0.2,0,0.0,0,0,80,0.0285228671480814,4.0451552033911335,5
Proposed smooth SAC,smooth,2,59,12059,enlarged_delay_only,5,0.25,0.0,0.0,0.0,1.0,1.0,1.0,2.1903482121613216,54.840688506488746,1,1,0,1,0,1,1,68,71,83,87,2,1,19,0.9500000000000001,15,0.75,0,0,87,0.04317593422595734,2.9159618628215918,5
Proposed smooth SAC,smooth,2,60,12060,enlarged_delay_only,5,0.25,0.0,0.0,0.0,1.0,1.0,1.0,1.0973360553047116,33.91806713521758,1,1,0,1,0,1,1,44,47,52,56,2,1,12,0.6000000000000001,8,0.4,0,0,56,0.0815465557554072,0.10584201877101258,5
Proposed smooth SAC,smooth,2,61,12061,enlarged_delay_only,5,0.25,0.0,0.0,0.0,1.0,1.0,1.0,1.936928029361262,42.58082679539602,1,1,1,0,0,0,0,51,-1,-1,55,1,0,4,0.2,0,0.0,0,0,55,0.08172585010562977,3.232255757010423,5
Proposed smooth SAC,smooth,2,62,12062,enlarged_delay_only,5,0.25,0.0,0.0,0.0,1.0,1.0,1.0,1.8981880108378766,55.958209907540386,1,1,1,0,0,0,0,75,-1,-1,79,1,0,4,0.2,0,0.0,0,0,79,0.05087857808920205,1.4877128515895672,5
Proposed smooth SAC,smooth,2,63,12063,enlarged_delay_only,5,0.25,0.0,0.0,0.0,1.0,1.0,1.0,1.3410819077846639,71.65242733709893,1,1,1,0,0,0,0,68,-1,-1,72,1,0,4,0.2,0,0.0,0,0,72,0.0815912682390662,2.488413792006773,5
Proposed smooth SAC,smooth,2,64,12064,enlarged_delay_only,5,0.25,0.0,0.0,0.0,1.0,1.0,1.0,3.236122857778983,77.84361815931113,1,1,0,1,0,1,1,90,94,107,111,2,1,21,1.05,17,0.8500000000000001,0,0,111,0.08690563340237768,3.7605518928472805,5
Proposed smooth SAC,smooth,2,65,12065,enlarged_delay_only,5,0.25,0.0,0.0,0.0,1.0,1.0,1.0,2.27680658754703,16.046224888813487,1,1,1,0,0,0,0,78,-1,-1,82,1,0,4,0.2,0,0.0,0,0,82,0.06266514651847906,2.4284626603406325,5
Proposed smooth SAC,smooth,2,66,12066,enlarged_delay_only,5,0.25,0.0,0.0,0.0,1.0,1.0,1.0,0.7254567305431476,42.00001141404023,1,1,1,0,0,0,0,28,-1,-1,32,1,0,4,0.2,0,0.0,0,0,32,0.08855478164089593,2.0957635055390766,5
Proposed smooth SAC,smooth,2,67,12067,enlarged_delay_only,5,0.25,0.0,0.0,0.0,1.0,1.0,1.0,1.5334421939190404,11.645351299013972,1,1,1,0,0,0,0,50,-1,-1,54,1,0,4,0.2,0,0.0,0,0,54,0.029903913698130093,3.095727746021273,5
Proposed smooth SAC,smooth,2,68,12068,enlarged_delay_only,5,0.25,0.0,0.0,0.0,1.0,1.0,1.0,1.8681160247703945,59.46436457456137,1,1,1,0,0,0,0,63,-1,-1,67,1,0,4,0.2,0,0.0,0,0,67,0.060027553896682476,3.2526485674379657,5
Proposed smooth SAC,smooth,2,69,12069,enlarged_delay_only,5,0.25,0.0,0.0,0.0,1.0,1.0,1.0,1.886519728757838,51.09646759594697,1,1,1,0,0,0,0,67,-1,-1,71,1,0,4,0.2,0,0.0,0,0,71,0.06061413353499185,4.131165214288165,5
Proposed smooth SAC,smooth,2,70,12070,enlarged_delay_only,5,0.25,0.0,0.0,0.0,1.0,1.0,1.0,1.6986806001597525,76.52323330972095,1,1,0,1,0,1,1,46,49,57,61,2,1,15,0.75,11,0.55,0,0,61,0.09811716990241504,1.8877323785631785,5
Proposed smooth SAC,smooth,2,71,12071,enlarged_delay_only,5,0.25,0.0,0.0,0.0,1.0,1.0,1.0,2.6459208153503964,67.50779341665432,1,1,1,0,0,0,0,82,-1,-1,86,1,0,4,0.2,0,0.0,0,0,86,0.03357243261106632,0.5614348796684367,5
Proposed smooth SAC,smooth,2,72,12072,enlarged_delay_only,5,0.25,0.0,0.0,0.0,1.0,1.0,1.0,0.48175087121353316,49.596093601348606,1,1,1,0,0,0,0,25,-1,-1,29,1,0,4,0.2,0,0.0,0,0,29,0.03687971414814526,3.8231480152695085,5
Proposed smooth SAC,smooth,2,73,12073,enlarged_delay_only,5,0.25,0.0,0.0,0.0,1.0,1.0,1.0,1.3565823895626754,84.90849262920553,1,1,0,1,0,1,1,42,46,59,89,4,3,47,2.35,43,2.15,0,0,89,0.07177091522907317,1.899633342861691,5
Proposed smooth SAC,smooth,2,74,12074,enlarged_delay_only,5,0.25,0.0,0.0,0.0,1.0,1.0,1.0,2.034268978334935,63.584860606479154,1,1,1,0,0,0,0,56,-1,-1,60,1,0,4,0.2,0,0.0,0,0,60,0.0746052343670666,3.8793203447773394,5
Proposed smooth SAC,smooth,2,75,12075,enlarged_delay_only,5,0.25,0.0,0.0,0.0,1.0,1.0,1.0,2.7867133802887056,59.621185717904865,1,1,1,0,0,0,0,93,-1,-1,97,1,0,4,0.2,0,0.0,0,0,97,0.07127818546083729,4.583586272739232,5
Proposed smooth SAC,smooth,2,76,12076,enlarged_delay_only,5,0.25,0.0,0.0,0.0,1.0,1.0,1.0,1.4672375160200708,30.3721436917542,1,1,1,0,0,0,0,57,-1,-1,61,1,0,4,0.2,0,0.0,0,0,61,0.09559738865509468,2.087218725443979,5
Proposed smooth SAC,smooth,2,77,12077,enlarged_delay_only,5,0.25,0.0,0.0,0.0,1.0,1.0,1.0,1.9775577095396648,51.41426263764932,1,1,1,0,0,0,0,55,-1,-1,59,1,0,4,0.2,0,0.0,0,0,59,0.05197605876554568,4.131519957238183,5
Proposed smooth SAC,smooth,2,78,12078,enlarged_delay_only,5,0.25,0.0,0.0,0.0,1.0,1.0,1.0,2.327760709820301,60.008956047653996,1,1,1,0,0,0,0,67,-1,-1,71,1,0,4,0.2,0,0.0,0,0,71,0.09368070571046415,2.1341837465072215,5
Proposed smooth SAC,smooth,2,79,12079,enlarged_delay_only,5,0.25,0.0,0.0,0.0,1.0,1.0,1.0,1.5278991276633485,40.17317828277736,1,1,1,0,0,0,0,60,-1,-1,64,1,0,4,0.2,0,0.0,0,0,64,0.024852737239312698,1.9278659297959386,5
Proposed smooth SAC,smooth,2,80,12080,enlarged_delay_only,5,0.25,0.0,0.0,0.0,1.0,1.0,1.0,2.3192768073204557,47.36251928991689,1,1,1,0,0,0,0,106,-1,-1,110,1,0,4,0.2,0,0.0,0,0,110,0.054440952982370276,4.229633063344477,5
Proposed smooth SAC,smooth,2,81,12081,enlarged_delay_only,5,0.25,0.0,0.0,0.0,1.0,1.0,1.0,2.348060423688873,77.305474384795,1,1,1,0,0,0,0,75,-1,-1,79,1,0,4,0.2,0,0.0,0,0,79,0.05605989469709799,2.4497312290858173,5
Proposed smooth SAC,smooth,2,82,12082,enlarged_delay_only,5,0.25,0.0,0.0,0.0,1.0,1.0,1.0,1.657062365864348,55.61082307125895,1,1,0,1,0,1,1,52,53,61,65,2,1,13,0.65,9,0.45,0,0,65,0.04167662382314465,1.7198925392628683,5
Proposed smooth SAC,smooth,2,83,12083,enlarged_delay_only,5,0.25,0.0,0.0,0.0,1.0,1.0,1.0,1.7829506075254924,2.609497891508878,1,1,0,1,0,1,1,56,57,61,72,3,2,16,0.8,12,0.6000000000000001,0,0,72,0.08456485395389544,1.035524659900516,5
Proposed smooth SAC,smooth,2,84,12084,enlarged_delay_only,5,0.25,0.0,0.0,0.0,1.0,1.0,1.0,1.6404890956693123,1.3837049720644343,1,1,0,1,0,1,1,61,64,75,79,2,1,18,0.9,14,0.7000000000000001,0,0,79,0.07584471320247099,0.8990016648315373,5
Proposed smooth SAC,smooth,2,85,12085,enlarged_delay_only,5,0.25,0.0,0.0,0.0,1.0,1.0,1.0,2.497746521837666,36.904581010184,1,1,1,0,0,0,0,58,-1,-1,62,1,0,4,0.2,0,0.0,0,0,62,0.06219357991415942,2.9503239042056912,5
Proposed smooth SAC,smooth,2,86,12086,enlarged_delay_only,5,0.25,0.0,0.0,0.0,1.0,1.0,1.0,1.8263883792562778,0.33389918702221527,1,1,1,0,0,0,0,58,-1,-1,62,1,0,4,0.2,0,0.0,0,0,62,0.07262412433034392,3.045471427551731,5
Proposed smooth SAC,smooth,2,87,12087,enlarged_delay_only,5,0.25,0.0,0.0,0.0,1.0,1.0,1.0,2.03592606033529,9.710697655286923,1,1,0,1,0,1,1,77,81,93,97,2,1,20,1.0,16,0.8,0,0,97,0.08146067479667768,3.5151730780463413,5
Proposed smooth SAC,smooth,2,88,12088,enlarged_delay_only,5,0.25,0.0,0.0,0.0,1.0,1.0,1.0,2.799243954274032,20.695729317232512,1,1,0,1,0,1,1,57,61,72,76,2,1,19,0.9500000000000001,15,0.75,0,0,76,0.06526499400842029,3.7458511913192973,5
Proposed smooth SAC,smooth,2,89,12089,enlarged_delay_only,5,0.25,0.0,0.0,0.0,1.0,1.0,1.0,1.9684957245170929,46.29750155301514,1,1,0,1,0,1,1,61,62,76,80,2,1,19,0.9500000000000001,15,0.75,0,0,80,0.07645829516453936,4.150949284105931,5
Proposed smooth SAC,smooth,2,90,12090,enlarged_delay_only,5,0.25,0.0,0.0,0.0,1.0,1.0,1.0,1.911320050192248,50.27198521595098,1,1,0,1,0,1,1,62,66,68,72,2,1,10,0.5,6,0.30000000000000004,0,0,72,0.06593694209679221,1.3554705708611885,5
Proposed smooth SAC,smooth,2,91,12091,enlarged_delay_only,5,0.25,0.0,0.0,0.0,1.0,1.0,1.0,2.127844865867529,32.123072930770725,1,1,1,0,0,0,0,68,-1,-1,72,1,0,4,0.2,0,0.0,0,0,72,0.06302049432064318,3.0787589948020226,5
Proposed smooth SAC,smooth,2,92,12092,enlarged_delay_only,5,0.25,0.0,0.0,0.0,1.0,1.0,1.0,2.1800958407414126,47.35001662864118,1,1,1,0,0,0,0,62,-1,-1,66,1,0,4,0.2,0,0.0,0,0,66,0.08396572725947113,4.671156981861611,5
Proposed smooth SAC,smooth,2,93,12093,enlarged_delay_only,5,0.25,0.0,0.0,0.0,1.0,1.0,1.0,3.259884867767638,59.350430189016386,1,1,1,0,0,0,0,85,-1,-1,89,1,0,4,0.2,0,0.0,0,0,89,0.060282968211604775,4.736902248378039,5
Proposed smooth SAC,smooth,2,94,12094,enlarged_delay_only,5,0.25,0.0,0.0,0.0,1.0,1.0,1.0,0.7611576363914472,18.846404373032783,1,1,1,0,0,0,0,26,-1,-1,30,1,0,4,0.2,0,0.0,0,0,30,0.08978594686237744,2.107651236346072,5
Proposed smooth SAC,smooth,2,95,12095,enlarged_delay_only,5,0.25,0.0,0.0,0.0,1.0,1.0,1.0,2.315981959981536,11.583421973809466,1,1,1,0,0,0,0,74,-1,-1,78,1,0,4,0.2,0,0.0,0,0,78,0.09775369270769911,3.0385763515846027,5
Proposed smooth SAC,smooth,2,96,12096,enlarged_delay_only,5,0.25,0.0,0.0,0.0,1.0,1.0,1.0,2.6433593115574596,23.402961879678983,1,1,0,1,0,1,1,61,63,69,73,2,1,12,0.6000000000000001,8,0.4,0,0,73,0.07226915187394402,1.5128989607105776,5
Proposed smooth SAC,smooth,2,97,12097,enlarged_delay_only,5,0.25,0.0,0.0,0.0,1.0,1.0,1.0,2.517006739513531,35.98333875531102,1,1,1,0,0,0,0,69,-1,-1,73,1,0,4,0.2,0,0.0,0,0,73,0.081676344068415,2.263509323016593,5
Proposed smooth SAC,smooth,2,98,12098,enlarged_delay_only,5,0.25,0.0,0.0,0.0,1.0,1.0,1.0,3.120283930411399,82.53858091175118,1,1,1,0,0,0,0,73,-1,-1,77,1,0,4,0.2,0,0.0,0,0,77,0.05533200149524228,3.5312940320348636,5
Proposed smooth SAC,smooth,2,99,12099,enlarged_delay_only,5,0.25,0.0,0.0,0.0,1.0,1.0,1.0,0.19539344804534206,10.475630177230514,1,1,0,1,0,1,1,13,17,24,28,2,1,15,0.75,11,0.55,0,0,28,0.02834979063958037,0.9354854404482779,5
Proposed smooth SAC,smooth,3,0,12000,enlarged_delay_only,5,0.25,0.0,0.0,0.0,1.0,1.0,1.0,1.4011169590411672,3.680448288035017,1,1,0,1,0,1,1,48,49,61,65,2,1,17,0.8500000000000001,13,0.65,0,0,65,0.023546253934485305,2.0133988946681276,5
Proposed smooth SAC,smooth,3,1,12001,enlarged_delay_only,5,0.25,0.0,0.0,0.0,1.0,1.0,1.0,1.8698938269216967,60.07772922240686,1,1,0,1,0,1,1,80,84,96,116,4,3,36,1.8,32,1.6,0,0,116,0.07362888827740961,2.11908582679032,5
Proposed smooth SAC,smooth,3,2,12002,enlarged_delay_only,5,0.25,0.0,0.0,0.0,1.0,1.0,1.0,1.5052862077716045,52.14187244464703,1,1,1,0,0,0,0,57,-1,-1,61,1,0,4,0.2,0,0.0,0,0,61,0.08709501778391586,3.7810518518674274,5
Proposed smooth SAC,smooth,3,3,12003,enlarged_delay_only,5,0.25,0.0,0.0,0.0,1.0,1.0,1.0,1.11052274394814,63.72168295593285,1,1,0,1,0,1,1,34,38,73,77,2,1,43,2.15,39,1.9500000000000002,0,0,77,0.09179969070060802,2.60642942902425,5
Proposed smooth SAC,smooth,3,4,12004,enlarged_delay_only,5,0.25,0.0,0.0,0.0,1.0,1.0,1.0,2.0622948587954135,27.609846144219087,1,1,0,1,0,1,1,67,69,83,87,2,1,20,1.0,16,0.8,0,0,87,0.09758548441603071,1.2421912431462923,5
Proposed smooth SAC,smooth,3,5,12005,enlarged_delay_only,5,0.25,0.0,0.0,0.0,1.0,1.0,1.0,0.7836208893081577,86.33696522241115,1,1,1,0,0,0,0,55,-1,-1,59,1,0,4,0.2,0,0.0,0,0,59,0.03879597082468196,3.651317958111736,5
Proposed smooth SAC,smooth,3,6,12006,enlarged_delay_only,5,0.25,0.0,0.0,0.0,1.0,1.0,1.0,1.4039658384766267,70.50865751906693,1,1,0,1,0,1,1,43,44,51,55,2,1,12,0.6000000000000001,8,0.4,0,0,55,0.08789024110124712,1.3444001148770672,5
Proposed smooth SAC,smooth,3,7,12007,enlarged_delay_only,5,0.25,0.0,0.0,0.0,1.0,1.0,1.0,2.023389540687327,41.417218692919725,1,1,0,1,0,1,1,50,53,64,68,2,1,18,0.9,14,0.7000000000000001,0,0,68,0.020875287454600353,3.901162435969394,5
Proposed smooth SAC,smooth,3,8,12008,enlarged_delay_only,5,0.25,0.0,0.0,0.0,1.0,1.0,1.0,0.6761041193866284,47.03972454974209,1,1,1,0,0,0,0,26,-1,-1,30,1,0,4,0.2,0,0.0,0,0,30,0.06907874002127352,1.9393513197721384,5
Proposed smooth SAC,smooth,3,9,12009,enlarged_delay_only,5,0.25,0.0,0.0,0.0,1.0,1.0,1.0,0.8365610729382312,17.566701837686487,1,1,1,0,0,0,0,33,-1,-1,37,1,0,4,0.2,0,0.0,0,0,37,0.040834603978282515,4.319573421222028,5
Proposed smooth SAC,smooth,3,10,12010,enlarged_delay_only,5,0.25,0.0,0.0,0.0,1.0,1.0,1.0,2.0882312594206844,67.10242168941406,1,1,1,0,0,0,0,85,-1,-1,89,1,0,4,0.2,0,0.0,0,0,89,0.040146990768462086,0.040985180439736285,5
Proposed smooth SAC,smooth,3,11,12011,enlarged_delay_only,5,0.25,0.0,0.0,0.0,1.0,1.0,1.0,1.0363136503576447,39.13181690606595,1,1,0,1,0,1,1,36,38,54,58,2,1,22,1.1,18,0.9,0,0,58,0.05975837080744007,0.6198701362256578,5
Proposed smooth SAC,smooth,3,12,12012,enlarged_delay_only,5,0.25,0.0,0.0,0.0,1.0,1.0,1.0,1.0633346171025668,74.10415106043168,1,1,0,1,0,1,1,54,56,63,67,2,1,13,0.65,9,0.45,0,0,67,0.09249913048948986,1.4248563282052324,5
Proposed smooth SAC,smooth,3,13,12013,enlarged_delay_only,5,0.25,0.0,0.0,0.0,1.0,1.0,1.0,2.9321695975105375,64.82631579002067,1,1,1,0,0,0,0,83,-1,-1,87,1,0,4,0.2,0,0.0,0,0,87,0.08513997031527344,2.2273904289119195,5
Proposed smooth SAC,smooth,3,14,12014,enlarged_delay_only,5,0.25,0.0,0.0,0.0,1.0,1.0,1.0,1.5727126782681156,69.85363554747353,1,1,1,0,0,0,0,63,-1,-1,67,1,0,4,0.2,0,0.0,0,0,67,0.08198585158579348,3.401714457865732,5
Proposed smooth SAC,smooth,3,15,12015,enlarged_delay_only,5,0.25,0.0,0.0,0.0,1.0,1.0,1.0,1.7941221940119125,66.18821452938619,1,1,1,0,0,0,0,70,-1,-1,74,1,0,4,0.2,0,0.0,0,0,74,0.056487848751727486,3.6110181344613683,5
Proposed smooth SAC,smooth,3,16,12016,enlarged_delay_only,5,0.25,0.0,0.0,0.0,1.0,1.0,1.0,2.0956191639967527,80.76412508613855,1,1,0,1,0,1,1,85,89,97,101,2,1,16,0.8,12,0.6000000000000001,0,0,101,0.06373526774950102,2.7927872985466395,5
Proposed smooth SAC,smooth,3,17,12017,enlarged_delay_only,5,0.25,0.0,0.0,0.0,1.0,1.0,1.0,2.3497476747776798,68.42664510531779,1,1,0,1,0,1,1,59,63,76,80,2,1,21,1.05,17,0.8500000000000001,0,0,80,0.05940671400769479,4.261521935918798,5
Proposed smooth SAC,smooth,3,18,12018,enlarged_delay_only,5,0.25,0.0,0.0,0.0,1.0,1.0,1.0,1.3063656328926654,58.185179426044705,1,1,1,0,0,0,0,36,-1,-1,40,1,0,4,0.2,0,0.0,0,0,40,0.03257060841391857,2.922805925813356,5
Proposed smooth SAC,smooth,3,19,12019,enlarged_delay_only,5,0.25,0.0,0.0,0.0,1.0,1.0,1.0,1.569053725441394,46.92282244700273,1,1,1,0,0,0,0,63,-1,-1,67,1,0,4,0.2,0,0.0,0,0,67,0.021302775613378493,2.970666128544693,5
Proposed smooth SAC,smooth,3,20,12020,enlarged_delay_only,5,0.25,0.0,0.0,0.0,1.0,1.0,1.0,2.8509785660679805,57.54032760612546,1,1,1,0,0,0,0,105,-1,-1,109,1,0,4,0.2,0,0.0,0,0,109,0.07446864781604094,1.058494906244386,5
Proposed smooth SAC,smooth,3,21,12021,enlarged_delay_only,5,0.25,0.0,0.0,0.0,1.0,1.0,1.0,1.721321109839246,84.23015922197487,1,1,0,1,0,1,1,47,51,68,99,4,3,52,2.6,48,2.4000000000000004,0,0,99,0.07392482945871115,1.7337988044130144,5
Proposed smooth SAC,smooth,3,22,12022,enlarged_delay_only,5,0.25,0.0,0.0,0.0,1.0,1.0,1.0,2.0714459852992766,7.241713190147896,1,1,1,0,0,0,0,65,-1,-1,69,1,0,4,0.2,0,0.0,0,0,69,0.05477531735847977,4.60667572722846,5
Proposed smooth SAC,smooth,3,23,12023,enlarged_delay_only,5,0.25,0.0,0.0,0.0,1.0,1.0,1.0,1.96706721911142,29.687929491648173,1,1,1,0,0,0,0,59,-1,-1,63,1,0,4,0.2,0,0.0,0,0,63,0.08097783109350515,1.7335481151261338,5
Proposed smooth SAC,smooth,3,24,12024,enlarged_delay_only,5,0.25,0.0,0.0,0.0,1.0,1.0,1.0,2.3296647946987346,59.32330750782227,1,1,1,0,0,0,0,69,-1,-1,73,1,0,4,0.2,0,0.0,0,0,73,0.07626964892228642,1.739002021178389,5
Proposed smooth SAC,smooth,3,25,12025,enlarged_delay_only,5,0.25,0.0,0.0,0.0,1.0,1.0,1.0,1.7406706115734212,29.68845883130885,1,1,0,1,0,1,1,56,58,71,75,2,1,19,0.9500000000000001,15,0.75,0,0,75,0.04869623304325975,4.710848491789025,5
Proposed smooth SAC,smooth,3,26,12026,enlarged_delay_only,5,0.25,0.0,0.0,0.0,1.0,1.0,1.0,1.2890960116783232,58.822470226552745,1,1,0,1,0,1,1,40,41,51,55,2,1,15,0.75,11,0.55,0,0,55,0.0780087255624252,2.1295588546654765,5
Proposed smooth SAC,smooth,3,27,12027,enlarged_delay_only,5,0.25,0.0,0.0,0.0,1.0,1.0,1.0,1.679512651290201,27.36887877784833,1,1,0,1,0,1,1,44,45,72,76,2,1,32,1.6,28,1.4000000000000001,0,0,76,0.011771331050350093,0.9623582861291641,5
Proposed smooth SAC,smooth,3,28,12028,enlarged_delay_only,5,0.25,0.0,0.0,0.0,1.0,1.0,1.0,2.161397968359572,63.816718208044406,1,1,1,0,0,0,0,51,-1,-1,55,1,0,4,0.2,0,0.0,0,0,55,0.04430322353664434,3.332372883307882,5
Proposed smooth SAC,smooth,3,29,12029,enlarged_delay_only,5,0.25,0.0,0.0,0.0,1.0,1.0,1.0,1.4273638277059564,34.274883047648224,1,1,1,0,0,0,0,52,-1,-1,56,1,0,4,0.2,0,0.0,0,0,56,0.02946563424848884,2.6601793892542536,5
Proposed smooth SAC,smooth,3,30,12030,enlarged_delay_only,5,0.25,0.0,0.0,0.0,1.0,1.0,1.0,1.7462896683471236,26.955215200955678,1,1,1,0,0,0,0,63,-1,-1,67,1,0,4,0.2,0,0.0,0,0,67,0.05432583688826204,3.642020363104056,5
Proposed smooth SAC,smooth,3,31,12031,enlarged_delay_only,5,0.25,0.0,0.0,0.0,1.0,1.0,1.0,0.831092090571535,57.81877392801937,1,1,1,0,0,0,0,33,-1,-1,37,1,0,4,0.2,0,0.0,0,0,37,0.07896319219228645,3.1708333599083796,5
Proposed smooth SAC,smooth,3,32,12032,enlarged_delay_only,5,0.25,0.0,0.0,0.0,1.0,1.0,1.0,2.3622064651248813,65.6166711298287,1,1,1,0,0,0,0,57,-1,-1,61,1,0,4,0.2,0,0.0,0,0,61,0.07810066905909736,1.0855141741056045,5
Proposed smooth SAC,smooth,3,33,12033,enlarged_delay_only,5,0.25,0.0,0.0,0.0,1.0,1.0,1.0,0.7030471412582213,16.83992189867294,1,1,0,1,0,1,1,30,32,48,62,3,2,32,1.6,28,1.4000000000000001,0,0,62,0.06806797147054443,2.1696328551864106,5
Proposed smooth SAC,smooth,3,34,12034,enlarged_delay_only,5,0.25,0.0,0.0,0.0,1.0,1.0,1.0,2.282842407805926,24.938362791888462,1,1,1,0,0,0,0,65,-1,-1,69,1,0,4,0.2,0,0.0,0,0,69,0.05674130082771393,3.4920887461989905,5
Proposed smooth SAC,smooth,3,35,12035,enlarged_delay_only,5,0.25,0.0,0.0,0.0,1.0,1.0,1.0,2.371908074838775,71.96116554796184,1,1,1,0,0,0,0,72,-1,-1,76,1,0,4,0.2,0,0.0,0,0,76,0.018687524952409437,3.097388122319821,5
Proposed smooth SAC,smooth,3,36,12036,enlarged_delay_only,5,0.25,0.0,0.0,0.0,1.0,1.0,1.0,0.8829462334714887,87.90779944848737,1,1,1,0,0,0,0,71,-1,-1,75,1,0,4,0.2,0,0.0,0,0,75,0.08014390156529291,3.8511475219983295,5
Proposed smooth SAC,smooth,3,37,12037,enlarged_delay_only,5,0.25,0.0,0.0,0.0,1.0,1.0,1.0,0.817844285721509,43.45796651879823,1,1,1,0,0,0,0,26,-1,-1,30,1,0,4,0.2,0,0.0,0,0,30,0.0751133723272673,3.9032375328166085,5
Proposed smooth SAC,smooth,3,38,12038,enlarged_delay_only,5,0.25,0.0,0.0,0.0,1.0,1.0,1.0,1.5743284929286714,57.88825061225674,1,1,0,1,0,1,1,55,56,71,86,3,2,31,1.55,27,1.35,0,0,86,0.06294031264072036,3.334607849270357,5
Proposed smooth SAC,smooth,3,39,12039,enlarged_delay_only,5,0.25,0.0,0.0,0.0,1.0,1.0,1.0,0.8994689163493125,9.298986658723248,1,1,1,0,0,0,0,50,-1,-1,54,1,0,4,0.2,0,0.0,0,0,54,0.06287977565515535,4.496398481097196,5
Proposed smooth SAC,smooth,3,40,12040,enlarged_delay_only,5,0.25,0.0,0.0,0.0,1.0,1.0,1.0,1.8657719186487738,68.44804408798744,1,1,1,0,0,0,0,55,-1,-1,59,1,0,4,0.2,0,0.0,0,0,59,0.021909205415211713,2.418026131288853,5
Proposed smooth SAC,smooth,3,41,12041,enlarged_delay_only,5,0.25,0.0,0.0,0.0,1.0,1.0,1.0,2.1801507199074694,36.011752342258276,1,1,0,1,0,1,1,54,58,70,74,2,1,20,1.0,16,0.8,0,0,74,0.053001350542049526,3.573912918351862,5
Proposed smooth SAC,smooth,3,42,12042,enlarged_delay_only,5,0.25,0.0,0.0,0.0,1.0,1.0,1.0,2.890509486387824,8.39370570216694,1,1,0,1,0,1,1,67,71,80,84,2,1,17,0.8500000000000001,13,0.65,0,0,84,0.06061829088111978,2.453030423898345,5
Proposed smooth SAC,smooth,3,43,12043,enlarged_delay_only,5,0.25,0.0,0.0,0.0,1.0,1.0,1.0,1.4295379479494126,86.66219834011966,1,1,1,0,0,0,0,60,-1,-1,64,1,0,4,0.2,0,0.0,0,0,64,0.07011773118141429,1.799979388767324,5
Proposed smooth SAC,smooth,3,44,12044,enlarged_delay_only,5,0.25,0.0,0.0,0.0,1.0,1.0,1.0,1.4633774253790757,25.79388667411487,1,1,1,0,0,0,0,55,-1,-1,59,1,0,4,0.2,0,0.0,0,0,59,0.06122809455203139,0.7815870311001687,5
Proposed smooth SAC,smooth,3,45,12045,enlarged_delay_only,5,0.25,0.0,0.0,0.0,1.0,1.0,1.0,2.7817081294799144,45.277112272150255,1,1,0,1,0,1,1,67,71,83,87,2,1,20,1.0,16,0.8,0,0,87,0.06946759992530596,3.0062349789777696,5
Proposed smooth SAC,smooth,3,46,12046,enlarged_delay_only,5,0.25,0.0,0.0,0.0,1.0,1.0,1.0,2.448255495287487,6.5296484668143195,1,1,1,0,0,0,0,76,-1,-1,80,1,0,4,0.2,0,0.0,0,0,80,0.02569929644452336,3.0365936757345953,5
Proposed smooth SAC,smooth,3,47,12047,enlarged_delay_only,5,0.25,0.0,0.0,0.0,1.0,1.0,1.0,2.0375889749407565,48.300679923363994,1,1,1,0,0,0,0,75,-1,-1,79,1,0,4,0.2,0,0.0,0,0,79,0.07795488922291866,3.264414422056959,5
Proposed smooth SAC,smooth,3,48,12048,enlarged_delay_only,5,0.25,0.0,0.0,0.0,1.0,1.0,1.0,1.595910055499794,38.132652438046875,1,1,0,1,0,1,1,38,41,61,65,2,1,27,1.35,23,1.1500000000000001,0,0,65,0.08565447891652006,2.92653478221336,5
Proposed smooth SAC,smooth,3,49,12049,enlarged_delay_only,5,0.25,0.0,0.0,0.0,1.0,1.0,1.0,1.5300451933387877,9.115019782297185,1,1,1,0,0,0,0,45,-1,-1,49,1,0,4,0.2,0,0.0,0,0,49,0.04243086194446723,0.3534994287017718,5
Proposed smooth SAC,smooth,3,50,12050,enlarged_delay_only,5,0.25,0.0,0.0,0.0,1.0,1.0,1.0,2.262693545269486,73.02772690761601,1,1,1,0,0,0,0,74,-1,-1,78,1,0,4,0.2,0,0.0,0,0,78,0.06959214560243797,3.995533452184168,5
Proposed smooth SAC,smooth,3,51,12051,enlarged_delay_only,5,0.25,0.0,0.0,0.0,1.0,1.0,1.0,1.6263518811985,35.99433194478016,1,1,1,0,0,0,0,63,-1,-1,67,1,0,4,0.2,0,0.0,0,0,67,0.0866014464658155,2.655678721478038,5
Proposed smooth SAC,smooth,3,52,12052,enlarged_delay_only,5,0.25,0.0,0.0,0.0,1.0,1.0,1.0,0.7048587995105587,83.91519870877808,1,1,1,0,0,0,0,50,-1,-1,54,1,0,4,0.2,0,0.0,0,0,54,0.07385466563686363,1.330035800165707,5
Proposed smooth SAC,smooth,3,53,12053,enlarged_delay_only,5,0.25,0.0,0.0,0.0,1.0,1.0,1.0,1.470188620244381,45.138920469767974,1,1,1,0,0,0,0,60,-1,-1,64,1,0,4,0.2,0,0.0,0,0,64,0.09415904749303634,0.6599951497219555,5
Proposed smooth SAC,smooth,3,54,12054,enlarged_delay_only,5,0.25,0.0,0.0,0.0,1.0,1.0,1.0,2.2790002868522827,82.51781713667434,1,1,0,1,0,1,1,61,63,86,90,2,1,29,1.4500000000000002,25,1.25,0,0,90,0.04294152208496246,0.3775289413363758,5
Proposed smooth SAC,smooth,3,55,12055,enlarged_delay_only,5,0.25,0.0,0.0,0.0,1.0,1.0,1.0,2.8850994760210127,23.46271066699096,1,1,0,1,0,1,1,92,96,106,110,2,1,18,0.9,14,0.7000000000000001,0,0,110,0.04710110422266929,3.0658757639234975,5
Proposed smooth SAC,smooth,3,56,12056,enlarged_delay_only,5,0.25,0.0,0.0,0.0,1.0,1.0,1.0,1.826905546699788,11.925707512554547,1,1,0,1,0,1,1,46,50,63,79,3,2,33,1.6500000000000001,29,1.4500000000000002,0,0,79,0.039243490836951694,1.7238601321187055,5
Proposed smooth SAC,smooth,3,57,12057,enlarged_delay_only,5,0.25,0.0,0.0,0.0,1.0,1.0,1.0,1.7691751722646727,27.276807827836556,1,1,0,1,0,1,1,67,69,80,93,3,2,26,1.3,22,1.1,0,0,93,0.05128808959843194,0.7693902875940829,5
Proposed smooth SAC,smooth,3,58,12058,enlarged_delay_only,5,0.25,0.0,0.0,0.0,1.0,1.0,1.0,2.3268545695420997,62.93145738971906,1,1,1,0,0,0,0,79,-1,-1,83,1,0,4,0.2,0,0.0,0,0,83,0.07863742463604255,1.800717262641097,5
Proposed smooth SAC,smooth,3,59,12059,enlarged_delay_only,5,0.25,0.0,0.0,0.0,1.0,1.0,1.0,2.1903482121613216,54.840688506488746,1,1,1,0,0,0,0,61,-1,-1,65,1,0,4,0.2,0,0.0,0,0,65,0.08316376861044268,0.008778543152688535,5
Proposed smooth SAC,smooth,3,60,12060,enlarged_delay_only,5,0.25,0.0,0.0,0.0,1.0,1.0,1.0,1.0973360553047116,33.91806713521758,1,1,1,0,0,0,0,58,-1,-1,62,1,0,4,0.2,0,0.0,0,0,62,0.038175967757206754,3.424476703605034,5
Proposed smooth SAC,smooth,3,61,12061,enlarged_delay_only,5,0.25,0.0,0.0,0.0,1.0,1.0,1.0,1.936928029361262,42.58082679539602,1,1,1,0,0,0,0,67,-1,-1,71,1,0,4,0.2,0,0.0,0,0,71,0.07302881765032528,2.489075466582618,5
Proposed smooth SAC,smooth,3,62,12062,enlarged_delay_only,5,0.25,0.0,0.0,0.0,1.0,1.0,1.0,1.8981880108378766,55.958209907540386,1,1,0,1,0,1,1,45,48,61,65,2,1,20,1.0,16,0.8,0,0,65,0.05480772619985567,2.6627366547681888,5
Proposed smooth SAC,smooth,3,63,12063,enlarged_delay_only,5,0.25,0.0,0.0,0.0,1.0,1.0,1.0,1.3410819077846639,71.65242733709893,1,1,1,0,0,0,0,48,-1,-1,52,1,0,4,0.2,0,0.0,0,0,52,0.07477243515228156,3.7493644698736226,5
Proposed smooth SAC,smooth,3,64,12064,enlarged_delay_only,5,0.25,0.0,0.0,0.0,1.0,1.0,1.0,3.236122857778983,77.84361815931113,1,1,1,0,0,0,0,67,-1,-1,71,1,0,4,0.2,0,0.0,0,0,71,0.047784982775858485,2.105346474388016,5
Proposed smooth SAC,smooth,3,65,12065,enlarged_delay_only,5,0.25,0.0,0.0,0.0,1.0,1.0,1.0,2.27680658754703,16.046224888813487,1,1,1,0,0,0,0,73,-1,-1,77,1,0,4,0.2,0,0.0,0,0,77,0.07459143339812864,0.8994971737114806,5
Proposed smooth SAC,smooth,3,66,12066,enlarged_delay_only,5,0.25,0.0,0.0,0.0,1.0,1.0,1.0,0.7254567305431476,42.00001141404023,1,1,1,0,0,0,0,55,-1,-1,59,1,0,4,0.2,0,0.0,0,0,59,0.035426149391964694,2.0864795709097366,5
Proposed smooth SAC,smooth,3,67,12067,enlarged_delay_only,5,0.25,0.0,0.0,0.0,1.0,1.0,1.0,1.5334421939190404,11.645351299013972,1,1,1,0,0,0,0,61,-1,-1,65,1,0,4,0.2,0,0.0,0,0,65,0.04900563579885159,4.664313986086905,5
Proposed smooth SAC,smooth,3,68,12068,enlarged_delay_only,5,0.25,0.0,0.0,0.0,1.0,1.0,1.0,1.8681160247703945,59.46436457456137,1,1,0,1,0,1,1,48,49,56,60,2,1,12,0.6000000000000001,8,0.4,0,0,60,0.019446481859911838,1.295439718080829,5
Proposed smooth SAC,smooth,3,69,12069,enlarged_delay_only,5,0.25,0.0,0.0,0.0,1.0,1.0,1.0,1.886519728757838,51.09646759594697,1,1,0,1,0,1,1,61,65,77,81,2,1,20,1.0,16,0.8,0,0,81,0.05305365273497697,1.8127129958143435,5
Proposed smooth SAC,smooth,3,70,12070,enlarged_delay_only,5,0.25,0.0,0.0,0.0,1.0,1.0,1.0,1.6986806001597525,76.52323330972095,1,1,1,0,0,0,0,61,-1,-1,65,1,0,4,0.2,0,0.0,0,0,65,0.05191148861196947,4.2723631536789,5
Proposed smooth SAC,smooth,3,71,12071,enlarged_delay_only,5,0.25,0.0,0.0,0.0,1.0,1.0,1.0,2.6459208153503964,67.50779341665432,1,1,0,1,0,1,1,75,76,87,91,2,1,16,0.8,12,0.6000000000000001,0,0,91,0.06633610490105979,3.61840541093556,5
Proposed smooth SAC,smooth,3,72,12072,enlarged_delay_only,5,0.25,0.0,0.0,0.0,1.0,1.0,1.0,0.48175087121353316,49.596093601348606,1,1,1,0,0,0,0,27,-1,-1,31,1,0,4,0.2,0,0.0,0,0,31,0.06444535665250059,4.4952847333756605,5
Proposed smooth SAC,smooth,3,73,12073,enlarged_delay_only,5,0.25,0.0,0.0,0.0,1.0,1.0,1.0,1.3565823895626754,84.90849262920553,1,1,1,0,0,0,0,44,-1,-1,48,1,0,4,0.2,0,0.0,0,0,48,0.07735480695916122,3.3540706867537198,5
Proposed smooth SAC,smooth,3,74,12074,enlarged_delay_only,5,0.25,0.0,0.0,0.0,1.0,1.0,1.0,2.034268978334935,63.584860606479154,1,1,0,1,0,1,1,52,55,66,70,2,1,18,0.9,14,0.7000000000000001,0,0,70,0.06714722773087443,2.8833191081176315,5
Proposed smooth SAC,smooth,3,75,12075,enlarged_delay_only,5,0.25,0.0,0.0,0.0,1.0,1.0,1.0,2.7867133802887056,59.621185717904865,1,1,1,0,0,0,0,86,-1,-1,90,1,0,4,0.2,0,0.0,0,0,90,0.0798744930852534,2.6358374488259746,5
Proposed smooth SAC,smooth,3,76,12076,enlarged_delay_only,5,0.25,0.0,0.0,0.0,1.0,1.0,1.0,1.4672375160200708,30.3721436917542,1,1,1,0,0,0,0,59,-1,-1,63,1,0,4,0.2,0,0.0,0,0,63,0.0570188132191419,3.460904663769651,5
Proposed smooth SAC,smooth,3,77,12077,enlarged_delay_only,5,0.25,0.0,0.0,0.0,1.0,1.0,1.0,1.9775577095396648,51.41426263764932,1,1,1,0,0,0,0,62,-1,-1,66,1,0,4,0.2,0,0.0,0,0,66,0.069653194164229,2.6644542339010355,5
Proposed smooth SAC,smooth,3,78,12078,enlarged_delay_only,5,0.25,0.0,0.0,0.0,1.0,1.0,1.0,2.327760709820301,60.008956047653996,1,1,1,0,0,0,0,79,-1,-1,83,1,0,4,0.2,0,0.0,0,0,83,0.0650175369392453,3.4666063776227305,5
Proposed smooth SAC,smooth,3,79,12079,enlarged_delay_only,5,0.25,0.0,0.0,0.0,1.0,1.0,1.0,1.5278991276633485,40.17317828277736,1,1,1,0,0,0,0,62,-1,-1,66,1,0,4,0.2,0,0.0,0,0,66,0.03963411004655719,2.737353056355993,5
Proposed smooth SAC,smooth,3,80,12080,enlarged_delay_only,5,0.25,0.0,0.0,0.0,1.0,1.0,1.0,2.3192768073204557,47.36251928991689,1,1,0,1,0,1,1,65,66,69,73,2,1,8,0.4,4,0.2,0,0,73,0.08984171765035993,0.9406027462404983,5
Proposed smooth SAC,smooth,3,81,12081,enlarged_delay_only,5,0.25,0.0,0.0,0.0,1.0,1.0,1.0,2.348060423688873,77.305474384795,1,1,1,0,0,0,0,67,-1,-1,71,1,0,4,0.2,0,0.0,0,0,71,0.026048365991681192,3.6455148586381636,5
Proposed smooth SAC,smooth,3,82,12082,enlarged_delay_only,5,0.25,0.0,0.0,0.0,1.0,1.0,1.0,1.657062365864348,55.61082307125895,1,1,0,1,0,1,1,65,67,79,83,2,1,18,0.9,14,0.7000000000000001,0,0,83,0.09948904945987498,2.138673528669447,5
Proposed smooth SAC,smooth,3,83,12083,enlarged_delay_only,5,0.25,0.0,0.0,0.0,1.0,1.0,1.0,1.7829506075254924,2.609497891508878,1,1,0,1,0,1,1,41,44,70,74,2,1,33,1.6500000000000001,29,1.4500000000000002,0,0,74,0.046313139534596134,2.312835028211721,5
Proposed smooth SAC,smooth,3,84,12084,enlarged_delay_only,5,0.25,0.0,0.0,0.0,1.0,1.0,1.0,1.6404890956693123,1.3837049720644343,1,1,0,1,0,1,1,49,52,62,66,2,1,17,0.8500000000000001,13,0.65,0,0,66,0.04963162374637546,1.6490116108208264,5
Proposed smooth SAC,smooth,3,85,12085,enlarged_delay_only,5,0.25,0.0,0.0,0.0,1.0,1.0,1.0,2.497746521837666,36.904581010184,1,1,1,0,0,0,0,79,-1,-1,83,1,0,4,0.2,0,0.0,0,0,83,0.08974617434110882,4.718822310758192,5
Proposed smooth SAC,smooth,3,86,12086,enlarged_delay_only,5,0.25,0.0,0.0,0.0,1.0,1.0,1.0,1.8263883792562778,0.33389918702221527,1,1,0,1,0,1,1,45,46,57,61,2,1,16,0.8,12,0.6000000000000001,0,0,61,0.04614472545558359,2.8715985035018896,5
Proposed smooth SAC,smooth,3,87,12087,enlarged_delay_only,5,0.25,0.0,0.0,0.0,1.0,1.0,1.0,2.03592606033529,9.710697655286923,1,1,0,1,0,1,1,48,50,71,75,2,1,27,1.35,23,1.1500000000000001,0,0,75,0.0591050146073123,3.9205307180214346,5
Proposed smooth SAC,smooth,3,88,12088,enlarged_delay_only,5,0.25,0.0,0.0,0.0,1.0,1.0,1.0,2.799243954274032,20.695729317232512,1,1,1,0,0,0,0,72,-1,-1,76,1,0,4,0.2,0,0.0,0,0,76,0.030131860516277153,2.726497324443904,5
Proposed smooth SAC,smooth,3,89,12089,enlarged_delay_only,5,0.25,0.0,0.0,0.0,1.0,1.0,1.0,1.9684957245170929,46.29750155301514,1,1,0,1,0,1,1,98,100,106,119,3,2,21,1.05,17,0.8500000000000001,0,0,119,0.07973785547569169,1.9388951912016283,5
Proposed smooth SAC,smooth,3,90,12090,enlarged_delay_only,5,0.25,0.0,0.0,0.0,1.0,1.0,1.0,1.911320050192248,50.27198521595098,1,1,1,0,0,0,0,58,-1,-1,62,1,0,4,0.2,0,0.0,0,0,62,0.09694680322055618,2.06181020828812,5
Proposed smooth SAC,smooth,3,91,12091,enlarged_delay_only,5,0.25,0.0,0.0,0.0,1.0,1.0,1.0,2.127844865867529,32.123072930770725,1,1,1,0,0,0,0,65,-1,-1,69,1,0,4,0.2,0,0.0,0,0,69,0.04328849753079848,4.9529590610721135,5
Proposed smooth SAC,smooth,3,92,12092,enlarged_delay_only,5,0.25,0.0,0.0,0.0,1.0,1.0,1.0,2.1800958407414126,47.35001662864118,1,1,1,0,0,0,0,69,-1,-1,73,1,0,4,0.2,0,0.0,0,0,73,0.04324601456771801,2.0000279455941814,5
Proposed smooth SAC,smooth,3,93,12093,enlarged_delay_only,5,0.25,0.0,0.0,0.0,1.0,1.0,1.0,3.259884867767638,59.350430189016386,1,1,1,0,0,0,0,111,-1,-1,115,1,0,4,0.2,0,0.0,0,0,115,0.0899614890470594,2.5924486721234685,5
Proposed smooth SAC,smooth,3,94,12094,enlarged_delay_only,5,0.25,0.0,0.0,0.0,1.0,1.0,1.0,0.7611576363914472,18.846404373032783,1,1,1,0,0,0,0,27,-1,-1,31,1,0,4,0.2,0,0.0,0,0,31,0.05218441295411915,4.128392584371963,5
Proposed smooth SAC,smooth,3,95,12095,enlarged_delay_only,5,0.25,0.0,0.0,0.0,1.0,1.0,1.0,2.315981959981536,11.583421973809466,1,1,0,1,0,1,1,50,51,85,103,3,2,53,2.6500000000000004,49,2.45,0,0,103,0.07546831657420132,4.705503014989844,5
Proposed smooth SAC,smooth,3,96,12096,enlarged_delay_only,5,0.25,0.0,0.0,0.0,1.0,1.0,1.0,2.6433593115574596,23.402961879678983,1,1,0,1,0,1,1,88,92,105,109,2,1,21,1.05,17,0.8500000000000001,0,0,109,0.09739780230451803,3.7627904873477522,5
Proposed smooth SAC,smooth,3,97,12097,enlarged_delay_only,5,0.25,0.0,0.0,0.0,1.0,1.0,1.0,2.517006739513531,35.98333875531102,1,1,0,1,0,1,1,53,54,82,86,2,1,33,1.6500000000000001,29,1.4500000000000002,0,0,86,0.0659175793912124,0.3881893725268848,5
Proposed smooth SAC,smooth,3,98,12098,enlarged_delay_only,5,0.25,0.0,0.0,0.0,1.0,1.0,1.0,3.120283930411399,82.53858091175118,1,1,0,1,0,1,1,65,67,82,86,2,1,21,1.05,17,0.8500000000000001,0,0,86,0.07285469889877412,3.134988740587564,5
Proposed smooth SAC,smooth,3,99,12099,enlarged_delay_only,5,0.25,0.0,0.0,0.0,1.0,1.0,1.0,0.19539344804534206,10.475630177230514,1,1,0,1,0,1,1,13,17,29,33,2,1,20,1.0,16,0.8,0,0,33,0.08639676267013754,2.876870555767493,5
Proposed smooth SAC,smooth,4,0,12000,enlarged_delay_only,5,0.25,0.0,0.0,0.0,1.0,1.0,1.0,1.4011169590411672,3.680448288035017,1,1,0,1,0,1,1,35,36,39,73,4,3,38,1.9000000000000001,34,1.7000000000000002,0,0,73,0.0975927308420597,2.5626955143252466,5
Proposed smooth SAC,smooth,4,1,12001,enlarged_delay_only,5,0.25,0.0,0.0,0.0,1.0,1.0,1.0,1.8698938269216967,60.07772922240686,1,1,1,0,0,0,0,58,-1,-1,62,1,0,4,0.2,0,0.0,0,0,62,0.06341425245027663,3.890669557856962,5
Proposed smooth SAC,smooth,4,2,12002,enlarged_delay_only,5,0.25,0.0,0.0,0.0,1.0,1.0,1.0,1.5052862077716045,52.14187244464703,1,1,1,0,0,0,0,93,-1,-1,97,1,0,4,0.2,0,0.0,0,0,97,0.04682560805878951,3.637360893429638,5
Proposed smooth SAC,smooth,4,3,12003,enlarged_delay_only,5,0.25,0.0,0.0,0.0,1.0,1.0,1.0,1.11052274394814,63.72168295593285,1,1,1,0,0,0,0,63,-1,-1,67,1,0,4,0.2,0,0.0,0,0,67,0.06724642630454009,4.726456327816151,5
Proposed smooth SAC,smooth,4,4,12004,enlarged_delay_only,5,0.25,0.0,0.0,0.0,1.0,1.0,1.0,2.0622948587954135,27.609846144219087,1,1,0,1,0,1,1,56,60,72,76,2,1,20,1.0,16,0.8,0,0,76,0.04375766065477627,4.366145919851407,5
Proposed smooth SAC,smooth,4,5,12005,enlarged_delay_only,5,0.25,0.0,0.0,0.0,1.0,1.0,1.0,0.7836208893081577,86.33696522241115,1,1,0,1,0,1,1,59,61,72,76,2,1,17,0.8500000000000001,13,0.65,0,0,76,0.040868535258084975,3.1872366995304,5
Proposed smooth SAC,smooth,4,6,12006,enlarged_delay_only,5,0.25,0.0,0.0,0.0,1.0,1.0,1.0,1.4039658384766267,70.50865751906693,1,1,1,0,0,0,0,49,-1,-1,53,1,0,4,0.2,0,0.0,0,0,53,0.06837976247065934,1.2483133337984451,5
Proposed smooth SAC,smooth,4,7,12007,enlarged_delay_only,5,0.25,0.0,0.0,0.0,1.0,1.0,1.0,2.023389540687327,41.417218692919725,1,1,1,0,0,0,0,52,-1,-1,56,1,0,4,0.2,0,0.0,0,0,56,0.06312066583725824,4.016475665953073,5
Proposed smooth SAC,smooth,4,8,12008,enlarged_delay_only,5,0.25,0.0,0.0,0.0,1.0,1.0,1.0,0.6761041193866284,47.03972454974209,1,1,0,1,0,1,1,47,51,61,65,2,1,18,0.9,14,0.7000000000000001,0,0,65,0.0468753964357955,3.7313950959409654,5
Proposed smooth SAC,smooth,4,9,12009,enlarged_delay_only,5,0.25,0.0,0.0,0.0,1.0,1.0,1.0,0.8365610729382312,17.566701837686487,1,1,1,0,0,0,0,46,-1,-1,50,1,0,4,0.2,0,0.0,0,0,50,0.0817593868069864,3.1107998390853755,5
Proposed smooth SAC,smooth,4,10,12010,enlarged_delay_only,5,0.25,0.0,0.0,0.0,1.0,1.0,1.0,2.0882312594206844,67.10242168941406,1,1,1,0,0,0,0,55,-1,-1,59,1,0,4,0.2,0,0.0,0,0,59,0.09220608875801092,1.3608620447155615,5
Proposed smooth SAC,smooth,4,11,12011,enlarged_delay_only,5,0.25,0.0,0.0,0.0,1.0,1.0,1.0,1.0363136503576447,39.13181690606595,1,1,1,0,0,0,0,48,-1,-1,52,1,0,4,0.2,0,0.0,0,0,52,0.051851651481408426,3.674611464502418,5
Proposed smooth SAC,smooth,4,12,12012,enlarged_delay_only,5,0.25,0.0,0.0,0.0,1.0,1.0,1.0,1.0633346171025668,74.10415106043168,1,1,1,0,0,0,0,50,-1,-1,54,1,0,4,0.2,0,0.0,0,0,54,0.06362582514627182,2.3200139839162275,5
Proposed smooth SAC,smooth,4,13,12013,enlarged_delay_only,5,0.25,0.0,0.0,0.0,1.0,1.0,1.0,2.9321695975105375,64.82631579002067,1,1,0,1,0,1,1,70,74,85,89,2,1,19,0.9500000000000001,15,0.75,0,0,89,0.05954867550727273,2.719205243731269,5
Proposed smooth SAC,smooth,4,14,12014,enlarged_delay_only,5,0.25,0.0,0.0,0.0,1.0,1.0,1.0,1.5727126782681156,69.85363554747353,1,1,1,0,0,0,0,54,-1,-1,58,1,0,4,0.2,0,0.0,0,0,58,0.07677596186651281,4.869793823964391,5
Proposed smooth SAC,smooth,4,15,12015,enlarged_delay_only,5,0.25,0.0,0.0,0.0,1.0,1.0,1.0,1.7941221940119125,66.18821452938619,1,1,0,1,0,1,1,59,63,77,81,2,1,22,1.1,18,0.9,0,0,81,0.08201313530420982,2.949510471364225,5
Proposed smooth SAC,smooth,4,16,12016,enlarged_delay_only,5,0.25,0.0,0.0,0.0,1.0,1.0,1.0,2.0956191639967527,80.76412508613855,1,1,0,1,0,1,1,78,82,97,101,2,1,23,1.1500000000000001,19,0.9500000000000001,0,0,101,0.07354769497158987,3.5717853144254033,5
Proposed smooth SAC,smooth,4,17,12017,enlarged_delay_only,5,0.25,0.0,0.0,0.0,1.0,1.0,1.0,2.3497476747776798,68.42664510531779,1,1,1,0,0,0,0,58,-1,-1,62,1,0,4,0.2,0,0.0,0,0,62,0.062001788218960956,0.7946880276193408,5
Proposed smooth SAC,smooth,4,18,12018,enlarged_delay_only,5,0.25,0.0,0.0,0.0,1.0,1.0,1.0,1.3063656328926654,58.185179426044705,1,1,1,0,0,0,0,37,-1,-1,41,1,0,4,0.2,0,0.0,0,0,41,0.08294174364776366,1.5970408081479053,5
Proposed smooth SAC,smooth,4,19,12019,enlarged_delay_only,5,0.25,0.0,0.0,0.0,1.0,1.0,1.0,1.569053725441394,46.92282244700273,1,1,0,1,0,1,1,41,44,59,63,2,1,22,1.1,18,0.9,0,0,63,0.06975093944702465,3.1088572905967418,5
Proposed smooth SAC,smooth,4,20,12020,enlarged_delay_only,5,0.25,0.0,0.0,0.0,1.0,1.0,1.0,2.8509785660679805,57.54032760612546,1,1,1,0,0,0,0,77,-1,-1,81,1,0,4,0.2,0,0.0,0,0,81,0.06959482725783714,2.524777292261098,5
Proposed smooth SAC,smooth,4,21,12021,enlarged_delay_only,5,0.25,0.0,0.0,0.0,1.0,1.0,1.0,1.721321109839246,84.23015922197487,1,1,0,1,0,1,1,62,63,77,81,2,1,19,0.9500000000000001,15,0.75,0,0,81,0.07451479739442723,4.714754933107449,5
Proposed smooth SAC,smooth,4,22,12022,enlarged_delay_only,5,0.25,0.0,0.0,0.0,1.0,1.0,1.0,2.0714459852992766,7.241713190147896,1,1,0,1,0,1,1,58,62,75,79,2,1,21,1.05,17,0.8500000000000001,0,0,79,0.05295950525883434,4.493049980856597,5
Proposed smooth SAC,smooth,4,23,12023,enlarged_delay_only,5,0.25,0.0,0.0,0.0,1.0,1.0,1.0,1.96706721911142,29.687929491648173,1,1,1,0,0,0,0,80,-1,-1,84,1,0,4,0.2,0,0.0,0,0,84,0.04934671458122863,3.0164569974009283,5
Proposed smooth SAC,smooth,4,24,12024,enlarged_delay_only,5,0.25,0.0,0.0,0.0,1.0,1.0,1.0,2.3296647946987346,59.32330750782227,1,1,1,0,0,0,0,69,-1,-1,73,1,0,4,0.2,0,0.0,0,0,73,0.0835669753359531,1.487740279067953,5
Proposed smooth SAC,smooth,4,25,12025,enlarged_delay_only,5,0.25,0.0,0.0,0.0,1.0,1.0,1.0,1.7406706115734212,29.68845883130885,1,1,0,1,0,1,1,65,67,74,78,2,1,13,0.65,9,0.45,0,0,78,0.049347585887790625,1.0387638771143943,5
Proposed smooth SAC,smooth,4,26,12026,enlarged_delay_only,5,0.25,0.0,0.0,0.0,1.0,1.0,1.0,1.2890960116783232,58.822470226552745,1,1,0,1,0,1,1,70,72,81,85,2,1,15,0.75,11,0.55,0,0,85,0.05943592330187405,2.153922779765147,5
Proposed smooth SAC,smooth,4,27,12027,enlarged_delay_only,5,0.25,0.0,0.0,0.0,1.0,1.0,1.0,1.679512651290201,27.36887877784833,1,1,0,1,0,1,1,58,62,72,76,2,1,18,0.9,14,0.7000000000000001,0,0,76,0.08109846068845741,2.503938811990212,5
Proposed smooth SAC,smooth,4,28,12028,enlarged_delay_only,5,0.25,0.0,0.0,0.0,1.0,1.0,1.0,2.161397968359572,63.816718208044406,1,1,0,1,0,1,1,63,67,78,82,2,1,19,0.9500000000000001,15,0.75,0,0,82,0.0799566098240389,2.3021018128178694,5
Proposed smooth SAC,smooth,4,29,12029,enlarged_delay_only,5,0.25,0.0,0.0,0.0,1.0,1.0,1.0,1.4273638277059564,34.274883047648224,1,1,0,1,0,1,1,62,66,81,85,2,1,23,1.1500000000000001,19,0.9500000000000001,0,0,85,0.06827533448793388,3.721057604632151,5
Proposed smooth SAC,smooth,4,30,12030,enlarged_delay_only,5,0.25,0.0,0.0,0.0,1.0,1.0,1.0,1.7462896683471236,26.955215200955678,1,1,1,0,0,0,0,71,-1,-1,75,1,0,4,0.2,0,0.0,0,0,75,0.04612216493664406,4.267994820817854,5
Proposed smooth SAC,smooth,4,31,12031,enlarged_delay_only,5,0.25,0.0,0.0,0.0,1.0,1.0,1.0,0.831092090571535,57.81877392801937,1,1,0,1,0,1,1,53,56,72,76,2,1,23,1.1500000000000001,19,0.9500000000000001,0,0,76,0.0740816474564786,3.243030166982707,5
Proposed smooth SAC,smooth,4,32,12032,enlarged_delay_only,5,0.25,0.0,0.0,0.0,1.0,1.0,1.0,2.3622064651248813,65.6166711298287,1,1,1,0,0,0,0,76,-1,-1,80,1,0,4,0.2,0,0.0,0,0,80,0.02721110441464776,4.877281845728842,5
Proposed smooth SAC,smooth,4,33,12033,enlarged_delay_only,5,0.25,0.0,0.0,0.0,1.0,1.0,1.0,0.7030471412582213,16.83992189867294,1,1,1,0,0,0,0,51,-1,-1,55,1,0,4,0.2,0,0.0,0,0,55,0.08623664664480274,3.1432033237249737,5
Proposed smooth SAC,smooth,4,34,12034,enlarged_delay_only,5,0.25,0.0,0.0,0.0,1.0,1.0,1.0,2.282842407805926,24.938362791888462,1,1,1,0,0,0,0,59,-1,-1,63,1,0,4,0.2,0,0.0,0,0,63,0.0978552852367682,4.143410462809529,5
Proposed smooth SAC,smooth,4,35,12035,enlarged_delay_only,5,0.25,0.0,0.0,0.0,1.0,1.0,1.0,2.371908074838775,71.96116554796184,1,1,1,0,0,0,0,82,-1,-1,86,1,0,4,0.2,0,0.0,0,0,86,0.08796157856470277,4.583348496778751,5
Proposed smooth SAC,smooth,4,36,12036,enlarged_delay_only,5,0.25,0.0,0.0,0.0,1.0,1.0,1.0,0.8829462334714887,87.90779944848737,1,1,0,1,0,1,1,52,55,61,65,2,1,13,0.65,9,0.45,0,0,65,0.04840665776096707,1.4125795967806634,5
Proposed smooth SAC,smooth,4,37,12037,enlarged_delay_only,5,0.25,0.0,0.0,0.0,1.0,1.0,1.0,0.817844285721509,43.45796651879823,1,1,1,0,0,0,0,27,-1,-1,31,1,0,4,0.2,0,0.0,0,0,31,0.0943963831284198,4.81667928477061,5
Proposed smooth SAC,smooth,4,38,12038,enlarged_delay_only,5,0.25,0.0,0.0,0.0,1.0,1.0,1.0,1.5743284929286714,57.88825061225674,1,1,1,0,0,0,0,44,-1,-1,48,1,0,4,0.2,0,0.0,0,0,48,0.052731816987413103,3.217810547246081,5
Proposed smooth SAC,smooth,4,39,12039,enlarged_delay_only,5,0.25,0.0,0.0,0.0,1.0,1.0,1.0,0.8994689163493125,9.298986658723248,1,1,1,0,0,0,0,46,-1,-1,50,1,0,4,0.2,0,0.0,0,0,50,0.09416958285264389,2.546453537922368,5
Proposed smooth SAC,smooth,4,40,12040,enlarged_delay_only,5,0.25,0.0,0.0,0.0,1.0,1.0,1.0,1.8657719186487738,68.44804408798744,1,1,1,0,0,0,0,45,-1,-1,49,1,0,4,0.2,0,0.0,0,0,49,0.07931378655802547,3.5455108573488334,5
Proposed smooth SAC,smooth,4,41,12041,enlarged_delay_only,5,0.25,0.0,0.0,0.0,1.0,1.0,1.0,2.1801507199074694,36.011752342258276,1,1,0,1,0,1,1,51,55,76,80,2,1,29,1.4500000000000002,25,1.25,0,0,80,0.08070170245480648,2.2086680266232683,5
Proposed smooth SAC,smooth,4,42,12042,enlarged_delay_only,5,0.25,0.0,0.0,0.0,1.0,1.0,1.0,2.890509486387824,8.39370570216694,1,1,1,0,0,0,0,70,-1,-1,74,1,0,4,0.2,0,0.0,0,0,74,0.02754918791547126,0.29434820290088953,5
Proposed smooth SAC,smooth,4,43,12043,enlarged_delay_only,5,0.25,0.0,0.0,0.0,1.0,1.0,1.0,1.4295379479494126,86.66219834011966,1,1,1,0,0,0,0,81,-1,-1,85,1,0,4,0.2,0,0.0,0,0,85,0.09134985338393584,4.5293165778020725,5
Proposed smooth SAC,smooth,4,44,12044,enlarged_delay_only,5,0.25,0.0,0.0,0.0,1.0,1.0,1.0,1.4633774253790757,25.79388667411487,1,1,1,0,0,0,0,54,-1,-1,58,1,0,4,0.2,0,0.0,0,0,58,0.05437089975954865,1.3903092313833079,5
Proposed smooth SAC,smooth,4,45,12045,enlarged_delay_only,5,0.25,0.0,0.0,0.0,1.0,1.0,1.0,2.7817081294799144,45.277112272150255,1,1,0,1,0,1,1,75,78,90,106,3,2,31,1.55,27,1.35,0,0,106,0.040310186747883295,2.520700096213423,5
Proposed smooth SAC,smooth,4,46,12046,enlarged_delay_only,5,0.25,0.0,0.0,0.0,1.0,1.0,1.0,2.448255495287487,6.5296484668143195,1,1,1,0,0,0,0,97,-1,-1,101,1,0,4,0.2,0,0.0,0,0,101,0.04926470040143794,4.314410651983145,5
Proposed smooth SAC,smooth,4,47,12047,enlarged_delay_only,5,0.25,0.0,0.0,0.0,1.0,1.0,1.0,2.0375889749407565,48.300679923363994,1,1,0,1,0,1,1,80,84,95,99,2,1,19,0.9500000000000001,15,0.75,0,0,99,0.04535868376133241,3.1216090403337438,5
Proposed smooth SAC,smooth,4,48,12048,enlarged_delay_only,5,0.25,0.0,0.0,0.0,1.0,1.0,1.0,1.595910055499794,38.132652438046875,1,1,1,0,0,0,0,58,-1,-1,62,1,0,4,0.2,0,0.0,0,0,62,0.07201875659549364,3.8068618560804364,5
Proposed smooth SAC,smooth,4,49,12049,enlarged_delay_only,5,0.25,0.0,0.0,0.0,1.0,1.0,1.0,1.5300451933387877,9.115019782297185,1,1,0,1,0,1,1,46,47,69,73,2,1,27,1.35,23,1.1500000000000001,0,0,73,0.058554790053449324,3.876569486089117,5
Proposed smooth SAC,smooth,4,50,12050,enlarged_delay_only,5,0.25,0.0,0.0,0.0,1.0,1.0,1.0,2.262693545269486,73.02772690761601,1,1,1,0,0,0,0,69,-1,-1,73,1,0,4,0.2,0,0.0,0,0,73,0.04110676942555398,4.792602867946316,5
Proposed smooth SAC,smooth,4,51,12051,enlarged_delay_only,5,0.25,0.0,0.0,0.0,1.0,1.0,1.0,1.6263518811985,35.99433194478016,1,1,1,0,0,0,0,56,-1,-1,60,1,0,4,0.2,0,0.0,0,0,60,0.07654107446216346,2.1990549622532987,5
Proposed smooth SAC,smooth,4,52,12052,enlarged_delay_only,5,0.25,0.0,0.0,0.0,1.0,1.0,1.0,0.7048587995105587,83.91519870877808,1,1,0,1,0,1,1,36,37,55,59,2,1,23,1.1500000000000001,19,0.9500000000000001,0,0,59,0.06299417477330332,4.57368207155589,5
Proposed smooth SAC,smooth,4,53,12053,enlarged_delay_only,5,0.25,0.0,0.0,0.0,1.0,1.0,1.0,1.470188620244381,45.138920469767974,1,1,0,1,0,1,1,48,52,62,66,2,1,18,0.9,14,0.7000000000000001,0,0,66,0.0776788978129482,2.6231290281015194,5
Proposed smooth SAC,smooth,4,54,12054,enlarged_delay_only,5,0.25,0.0,0.0,0.0,1.0,1.0,1.0,2.2790002868522827,82.51781713667434,1,1,0,1,0,1,1,75,79,93,97,2,1,22,1.1,18,0.9,0,0,97,0.04887927627287813,3.8986523414494143,5
Proposed smooth SAC,smooth,4,55,12055,enlarged_delay_only,5,0.25,0.0,0.0,0.0,1.0,1.0,1.0,2.8850994760210127,23.46271066699096,1,1,1,0,0,0,0,87,-1,-1,91,1,0,4,0.2,0,0.0,0,0,91,0.023739637718154922,2.0499365647462877,5
Proposed smooth SAC,smooth,4,56,12056,enlarged_delay_only,5,0.25,0.0,0.0,0.0,1.0,1.0,1.0,1.826905546699788,11.925707512554547,1,1,1,0,0,0,0,66,-1,-1,70,1,0,4,0.2,0,0.0,0,0,70,0.07206908459321258,3.7939002914698676,5
Proposed smooth SAC,smooth,4,57,12057,enlarged_delay_only,5,0.25,0.0,0.0,0.0,1.0,1.0,1.0,1.7691751722646727,27.276807827836556,1,1,1,0,0,0,0,83,-1,-1,87,1,0,4,0.2,0,0.0,0,0,87,0.08362829891396292,1.315503078602624,5
Proposed smooth SAC,smooth,4,58,12058,enlarged_delay_only,5,0.25,0.0,0.0,0.0,1.0,1.0,1.0,2.3268545695420997,62.93145738971906,1,1,1,0,0,0,0,75,-1,-1,79,1,0,4,0.2,0,0.0,0,0,79,0.06414400551526749,1.0131635810532462,5
Proposed smooth SAC,smooth,4,59,12059,enlarged_delay_only,5,0.25,0.0,0.0,0.0,1.0,1.0,1.0,2.1903482121613216,54.840688506488746,1,1,0,1,0,1,1,66,70,84,101,3,2,35,1.75,31,1.55,0,0,101,0.06382312305756194,3.632884131315518,5
Proposed smooth SAC,smooth,4,60,12060,enlarged_delay_only,5,0.25,0.0,0.0,0.0,1.0,1.0,1.0,1.0973360553047116,33.91806713521758,1,1,1,0,0,0,0,74,-1,-1,78,1,0,4,0.2,0,0.0,0,0,78,0.03877546611276264,2.4394208450902717,5
Proposed smooth SAC,smooth,4,61,12061,enlarged_delay_only,5,0.25,0.0,0.0,0.0,1.0,1.0,1.0,1.936928029361262,42.58082679539602,1,1,0,1,0,1,1,68,69,71,84,3,2,16,0.8,12,0.6000000000000001,0,0,84,0.08706874523374436,1.4183832298627643,5
Proposed smooth SAC,smooth,4,62,12062,enlarged_delay_only,5,0.25,0.0,0.0,0.0,1.0,1.0,1.0,1.8981880108378766,55.958209907540386,1,1,1,0,0,0,0,50,-1,-1,54,1,0,4,0.2,0,0.0,0,0,54,0.036541047021568275,3.1016260412564023,5
Proposed smooth SAC,smooth,4,63,12063,enlarged_delay_only,5,0.25,0.0,0.0,0.0,1.0,1.0,1.0,1.3410819077846639,71.65242733709893,1,1,0,1,0,1,1,44,48,58,62,2,1,18,0.9,14,0.7000000000000001,0,0,62,0.058538396210947516,2.25057721359682,5
Proposed smooth SAC,smooth,4,64,12064,enlarged_delay_only,5,0.25,0.0,0.0,0.0,1.0,1.0,1.0,3.236122857778983,77.84361815931113,1,1,0,1,0,1,1,77,81,93,97,2,1,20,1.0,16,0.8,0,0,97,0.07046215368849222,2.6276356722932586,5
Proposed smooth SAC,smooth,4,65,12065,enlarged_delay_only,5,0.25,0.0,0.0,0.0,1.0,1.0,1.0,2.27680658754703,16.046224888813487,1,1,1,0,0,0,0,54,-1,-1,58,1,0,4,0.2,0,0.0,0,0,58,0.07654069257905725,1.4857490654814827,5
Proposed smooth SAC,smooth,4,66,12066,enlarged_delay_only,5,0.25,0.0,0.0,0.0,1.0,1.0,1.0,0.7254567305431476,42.00001141404023,1,1,1,0,0,0,0,28,-1,-1,32,1,0,4,0.2,0,0.0,0,0,32,0.04584379114787209,4.636467304840763,5
Proposed smooth SAC,smooth,4,67,12067,enlarged_delay_only,5,0.25,0.0,0.0,0.0,1.0,1.0,1.0,1.5334421939190404,11.645351299013972,1,1,0,1,0,1,1,57,60,69,73,2,1,16,0.8,12,0.6000000000000001,0,0,73,0.05930540384146061,1.583405189243621,5
Proposed smooth SAC,smooth,4,68,12068,enlarged_delay_only,5,0.25,0.0,0.0,0.0,1.0,1.0,1.0,1.8681160247703945,59.46436457456137,1,1,0,1,0,1,1,64,65,84,88,2,1,24,1.2000000000000002,20,1.0,0,0,88,0.08317415410339064,3.2203174401148873,5
Proposed smooth SAC,smooth,4,69,12069,enlarged_delay_only,5,0.25,0.0,0.0,0.0,1.0,1.0,1.0,1.886519728757838,51.09646759594697,1,1,0,1,0,1,1,59,60,72,76,2,1,17,0.8500000000000001,13,0.65,0,0,76,0.09411303974909971,4.372854446276828,5
Proposed smooth SAC,smooth,4,70,12070,enlarged_delay_only,5,0.25,0.0,0.0,0.0,1.0,1.0,1.0,1.6986806001597525,76.52323330972095,1,1,0,1,0,1,1,54,55,66,70,2,1,16,0.8,12,0.6000000000000001,0,0,70,0.03827117374167281,3.3842161535423942,5
Proposed smooth SAC,smooth,4,71,12071,enlarged_delay_only,5,0.25,0.0,0.0,0.0,1.0,1.0,1.0,2.6459208153503964,67.50779341665432,1,1,1,0,0,0,0,72,-1,-1,76,1,0,4,0.2,0,0.0,0,0,76,0.07531407852588581,2.8356687202598607,5
Proposed smooth SAC,smooth,4,72,12072,enlarged_delay_only,5,0.25,0.0,0.0,0.0,1.0,1.0,1.0,0.48175087121353316,49.596093601348606,1,1,0,1,0,1,1,25,29,40,44,2,1,19,0.9500000000000001,15,0.75,0,0,44,0.061108027646178856,2.4801057206550987,5
Proposed smooth SAC,smooth,4,73,12073,enlarged_delay_only,5,0.25,0.0,0.0,0.0,1.0,1.0,1.0,1.3565823895626754,84.90849262920553,1,1,0,1,0,1,1,61,63,82,86,2,1,25,1.25,21,1.05,0,0,86,0.07347232474265576,3.6209146516818933,5
Proposed smooth SAC,smooth,4,74,12074,enlarged_delay_only,5,0.25,0.0,0.0,0.0,1.0,1.0,1.0,2.034268978334935,63.584860606479154,1,1,1,0,0,0,0,51,-1,-1,55,1,0,4,0.2,0,0.0,0,0,55,0.04579920617248731,3.8409543184357315,5
Proposed smooth SAC,smooth,4,75,12075,enlarged_delay_only,5,0.25,0.0,0.0,0.0,1.0,1.0,1.0,2.7867133802887056,59.621185717904865,1,1,0,1,0,1,1,76,78,89,93,2,1,17,0.8500000000000001,13,0.65,0,0,93,0.07704673892499739,4.545395696881929,5
Proposed smooth SAC,smooth,4,76,12076,enlarged_delay_only,5,0.25,0.0,0.0,0.0,1.0,1.0,1.0,1.4672375160200708,30.3721436917542,1,1,0,1,0,1,1,58,61,70,74,2,1,16,0.8,12,0.6000000000000001,0,0,74,0.019744326821778353,4.492311039765767,5
Proposed smooth SAC,smooth,4,77,12077,enlarged_delay_only,5,0.25,0.0,0.0,0.0,1.0,1.0,1.0,1.9775577095396648,51.41426263764932,1,1,0,1,0,1,1,49,50,67,71,2,1,22,1.1,18,0.9,0,0,71,0.05530483621136736,0.6377808132201352,5
Proposed smooth SAC,smooth,4,78,12078,enlarged_delay_only,5,0.25,0.0,0.0,0.0,1.0,1.0,1.0,2.327760709820301,60.008956047653996,1,1,0,1,0,1,1,63,66,88,92,2,1,29,1.4500000000000002,25,1.25,0,0,92,0.09673459581987291,1.0507965359978413,5
Proposed smooth SAC,smooth,4,79,12079,enlarged_delay_only,5,0.25,0.0,0.0,0.0,1.0,1.0,1.0,1.5278991276633485,40.17317828277736,1,1,1,0,0,0,0,63,-1,-1,67,1,0,4,0.2,0,0.0,0,0,67,0.028452756024244234,2.258950385189021,5
Proposed smooth SAC,smooth,4,80,12080,enlarged_delay_only,5,0.25,0.0,0.0,0.0,1.0,1.0,1.0,2.3192768073204557,47.36251928991689,1,1,0,1,0,1,1,63,64,76,80,2,1,17,0.8500000000000001,13,0.65,0,0,80,0.07782686376315211,3.20187827723338,5
Proposed smooth SAC,smooth,4,81,12081,enlarged_delay_only,5,0.25,0.0,0.0,0.0,1.0,1.0,1.0,2.348060423688873,77.305474384795,1,1,0,1,0,1,1,60,63,78,120,6,5,60,3.0,56,2.8000000000000003,0,0,120,0.07965887171047693,0.12967399619832173,5
Proposed smooth SAC,smooth,4,82,12082,enlarged_delay_only,5,0.25,0.0,0.0,0.0,1.0,1.0,1.0,1.657062365864348,55.61082307125895,1,1,1,0,0,0,0,56,-1,-1,60,1,0,4,0.2,0,0.0,0,0,60,0.08490879120966946,3.4950820766027486,5
Proposed smooth SAC,smooth,4,83,12083,enlarged_delay_only,5,0.25,0.0,0.0,0.0,1.0,1.0,1.0,1.7829506075254924,2.609497891508878,1,1,1,0,0,0,0,44,-1,-1,48,1,0,4,0.2,0,0.0,0,0,48,0.044434994763352526,0.8602386337444226,5
Proposed smooth SAC,smooth,4,84,12084,enlarged_delay_only,5,0.25,0.0,0.0,0.0,1.0,1.0,1.0,1.6404890956693123,1.3837049720644343,1,1,0,1,0,1,1,65,66,77,81,2,1,16,0.8,12,0.6000000000000001,0,0,81,0.07108233008970917,2.576705512973412,5
Proposed smooth SAC,smooth,4,85,12085,enlarged_delay_only,5,0.25,0.0,0.0,0.0,1.0,1.0,1.0,2.497746521837666,36.904581010184,1,1,1,0,0,0,0,68,-1,-1,72,1,0,4,0.2,0,0.0,0,0,72,0.019054891589308537,1.4094925647192291,5
Proposed smooth SAC,smooth,4,86,12086,enlarged_delay_only,5,0.25,0.0,0.0,0.0,1.0,1.0,1.0,1.8263883792562778,0.33389918702221527,1,1,1,0,0,0,0,61,-1,-1,65,1,0,4,0.2,0,0.0,0,0,65,0.07170772887830172,1.4429271944800879,5
Proposed smooth SAC,smooth,4,87,12087,enlarged_delay_only,5,0.25,0.0,0.0,0.0,1.0,1.0,1.0,2.03592606033529,9.710697655286923,1,1,0,1,0,1,1,53,54,68,72,2,1,19,0.9500000000000001,15,0.75,0,0,72,0.04407672476357975,2.003598640426217,5
Proposed smooth SAC,smooth,4,88,12088,enlarged_delay_only,5,0.25,0.0,0.0,0.0,1.0,1.0,1.0,2.799243954274032,20.695729317232512,1,1,1,0,0,0,0,65,-1,-1,69,1,0,4,0.2,0,0.0,0,0,69,0.07942655591600103,2.502543532408825,5
Proposed smooth SAC,smooth,4,89,12089,enlarged_delay_only,5,0.25,0.0,0.0,0.0,1.0,1.0,1.0,1.9684957245170929,46.29750155301514,1,1,0,1,0,1,1,54,55,73,93,3,2,39,1.9500000000000002,35,1.75,0,0,93,0.055991763673035065,4.218164321954379,5
Proposed smooth SAC,smooth,4,90,12090,enlarged_delay_only,5,0.25,0.0,0.0,0.0,1.0,1.0,1.0,1.911320050192248,50.27198521595098,1,1,0,1,0,1,1,56,60,71,75,2,1,19,0.9500000000000001,15,0.75,0,0,75,0.08835921800640628,2.430749706495529,5
Proposed smooth SAC,smooth,4,91,12091,enlarged_delay_only,5,0.25,0.0,0.0,0.0,1.0,1.0,1.0,2.127844865867529,32.123072930770725,1,1,0,1,0,1,1,75,77,82,86,2,1,11,0.55,7,0.35000000000000003,0,0,86,0.07337374157538876,0.2739532847196579,5
Proposed smooth SAC,smooth,4,92,12092,enlarged_delay_only,5,0.25,0.0,0.0,0.0,1.0,1.0,1.0,2.1800958407414126,47.35001662864118,1,1,1,0,0,0,0,95,-1,-1,99,1,0,4,0.2,0,0.0,0,0,99,0.07690204410498624,3.3964914975847877,5
Proposed smooth SAC,smooth,4,93,12093,enlarged_delay_only,5,0.25,0.0,0.0,0.0,1.0,1.0,1.0,3.259884867767638,59.350430189016386,1,1,0,1,0,1,1,100,104,117,121,2,1,21,1.05,17,0.8500000000000001,0,0,121,0.07960258292250018,3.488410475887527,5
Proposed smooth SAC,smooth,4,94,12094,enlarged_delay_only,5,0.25,0.0,0.0,0.0,1.0,1.0,1.0,0.7611576363914472,18.846404373032783,1,1,1,0,0,0,0,40,-1,-1,44,1,0,4,0.2,0,0.0,0,0,44,0.07121355869095325,4.274631203370167,5
Proposed smooth SAC,smooth,4,95,12095,enlarged_delay_only,5,0.25,0.0,0.0,0.0,1.0,1.0,1.0,2.315981959981536,11.583421973809466,1,1,1,0,0,0,0,58,-1,-1,62,1,0,4,0.2,0,0.0,0,0,62,0.04332273563870131,2.0313025280300234,5
Proposed smooth SAC,smooth,4,96,12096,enlarged_delay_only,5,0.25,0.0,0.0,0.0,1.0,1.0,1.0,2.6433593115574596,23.402961879678983,1,1,0,1,0,1,1,64,68,83,87,2,1,23,1.1500000000000001,19,0.9500000000000001,0,0,87,0.05121661682460324,4.1377170732495,5
Proposed smooth SAC,smooth,4,97,12097,enlarged_delay_only,5,0.25,0.0,0.0,0.0,1.0,1.0,1.0,2.517006739513531,35.98333875531102,1,1,1,0,0,0,0,80,-1,-1,84,1,0,4,0.2,0,0.0,0,0,84,0.04890303980290357,0.7628613204386383,5
Proposed smooth SAC,smooth,4,98,12098,enlarged_delay_only,5,0.25,0.0,0.0,0.0,1.0,1.0,1.0,3.120283930411399,82.53858091175118,1,1,0,1,0,1,1,73,74,78,82,2,1,9,0.45,5,0.25,0,0,82,0.08043183671245796,0.5967231587370134,5
Proposed smooth SAC,smooth,4,99,12099,enlarged_delay_only,5,0.25,0.0,0.0,0.0,1.0,1.0,1.0,0.19539344804534206,10.475630177230514,1,1,0,1,0,1,1,12,16,30,34,2,1,22,1.1,18,0.9,0,0,34,0.048521991801792626,3.1072201796300543,5
Proposed smooth SAC,smooth,0,0,12000,enlarged_delay_only,7,0.35000000000000003,0.0,0.0,0.0,1.0,1.0,1.0,1.4011169590411672,3.680448288035017,1,0,0,1,1,0,0,163,167,206,-1,7,7,-1,-1.0,-1,-1.0,1,0,1000,0.20742151316586868,15.698397505330586,0
Proposed smooth SAC,smooth,0,1,12001,enlarged_delay_only,7,0.35000000000000003,0.0,0.0,0.0,1.0,1.0,1.0,1.8698938269216967,60.07772922240686,1,0,0,1,1,0,0,102,105,-1,-1,1,1,-1,-1.0,-1,-1.0,1,0,1000,0.11432680580278028,1.795579679724778,0
Proposed smooth SAC,smooth,0,2,12002,enlarged_delay_only,7,0.35000000000000003,0.0,0.0,0.0,1.0,1.0,1.0,1.5052862077716045,52.14187244464703,1,0,0,1,1,0,0,222,223,283,-1,19,19,-1,-1.0,-1,-1.0,1,0,1000,0.2140444623232893,8.830938554338015,0
Proposed smooth SAC,smooth,0,3,12003,enlarged_delay_only,7,0.35000000000000003,0.0,0.0,0.0,1.0,1.0,1.0,1.11052274394814,63.72168295593285,1,0,0,1,1,0,0,119,123,179,-1,14,14,-1,-1.0,-1,-1.0,1,0,1000,0.14176094809404433,7.74561893390205,0
Proposed smooth SAC,smooth,0,4,12004,enlarged_delay_only,7,0.35000000000000003,0.0,0.0,0.0,1.0,1.0,1.0,2.0622948587954135,27.609846144219087,1,0,0,1,1,0,0,396,400,416,-1,12,12,-1,-1.0,-1,-1.0,1,0,1000,0.11021422522034244,4.108229865942086,0
Proposed smooth SAC,smooth,0,5,12005,enlarged_delay_only,7,0.35000000000000003,0.0,0.0,0.0,1.0,1.0,1.0,0.7836208893081577,86.33696522241115,1,0,0,1,1,0,0,119,120,140,-1,14,14,-1,-1.0,-1,-1.0,1,0,1000,0.1381983907021699,1.7378588182660581,0
Proposed smooth SAC,smooth,0,6,12006,enlarged_delay_only,7,0.35000000000000003,0.0,0.0,0.0,1.0,1.0,1.0,1.4039658384766267,70.50865751906693,1,0,0,1,1,0,0,145,147,220,-1,19,19,-1,-1.0,-1,-1.0,1,0,1000,0.1325725755784326,6.890894610695355,0
Proposed smooth SAC,smooth,0,7,12007,enlarged_delay_only,7,0.35000000000000003,0.0,0.0,0.0,1.0,1.0,1.0,2.023389540687327,41.417218692919725,1,0,0,1,1,0,0,97,98,213,-1,21,21,-1,-1.0,-1,-1.0,1,0,1000,0.19510969961190436,8.940127665957132,0
Proposed smooth SAC,smooth,0,8,12008,enlarged_delay_only,7,0.35000000000000003,0.0,0.0,0.0,1.0,1.0,1.0,0.6761041193866284,47.03972454974209,1,1,0,1,0,1,1,32,34,52,56,2,1,24,1.2000000000000002,20,1.0,0,0,56,0.09505432724151963,3.408513697741068,5
Proposed smooth SAC,smooth,0,9,12009,enlarged_delay_only,7,0.35000000000000003,0.0,0.0,0.0,1.0,1.0,1.0,0.8365610729382312,17.566701837686487,1,1,0,1,0,1,1,114,116,292,573,11,10,459,22.950000000000003,455,22.75,0,0,573,0.08711423821751142,1.1181049553388491,5
Proposed smooth SAC,smooth,0,10,12010,enlarged_delay_only,7,0.35000000000000003,0.0,0.0,0.0,1.0,1.0,1.0,2.0882312594206844,67.10242168941406,1,0,0,1,1,0,0,312,314,452,-1,12,12,-1,-1.0,-1,-1.0,1,0,1000,0.1752449109021579,10.677459705883452,0
Proposed smooth SAC,smooth,0,11,12011,enlarged_delay_only,7,0.35000000000000003,0.0,0.0,0.0,1.0,1.0,1.0,1.0363136503576447,39.13181690606595,1,0,0,1,1,0,0,144,148,184,-1,21,21,-1,-1.0,-1,-1.0,1,0,1000,0.12469636204061453,9.293042686598044,0
Proposed smooth SAC,smooth,0,12,12012,enlarged_delay_only,7,0.35000000000000003,0.0,0.0,0.0,1.0,1.0,1.0,1.0633346171025668,74.10415106043168,1,0,0,1,1,0,0,692,693,-1,-1,1,1,-1,-1.0,-1,-1.0,1,0,1000,0.145697191842413,9.499253781603546,0
Proposed smooth SAC,smooth,0,13,12013,enlarged_delay_only,7,0.35000000000000003,0.0,0.0,0.0,1.0,1.0,1.0,2.9321695975105375,64.82631579002067,1,0,0,1,1,0,0,265,266,285,-1,11,11,-1,-1.0,-1,-1.0,1,0,1000,0.2273936175894149,8.10744735140983,0
Proposed smooth SAC,smooth,0,14,12014,enlarged_delay_only,7,0.35000000000000003,0.0,0.0,0.0,1.0,1.0,1.0,1.5727126782681156,69.85363554747353,1,1,0,1,0,1,1,81,83,101,142,4,3,61,3.0500000000000003,57,2.85,0,0,142,0.0656332385959256,4.981519070199698,5
Proposed smooth SAC,smooth,0,15,12015,enlarged_delay_only,7,0.35000000000000003,0.0,0.0,0.0,1.0,1.0,1.0,1.7941221940119125,66.18821452938619,1,1,1,0,0,0,0,227,-1,-1,231,1,0,4,0.2,0,0.0,0,0,231,0.09671102696085816,2.265472362072737,5
Proposed smooth SAC,smooth,0,16,12016,enlarged_delay_only,7,0.35000000000000003,0.0,0.0,0.0,1.0,1.0,1.0,2.0956191639967527,80.76412508613855,1,0,0,1,1,0,0,142,146,201,-1,5,5,-1,-1.0,-1,-1.0,1,0,1000,0.12959209523514822,6.119953656716268,0
Proposed smooth SAC,smooth,0,17,12017,enlarged_delay_only,7,0.35000000000000003,0.0,0.0,0.0,1.0,1.0,1.0,2.3497476747776798,68.42664510531779,1,0,0,1,1,0,0,114,116,153,-1,9,9,-1,-1.0,-1,-1.0,1,0,1000,0.050309189310718976,12.06918588135442,0
Proposed smooth SAC,smooth,0,18,12018,enlarged_delay_only,7,0.35000000000000003,0.0,0.0,0.0,1.0,1.0,1.0,1.3063656328926654,58.185179426044705,1,0,0,1,1,0,0,65,69,152,-1,3,3,-1,-1.0,-1,-1.0,1,0,1000,0.14578598034500748,14.807698148878611,0
Proposed smooth SAC,smooth,0,19,12019,enlarged_delay_only,7,0.35000000000000003,0.0,0.0,0.0,1.0,1.0,1.0,1.569053725441394,46.92282244700273,1,0,0,1,1,0,0,169,170,-1,-1,1,1,-1,-1.0,-1,-1.0,1,0,1000,0.14721386927829727,14.662356845982618,0
Proposed smooth SAC,smooth,0,20,12020,enlarged_delay_only,7,0.35000000000000003,0.0,0.0,0.0,1.0,1.0,1.0,2.8509785660679805,57.54032760612546,1,0,0,1,1,0,0,112,115,134,-1,4,4,-1,-1.0,-1,-1.0,1,0,1000,0.13544286649726586,4.65754356107213,0
Proposed smooth SAC,smooth,0,21,12021,enlarged_delay_only,7,0.35000000000000003,0.0,0.0,0.0,1.0,1.0,1.0,1.721321109839246,84.23015922197487,1,0,0,1,1,0,0,110,111,209,-1,15,15,-1,-1.0,-1,-1.0,1,0,1000,0.11053149162195537,0.9184960919398115,0
Proposed smooth SAC,smooth,0,22,12022,enlarged_delay_only,7,0.35000000000000003,0.0,0.0,0.0,1.0,1.0,1.0,2.0714459852992766,7.241713190147896,1,0,0,1,1,0,0,221,225,241,-1,7,7,-1,-1.0,-1,-1.0,1,0,1000,0.2081931252564334,15.645548916627613,0
Proposed smooth SAC,smooth,0,23,12023,enlarged_delay_only,7,0.35000000000000003,0.0,0.0,0.0,1.0,1.0,1.0,1.96706721911142,29.687929491648173,1,1,1,0,0,0,0,77,-1,-1,81,1,0,4,0.2,0,0.0,0,0,81,0.07176829716276768,3.360672918360183,5
Proposed smooth SAC,smooth,0,24,12024,enlarged_delay_only,7,0.35000000000000003,0.0,0.0,0.0,1.0,1.0,1.0,2.3296647946987346,59.32330750782227,1,1,0,1,0,1,1,278,281,315,319,2,1,41,2.0500000000000003,37,1.85,0,0,319,0.0763405726335204,4.254696869390663,5
Proposed smooth SAC,smooth,0,25,12025,enlarged_delay_only,7,0.35000000000000003,0.0,0.0,0.0,1.0,1.0,1.0,1.7406706115734212,29.68845883130885,1,1,1,0,0,0,0,119,-1,-1,123,1,0,4,0.2,0,0.0,0,0,123,0.09938408246094438,4.740926937346469,5
Proposed smooth SAC,smooth,0,26,12026,enlarged_delay_only,7,0.35000000000000003,0.0,0.0,0.0,1.0,1.0,1.0,1.2890960116783232,58.822470226552745,1,0,0,1,1,0,0,104,105,126,-1,6,6,-1,-1.0,-1,-1.0,1,0,1000,0.13928452308548914,7.809842348894033,0
Proposed smooth SAC,smooth,0,27,12027,enlarged_delay_only,7,0.35000000000000003,0.0,0.0,0.0,1.0,1.0,1.0,1.679512651290201,27.36887877784833,1,0,0,1,1,0,0,99,101,141,-1,8,8,-1,-1.0,-1,-1.0,1,0,1000,0.0740424056837589,15.848256978362544,0
Proposed smooth SAC,smooth,0,28,12028,enlarged_delay_only,7,0.35000000000000003,0.0,0.0,0.0,1.0,1.0,1.0,2.161397968359572,63.816718208044406,1,0,0,1,1,0,0,127,129,146,-1,10,10,-1,-1.0,-1,-1.0,1,0,1000,0.21243042771721674,10.557221909508193,0
Proposed smooth SAC,smooth,0,29,12029,enlarged_delay_only,7,0.35000000000000003,0.0,0.0,0.0,1.0,1.0,1.0,1.4273638277059564,34.274883047648224,1,1,0,1,0,1,1,120,123,159,240,4,3,120,6.0,116,5.800000000000001,0,0,240,0.08513092959906322,3.700662659770493,5
Proposed smooth SAC,smooth,0,30,12030,enlarged_delay_only,7,0.35000000000000003,0.0,0.0,0.0,1.0,1.0,1.0,1.7462896683471236,26.955215200955678,1,1,0,1,0,1,1,75,76,97,101,2,1,26,1.3,22,1.1,0,0,101,0.09115174921123452,4.932141498255561,5
Proposed smooth SAC,smooth,0,31,12031,enlarged_delay_only,7,0.35000000000000003,0.0,0.0,0.0,1.0,1.0,1.0,0.831092090571535,57.81877392801937,1,1,0,1,0,1,1,85,87,123,306,4,3,221,11.05,217,10.850000000000001,0,0,306,0.07606569589061207,3.167776636811387,5
Proposed smooth SAC,smooth,0,32,12032,enlarged_delay_only,7,0.35000000000000003,0.0,0.0,0.0,1.0,1.0,1.0,2.3622064651248813,65.6166711298287,1,1,1,0,0,0,0,73,-1,-1,77,1,0,4,0.2,0,0.0,0,0,77,0.04614106302782309,4.416559119228448,5
Proposed smooth SAC,smooth,0,33,12033,enlarged_delay_only,7,0.35000000000000003,0.0,0.0,0.0,1.0,1.0,1.0,0.7030471412582213,16.83992189867294,1,1,0,1,0,1,1,184,186,259,263,2,1,79,3.95,75,3.75,0,0,263,0.09562056590284994,4.301024761870389,5
Proposed smooth SAC,smooth,0,34,12034,enlarged_delay_only,7,0.35000000000000003,0.0,0.0,0.0,1.0,1.0,1.0,2.282842407805926,24.938362791888462,1,1,0,1,0,1,1,154,158,197,954,21,20,800,40.0,796,39.800000000000004,0,0,954,0.09452244183973893,4.25206212391833,5
Proposed smooth SAC,smooth,0,35,12035,enlarged_delay_only,7,0.35000000000000003,0.0,0.0,0.0,1.0,1.0,1.0,2.371908074838775,71.96116554796184,1,0,0,1,1,0,0,66,69,90,-1,16,16,-1,-1.0,-1,-1.0,1,0,1000,0.1667496439579929,7.594167173019834,0
Proposed smooth SAC,smooth,0,36,12036,enlarged_delay_only,7,0.35000000000000003,0.0,0.0,0.0,1.0,1.0,1.0,0.8829462334714887,87.90779944848737,1,0,0,1,1,0,0,104,108,147,-1,16,16,-1,-1.0,-1,-1.0,1,0,1000,0.12301372754266651,13.097100323137367,0
Proposed smooth SAC,smooth,0,37,12037,enlarged_delay_only,7,0.35000000000000003,0.0,0.0,0.0,1.0,1.0,1.0,0.817844285721509,43.45796651879823,1,1,0,1,0,1,1,90,91,128,152,3,2,62,3.1,58,2.9000000000000004,0,0,152,0.09227961101075192,4.979142591255357,5
Proposed smooth SAC,smooth,0,38,12038,enlarged_delay_only,7,0.35000000000000003,0.0,0.0,0.0,1.0,1.0,1.0,1.5743284929286714,57.88825061225674,1,0,0,1,1,0,0,160,161,180,-1,22,22,-1,-1.0,-1,-1.0,1,0,1000,0.20914552286341045,11.430932024173408,0
Proposed smooth SAC,smooth,0,39,12039,enlarged_delay_only,7,0.35000000000000003,0.0,0.0,0.0,1.0,1.0,1.0,0.8994689163493125,9.298986658723248,1,0,0,1,1,0,0,97,98,118,-1,4,4,-1,-1.0,-1,-1.0,1,0,1000,0.20922211205278637,5.989517961023357,0
Proposed smooth SAC,smooth,0,40,12040,enlarged_delay_only,7,0.35000000000000003,0.0,0.0,0.0,1.0,1.0,1.0,1.8657719186487738,68.44804408798744,1,0,0,1,1,0,0,72,73,115,-1,20,20,-1,-1.0,-1,-1.0,1,0,1000,0.1998565853852486,11.422605169801518,0
Proposed smooth SAC,smooth,0,41,12041,enlarged_delay_only,7,0.35000000000000003,0.0,0.0,0.0,1.0,1.0,1.0,2.1801507199074694,36.011752342258276,1,0,0,1,1,0,0,115,116,616,-1,2,2,-1,-1.0,-1,-1.0,1,0,1000,0.22269875960880117,14.771306900980784,0
Proposed smooth SAC,smooth,0,42,12042,enlarged_delay_only,7,0.35000000000000003,0.0,0.0,0.0,1.0,1.0,1.0,2.890509486387824,8.39370570216694,1,0,0,1,1,0,0,106,107,130,-1,6,6,-1,-1.0,-1,-1.0,1,0,1000,0.09678408885135212,10.048688712591357,0
Proposed smooth SAC,smooth,0,43,12043,enlarged_delay_only,7,0.35000000000000003,0.0,0.0,0.0,1.0,1.0,1.0,1.4295379479494126,86.66219834011966,1,0,0,1,1,0,0,264,268,303,-1,14,14,-1,-1.0,-1,-1.0,1,0,1000,0.1537642574438992,4.032005381691566,0
Proposed smooth SAC,smooth,0,44,12044,enlarged_delay_only,7,0.35000000000000003,0.0,0.0,0.0,1.0,1.0,1.0,1.4633774253790757,25.79388667411487,1,0,0,1,1,0,0,142,143,366,-1,16,16,-1,-1.0,-1,-1.0,1,0,1000,0.108461187285549,6.0478200288917625,0
Proposed smooth SAC,smooth,0,45,12045,enlarged_delay_only,7,0.35000000000000003,0.0,0.0,0.0,1.0,1.0,1.0,2.7817081294799144,45.277112272150255,1,0,0,1,1,0,0,121,122,191,-1,13,13,-1,-1.0,-1,-1.0,1,0,1000,0.18348443655587668,9.480847275564006,0
Proposed smooth SAC,smooth,0,46,12046,enlarged_delay_only,7,0.35000000000000003,0.0,0.0,0.0,1.0,1.0,1.0,2.448255495287487,6.5296484668143195,1,0,0,1,1,0,0,95,97,-1,-1,1,1,-1,-1.0,-1,-1.0,1,0,1000,0.1647104941855936,3.933584063298975,0
Proposed smooth SAC,smooth,0,47,12047,enlarged_delay_only,7,0.35000000000000003,0.0,0.0,0.0,1.0,1.0,1.0,2.0375889749407565,48.300679923363994,1,0,0,1,1,0,0,203,205,223,-1,12,12,-1,-1.0,-1,-1.0,1,0,1000,0.2127201925836168,14.408719478701487,0
Proposed smooth SAC,smooth,0,48,12048,enlarged_delay_only,7,0.35000000000000003,0.0,0.0,0.0,1.0,1.0,1.0,1.595910055499794,38.132652438046875,1,0,0,1,1,0,0,158,160,175,-1,3,3,-1,-1.0,-1,-1.0,1,0,1000,0.16400593992858134,12.823196077041516,0
Proposed smooth SAC,smooth,0,49,12049,enlarged_delay_only,7,0.35000000000000003,0.0,0.0,0.0,1.0,1.0,1.0,1.5300451933387877,9.115019782297185,1,0,0,1,1,0,0,146,150,165,-1,23,23,-1,-1.0,-1,-1.0,1,0,1000,0.08442018751259482,7.879208896331037,0
Proposed smooth SAC,smooth,0,50,12050,enlarged_delay_only,7,0.35000000000000003,0.0,0.0,0.0,1.0,1.0,1.0,2.262693545269486,73.02772690761601,1,1,1,0,0,0,0,50,-1,-1,54,1,0,4,0.2,0,0.0,0,0,54,0.07919233473199035,3.1419655653813208,5
Proposed smooth SAC,smooth,0,51,12051,enlarged_delay_only,7,0.35000000000000003,0.0,0.0,0.0,1.0,1.0,1.0,1.6263518811985,35.99433194478016,1,1,0,1,0,1,1,66,70,97,119,3,2,53,2.6500000000000004,49,2.45,0,0,119,0.09872857030215597,3.721146397091361,5
Proposed smooth SAC,smooth,0,52,12052,enlarged_delay_only,7,0.35000000000000003,0.0,0.0,0.0,1.0,1.0,1.0,0.7048587995105587,83.91519870877808,1,0,0,1,1,0,0,61,63,80,-1,20,20,-1,-1.0,-1,-1.0,1,0,1000,0.19795340667592629,13.104291658559744,0
Proposed smooth SAC,smooth,0,53,12053,enlarged_delay_only,7,0.35000000000000003,0.0,0.0,0.0,1.0,1.0,1.0,1.470188620244381,45.138920469767974,1,0,0,1,1,0,0,187,189,207,-1,2,2,-1,-1.0,-1,-1.0,1,0,1000,0.01496420591829734,11.928396899540239,0
Proposed smooth SAC,smooth,0,54,12054,enlarged_delay_only,7,0.35000000000000003,0.0,0.0,0.0,1.0,1.0,1.0,2.2790002868522827,82.51781713667434,1,0,0,1,1,0,0,201,204,303,-1,18,18,-1,-1.0,-1,-1.0,1,0,1000,0.1728514202294869,15.520510351039482,0
Proposed smooth SAC,smooth,0,55,12055,enlarged_delay_only,7,0.35000000000000003,0.0,0.0,0.0,1.0,1.0,1.0,2.8850994760210127,23.46271066699096,1,0,0,1,1,0,0,94,95,220,-1,22,22,-1,-1.0,-1,-1.0,1,0,1000,0.12226265285764217,7.748350155796409,0
Proposed smooth SAC,smooth,0,56,12056,enlarged_delay_only,7,0.35000000000000003,0.0,0.0,0.0,1.0,1.0,1.0,1.826905546699788,11.925707512554547,1,0,0,1,1,0,0,207,209,226,-1,20,20,-1,-1.0,-1,-1.0,1,0,1000,0.22210002137564921,17.280096854828997,0
Proposed smooth SAC,smooth,0,57,12057,enlarged_delay_only,7,0.35000000000000003,0.0,0.0,0.0,1.0,1.0,1.0,1.7691751722646727,27.276807827836556,1,0,0,1,1,0,0,515,519,572,-1,8,8,-1,-1.0,-1,-1.0,1,0,1000,0.1753715240664073,8.33521452343589,0
Proposed smooth SAC,smooth,0,58,12058,enlarged_delay_only,7,0.35000000000000003,0.0,0.0,0.0,1.0,1.0,1.0,2.3268545695420997,62.93145738971906,1,0,0,1,1,0,0,207,210,245,-1,21,21,-1,-1.0,-1,-1.0,1,0,1000,0.10236067139310641,0.9896810705216249,0
Proposed smooth SAC,smooth,0,59,12059,enlarged_delay_only,7,0.35000000000000003,0.0,0.0,0.0,1.0,1.0,1.0,2.1903482121613216,54.840688506488746,1,1,1,0,0,0,0,203,-1,-1,207,1,0,4,0.2,0,0.0,0,0,207,0.0934593138750688,4.849372839006523,5
Proposed smooth SAC,smooth,0,60,12060,enlarged_delay_only,7,0.35000000000000003,0.0,0.0,0.0,1.0,1.0,1.0,1.0973360553047116,33.91806713521758,1,0,0,1,1,0,0,203,204,377,-1,17,17,-1,-1.0,-1,-1.0,1,0,1000,0.16591493581060857,8.208445358666808,0
Proposed smooth SAC,smooth,0,61,12061,enlarged_delay_only,7,0.35000000000000003,0.0,0.0,0.0,1.0,1.0,1.0,1.936928029361262,42.58082679539602,1,1,0,1,0,1,1,109,111,132,1000,17,16,891,44.550000000000004,887,44.35,0,0,1000,0.07084526109044226,4.455023329539374,5
Proposed smooth SAC,smooth,0,62,12062,enlarged_delay_only,7,0.35000000000000003,0.0,0.0,0.0,1.0,1.0,1.0,1.8981880108378766,55.958209907540386,1,0,0,1,1,0,0,219,222,301,-1,12,12,-1,-1.0,-1,-1.0,1,0,1000,0.174889014059295,1.4706136864458519,0
Proposed smooth SAC,smooth,0,63,12063,enlarged_delay_only,7,0.35000000000000003,0.0,0.0,0.0,1.0,1.0,1.0,1.3410819077846639,71.65242733709893,1,0,0,1,1,0,0,43,45,174,-1,7,7,-1,-1.0,-1,-1.0,1,0,1000,0.21159584363033734,12.557920921188328,0
Proposed smooth SAC,smooth,0,64,12064,enlarged_delay_only,7,0.35000000000000003,0.0,0.0,0.0,1.0,1.0,1.0,3.236122857778983,77.84361815931113,1,0,0,1,1,0,0,146,149,261,-1,21,21,-1,-1.0,-1,-1.0,1,0,1000,0.1857265432929316,13.381120933167653,0
Proposed smooth SAC,smooth,0,65,12065,enlarged_delay_only,7,0.35000000000000003,0.0,0.0,0.0,1.0,1.0,1.0,2.27680658754703,16.046224888813487,1,1,1,0,0,0,0,125,-1,-1,129,1,0,4,0.2,0,0.0,0,0,129,0.07448058457714382,2.852498519818184,5
Proposed smooth SAC,smooth,0,66,12066,enlarged_delay_only,7,0.35000000000000003,0.0,0.0,0.0,1.0,1.0,1.0,0.7254567305431476,42.00001141404023,1,0,0,1,1,0,0,161,162,179,-1,22,22,-1,-1.0,-1,-1.0,1,0,1000,0.1674570335125508,7.873281145905112,0
Proposed smooth SAC,smooth,0,67,12067,enlarged_delay_only,7,0.35000000000000003,0.0,0.0,0.0,1.0,1.0,1.0,1.5334421939190404,11.645351299013972,1,0,0,1,1,0,0,44,47,136,-1,9,9,-1,-1.0,-1,-1.0,1,0,1000,0.17142440427325126,9.610745520746601,0
Proposed smooth SAC,smooth,0,68,12068,enlarged_delay_only,7,0.35000000000000003,0.0,0.0,0.0,1.0,1.0,1.0,1.8681160247703945,59.46436457456137,1,1,0,1,0,1,1,105,109,179,203,3,2,98,4.9,94,4.7,0,0,203,0.08670204455787552,4.133906254579456,5
Proposed smooth SAC,smooth,0,69,12069,enlarged_delay_only,7,0.35000000000000003,0.0,0.0,0.0,1.0,1.0,1.0,1.886519728757838,51.09646759594697,1,0,0,1,1,0,0,132,134,270,-1,17,17,-1,-1.0,-1,-1.0,1,0,1000,0.19067798574657382,15.213836564853201,0
Proposed smooth SAC,smooth,0,70,12070,enlarged_delay_only,7,0.35000000000000003,0.0,0.0,0.0,1.0,1.0,1.0,1.6986806001597525,76.52323330972095,1,0,0,1,1,0,0,164,167,186,-1,16,16,-1,-1.0,-1,-1.0,1,0,1000,0.15877916997726466,8.233840002000916,0
Proposed smooth SAC,smooth,0,71,12071,enlarged_delay_only,7,0.35000000000000003,0.0,0.0,0.0,1.0,1.0,1.0,2.6459208153503964,67.50779341665432,0,0,0,0,0,0,0,-1,-1,-1,-1,0,0,-1,-1.0,-1,-1.0,1,0,1000,0.13569802873306971,1.8952381161307879,0
Proposed smooth SAC,smooth,0,72,12072,enlarged_delay_only,7,0.35000000000000003,0.0,0.0,0.0,1.0,1.0,1.0,0.48175087121353316,49.596093601348606,1,0,0,1,1,0,0,72,74,123,-1,5,5,-1,-1.0,-1,-1.0,1,0,1000,0.1047484950611337,6.592005105728774,0
Proposed smooth SAC,smooth,0,73,12073,enlarged_delay_only,7,0.35000000000000003,0.0,0.0,0.0,1.0,1.0,1.0,1.3565823895626754,84.90849262920553,1,0,0,1,1,0,0,63,66,160,-1,20,20,-1,-1.0,-1,-1.0,1,0,1000,0.20886474615344774,17.374491776705867,0
Proposed smooth SAC,smooth,0,74,12074,enlarged_delay_only,7,0.35000000000000003,0.0,0.0,0.0,1.0,1.0,1.0,2.034268978334935,63.584860606479154,1,0,0,1,1,0,0,106,109,171,-1,19,19,-1,-1.0,-1,-1.0,1,0,1000,0.1484918704675353,9.89457659302742,0
Proposed smooth SAC,smooth,0,75,12075,enlarged_delay_only,7,0.35000000000000003,0.0,0.0,0.0,1.0,1.0,1.0,2.7867133802887056,59.621185717904865,1,1,0,1,0,1,1,176,180,193,755,12,11,579,28.950000000000003,575,28.75,0,0,755,0.06383027444813326,4.755331379419203,5
Proposed smooth SAC,smooth,0,76,12076,enlarged_delay_only,7,0.35000000000000003,0.0,0.0,0.0,1.0,1.0,1.0,1.4672375160200708,30.3721436917542,1,0,0,1,1,0,0,178,180,216,-1,5,5,-1,-1.0,-1,-1.0,1,0,1000,0.17024865312327764,1.7228510783905417,0
Proposed smooth SAC,smooth,0,77,12077,enlarged_delay_only,7,0.35000000000000003,0.0,0.0,0.0,1.0,1.0,1.0,1.9775577095396648,51.41426263764932,1,0,0,1,1,0,0,48,49,169,-1,17,17,-1,-1.0,-1,-1.0,1,0,1000,0.18994426236392375,14.300412315258948,0
Proposed smooth SAC,smooth,0,78,12078,enlarged_delay_only,7,0.35000000000000003,0.0,0.0,0.0,1.0,1.0,1.0,2.327760709820301,60.008956047653996,1,0,0,1,1,0,0,100,102,136,-1,12,12,-1,-1.0,-1,-1.0,1,0,1000,0.10799988142063578,12.71444836639751,0
Proposed smooth SAC,smooth,0,79,12079,enlarged_delay_only,7,0.35000000000000003,0.0,0.0,0.0,1.0,1.0,1.0,1.5278991276633485,40.17317828277736,1,0,0,1,1,0,0,144,146,166,-1,9,9,-1,-1.0,-1,-1.0,1,0,1000,0.15941357844624277,17.39094911751101,0
Proposed smooth SAC,smooth,0,80,12080,enlarged_delay_only,7,0.35000000000000003,0.0,0.0,0.0,1.0,1.0,1.0,2.3192768073204557,47.36251928991689,1,0,0,1,1,0,0,332,334,351,-1,18,18,-1,-1.0,-1,-1.0,1,0,1000,0.23045036882307188,12.587494786520837,0
Proposed smooth SAC,smooth,0,81,12081,enlarged_delay_only,7,0.35000000000000003,0.0,0.0,0.0,1.0,1.0,1.0,2.348060423688873,77.305474384795,1,1,0,1,0,1,1,183,184,325,463,8,7,280,14.0,276,13.8,0,0,463,0.09882870784365025,3.8227377770324846,5
Proposed smooth SAC,smooth,0,82,12082,enlarged_delay_only,7,0.35000000000000003,0.0,0.0,0.0,1.0,1.0,1.0,1.657062365864348,55.61082307125895,1,1,0,1,0,1,1,174,178,214,293,3,2,119,5.95,115,5.75,0,0,293,0.09845606520736956,2.884693470244685,5
Proposed smooth SAC,smooth,0,83,12083,enlarged_delay_only,7,0.35000000000000003,0.0,0.0,0.0,1.0,1.0,1.0,1.7829506075254924,2.609497891508878,1,0,0,1,1,0,0,134,136,154,-1,15,15,-1,-1.0,-1,-1.0,1,0,1000,0.08726963751018801,6.17057731129711,0
Proposed smooth SAC,smooth,0,84,12084,enlarged_delay_only,7,0.35000000000000003,0.0,0.0,0.0,1.0,1.0,1.0,1.6404890956693123,1.3837049720644343,1,0,0,1,1,0,0,187,190,269,-1,19,19,-1,-1.0,-1,-1.0,1,0,1000,0.14931570583959086,6.550261977729417,0
Proposed smooth SAC,smooth,0,85,12085,enlarged_delay_only,7,0.35000000000000003,0.0,0.0,0.0,1.0,1.0,1.0,2.497746521837666,36.904581010184,1,0,0,1,1,0,0,89,92,111,-1,3,3,-1,-1.0,-1,-1.0,1,0,1000,0.18446962563484637,4.123222131170263,0
Proposed smooth SAC,smooth,0,86,12086,enlarged_delay_only,7,0.35000000000000003,0.0,0.0,0.0,1.0,1.0,1.0,1.8263883792562778,0.33389918702221527,1,0,0,1,1,0,0,46,48,178,-1,22,22,-1,-1.0,-1,-1.0,1,0,1000,0.1912611158447986,15.324685412440632,0
Proposed smooth SAC,smooth,0,87,12087,enlarged_delay_only,7,0.35000000000000003,0.0,0.0,0.0,1.0,1.0,1.0,2.03592606033529,9.710697655286923,1,0,0,1,1,0,0,96,97,172,-1,12,12,-1,-1.0,-1,-1.0,1,0,1000,0.11682154807747032,1.73669277690869,0
Proposed smooth SAC,smooth,0,88,12088,enlarged_delay_only,7,0.35000000000000003,0.0,0.0,0.0,1.0,1.0,1.0,2.799243954274032,20.695729317232512,1,0,0,1,1,0,0,109,110,182,-1,15,15,-1,-1.0,-1,-1.0,1,0,1000,0.13555838899481054,14.59849628479029,0
Proposed smooth SAC,smooth,0,89,12089,enlarged_delay_only,7,0.35000000000000003,0.0,0.0,0.0,1.0,1.0,1.0,1.9684957245170929,46.29750155301514,1,1,0,1,0,1,1,121,122,195,199,2,1,78,3.9000000000000004,74,3.7,0,0,199,0.09843887030848884,1.052293841529955,5
Proposed smooth SAC,smooth,0,90,12090,enlarged_delay_only,7,0.35000000000000003,0.0,0.0,0.0,1.0,1.0,1.0,1.911320050192248,50.27198521595098,1,0,0,1,1,0,0,167,169,188,-1,11,11,-1,-1.0,-1,-1.0,1,0,1000,0.13823325971443318,4.224627815343327,0
Proposed smooth SAC,smooth,0,91,12091,enlarged_delay_only,7,0.35000000000000003,0.0,0.0,0.0,1.0,1.0,1.0,2.127844865867529,32.123072930770725,1,0,0,1,1,0,0,174,175,217,-1,21,21,-1,-1.0,-1,-1.0,1,0,1000,0.178932260693797,14.446188188940884,0
Proposed smooth SAC,smooth,0,92,12092,enlarged_delay_only,7,0.35000000000000003,0.0,0.0,0.0,1.0,1.0,1.0,2.1800958407414126,47.35001662864118,1,1,0,1,0,1,1,115,118,158,235,3,2,120,6.0,116,5.800000000000001,0,0,235,0.06265738867017877,3.7944992136827134,5
Proposed smooth SAC,smooth,0,93,12093,enlarged_delay_only,7,0.35000000000000003,0.0,0.0,0.0,1.0,1.0,1.0,3.259884867767638,59.350430189016386,1,1,0,1,0,1,1,148,152,260,264,2,1,116,5.800000000000001,112,5.6000000000000005,0,0,264,0.07643969034936618,4.29375658681985,5
Proposed smooth SAC,smooth,0,94,12094,enlarged_delay_only,7,0.35000000000000003,0.0,0.0,0.0,1.0,1.0,1.0,0.7611576363914472,18.846404373032783,1,0,0,1,1,0,0,112,114,206,-1,3,3,-1,-1.0,-1,-1.0,1,0,1000,0.11436792015682176,9.000998311840284,0
Proposed smooth SAC,smooth,0,95,12095,enlarged_delay_only,7,0.35000000000000003,0.0,0.0,0.0,1.0,1.0,1.0,2.315981959981536,11.583421973809466,1,1,1,0,0,0,0,112,-1,-1,116,1,0,4,0.2,0,0.0,0,0,116,0.08097849038340944,3.870244304030862,5
Proposed smooth SAC,smooth,0,96,12096,enlarged_delay_only,7,0.35000000000000003,0.0,0.0,0.0,1.0,1.0,1.0,2.6433593115574596,23.402961879678983,1,0,0,1,1,0,0,190,191,227,-1,10,10,-1,-1.0,-1,-1.0,1,0,1000,0.1758921096683999,13.526224033216343,0
Proposed smooth SAC,smooth,0,97,12097,enlarged_delay_only,7,0.35000000000000003,0.0,0.0,0.0,1.0,1.0,1.0,2.517006739513531,35.98333875531102,1,0,0,1,1,0,0,150,151,260,-1,15,15,-1,-1.0,-1,-1.0,1,0,1000,0.17599138659023095,13.26782004766819,0
Proposed smooth SAC,smooth,0,98,12098,enlarged_delay_only,7,0.35000000000000003,0.0,0.0,0.0,1.0,1.0,1.0,3.120283930411399,82.53858091175118,1,1,0,1,0,1,1,182,185,262,444,8,7,262,13.100000000000001,258,12.9,0,0,444,0.07673998503571186,4.3655013207484865,5
Proposed smooth SAC,smooth,0,99,12099,enlarged_delay_only,7,0.35000000000000003,0.0,0.0,0.0,1.0,1.0,1.0,0.19539344804534206,10.475630177230514,1,0,0,1,1,0,0,159,161,180,-1,7,7,-1,-1.0,-1,-1.0,1,0,1000,0.11193443736963699,2.175961238895839,0
Proposed smooth SAC,smooth,1,0,12000,enlarged_delay_only,7,0.35000000000000003,0.0,0.0,0.0,1.0,1.0,1.0,1.4011169590411672,3.680448288035017,1,1,0,1,0,1,1,259,261,300,700,6,5,441,22.05,437,21.85,0,0,700,0.06672110424717678,4.763452047455525,5
Proposed smooth SAC,smooth,1,1,12001,enlarged_delay_only,7,0.35000000000000003,0.0,0.0,0.0,1.0,1.0,1.0,1.8698938269216967,60.07772922240686,1,0,0,1,1,0,0,128,131,201,-1,18,17,-1,-1.0,-1,-1.0,1,0,1000,0.0635176097871728,4.220450727779041,4
Proposed smooth SAC,smooth,1,2,12002,enlarged_delay_only,7,0.35000000000000003,0.0,0.0,0.0,1.0,1.0,1.0,1.5052862077716045,52.14187244464703,1,0,0,1,1,0,0,317,320,390,-1,8,8,-1,-1.0,-1,-1.0,1,0,1000,0.11533207255976027,10.588971190091351,0
Proposed smooth SAC,smooth,1,3,12003,enlarged_delay_only,7,0.35000000000000003,0.0,0.0,0.0,1.0,1.0,1.0,1.11052274394814,63.72168295593285,1,0,0,1,1,0,0,254,257,298,-1,18,18,-1,-1.0,-1,-1.0,1,0,1000,0.1523571098709171,8.493691987653111,0
Proposed smooth SAC,smooth,1,4,12004,enlarged_delay_only,7,0.35000000000000003,0.0,0.0,0.0,1.0,1.0,1.0,2.0622948587954135,27.609846144219087,1,0,0,1,1,0,0,86,87,-1,-1,1,1,-1,-1.0,-1,-1.0,1,0,1000,0.17777727855770833,10.69038157001947,0
Proposed smooth SAC,smooth,1,5,12005,enlarged_delay_only,7,0.35000000000000003,0.0,0.0,0.0,1.0,1.0,1.0,0.7836208893081577,86.33696522241115,1,0,0,1,1,0,0,78,80,146,-1,11,11,-1,-1.0,-1,-1.0,1,0,1000,0.13154410427167196,3.039846339883402,0
Proposed smooth SAC,smooth,1,6,12006,enlarged_delay_only,7,0.35000000000000003,0.0,0.0,0.0,1.0,1.0,1.0,1.4039658384766267,70.50865751906693,1,0,0,1,1,0,0,92,95,131,-1,25,25,-1,-1.0,-1,-1.0,1,0,1000,0.1954978971849183,8.678722666042404,0
Proposed smooth SAC,smooth,1,7,12007,enlarged_delay_only,7,0.35000000000000003,0.0,0.0,0.0,1.0,1.0,1.0,2.023389540687327,41.417218692919725,1,0,0,1,1,0,0,216,219,-1,-1,1,1,-1,-1.0,-1,-1.0,1,0,1000,0.1840188813730738,9.156958851348357,0
Proposed smooth SAC,smooth,1,8,12008,enlarged_delay_only,7,0.35000000000000003,0.0,0.0,0.0,1.0,1.0,1.0,0.6761041193866284,47.03972454974209,1,0,0,1,1,0,0,78,80,122,-1,6,6,-1,-1.0,-1,-1.0,1,0,1000,0.059676554736589706,10.878496078819023,0
Proposed smooth SAC,smooth,1,9,12009,enlarged_delay_only,7,0.35000000000000003,0.0,0.0,0.0,1.0,1.0,1.0,0.8365610729382312,17.566701837686487,1,0,0,1,1,0,0,352,353,909,-1,2,2,-1,-1.0,-1,-1.0,1,0,1000,0.13315374917231232,14.939691554589107,0
Proposed smooth SAC,smooth,1,10,12010,enlarged_delay_only,7,0.35000000000000003,0.0,0.0,0.0,1.0,1.0,1.0,2.0882312594206844,67.10242168941406,1,0,0,1,1,0,0,83,85,-1,-1,1,1,-1,-1.0,-1,-1.0,1,0,1000,0.22386696975715192,14.371621306224561,0
Proposed smooth SAC,smooth,1,11,12011,enlarged_delay_only,7,0.35000000000000003,0.0,0.0,0.0,1.0,1.0,1.0,1.0363136503576447,39.13181690606595,1,1,1,0,0,0,0,30,-1,-1,34,1,0,4,0.2,0,0.0,0,0,34,0.08055783944120867,0.5209672894965807,5
Proposed smooth SAC,smooth,1,12,12012,enlarged_delay_only,7,0.35000000000000003,0.0,0.0,0.0,1.0,1.0,1.0,1.0633346171025668,74.10415106043168,1,0,0,1,1,0,0,362,364,668,-1,2,2,-1,-1.0,-1,-1.0,1,0,1000,0.17467697894104728,9.176172173483602,0
Proposed smooth SAC,smooth,1,13,12013,enlarged_delay_only,7,0.35000000000000003,0.0,0.0,0.0,1.0,1.0,1.0,2.9321695975105375,64.82631579002067,1,1,0,1,0,1,1,320,321,357,593,4,3,273,13.65,269,13.450000000000001,0,0,593,0.048681549502403006,1.1942420345123335,5
Proposed smooth SAC,smooth,1,14,12014,enlarged_delay_only,7,0.35000000000000003,0.0,0.0,0.0,1.0,1.0,1.0,1.5727126782681156,69.85363554747353,1,0,0,1,1,0,0,543,545,562,-1,4,4,-1,-1.0,-1,-1.0,1,0,1000,0.11591470163023215,9.538706661796832,0
Proposed smooth SAC,smooth,1,15,12015,enlarged_delay_only,7,0.35000000000000003,0.0,0.0,0.0,1.0,1.0,1.0,1.7941221940119125,66.18821452938619,1,0,0,1,1,0,0,171,174,-1,-1,1,1,-1,-1.0,-1,-1.0,1,0,1000,0.2407988749575116,1.1677000261193695,0
Proposed smooth SAC,smooth,1,16,12016,enlarged_delay_only,7,0.35000000000000003,0.0,0.0,0.0,1.0,1.0,1.0,2.0956191639967527,80.76412508613855,1,0,0,1,1,0,0,564,565,583,-1,4,4,-1,-1.0,-1,-1.0,1,0,1000,0.0823455062118615,9.465974538646304,0
Proposed smooth SAC,smooth,1,17,12017,enlarged_delay_only,7,0.35000000000000003,0.0,0.0,0.0,1.0,1.0,1.0,2.3497476747776798,68.42664510531779,1,0,0,1,1,0,0,183,185,220,-1,4,4,-1,-1.0,-1,-1.0,1,0,1000,0.12705123662695939,4.302091125154558,0
Proposed smooth SAC,smooth,1,18,12018,enlarged_delay_only,7,0.35000000000000003,0.0,0.0,0.0,1.0,1.0,1.0,1.3063656328926654,58.185179426044705,1,0,0,1,1,0,0,178,179,199,-1,23,23,-1,-1.0,-1,-1.0,1,0,1000,0.16289676426400237,8.910563192134731,0
Proposed smooth SAC,smooth,1,19,12019,enlarged_delay_only,7,0.35000000000000003,0.0,0.0,0.0,1.0,1.0,1.0,1.569053725441394,46.92282244700273,1,0,0,1,1,0,0,297,298,318,-1,3,3,-1,-1.0,-1,-1.0,1,0,1000,0.08610944047746731,8.022719708529467,0
Proposed smooth SAC,smooth,1,20,12020,enlarged_delay_only,7,0.35000000000000003,0.0,0.0,0.0,1.0,1.0,1.0,2.8509785660679805,57.54032760612546,0,0,0,0,0,0,0,-1,-1,-1,-1,0,0,-1,-1.0,-1,-1.0,1,0,1000,0.1316436092030938,1.9974164654537092,0
Proposed smooth SAC,smooth,1,21,12021,enlarged_delay_only,7,0.35000000000000003,0.0,0.0,0.0,1.0,1.0,1.0,1.721321109839246,84.23015922197487,1,1,1,0,0,0,0,77,-1,-1,81,1,0,4,0.2,0,0.0,0,0,81,0.09139791527166202,4.002696186189396,5
Proposed smooth SAC,smooth,1,22,12022,enlarged_delay_only,7,0.35000000000000003,0.0,0.0,0.0,1.0,1.0,1.0,2.0714459852992766,7.241713190147896,1,1,1,0,0,0,0,54,-1,-1,58,1,0,4,0.2,0,0.0,0,0,58,0.07871558547253872,0.4105164605108631,5
Proposed smooth SAC,smooth,1,23,12023,enlarged_delay_only,7,0.35000000000000003,0.0,0.0,0.0,1.0,1.0,1.0,1.96706721911142,29.687929491648173,1,0,0,1,1,0,0,108,109,153,-1,2,2,-1,-1.0,-1,-1.0,1,0,1000,0.16768088228505187,5.722305165880003,0
Proposed smooth SAC,smooth,1,24,12024,enlarged_delay_only,7,0.35000000000000003,0.0,0.0,0.0,1.0,1.0,1.0,2.3296647946987346,59.32330750782227,1,0,0,1,1,0,0,116,118,206,-1,24,24,-1,-1.0,-1,-1.0,1,0,1000,0.10748642447471038,11.011767583677956,0
Proposed smooth SAC,smooth,1,25,12025,enlarged_delay_only,7,0.35000000000000003,0.0,0.0,0.0,1.0,1.0,1.0,1.7406706115734212,29.68845883130885,1,0,0,1,1,0,0,53,54,154,-1,5,5,-1,-1.0,-1,-1.0,1,0,1000,0.232374043971038,13.0420865644675,0
Proposed smooth SAC,smooth,1,26,12026,enlarged_delay_only,7,0.35000000000000003,0.0,0.0,0.0,1.0,1.0,1.0,1.2890960116783232,58.822470226552745,1,0,0,1,1,0,0,169,170,213,-1,7,7,-1,-1.0,-1,-1.0,1,0,1000,0.1575514753029563,17.91653729678537,0
Proposed smooth SAC,smooth,1,27,12027,enlarged_delay_only,7,0.35000000000000003,0.0,0.0,0.0,1.0,1.0,1.0,1.679512651290201,27.36887877784833,1,1,1,0,0,0,0,428,-1,-1,432,1,0,4,0.2,0,0.0,0,0,432,0.06285961615371874,4.373833724649079,5
Proposed smooth SAC,smooth,1,28,12028,enlarged_delay_only,7,0.35000000000000003,0.0,0.0,0.0,1.0,1.0,1.0,2.161397968359572,63.816718208044406,1,1,1,0,0,0,0,104,-1,-1,108,1,0,4,0.2,0,0.0,0,0,108,0.08087718293480242,4.316299199288654,5
Proposed smooth SAC,smooth,1,29,12029,enlarged_delay_only,7,0.35000000000000003,0.0,0.0,0.0,1.0,1.0,1.0,1.4273638277059564,34.274883047648224,1,0,0,1,1,0,0,76,77,-1,-1,1,1,-1,-1.0,-1,-1.0,1,0,1000,0.14687231861610406,8.15201262819687,0
Proposed smooth SAC,smooth,1,30,12030,enlarged_delay_only,7,0.35000000000000003,0.0,0.0,0.0,1.0,1.0,1.0,1.7462896683471236,26.955215200955678,1,0,0,1,1,0,0,99,103,139,-1,25,25,-1,-1.0,-1,-1.0,1,0,1000,0.12534622346900545,14.810904922693933,0
Proposed smooth SAC,smooth,1,31,12031,enlarged_delay_only,7,0.35000000000000003,0.0,0.0,0.0,1.0,1.0,1.0,0.831092090571535,57.81877392801937,1,1,0,1,0,1,1,143,147,162,644,6,5,501,25.05,497,24.85,0,0,644,0.04620677773814503,3.9435757762810577,5
Proposed smooth SAC,smooth,1,32,12032,enlarged_delay_only,7,0.35000000000000003,0.0,0.0,0.0,1.0,1.0,1.0,2.3622064651248813,65.6166711298287,1,1,0,1,0,1,1,113,114,254,590,11,10,477,23.85,473,23.650000000000002,0,0,590,0.08197453259059626,3.966132902901848,5
Proposed smooth SAC,smooth,1,33,12033,enlarged_delay_only,7,0.35000000000000003,0.0,0.0,0.0,1.0,1.0,1.0,0.7030471412582213,16.83992189867294,1,0,0,1,1,0,0,169,170,297,-1,2,2,-1,-1.0,-1,-1.0,1,0,1000,0.11050434874737494,1.9585415900189354,0
Proposed smooth SAC,smooth,1,34,12034,enlarged_delay_only,7,0.35000000000000003,0.0,0.0,0.0,1.0,1.0,1.0,2.282842407805926,24.938362791888462,1,0,0,1,1,0,0,194,195,219,-1,9,9,-1,-1.0,-1,-1.0,1,0,1000,0.19047593043379013,13.098953865723379,0
Proposed smooth SAC,smooth,1,35,12035,enlarged_delay_only,7,0.35000000000000003,0.0,0.0,0.0,1.0,1.0,1.0,2.371908074838775,71.96116554796184,1,1,1,0,0,0,0,210,-1,-1,214,1,0,4,0.2,0,0.0,0,0,214,0.061668005575098904,4.182405720328425,5
Proposed smooth SAC,smooth,1,36,12036,enlarged_delay_only,7,0.35000000000000003,0.0,0.0,0.0,1.0,1.0,1.0,0.8829462334714887,87.90779944848737,1,1,0,1,0,1,1,367,369,550,554,2,1,187,9.35,183,9.15,0,0,554,0.09465890314244495,4.40719364921589,5
Proposed smooth SAC,smooth,1,37,12037,enlarged_delay_only,7,0.35000000000000003,0.0,0.0,0.0,1.0,1.0,1.0,0.817844285721509,43.45796651879823,1,1,0,1,0,1,1,27,31,48,52,2,1,25,1.25,21,1.05,0,0,52,0.09999952091208328,4.40698874354079,5
Proposed smooth SAC,smooth,1,38,12038,enlarged_delay_only,7,0.35000000000000003,0.0,0.0,0.0,1.0,1.0,1.0,1.5743284929286714,57.88825061225674,1,1,0,1,0,1,1,307,308,508,701,3,2,394,19.700000000000003,390,19.5,0,0,701,0.07836410657430665,3.7624724566645233,5
Proposed smooth SAC,smooth,1,39,12039,enlarged_delay_only,7,0.35000000000000003,0.0,0.0,0.0,1.0,1.0,1.0,0.8994689163493125,9.298986658723248,1,1,0,1,0,1,1,69,72,117,185,4,3,116,5.800000000000001,112,5.6000000000000005,0,0,185,0.018156311149829938,3.821538225059501,5
Proposed smooth SAC,smooth,1,40,12040,enlarged_delay_only,7,0.35000000000000003,0.0,0.0,0.0,1.0,1.0,1.0,1.8657719186487738,68.44804408798744,1,0,0,1,1,0,0,129,133,169,-1,12,12,-1,-1.0,-1,-1.0,1,0,1000,0.10238880115355069,14.699758961877608,0
Proposed smooth SAC,smooth,1,41,12041,enlarged_delay_only,7,0.35000000000000003,0.0,0.0,0.0,1.0,1.0,1.0,2.1801507199074694,36.011752342258276,0,0,0,0,0,0,0,-1,-1,-1,-1,0,0,-1,-1.0,-1,-1.0,1,0,1000,0.048901828975811364,13.545392105348338,0
Proposed smooth SAC,smooth,1,42,12042,enlarged_delay_only,7,0.35000000000000003,0.0,0.0,0.0,1.0,1.0,1.0,2.890509486387824,8.39370570216694,1,1,0,1,0,1,1,253,257,382,717,7,6,464,23.200000000000003,460,23.0,0,0,717,0.09117332683683256,3.2453169996941917,5
Proposed smooth SAC,smooth,1,43,12043,enlarged_delay_only,7,0.35000000000000003,0.0,0.0,0.0,1.0,1.0,1.0,1.4295379479494126,86.66219834011966,0,0,0,0,0,0,0,-1,-1,-1,-1,0,0,-1,-1.0,-1,-1.0,1,0,1000,0.12889219872503258,1.8012525787172968,0
Proposed smooth SAC,smooth,1,44,12044,enlarged_delay_only,7,0.35000000000000003,0.0,0.0,0.0,1.0,1.0,1.0,1.4633774253790757,25.79388667411487,1,1,0,1,0,1,1,88,90,105,109,2,1,21,1.05,17,0.8500000000000001,0,0,109,0.09675646688853752,3.716348189199427,5
Proposed smooth SAC,smooth,1,45,12045,enlarged_delay_only,7,0.35000000000000003,0.0,0.0,0.0,1.0,1.0,1.0,2.7817081294799144,45.277112272150255,0,0,0,0,0,0,0,-1,-1,-1,-1,0,0,-1,-1.0,-1,-1.0,1,0,1000,0.14284592335743657,6.48988652056109,0
Proposed smooth SAC,smooth,1,46,12046,enlarged_delay_only,7,0.35000000000000003,0.0,0.0,0.0,1.0,1.0,1.0,2.448255495287487,6.5296484668143195,1,0,0,1,1,0,0,158,160,178,-1,2,2,-1,-1.0,-1,-1.0,1,0,1000,0.24140724799989516,12.513657880272062,0
Proposed smooth SAC,smooth,1,47,12047,enlarged_delay_only,7,0.35000000000000003,0.0,0.0,0.0,1.0,1.0,1.0,2.0375889749407565,48.300679923363994,1,0,0,1,1,0,0,116,119,179,-1,5,5,-1,-1.0,-1,-1.0,1,0,1000,0.15868541648120868,2.426184792252433,0
Proposed smooth SAC,smooth,1,48,12048,enlarged_delay_only,7,0.35000000000000003,0.0,0.0,0.0,1.0,1.0,1.0,1.595910055499794,38.132652438046875,1,1,0,1,0,1,1,55,59,96,171,4,3,116,5.800000000000001,112,5.6000000000000005,0,0,171,0.0904724652072092,4.114348007891125,5
Proposed smooth SAC,smooth,1,49,12049,enlarged_delay_only,7,0.35000000000000003,0.0,0.0,0.0,1.0,1.0,1.0,1.5300451933387877,9.115019782297185,1,0,0,1,1,0,0,172,173,351,-1,3,3,-1,-1.0,-1,-1.0,1,0,1000,0.17480447037352512,8.272343485899569,0
Proposed smooth SAC,smooth,1,50,12050,enlarged_delay_only,7,0.35000000000000003,0.0,0.0,0.0,1.0,1.0,1.0,2.262693545269486,73.02772690761601,1,0,0,1,1,0,0,117,120,140,-1,7,7,-1,-1.0,-1,-1.0,1,0,1000,0.0971257786553093,5.033203538536008,0
Proposed smooth SAC,smooth,1,51,12051,enlarged_delay_only,7,0.35000000000000003,0.0,0.0,0.0,1.0,1.0,1.0,1.6263518811985,35.99433194478016,1,0,0,1,1,0,0,248,249,319,-1,2,2,-1,-1.0,-1,-1.0,1,0,1000,0.1271149983095095,11.016109876442792,0
Proposed smooth SAC,smooth,1,52,12052,enlarged_delay_only,7,0.35000000000000003,0.0,0.0,0.0,1.0,1.0,1.0,0.7048587995105587,83.91519870877808,1,1,0,1,0,1,1,83,85,106,292,10,9,209,10.450000000000001,205,10.25,0,0,292,0.09420347974099764,4.143515050081195,5
Proposed smooth SAC,smooth,1,53,12053,enlarged_delay_only,7,0.35000000000000003,0.0,0.0,0.0,1.0,1.0,1.0,1.470188620244381,45.138920469767974,0,0,0,0,0,0,0,-1,-1,-1,-1,0,0,-1,-1.0,-1,-1.0,1,0,1000,0.163253396692287,1.9164925976108096,0
Proposed smooth SAC,smooth,1,54,12054,enlarged_delay_only,7,0.35000000000000003,0.0,0.0,0.0,1.0,1.0,1.0,2.2790002868522827,82.51781713667434,1,1,0,1,0,1,1,134,138,194,198,2,1,64,3.2,60,3.0,0,0,198,0.08458625922700434,3.9144125760723956,5
Proposed smooth SAC,smooth,1,55,12055,enlarged_delay_only,7,0.35000000000000003,0.0,0.0,0.0,1.0,1.0,1.0,2.8850994760210127,23.46271066699096,1,0,0,1,1,0,0,223,225,379,-1,15,15,-1,-1.0,-1,-1.0,1,0,1000,0.1143310787047697,10.597135827470456,0
Proposed smooth SAC,smooth,1,56,12056,enlarged_delay_only,7,0.35000000000000003,0.0,0.0,0.0,1.0,1.0,1.0,1.826905546699788,11.925707512554547,1,1,1,0,0,0,0,50,-1,-1,54,1,0,4,0.2,0,0.0,0,0,54,0.06594522469729605,2.0371158727873504,5
Proposed smooth SAC,smooth,1,57,12057,enlarged_delay_only,7,0.35000000000000003,0.0,0.0,0.0,1.0,1.0,1.0,1.7691751722646727,27.276807827836556,1,0,0,1,1,0,0,167,169,188,-1,22,22,-1,-1.0,-1,-1.0,1,0,1000,0.08829341639432113,5.060392387187713,0
Proposed smooth SAC,smooth,1,58,12058,enlarged_delay_only,7,0.35000000000000003,0.0,0.0,0.0,1.0,1.0,1.0,2.3268545695420997,62.93145738971906,1,0,0,1,1,0,0,307,309,333,-1,4,4,-1,-1.0,-1,-1.0,1,0,1000,0.10447141622496087,8.436951898670523,0
Proposed smooth SAC,smooth,1,59,12059,enlarged_delay_only,7,0.35000000000000003,0.0,0.0,0.0,1.0,1.0,1.0,2.1903482121613216,54.840688506488746,1,0,0,1,1,0,0,184,188,-1,-1,1,1,-1,-1.0,-1,-1.0,1,0,1000,0.12448248236961908,14.05747956195452,0
Proposed smooth SAC,smooth,1,60,12060,enlarged_delay_only,7,0.35000000000000003,0.0,0.0,0.0,1.0,1.0,1.0,1.0973360553047116,33.91806713521758,1,0,0,1,1,0,0,120,122,167,-1,8,8,-1,-1.0,-1,-1.0,1,0,1000,0.13370848023459558,13.87975974729808,0
Proposed smooth SAC,smooth,1,61,12061,enlarged_delay_only,7,0.35000000000000003,0.0,0.0,0.0,1.0,1.0,1.0,1.936928029361262,42.58082679539602,1,0,0,1,1,0,0,519,522,541,-1,6,6,-1,-1.0,-1,-1.0,1,0,1000,0.14333664060297105,10.606969592327982,0
Proposed smooth SAC,smooth,1,62,12062,enlarged_delay_only,7,0.35000000000000003,0.0,0.0,0.0,1.0,1.0,1.0,1.8981880108378766,55.958209907540386,1,0,0,1,1,0,0,46,49,68,-1,23,23,-1,-1.0,-1,-1.0,1,0,1000,0.10899573776845367,12.057069125766818,0
Proposed smooth SAC,smooth,1,63,12063,enlarged_delay_only,7,0.35000000000000003,0.0,0.0,0.0,1.0,1.0,1.0,1.3410819077846639,71.65242733709893,1,0,0,1,1,0,0,218,221,259,-1,19,19,-1,-1.0,-1,-1.0,1,0,1000,0.25803388239531605,8.991712669663652,0
Proposed smooth SAC,smooth,1,64,12064,enlarged_delay_only,7,0.35000000000000003,0.0,0.0,0.0,1.0,1.0,1.0,3.236122857778983,77.84361815931113,1,1,0,1,0,1,1,111,112,180,468,6,5,357,17.85,353,17.650000000000002,0,0,468,0.09581663159613601,4.553971853158526,5
Proposed smooth SAC,smooth,1,65,12065,enlarged_delay_only,7,0.35000000000000003,0.0,0.0,0.0,1.0,1.0,1.0,2.27680658754703,16.046224888813487,1,1,0,1,0,1,1,109,113,130,274,5,4,165,8.25,161,8.05,0,0,274,0.07423574507948011,4.611232317178505,5
Proposed smooth SAC,smooth,1,66,12066,enlarged_delay_only,7,0.35000000000000003,0.0,0.0,0.0,1.0,1.0,1.0,0.7254567305431476,42.00001141404023,1,0,0,1,1,0,0,30,32,52,-1,3,3,-1,-1.0,-1,-1.0,1,0,1000,0.1276151386720966,8.964579743185777,0
Proposed smooth SAC,smooth,1,67,12067,enlarged_delay_only,7,0.35000000000000003,0.0,0.0,0.0,1.0,1.0,1.0,1.5334421939190404,11.645351299013972,1,0,0,1,1,0,0,222,226,263,-1,9,9,-1,-1.0,-1,-1.0,1,0,1000,0.2199108930276636,15.750219858110766,0
Proposed smooth SAC,smooth,1,68,12068,enlarged_delay_only,7,0.35000000000000003,0.0,0.0,0.0,1.0,1.0,1.0,1.8681160247703945,59.46436457456137,1,0,0,1,1,0,0,139,140,163,-1,2,2,-1,-1.0,-1,-1.0,1,0,1000,0.25150479248309177,12.236200228260511,0
Proposed smooth SAC,smooth,1,69,12069,enlarged_delay_only,7,0.35000000000000003,0.0,0.0,0.0,1.0,1.0,1.0,1.886519728757838,51.09646759594697,1,0,0,1,1,0,0,160,164,279,-1,12,11,-1,-1.0,-1,-1.0,1,0,1000,0.05729113266228877,0.32511129488134766,3
Proposed smooth SAC,smooth,1,70,12070,enlarged_delay_only,7,0.35000000000000003,0.0,0.0,0.0,1.0,1.0,1.0,1.6986806001597525,76.52323330972095,1,0,0,1,1,0,0,70,71,288,-1,11,11,-1,-1.0,-1,-1.0,1,0,1000,0.1723703687063974,10.302540377057698,0
Proposed smooth SAC,smooth,1,71,12071,enlarged_delay_only,7,0.35000000000000003,0.0,0.0,0.0,1.0,1.0,1.0,2.6459208153503964,67.50779341665432,1,0,0,1,1,0,0,95,97,135,-1,21,21,-1,-1.0,-1,-1.0,1,0,1000,0.09737772354931847,12.641584762105461,0
Proposed smooth SAC,smooth,1,72,12072,enlarged_delay_only,7,0.35000000000000003,0.0,0.0,0.0,1.0,1.0,1.0,0.48175087121353316,49.596093601348606,1,1,0,1,0,1,1,27,28,54,297,5,4,270,13.5,266,13.3,0,0,297,0.09766298613512635,4.435686637112245,5
Proposed smooth SAC,smooth,1,73,12073,enlarged_delay_only,7,0.35000000000000003,0.0,0.0,0.0,1.0,1.0,1.0,1.3565823895626754,84.90849262920553,1,1,0,1,0,1,1,98,99,117,121,2,1,23,1.1500000000000001,19,0.9500000000000001,0,0,121,0.08315616648102839,4.485601659566698,5
Proposed smooth SAC,smooth,1,74,12074,enlarged_delay_only,7,0.35000000000000003,0.0,0.0,0.0,1.0,1.0,1.0,2.034268978334935,63.584860606479154,1,0,0,1,1,0,0,96,99,137,-1,16,16,-1,-1.0,-1,-1.0,1,0,1000,0.18648125354820727,12.0092757308233,0
Proposed smooth SAC,smooth,1,75,12075,enlarged_delay_only,7,0.35000000000000003,0.0,0.0,0.0,1.0,1.0,1.0,2.7867133802887056,59.621185717904865,1,0,0,1,1,0,0,239,240,284,-1,14,14,-1,-1.0,-1,-1.0,1,0,1000,0.2102594871986812,5.889758352440267,0
Proposed smooth SAC,smooth,1,76,12076,enlarged_delay_only,7,0.35000000000000003,0.0,0.0,0.0,1.0,1.0,1.0,1.4672375160200708,30.3721436917542,1,1,0,1,0,1,1,77,80,99,120,3,2,43,2.15,39,1.9500000000000002,0,0,120,0.07288366675015813,2.4674410558300144,5
Proposed smooth SAC,smooth,1,77,12077,enlarged_delay_only,7,0.35000000000000003,0.0,0.0,0.0,1.0,1.0,1.0,1.9775577095396648,51.41426263764932,1,1,0,1,0,1,1,247,251,317,321,2,1,74,3.7,70,3.5,0,0,321,0.08813139439707741,4.332006073058744,5
Proposed smooth SAC,smooth,1,78,12078,enlarged_delay_only,7,0.35000000000000003,0.0,0.0,0.0,1.0,1.0,1.0,2.327760709820301,60.008956047653996,1,0,0,1,1,0,0,225,227,287,-1,10,10,-1,-1.0,-1,-1.0,1,0,1000,0.1217486760698176,10.297830107851327,0
Proposed smooth SAC,smooth,1,79,12079,enlarged_delay_only,7,0.35000000000000003,0.0,0.0,0.0,1.0,1.0,1.0,1.5278991276633485,40.17317828277736,1,0,0,1,1,0,0,527,528,586,-1,3,3,-1,-1.0,-1,-1.0,1,0,1000,0.1692751817617571,14.354139437043914,0
Proposed smooth SAC,smooth,1,80,12080,enlarged_delay_only,7,0.35000000000000003,0.0,0.0,0.0,1.0,1.0,1.0,2.3192768073204557,47.36251928991689,0,0,0,0,0,0,0,-1,-1,-1,-1,0,0,-1,-1.0,-1,-1.0,1,0,1000,0.10239295835366663,13.992055741215907,0
Proposed smooth SAC,smooth,1,81,12081,enlarged_delay_only,7,0.35000000000000003,0.0,0.0,0.0,1.0,1.0,1.0,2.348060423688873,77.305474384795,1,1,0,1,0,1,1,101,105,143,275,8,7,174,8.700000000000001,170,8.5,0,0,275,0.08285497093813654,3.9127754651057085,5
Proposed smooth SAC,smooth,1,82,12082,enlarged_delay_only,7,0.35000000000000003,0.0,0.0,0.0,1.0,1.0,1.0,1.657062365864348,55.61082307125895,0,0,0,0,0,0,0,-1,-1,-1,-1,0,0,-1,-1.0,-1,-1.0,1,0,1000,0.19588911830673067,21.26587082046286,0
Proposed smooth SAC,smooth,1,83,12083,enlarged_delay_only,7,0.35000000000000003,0.0,0.0,0.0,1.0,1.0,1.0,1.7829506075254924,2.609497891508878,1,0,0,1,1,0,0,308,309,330,-1,2,2,-1,-1.0,-1,-1.0,1,0,1000,0.13488567779781593,2.350195095754633,0
Proposed smooth SAC,smooth,1,84,12084,enlarged_delay_only,7,0.35000000000000003,0.0,0.0,0.0,1.0,1.0,1.0,1.6404890956693123,1.3837049720644343,1,1,1,0,0,0,0,71,-1,-1,75,1,0,4,0.2,0,0.0,0,0,75,0.0969192303014452,4.837771762701256,5
Proposed smooth SAC,smooth,1,85,12085,enlarged_delay_only,7,0.35000000000000003,0.0,0.0,0.0,1.0,1.0,1.0,2.497746521837666,36.904581010184,1,0,0,1,1,0,0,94,97,137,-1,22,22,-1,-1.0,-1,-1.0,1,0,1000,0.19881514872297376,0.3567179419047288,0
Proposed smooth SAC,smooth,1,86,12086,enlarged_delay_only,7,0.35000000000000003,0.0,0.0,0.0,1.0,1.0,1.0,1.8263883792562778,0.33389918702221527,1,1,0,1,0,1,1,83,87,425,568,5,4,485,24.25,481,24.05,0,0,568,0.0620949340639398,4.629221754791849,5
Proposed smooth SAC,smooth,1,87,12087,enlarged_delay_only,7,0.35000000000000003,0.0,0.0,0.0,1.0,1.0,1.0,2.03592606033529,9.710697655286923,1,0,0,1,1,0,0,56,57,226,-1,7,7,-1,-1.0,-1,-1.0,1,0,1000,0.13022183419719024,13.654020287681867,0
Proposed smooth SAC,smooth,1,88,12088,enlarged_delay_only,7,0.35000000000000003,0.0,0.0,0.0,1.0,1.0,1.0,2.799243954274032,20.695729317232512,1,0,0,1,1,0,0,99,101,325,-1,5,5,-1,-1.0,-1,-1.0,1,0,1000,0.1485818773626012,1.4160715309938323,0
Proposed smooth SAC,smooth,1,89,12089,enlarged_delay_only,7,0.35000000000000003,0.0,0.0,0.0,1.0,1.0,1.0,1.9684957245170929,46.29750155301514,1,0,0,1,1,0,0,203,204,246,-1,12,12,-1,-1.0,-1,-1.0,1,0,1000,0.20515790737536102,11.543304857719397,0
Proposed smooth SAC,smooth,1,90,12090,enlarged_delay_only,7,0.35000000000000003,0.0,0.0,0.0,1.0,1.0,1.0,1.911320050192248,50.27198521595098,1,0,0,1,1,0,0,80,83,99,-1,3,3,-1,-1.0,-1,-1.0,1,0,1000,0.12214283993890614,7.539886805912096,0
Proposed smooth SAC,smooth,1,91,12091,enlarged_delay_only,7,0.35000000000000003,0.0,0.0,0.0,1.0,1.0,1.0,2.127844865867529,32.123072930770725,1,0,0,1,1,0,0,186,187,209,-1,20,20,-1,-1.0,-1,-1.0,1,0,1000,0.1438184883992296,0.905321617526209,0
Proposed smooth SAC,smooth,1,92,12092,enlarged_delay_only,7,0.35000000000000003,0.0,0.0,0.0,1.0,1.0,1.0,2.1800958407414126,47.35001662864118,1,0,0,1,1,0,0,353,356,421,-1,11,11,-1,-1.0,-1,-1.0,1,0,1000,0.2745578155339985,14.192164915971647,0
Proposed smooth SAC,smooth,1,93,12093,enlarged_delay_only,7,0.35000000000000003,0.0,0.0,0.0,1.0,1.0,1.0,3.259884867767638,59.350430189016386,1,1,1,0,0,0,0,107,-1,-1,111,1,0,4,0.2,0,0.0,0,0,111,0.06620018734726488,4.266621099021036,5
Proposed smooth SAC,smooth,1,94,12094,enlarged_delay_only,7,0.35000000000000003,0.0,0.0,0.0,1.0,1.0,1.0,0.7611576363914472,18.846404373032783,1,0,0,1,1,0,0,130,134,153,-1,5,5,-1,-1.0,-1,-1.0,1,0,1000,0.06443008895606282,11.704579284401738,0
Proposed smooth SAC,smooth,1,95,12095,enlarged_delay_only,7,0.35000000000000003,0.0,0.0,0.0,1.0,1.0,1.0,2.315981959981536,11.583421973809466,1,1,1,0,0,0,0,72,-1,-1,76,1,0,4,0.2,0,0.0,0,0,76,0.058150871737420735,3.690627831219275,5
Proposed smooth SAC,smooth,1,96,12096,enlarged_delay_only,7,0.35000000000000003,0.0,0.0,0.0,1.0,1.0,1.0,2.6433593115574596,23.402961879678983,1,0,0,1,1,0,0,139,142,620,-1,4,4,-1,-1.0,-1,-1.0,1,0,1000,0.13988274707097642,14.742649134770703,0
Proposed smooth SAC,smooth,1,97,12097,enlarged_delay_only,7,0.35000000000000003,0.0,0.0,0.0,1.0,1.0,1.0,2.517006739513531,35.98333875531102,1,0,0,1,1,0,0,368,369,410,-1,3,3,-1,-1.0,-1,-1.0,1,0,1000,0.1647451661170002,11.895798967952707,0
Proposed smooth SAC,smooth,1,98,12098,enlarged_delay_only,7,0.35000000000000003,0.0,0.0,0.0,1.0,1.0,1.0,3.120283930411399,82.53858091175118,1,0,0,1,1,0,0,182,183,206,-1,8,8,-1,-1.0,-1,-1.0,1,0,1000,0.23548601761880103,16.262540394922375,0
Proposed smooth SAC,smooth,1,99,12099,enlarged_delay_only,7,0.35000000000000003,0.0,0.0,0.0,1.0,1.0,1.0,0.19539344804534206,10.475630177230514,1,1,1,0,0,0,0,14,-1,-1,18,1,0,4,0.2,0,0.0,0,0,18,0.052843895421860416,1.9453751197332665,5
Proposed smooth SAC,smooth,2,0,12000,enlarged_delay_only,7,0.35000000000000003,0.0,0.0,0.0,1.0,1.0,1.0,1.4011169590411672,3.680448288035017,1,0,0,1,1,0,0,42,45,65,-1,3,3,-1,-1.0,-1,-1.0,1,0,1000,0.25919235509674626,12.042082836954163,0
Proposed smooth SAC,smooth,2,1,12001,enlarged_delay_only,7,0.35000000000000003,0.0,0.0,0.0,1.0,1.0,1.0,1.8698938269216967,60.07772922240686,1,0,0,1,1,0,0,101,103,189,-1,3,3,-1,-1.0,-1,-1.0,1,0,1000,0.12702510178506077,4.77575492569801,0
Proposed smooth SAC,smooth,2,2,12002,enlarged_delay_only,7,0.35000000000000003,0.0,0.0,0.0,1.0,1.0,1.0,1.5052862077716045,52.14187244464703,1,0,0,1,1,0,0,46,47,123,-1,33,33,-1,-1.0,-1,-1.0,1,0,1000,0.20871679604745455,15.016812928055014,0
Proposed smooth SAC,smooth,2,3,12003,enlarged_delay_only,7,0.35000000000000003,0.0,0.0,0.0,1.0,1.0,1.0,1.11052274394814,63.72168295593285,1,1,1,0,0,0,0,40,-1,-1,44,1,0,4,0.2,0,0.0,0,0,44,0.09486622477837257,3.653993257832265,5
Proposed smooth SAC,smooth,2,4,12004,enlarged_delay_only,7,0.35000000000000003,0.0,0.0,0.0,1.0,1.0,1.0,2.0622948587954135,27.609846144219087,1,0,0,1,1,0,0,351,352,389,-1,15,15,-1,-1.0,-1,-1.0,1,0,1000,0.21336848498505043,14.239703886368583,0
Proposed smooth SAC,smooth,2,5,12005,enlarged_delay_only,7,0.35000000000000003,0.0,0.0,0.0,1.0,1.0,1.0,0.7836208893081577,86.33696522241115,1,0,0,1,1,0,0,36,39,125,-1,4,4,-1,-1.0,-1,-1.0,1,0,1000,0.12972512008980977,9.085985501909107,0
Proposed smooth SAC,smooth,2,6,12006,enlarged_delay_only,7,0.35000000000000003,0.0,0.0,0.0,1.0,1.0,1.0,1.4039658384766267,70.50865751906693,1,0,0,1,1,0,0,70,74,190,-1,20,20,-1,-1.0,-1,-1.0,1,0,1000,0.16181766879957224,11.610339749328487,0
Proposed smooth SAC,smooth,2,7,12007,enlarged_delay_only,7,0.35000000000000003,0.0,0.0,0.0,1.0,1.0,1.0,2.023389540687327,41.417218692919725,1,1,1,0,0,0,0,49,-1,-1,53,1,0,4,0.2,0,0.0,0,0,53,0.08839124433563426,3.085536463449379,5
Proposed smooth SAC,smooth,2,8,12008,enlarged_delay_only,7,0.35000000000000003,0.0,0.0,0.0,1.0,1.0,1.0,0.6761041193866284,47.03972454974209,1,0,0,1,1,0,0,45,47,66,-1,5,5,-1,-1.0,-1,-1.0,1,0,1000,0.16850727415565733,16.539615556340404,0
Proposed smooth SAC,smooth,2,9,12009,enlarged_delay_only,7,0.35000000000000003,0.0,0.0,0.0,1.0,1.0,1.0,0.8365610729382312,17.566701837686487,1,0,0,1,1,0,0,113,116,-1,-1,1,1,-1,-1.0,-1,-1.0,1,0,1000,0.1783131510640776,11.037831585550727,0
Proposed smooth SAC,smooth,2,10,12010,enlarged_delay_only,7,0.35000000000000003,0.0,0.0,0.0,1.0,1.0,1.0,2.0882312594206844,67.10242168941406,1,0,0,1,1,0,0,72,75,94,-1,6,6,-1,-1.0,-1,-1.0,1,0,1000,0.12554612582112024,5.095101274115603,0
Proposed smooth SAC,smooth,2,11,12011,enlarged_delay_only,7,0.35000000000000003,0.0,0.0,0.0,1.0,1.0,1.0,1.0363136503576447,39.13181690606595,0,0,0,0,0,0,0,-1,-1,-1,-1,0,0,-1,-1.0,-1,-1.0,1,0,1000,0.1577765324868472,7.63761486010393,0
Proposed smooth SAC,smooth,2,12,12012,enlarged_delay_only,7,0.35000000000000003,0.0,0.0,0.0,1.0,1.0,1.0,1.0633346171025668,74.10415106043168,1,0,0,1,1,0,0,128,130,232,-1,3,3,-1,-1.0,-1,-1.0,1,0,1000,0.17654660968169592,3.772535886632891,0
Proposed smooth SAC,smooth,2,13,12013,enlarged_delay_only,7,0.35000000000000003,0.0,0.0,0.0,1.0,1.0,1.0,2.9321695975105375,64.82631579002067,1,0,0,1,1,0,0,73,77,95,-1,24,24,-1,-1.0,-1,-1.0,1,0,1000,0.2283331258096238,14.259587420816136,0
Proposed smooth SAC,smooth,2,14,12014,enlarged_delay_only,7,0.35000000000000003,0.0,0.0,0.0,1.0,1.0,1.0,1.5727126782681156,69.85363554747353,1,0,0,1,1,0,0,202,204,223,-1,15,15,-1,-1.0,-1,-1.0,1,0,1000,0.1926309209192853,12.62569347322778,0
Proposed smooth SAC,smooth,2,15,12015,enlarged_delay_only,7,0.35000000000000003,0.0,0.0,0.0,1.0,1.0,1.0,1.7941221940119125,66.18821452938619,1,1,0,1,0,1,1,47,48,69,307,7,6,260,13.0,256,12.8,0,0,307,0.08260132968719705,4.79751590839367,5
Proposed smooth SAC,smooth,2,16,12016,enlarged_delay_only,7,0.35000000000000003,0.0,0.0,0.0,1.0,1.0,1.0,2.0956191639967527,80.76412508613855,1,0,0,1,1,0,0,174,176,195,-1,15,15,-1,-1.0,-1,-1.0,1,0,1000,0.14917472453844052,8.204131240432298,0
Proposed smooth SAC,smooth,2,17,12017,enlarged_delay_only,7,0.35000000000000003,0.0,0.0,0.0,1.0,1.0,1.0,2.3497476747776798,68.42664510531779,1,0,0,1,1,0,0,102,104,121,-1,2,2,-1,-1.0,-1,-1.0,1,0,1000,0.1645805828566836,6.515185541246817,0
Proposed smooth SAC,smooth,2,18,12018,enlarged_delay_only,7,0.35000000000000003,0.0,0.0,0.0,1.0,1.0,1.0,1.3063656328926654,58.185179426044705,1,0,0,1,1,0,0,80,83,181,-1,21,21,-1,-1.0,-1,-1.0,1,0,1000,0.1802423685522592,6.785646945114159,0
Proposed smooth SAC,smooth,2,19,12019,enlarged_delay_only,7,0.35000000000000003,0.0,0.0,0.0,1.0,1.0,1.0,1.569053725441394,46.92282244700273,1,0,0,1,1,0,0,135,138,157,-1,18,18,-1,-1.0,-1,-1.0,1,0,1000,0.21413290229682322,9.391293250261384,0
Proposed smooth SAC,smooth,2,20,12020,enlarged_delay_only,7,0.35000000000000003,0.0,0.0,0.0,1.0,1.0,1.0,2.8509785660679805,57.54032760612546,1,1,0,1,0,1,1,120,123,161,370,7,6,250,12.5,246,12.3,0,0,370,0.09855104429004688,4.313023269807986,5
Proposed smooth SAC,smooth,2,21,12021,enlarged_delay_only,7,0.35000000000000003,0.0,0.0,0.0,1.0,1.0,1.0,1.721321109839246,84.23015922197487,1,0,0,1,1,0,0,168,171,293,-1,18,18,-1,-1.0,-1,-1.0,1,0,1000,0.20452885320878,12.468675108172004,0
Proposed smooth SAC,smooth,2,22,12022,enlarged_delay_only,7,0.35000000000000003,0.0,0.0,0.0,1.0,1.0,1.0,2.0714459852992766,7.241713190147896,1,0,0,1,1,0,0,136,140,179,-1,24,24,-1,-1.0,-1,-1.0,1,0,1000,0.22540568719720247,12.025421444247563,0
Proposed smooth SAC,smooth,2,23,12023,enlarged_delay_only,7,0.35000000000000003,0.0,0.0,0.0,1.0,1.0,1.0,1.96706721911142,29.687929491648173,1,0,0,1,1,0,0,56,58,141,-1,23,23,-1,-1.0,-1,-1.0,1,0,1000,0.1401675534617704,13.164325606269571,0
Proposed smooth SAC,smooth,2,24,12024,enlarged_delay_only,7,0.35000000000000003,0.0,0.0,0.0,1.0,1.0,1.0,2.3296647946987346,59.32330750782227,1,0,0,1,1,0,0,56,57,130,-1,21,21,-1,-1.0,-1,-1.0,1,0,1000,0.17019880024922202,5.521909123179121,0
Proposed smooth SAC,smooth,2,25,12025,enlarged_delay_only,7,0.35000000000000003,0.0,0.0,0.0,1.0,1.0,1.0,1.7406706115734212,29.68845883130885,1,0,0,1,1,0,0,98,101,121,-1,19,19,-1,-1.0,-1,-1.0,1,0,1000,0.13326746190600508,9.303901833604717,0
Proposed smooth SAC,smooth,2,26,12026,enlarged_delay_only,7,0.35000000000000003,0.0,0.0,0.0,1.0,1.0,1.0,1.2890960116783232,58.822470226552745,1,0,0,1,1,0,0,137,140,158,-1,5,5,-1,-1.0,-1,-1.0,1,0,1000,0.1399681381933766,12.432098591392938,0
Proposed smooth SAC,smooth,2,27,12027,enlarged_delay_only,7,0.35000000000000003,0.0,0.0,0.0,1.0,1.0,1.0,1.679512651290201,27.36887877784833,1,1,1,0,0,0,0,43,-1,-1,47,1,0,4,0.2,0,0.0,0,0,47,0.08637249642688762,1.599650900906202,5
Proposed smooth SAC,smooth,2,28,12028,enlarged_delay_only,7,0.35000000000000003,0.0,0.0,0.0,1.0,1.0,1.0,2.161397968359572,63.816718208044406,1,1,0,1,0,1,1,139,143,180,184,2,1,45,2.25,41,2.0500000000000003,0,0,184,0.06289900258838509,4.858748981189658,5
Proposed smooth SAC,smooth,2,29,12029,enlarged_delay_only,7,0.35000000000000003,0.0,0.0,0.0,1.0,1.0,1.0,1.4273638277059564,34.274883047648224,1,0,0,1,1,0,0,75,78,120,-1,21,21,-1,-1.0,-1,-1.0,1,0,1000,0.2281658376474307,13.317576268224439,0
Proposed smooth SAC,smooth,2,30,12030,enlarged_delay_only,7,0.35000000000000003,0.0,0.0,0.0,1.0,1.0,1.0,1.7462896683471236,26.955215200955678,1,0,0,1,1,0,0,219,220,258,-1,19,19,-1,-1.0,-1,-1.0,1,0,1000,0.18169124691944688,7.8887464017333135,0
Proposed smooth SAC,smooth,2,31,12031,enlarged_delay_only,7,0.35000000000000003,0.0,0.0,0.0,1.0,1.0,1.0,0.831092090571535,57.81877392801937,1,0,0,1,1,0,0,65,68,183,-1,2,2,-1,-1.0,-1,-1.0,1,0,1000,0.23975785434216704,15.255463152749845,0
Proposed smooth SAC,smooth,2,32,12032,enlarged_delay_only,7,0.35000000000000003,0.0,0.0,0.0,1.0,1.0,1.0,2.3622064651248813,65.6166711298287,1,0,0,1,1,0,0,190,193,232,-1,20,20,-1,-1.0,-1,-1.0,1,0,1000,0.10724838059115421,4.538417377984291,0
Proposed smooth SAC,smooth,2,33,12033,enlarged_delay_only,7,0.35000000000000003,0.0,0.0,0.0,1.0,1.0,1.0,0.7030471412582213,16.83992189867294,1,0,0,1,1,0,0,71,72,622,-1,9,9,-1,-1.0,-1,-1.0,1,0,1000,0.13307596935602722,6.640268929951376,0
Proposed smooth SAC,smooth,2,34,12034,enlarged_delay_only,7,0.35000000000000003,0.0,0.0,0.0,1.0,1.0,1.0,2.282842407805926,24.938362791888462,1,0,0,1,1,0,0,149,151,-1,-1,1,1,-1,-1.0,-1,-1.0,1,0,1000,0.16765615107538806,12.367168251821859,0
Proposed smooth SAC,smooth,2,35,12035,enlarged_delay_only,7,0.35000000000000003,0.0,0.0,0.0,1.0,1.0,1.0,2.371908074838775,71.96116554796184,1,0,0,1,1,0,0,98,101,121,-1,9,9,-1,-1.0,-1,-1.0,1,0,1000,0.12430711639595757,9.206821793610388,0
Proposed smooth SAC,smooth,2,36,12036,enlarged_delay_only,7,0.35000000000000003,0.0,0.0,0.0,1.0,1.0,1.0,0.8829462334714887,87.90779944848737,1,1,1,0,0,0,0,37,-1,-1,41,1,0,4,0.2,0,0.0,0,0,41,0.05733958553187117,4.434596795052805,5
Proposed smooth SAC,smooth,2,37,12037,enlarged_delay_only,7,0.35000000000000003,0.0,0.0,0.0,1.0,1.0,1.0,0.817844285721509,43.45796651879823,1,0,0,1,1,0,0,184,187,225,-1,19,19,-1,-1.0,-1,-1.0,1,0,1000,0.1517373087287869,16.124806215214484,0
Proposed smooth SAC,smooth,2,38,12038,enlarged_delay_only,7,0.35000000000000003,0.0,0.0,0.0,1.0,1.0,1.0,1.5743284929286714,57.88825061225674,1,0,0,1,1,0,0,105,109,191,-1,16,15,-1,-1.0,-1,-1.0,1,0,1000,0.09526479816544316,0.9782087005935307,1
Proposed smooth SAC,smooth,2,39,12039,enlarged_delay_only,7,0.35000000000000003,0.0,0.0,0.0,1.0,1.0,1.0,0.8994689163493125,9.298986658723248,1,0,0,1,1,0,0,35,39,59,-1,4,4,-1,-1.0,-1,-1.0,1,0,1000,0.2404961878589862,14.286346394436952,0
Proposed smooth SAC,smooth,2,40,12040,enlarged_delay_only,7,0.35000000000000003,0.0,0.0,0.0,1.0,1.0,1.0,1.8657719186487738,68.44804408798744,1,0,0,1,1,0,0,143,146,163,-1,18,18,-1,-1.0,-1,-1.0,1,0,1000,0.10583525599336359,4.299505471666885,0
Proposed smooth SAC,smooth,2,41,12041,enlarged_delay_only,7,0.35000000000000003,0.0,0.0,0.0,1.0,1.0,1.0,2.1801507199074694,36.011752342258276,1,0,0,1,1,0,0,135,136,157,-1,21,21,-1,-1.0,-1,-1.0,1,0,1000,0.18613698531683892,0.36702789901345145,0
Proposed smooth SAC,smooth,2,42,12042,enlarged_delay_only,7,0.35000000000000003,0.0,0.0,0.0,1.0,1.0,1.0,2.890509486387824,8.39370570216694,1,1,0,1,0,1,1,203,207,225,246,3,2,43,2.15,39,1.9500000000000002,0,0,246,0.06261950482118192,4.545882774747115,5
Proposed smooth SAC,smooth,2,43,12043,enlarged_delay_only,7,0.35000000000000003,0.0,0.0,0.0,1.0,1.0,1.0,1.4295379479494126,86.66219834011966,1,0,0,1,1,0,0,214,216,237,-1,3,3,-1,-1.0,-1,-1.0,1,0,1000,0.21500066350230965,4.782191098330277,0
Proposed smooth SAC,smooth,2,44,12044,enlarged_delay_only,7,0.35000000000000003,0.0,0.0,0.0,1.0,1.0,1.0,1.4633774253790757,25.79388667411487,1,0,0,1,1,0,0,62,65,85,-1,2,2,-1,-1.0,-1,-1.0,1,0,1000,0.14379652498019513,5.051142603504223,0
Proposed smooth SAC,smooth,2,45,12045,enlarged_delay_only,7,0.35000000000000003,0.0,0.0,0.0,1.0,1.0,1.0,2.7817081294799144,45.277112272150255,1,0,0,1,1,0,0,122,126,-1,-1,1,1,-1,-1.0,-1,-1.0,1,0,1000,0.22011016717721352,1.963459112777933,0
Proposed smooth SAC,smooth,2,46,12046,enlarged_delay_only,7,0.35000000000000003,0.0,0.0,0.0,1.0,1.0,1.0,2.448255495287487,6.5296484668143195,1,0,0,1,1,0,0,210,214,252,-1,22,22,-1,-1.0,-1,-1.0,1,0,1000,0.26121095743826034,13.30671626744412,0
Proposed smooth SAC,smooth,2,47,12047,enlarged_delay_only,7,0.35000000000000003,0.0,0.0,0.0,1.0,1.0,1.0,2.0375889749407565,48.300679923363994,1,0,0,1,1,0,0,127,130,151,-1,21,21,-1,-1.0,-1,-1.0,1,0,1000,0.18888559505038602,1.71356618326585,0
Proposed smooth SAC,smooth,2,48,12048,enlarged_delay_only,7,0.35000000000000003,0.0,0.0,0.0,1.0,1.0,1.0,1.595910055499794,38.132652438046875,1,1,1,0,0,0,0,75,-1,-1,79,1,0,4,0.2,0,0.0,0,0,79,0.09458079281414546,0.6120623228698341,5
Proposed smooth SAC,smooth,2,49,12049,enlarged_delay_only,7,0.35000000000000003,0.0,0.0,0.0,1.0,1.0,1.0,1.5300451933387877,9.115019782297185,1,0,0,1,1,0,0,98,102,119,-1,8,8,-1,-1.0,-1,-1.0,1,0,1000,0.1921878806334875,13.073182708211274,0
Proposed smooth SAC,smooth,2,50,12050,enlarged_delay_only,7,0.35000000000000003,0.0,0.0,0.0,1.0,1.0,1.0,2.262693545269486,73.02772690761601,1,0,0,1,1,0,0,620,623,661,-1,7,7,-1,-1.0,-1,-1.0,1,0,1000,0.19289531078330194,11.876746155262957,0
Proposed smooth SAC,smooth,2,51,12051,enlarged_delay_only,7,0.35000000000000003,0.0,0.0,0.0,1.0,1.0,1.0,1.6263518811985,35.99433194478016,1,0,0,1,1,0,0,70,74,92,-1,19,19,-1,-1.0,-1,-1.0,1,0,1000,0.19059369502285123,4.87295918975787,0
Proposed smooth SAC,smooth,2,52,12052,enlarged_delay_only,7,0.35000000000000003,0.0,0.0,0.0,1.0,1.0,1.0,0.7048587995105587,83.91519870877808,1,0,0,1,1,0,0,59,61,81,-1,33,33,-1,-1.0,-1,-1.0,1,0,1000,0.1517369921498372,12.957297449884607,0
Proposed smooth SAC,smooth,2,53,12053,enlarged_delay_only,7,0.35000000000000003,0.0,0.0,0.0,1.0,1.0,1.0,1.470188620244381,45.138920469767974,1,0,0,1,1,0,0,42,43,189,-1,22,22,-1,-1.0,-1,-1.0,1,0,1000,0.23253713866554626,13.346431256146804,0
Proposed smooth SAC,smooth,2,54,12054,enlarged_delay_only,7,0.35000000000000003,0.0,0.0,0.0,1.0,1.0,1.0,2.2790002868522827,82.51781713667434,1,0,0,1,1,0,0,122,123,142,-1,18,18,-1,-1.0,-1,-1.0,1,0,1000,0.19091002710200902,14.555604404349904,0
Proposed smooth SAC,smooth,2,55,12055,enlarged_delay_only,7,0.35000000000000003,0.0,0.0,0.0,1.0,1.0,1.0,2.8850994760210127,23.46271066699096,1,1,1,0,0,0,0,62,-1,-1,66,1,0,4,0.2,0,0.0,0,0,66,0.050608637370931214,3.770238808637651,5
Proposed smooth SAC,smooth,2,56,12056,enlarged_delay_only,7,0.35000000000000003,0.0,0.0,0.0,1.0,1.0,1.0,1.826905546699788,11.925707512554547,1,0,0,1,1,0,0,68,72,135,-1,20,20,-1,-1.0,-1,-1.0,1,0,1000,0.20661923404120863,2.9936343471761537,0
Proposed smooth SAC,smooth,2,57,12057,enlarged_delay_only,7,0.35000000000000003,0.0,0.0,0.0,1.0,1.0,1.0,1.7691751722646727,27.276807827836556,1,1,0,1,0,1,1,60,61,76,411,9,8,351,17.55,347,17.35,0,0,411,0.07696146280809217,4.957599320839491,5
Proposed smooth SAC,smooth,2,58,12058,enlarged_delay_only,7,0.35000000000000003,0.0,0.0,0.0,1.0,1.0,1.0,2.3268545695420997,62.93145738971906,1,0,0,1,1,0,0,95,96,495,-1,7,7,-1,-1.0,-1,-1.0,1,0,1000,0.1850556294165413,10.533632997435909,0
Proposed smooth SAC,smooth,2,59,12059,enlarged_delay_only,7,0.35000000000000003,0.0,0.0,0.0,1.0,1.0,1.0,2.1903482121613216,54.840688506488746,1,0,0,1,1,0,0,670,671,883,-1,3,3,-1,-1.0,-1,-1.0,1,0,1000,0.2081030117318015,11.119082662143551,0
Proposed smooth SAC,smooth,2,60,12060,enlarged_delay_only,7,0.35000000000000003,0.0,0.0,0.0,1.0,1.0,1.0,1.0973360553047116,33.91806713521758,1,0,0,1,1,0,0,41,45,61,-1,14,14,-1,-1.0,-1,-1.0,1,0,1000,0.11432351007713681,14.647695844929185,0
Proposed smooth SAC,smooth,2,61,12061,enlarged_delay_only,7,0.35000000000000003,0.0,0.0,0.0,1.0,1.0,1.0,1.936928029361262,42.58082679539602,1,0,0,1,1,0,0,481,482,519,-1,15,15,-1,-1.0,-1,-1.0,1,0,1000,0.14512897134918762,9.742578417011602,0
Proposed smooth SAC,smooth,2,62,12062,enlarged_delay_only,7,0.35000000000000003,0.0,0.0,0.0,1.0,1.0,1.0,1.8981880108378766,55.958209907540386,1,0,0,1,1,0,0,104,106,-1,-1,1,1,-1,-1.0,-1,-1.0,1,0,1000,0.2633735393880907,11.954886080688842,0
Proposed smooth SAC,smooth,2,63,12063,enlarged_delay_only,7,0.35000000000000003,0.0,0.0,0.0,1.0,1.0,1.0,1.3410819077846639,71.65242733709893,1,1,1,0,0,0,0,133,-1,-1,137,1,0,4,0.2,0,0.0,0,0,137,0.05729915475122142,2.5408645221905934,5
Proposed smooth SAC,smooth,2,64,12064,enlarged_delay_only,7,0.35000000000000003,0.0,0.0,0.0,1.0,1.0,1.0,3.236122857778983,77.84361815931113,1,0,0,1,1,0,0,243,245,363,-1,17,17,-1,-1.0,-1,-1.0,1,0,1000,0.11405695952583506,19.23721072186799,0
Proposed smooth SAC,smooth,2,65,12065,enlarged_delay_only,7,0.35000000000000003,0.0,0.0,0.0,1.0,1.0,1.0,2.27680658754703,16.046224888813487,1,0,0,1,1,0,0,292,296,314,-1,19,18,-1,-1.0,-1,-1.0,1,0,1000,0.08746920010498084,3.1795053522767684,4
Proposed smooth SAC,smooth,2,66,12066,enlarged_delay_only,7,0.35000000000000003,0.0,0.0,0.0,1.0,1.0,1.0,0.7254567305431476,42.00001141404023,1,0,0,1,1,0,0,60,63,81,-1,12,12,-1,-1.0,-1,-1.0,1,0,1000,0.06034787007946935,16.458822956195615,0
Proposed smooth SAC,smooth,2,67,12067,enlarged_delay_only,7,0.35000000000000003,0.0,0.0,0.0,1.0,1.0,1.0,1.5334421939190404,11.645351299013972,1,0,0,1,1,0,0,232,235,252,-1,18,18,-1,-1.0,-1,-1.0,1,0,1000,0.15707053489108022,9.526228759956863,0
Proposed smooth SAC,smooth,2,68,12068,enlarged_delay_only,7,0.35000000000000003,0.0,0.0,0.0,1.0,1.0,1.0,1.8681160247703945,59.46436457456137,1,0,0,1,1,0,0,85,88,126,-1,22,22,-1,-1.0,-1,-1.0,1,0,1000,0.16525115854826664,13.018493383526982,0
Proposed smooth SAC,smooth,2,69,12069,enlarged_delay_only,7,0.35000000000000003,0.0,0.0,0.0,1.0,1.0,1.0,1.886519728757838,51.09646759594697,1,0,0,1,1,0,0,87,88,201,-1,19,19,-1,-1.0,-1,-1.0,1,0,1000,0.16535251809778376,10.190574793540971,0
Proposed smooth SAC,smooth,2,70,12070,enlarged_delay_only,7,0.35000000000000003,0.0,0.0,0.0,1.0,1.0,1.0,1.6986806001597525,76.52323330972095,1,0,0,1,1,0,0,226,227,-1,-1,1,1,-1,-1.0,-1,-1.0,1,0,1000,0.13710336754826347,10.968954250413026,0
Proposed smooth SAC,smooth,2,71,12071,enlarged_delay_only,7,0.35000000000000003,0.0,0.0,0.0,1.0,1.0,1.0,2.6459208153503964,67.50779341665432,1,1,0,1,0,1,1,89,91,114,276,7,6,187,9.35,183,9.15,0,0,276,0.09142013358194578,4.935404194244711,5
Proposed smooth SAC,smooth,2,72,12072,enlarged_delay_only,7,0.35000000000000003,0.0,0.0,0.0,1.0,1.0,1.0,0.48175087121353316,49.596093601348606,1,0,0,1,1,0,0,27,28,474,-1,15,15,-1,-1.0,-1,-1.0,1,0,1000,0.15052927268929242,4.514485248906213,0
Proposed smooth SAC,smooth,2,73,12073,enlarged_delay_only,7,0.35000000000000003,0.0,0.0,0.0,1.0,1.0,1.0,1.3565823895626754,84.90849262920553,1,1,0,1,0,1,1,228,231,307,548,10,9,320,16.0,316,15.8,0,0,548,0.09470888892142029,4.549812267953988,5
Proposed smooth SAC,smooth,2,74,12074,enlarged_delay_only,7,0.35000000000000003,0.0,0.0,0.0,1.0,1.0,1.0,2.034268978334935,63.584860606479154,1,0,0,1,1,0,0,94,98,264,-1,19,19,-1,-1.0,-1,-1.0,1,0,1000,0.10032501118893422,5.802241004170778,0
Proposed smooth SAC,smooth,2,75,12075,enlarged_delay_only,7,0.35000000000000003,0.0,0.0,0.0,1.0,1.0,1.0,2.7867133802887056,59.621185717904865,1,1,0,1,0,1,1,116,117,158,162,2,1,46,2.3000000000000003,42,2.1,0,0,162,0.07208751065131463,4.532573724262522,5
Proposed smooth SAC,smooth,2,76,12076,enlarged_delay_only,7,0.35000000000000003,0.0,0.0,0.0,1.0,1.0,1.0,1.4672375160200708,30.3721436917542,0,0,0,0,0,0,0,-1,-1,-1,-1,0,0,-1,-1.0,-1,-1.0,1,0,1000,0.13764330722745907,7.301159741589102,0
Proposed smooth SAC,smooth,2,77,12077,enlarged_delay_only,7,0.35000000000000003,0.0,0.0,0.0,1.0,1.0,1.0,1.9775577095396648,51.41426263764932,1,1,1,0,0,0,0,48,-1,-1,52,1,0,4,0.2,0,0.0,0,0,52,0.09427014483507996,1.7025832390804694,5
Proposed smooth SAC,smooth,2,78,12078,enlarged_delay_only,7,0.35000000000000003,0.0,0.0,0.0,1.0,1.0,1.0,2.327760709820301,60.008956047653996,1,0,0,1,1,0,0,186,190,207,-1,15,15,-1,-1.0,-1,-1.0,1,0,1000,0.20472330031920205,14.127965406641758,0
Proposed smooth SAC,smooth,2,79,12079,enlarged_delay_only,7,0.35000000000000003,0.0,0.0,0.0,1.0,1.0,1.0,1.5278991276633485,40.17317828277736,1,0,0,1,1,0,0,144,146,161,-1,24,24,-1,-1.0,-1,-1.0,1,0,1000,0.1609242734504796,13.654068099006057,0
Proposed smooth SAC,smooth,2,80,12080,enlarged_delay_only,7,0.35000000000000003,0.0,0.0,0.0,1.0,1.0,1.0,2.3192768073204557,47.36251928991689,1,1,1,0,0,0,0,231,-1,-1,235,1,0,4,0.2,0,0.0,0,0,235,0.08524115336188776,4.296853650721627,5
Proposed smooth SAC,smooth,2,81,12081,enlarged_delay_only,7,0.35000000000000003,0.0,0.0,0.0,1.0,1.0,1.0,2.348060423688873,77.305474384795,1,0,0,1,1,0,0,206,208,229,-1,9,9,-1,-1.0,-1,-1.0,1,0,1000,0.16871852424491382,3.223343000473791,0
Proposed smooth SAC,smooth,2,82,12082,enlarged_delay_only,7,0.35000000000000003,0.0,0.0,0.0,1.0,1.0,1.0,1.657062365864348,55.61082307125895,1,0,0,1,1,0,0,114,115,134,-1,33,33,-1,-1.0,-1,-1.0,1,0,1000,0.18502608634759277,13.196652891611242,0
Proposed smooth SAC,smooth,2,83,12083,enlarged_delay_only,7,0.35000000000000003,0.0,0.0,0.0,1.0,1.0,1.0,1.7829506075254924,2.609497891508878,1,0,0,1,1,0,0,119,123,164,-1,6,6,-1,-1.0,-1,-1.0,1,0,1000,0.26978993813799357,11.836465114632807,0
Proposed smooth SAC,smooth,2,84,12084,enlarged_delay_only,7,0.35000000000000003,0.0,0.0,0.0,1.0,1.0,1.0,1.6404890956693123,1.3837049720644343,1,0,0,1,1,0,0,299,301,318,-1,4,4,-1,-1.0,-1,-1.0,1,0,1000,0.1354121861160432,7.095481828225686,0
Proposed smooth SAC,smooth,2,85,12085,enlarged_delay_only,7,0.35000000000000003,0.0,0.0,0.0,1.0,1.0,1.0,2.497746521837666,36.904581010184,1,0,0,1,1,0,0,98,102,118,-1,3,3,-1,-1.0,-1,-1.0,1,0,1000,0.11106238223375314,15.24743768047508,0
Proposed smooth SAC,smooth,2,86,12086,enlarged_delay_only,7,0.35000000000000003,0.0,0.0,0.0,1.0,1.0,1.0,1.8263883792562778,0.33389918702221527,1,1,0,1,0,1,1,305,308,324,328,2,1,23,1.1500000000000001,19,0.9500000000000001,0,0,328,0.08029473197599266,4.465510231236283,5
Proposed smooth SAC,smooth,2,87,12087,enlarged_delay_only,7,0.35000000000000003,0.0,0.0,0.0,1.0,1.0,1.0,2.03592606033529,9.710697655286923,1,0,0,1,1,0,0,52,55,113,-1,27,26,-1,-1.0,-1,-1.0,1,0,1000,0.05564617385689411,0.10465219848357504,2
Proposed smooth SAC,smooth,2,88,12088,enlarged_delay_only,7,0.35000000000000003,0.0,0.0,0.0,1.0,1.0,1.0,2.799243954274032,20.695729317232512,1,1,1,0,0,0,0,256,-1,-1,260,1,0,4,0.2,0,0.0,0,0,260,0.08817670871897802,4.806207750999335,5
Proposed smooth SAC,smooth,2,89,12089,enlarged_delay_only,7,0.35000000000000003,0.0,0.0,0.0,1.0,1.0,1.0,1.9684957245170929,46.29750155301514,1,0,0,1,1,0,0,55,56,199,-1,22,22,-1,-1.0,-1,-1.0,1,0,1000,0.1823633324249739,8.090138798279371,0
Proposed smooth SAC,smooth,2,90,12090,enlarged_delay_only,7,0.35000000000000003,0.0,0.0,0.0,1.0,1.0,1.0,1.911320050192248,50.27198521595098,1,0,0,1,1,0,0,235,238,275,-1,19,19,-1,-1.0,-1,-1.0,1,0,1000,0.16595893735395173,1.416203012135355,0
Proposed smooth SAC,smooth,2,91,12091,enlarged_delay_only,7,0.35000000000000003,0.0,0.0,0.0,1.0,1.0,1.0,2.127844865867529,32.123072930770725,1,0,0,1,1,0,0,95,96,114,-1,19,19,-1,-1.0,-1,-1.0,1,0,1000,0.1385974111306964,6.994414238416538,0
Proposed smooth SAC,smooth,2,92,12092,enlarged_delay_only,7,0.35000000000000003,0.0,0.0,0.0,1.0,1.0,1.0,2.1800958407414126,47.35001662864118,1,0,0,1,1,0,0,127,131,152,-1,12,12,-1,-1.0,-1,-1.0,1,0,1000,0.11164843964560174,2.3761190787494164,0
Proposed smooth SAC,smooth,2,93,12093,enlarged_delay_only,7,0.35000000000000003,0.0,0.0,0.0,1.0,1.0,1.0,3.259884867767638,59.350430189016386,1,0,0,1,1,0,0,164,167,184,-1,27,26,-1,-1.0,-1,-1.0,1,0,1000,0.08967695084937909,0.6890803363636911,3
Proposed smooth SAC,smooth,2,94,12094,enlarged_delay_only,7,0.35000000000000003,0.0,0.0,0.0,1.0,1.0,1.0,0.7611576363914472,18.846404373032783,1,0,0,1,1,0,0,61,62,219,-1,5,5,-1,-1.0,-1,-1.0,1,0,1000,0.12915587829503036,2.1902587458193796,0
Proposed smooth SAC,smooth,2,95,12095,enlarged_delay_only,7,0.35000000000000003,0.0,0.0,0.0,1.0,1.0,1.0,2.315981959981536,11.583421973809466,1,0,0,1,1,0,0,77,80,97,-1,4,4,-1,-1.0,-1,-1.0,1,0,1000,0.23863438863634595,7.242212647730954,0
Proposed smooth SAC,smooth,2,96,12096,enlarged_delay_only,7,0.35000000000000003,0.0,0.0,0.0,1.0,1.0,1.0,2.6433593115574596,23.402961879678983,1,1,0,1,0,1,1,72,73,93,135,3,2,63,3.1500000000000004,59,2.95,0,0,135,0.08544964170628624,4.617516944988563,5
Proposed smooth SAC,smooth,2,97,12097,enlarged_delay_only,7,0.35000000000000003,0.0,0.0,0.0,1.0,1.0,1.0,2.517006739513531,35.98333875531102,1,0,0,1,1,0,0,86,87,107,-1,23,23,-1,-1.0,-1,-1.0,1,0,1000,0.2252015436482829,4.896040106510635,0
Proposed smooth SAC,smooth,2,98,12098,enlarged_delay_only,7,0.35000000000000003,0.0,0.0,0.0,1.0,1.0,1.0,3.120283930411399,82.53858091175118,1,1,0,1,0,1,1,168,171,186,487,10,9,319,15.950000000000001,315,15.75,0,0,487,0.09542172820233753,4.949944813214022,5
Proposed smooth SAC,smooth,2,99,12099,enlarged_delay_only,7,0.35000000000000003,0.0,0.0,0.0,1.0,1.0,1.0,0.19539344804534206,10.475630177230514,1,0,0,1,1,0,0,15,18,35,-1,27,27,-1,-1.0,-1,-1.0,1,0,1000,0.21057184014002897,17.43200538461196,0
Proposed smooth SAC,smooth,3,0,12000,enlarged_delay_only,7,0.35000000000000003,0.0,0.0,0.0,1.0,1.0,1.0,1.4011169590411672,3.680448288035017,1,0,0,1,1,0,0,178,179,876,-1,2,2,-1,-1.0,-1,-1.0,1,0,1000,0.22395743249220582,6.966267455733738,0
Proposed smooth SAC,smooth,3,1,12001,enlarged_delay_only,7,0.35000000000000003,0.0,0.0,0.0,1.0,1.0,1.0,1.8698938269216967,60.07772922240686,1,0,0,1,1,0,0,140,143,159,-1,6,6,-1,-1.0,-1,-1.0,1,0,1000,0.1571457625342187,11.51119101578929,0
Proposed smooth SAC,smooth,3,2,12002,enlarged_delay_only,7,0.35000000000000003,0.0,0.0,0.0,1.0,1.0,1.0,1.5052862077716045,52.14187244464703,1,0,0,1,1,0,0,90,94,113,-1,6,6,-1,-1.0,-1,-1.0,1,0,1000,0.15940601484099176,3.2781548416763204,0
Proposed smooth SAC,smooth,3,3,12003,enlarged_delay_only,7,0.35000000000000003,0.0,0.0,0.0,1.0,1.0,1.0,1.11052274394814,63.72168295593285,1,0,0,1,1,0,0,112,116,135,-1,8,8,-1,-1.0,-1,-1.0,1,0,1000,0.16155695881020612,14.395250345658221,0
Proposed smooth SAC,smooth,3,4,12004,enlarged_delay_only,7,0.35000000000000003,0.0,0.0,0.0,1.0,1.0,1.0,2.0622948587954135,27.609846144219087,1,0,0,1,1,0,0,63,64,-1,-1,1,1,-1,-1.0,-1,-1.0,1,0,1000,0.14314720453866878,16.14153676358643,0
Proposed smooth SAC,smooth,3,5,12005,enlarged_delay_only,7,0.35000000000000003,0.0,0.0,0.0,1.0,1.0,1.0,0.7836208893081577,86.33696522241115,1,0,0,1,1,0,0,64,66,89,-1,5,5,-1,-1.0,-1,-1.0,1,0,1000,0.19106073517314853,4.730080596944489,0
Proposed smooth SAC,smooth,3,6,12006,enlarged_delay_only,7,0.35000000000000003,0.0,0.0,0.0,1.0,1.0,1.0,1.4039658384766267,70.50865751906693,1,1,1,0,0,0,0,43,-1,-1,47,1,0,4,0.2,0,0.0,0,0,47,0.050403282791588226,1.6237679787003998,5
Proposed smooth SAC,smooth,3,7,12007,enlarged_delay_only,7,0.35000000000000003,0.0,0.0,0.0,1.0,1.0,1.0,2.023389540687327,41.417218692919725,1,0,0,1,1,0,0,105,109,127,-1,3,3,-1,-1.0,-1,-1.0,1,0,1000,0.13060039789957098,6.991759856150342,0
Proposed smooth SAC,smooth,3,8,12008,enlarged_delay_only,7,0.35000000000000003,0.0,0.0,0.0,1.0,1.0,1.0,0.6761041193866284,47.03972454974209,1,0,0,1,1,0,0,27,31,201,-1,10,10,-1,-1.0,-1,-1.0,1,0,1000,0.13801332057713372,3.663635350506208,0
Proposed smooth SAC,smooth,3,9,12009,enlarged_delay_only,7,0.35000000000000003,0.0,0.0,0.0,1.0,1.0,1.0,0.8365610729382312,17.566701837686487,1,0,0,1,1,0,0,204,207,-1,-1,1,1,-1,-1.0,-1,-1.0,1,0,1000,0.1490144119805105,7.118160617591067,0
Proposed smooth SAC,smooth,3,10,12010,enlarged_delay_only,7,0.35000000000000003,0.0,0.0,0.0,1.0,1.0,1.0,2.0882312594206844,67.10242168941406,1,0,0,1,1,0,0,356,358,-1,-1,1,1,-1,-1.0,-1,-1.0,1,0,1000,0.25488965416146,8.27107904712947,0
Proposed smooth SAC,smooth,3,11,12011,enlarged_delay_only,7,0.35000000000000003,0.0,0.0,0.0,1.0,1.0,1.0,1.0363136503576447,39.13181690606595,1,1,1,0,0,0,0,43,-1,-1,47,1,0,4,0.2,0,0.0,0,0,47,0.06726574910814988,4.634404160824596,5
Proposed smooth SAC,smooth,3,12,12012,enlarged_delay_only,7,0.35000000000000003,0.0,0.0,0.0,1.0,1.0,1.0,1.0633346171025668,74.10415106043168,1,1,1,0,0,0,0,114,-1,-1,118,1,0,4,0.2,0,0.0,0,0,118,0.07182117492110894,4.767256889710045,5
Proposed smooth SAC,smooth,3,13,12013,enlarged_delay_only,7,0.35000000000000003,0.0,0.0,0.0,1.0,1.0,1.0,2.9321695975105375,64.82631579002067,0,0,0,0,0,0,0,-1,-1,-1,-1,0,0,-1,-1.0,-1,-1.0,1,0,1000,0.11194533991456156,8.542748967593083,0
Proposed smooth SAC,smooth,3,14,12014,enlarged_delay_only,7,0.35000000000000003,0.0,0.0,0.0,1.0,1.0,1.0,1.5727126782681156,69.85363554747353,1,0,0,1,1,0,0,539,542,-1,-1,1,1,-1,-1.0,-1,-1.0,1,0,1000,0.19230573898113948,7.110016897666296,0
Proposed smooth SAC,smooth,3,15,12015,enlarged_delay_only,7,0.35000000000000003,0.0,0.0,0.0,1.0,1.0,1.0,1.7941221940119125,66.18821452938619,1,0,0,1,1,0,0,84,85,-1,-1,1,1,-1,-1.0,-1,-1.0,1,0,1000,0.22577609669178442,16.836597304094436,0
Proposed smooth SAC,smooth,3,16,12016,enlarged_delay_only,7,0.35000000000000003,0.0,0.0,0.0,1.0,1.0,1.0,2.0956191639967527,80.76412508613855,1,0,0,1,1,0,0,158,159,276,-1,3,3,-1,-1.0,-1,-1.0,1,0,1000,0.13733342549429994,3.905783912716554,0
Proposed smooth SAC,smooth,3,17,12017,enlarged_delay_only,7,0.35000000000000003,0.0,0.0,0.0,1.0,1.0,1.0,2.3497476747776798,68.42664510531779,1,0,0,1,1,0,0,164,166,186,-1,18,17,-1,-1.0,-1,-1.0,1,0,1000,0.0878474396479772,0.5174957391292159,3
Proposed smooth SAC,smooth,3,18,12018,enlarged_delay_only,7,0.35000000000000003,0.0,0.0,0.0,1.0,1.0,1.0,1.3063656328926654,58.185179426044705,1,0,0,1,1,0,0,170,172,191,-1,2,2,-1,-1.0,-1,-1.0,1,0,1000,0.19609572873655257,10.136285034923125,0
Proposed smooth SAC,smooth,3,19,12019,enlarged_delay_only,7,0.35000000000000003,0.0,0.0,0.0,1.0,1.0,1.0,1.569053725441394,46.92282244700273,1,1,0,1,0,1,1,78,80,95,154,4,3,76,3.8000000000000003,72,3.6,0,0,154,0.07841530201528481,3.7209261234906283,5
Proposed smooth SAC,smooth,3,20,12020,enlarged_delay_only,7,0.35000000000000003,0.0,0.0,0.0,1.0,1.0,1.0,2.8509785660679805,57.54032760612546,1,0,0,1,1,0,0,96,97,104,-1,4,4,-1,-1.0,-1,-1.0,1,0,1000,0.16939479163355878,10.534330530504896,0
Proposed smooth SAC,smooth,3,21,12021,enlarged_delay_only,7,0.35000000000000003,0.0,0.0,0.0,1.0,1.0,1.0,1.721321109839246,84.23015922197487,1,0,0,1,1,0,0,77,81,98,-1,3,3,-1,-1.0,-1,-1.0,1,0,1000,0.2023485707745383,4.085061010503757,0
Proposed smooth SAC,smooth,3,22,12022,enlarged_delay_only,7,0.35000000000000003,0.0,0.0,0.0,1.0,1.0,1.0,2.0714459852992766,7.241713190147896,1,0,0,1,1,0,0,91,95,130,-1,9,9,-1,-1.0,-1,-1.0,1,0,1000,0.17075474574655852,6.172870547310941,0
Proposed smooth SAC,smooth,3,23,12023,enlarged_delay_only,7,0.35000000000000003,0.0,0.0,0.0,1.0,1.0,1.0,1.96706721911142,29.687929491648173,1,1,0,1,0,1,1,88,91,106,110,2,1,22,1.1,18,0.9,0,0,110,0.06614646104030517,4.0494778593621055,5
Proposed smooth SAC,smooth,3,24,12024,enlarged_delay_only,7,0.35000000000000003,0.0,0.0,0.0,1.0,1.0,1.0,2.3296647946987346,59.32330750782227,1,1,1,0,0,0,0,80,-1,-1,84,1,0,4,0.2,0,0.0,0,0,84,0.0983532898541313,4.612683305490309,5
Proposed smooth SAC,smooth,3,25,12025,enlarged_delay_only,7,0.35000000000000003,0.0,0.0,0.0,1.0,1.0,1.0,1.7406706115734212,29.68845883130885,1,0,0,1,1,0,0,262,265,301,-1,8,8,-1,-1.0,-1,-1.0,1,0,1000,0.1497957333501162,10.376823806923463,0
Proposed smooth SAC,smooth,3,26,12026,enlarged_delay_only,7,0.35000000000000003,0.0,0.0,0.0,1.0,1.0,1.0,1.2890960116783232,58.822470226552745,1,0,0,1,1,0,0,307,308,693,-1,2,2,-1,-1.0,-1,-1.0,1,0,1000,0.17139368390338644,14.610177615818305,0
Proposed smooth SAC,smooth,3,27,12027,enlarged_delay_only,7,0.35000000000000003,0.0,0.0,0.0,1.0,1.0,1.0,1.679512651290201,27.36887877784833,1,0,0,1,1,0,0,76,79,-1,-1,1,1,-1,-1.0,-1,-1.0,1,0,1000,0.17841377270901876,5.607402174133347,0
Proposed smooth SAC,smooth,3,28,12028,enlarged_delay_only,7,0.35000000000000003,0.0,0.0,0.0,1.0,1.0,1.0,2.161397968359572,63.816718208044406,1,0,0,1,1,0,0,74,75,114,-1,2,2,-1,-1.0,-1,-1.0,1,0,1000,0.10746154565515252,10.456239270176848,0
Proposed smooth SAC,smooth,3,29,12029,enlarged_delay_only,7,0.35000000000000003,0.0,0.0,0.0,1.0,1.0,1.0,1.4273638277059564,34.274883047648224,1,1,1,0,0,0,0,111,-1,-1,115,1,0,4,0.2,0,0.0,0,0,115,0.08485861056006665,4.081499920625241,5
Proposed smooth SAC,smooth,3,30,12030,enlarged_delay_only,7,0.35000000000000003,0.0,0.0,0.0,1.0,1.0,1.0,1.7462896683471236,26.955215200955678,1,0,0,1,1,0,0,139,142,-1,-1,1,1,-1,-1.0,-1,-1.0,1,0,1000,0.13699667310794264,12.206170447800904,0
Proposed smooth SAC,smooth,3,31,12031,enlarged_delay_only,7,0.35000000000000003,0.0,0.0,0.0,1.0,1.0,1.0,0.831092090571535,57.81877392801937,1,0,0,1,1,0,0,92,96,576,-1,8,8,-1,-1.0,-1,-1.0,1,0,1000,0.10998830121719237,2.2303382958690148,0
Proposed smooth SAC,smooth,3,32,12032,enlarged_delay_only,7,0.35000000000000003,0.0,0.0,0.0,1.0,1.0,1.0,2.3622064651248813,65.6166711298287,1,0,0,1,1,0,0,94,95,179,-1,8,8,-1,-1.0,-1,-1.0,1,0,1000,0.16139792104943534,17.348043576692284,0
Proposed smooth SAC,smooth,3,33,12033,enlarged_delay_only,7,0.35000000000000003,0.0,0.0,0.0,1.0,1.0,1.0,0.7030471412582213,16.83992189867294,1,0,0,1,1,0,0,34,36,123,-1,2,2,-1,-1.0,-1,-1.0,1,0,1000,0.13252365168067612,6.7336431654341515,0
Proposed smooth SAC,smooth,3,34,12034,enlarged_delay_only,7,0.35000000000000003,0.0,0.0,0.0,1.0,1.0,1.0,2.282842407805926,24.938362791888462,1,0,0,1,1,0,0,102,104,-1,-1,1,1,-1,-1.0,-1,-1.0,1,0,1000,0.2012066854020125,1.8616939898997973,0
Proposed smooth SAC,smooth,3,35,12035,enlarged_delay_only,7,0.35000000000000003,0.0,0.0,0.0,1.0,1.0,1.0,2.371908074838775,71.96116554796184,1,0,0,1,1,0,0,89,90,109,-1,3,3,-1,-1.0,-1,-1.0,1,0,1000,0.15118070765157288,15.39584573830841,0
Proposed smooth SAC,smooth,3,36,12036,enlarged_delay_only,7,0.35000000000000003,0.0,0.0,0.0,1.0,1.0,1.0,0.8829462334714887,87.90779944848737,1,0,0,1,1,0,0,136,138,-1,-1,1,1,-1,-1.0,-1,-1.0,1,0,1000,0.1444459535659054,9.223852870305814,0
Proposed smooth SAC,smooth,3,37,12037,enlarged_delay_only,7,0.35000000000000003,0.0,0.0,0.0,1.0,1.0,1.0,0.817844285721509,43.45796651879823,1,0,0,1,1,0,0,142,143,181,-1,9,9,-1,-1.0,-1,-1.0,1,0,1000,0.07615412545266931,9.498546857024449,0
Proposed smooth SAC,smooth,3,38,12038,enlarged_delay_only,7,0.35000000000000003,0.0,0.0,0.0,1.0,1.0,1.0,1.5743284929286714,57.88825061225674,1,0,0,1,1,0,0,133,134,153,-1,12,12,-1,-1.0,-1,-1.0,1,0,1000,0.11154278484389593,7.567315991845221,0
Proposed smooth SAC,smooth,3,39,12039,enlarged_delay_only,7,0.35000000000000003,0.0,0.0,0.0,1.0,1.0,1.0,0.8994689163493125,9.298986658723248,1,0,0,1,1,0,0,58,59,134,-1,14,14,-1,-1.0,-1,-1.0,1,0,1000,0.21147934313665073,9.323517283127348,0
Proposed smooth SAC,smooth,3,40,12040,enlarged_delay_only,7,0.35000000000000003,0.0,0.0,0.0,1.0,1.0,1.0,1.8657719186487738,68.44804408798744,1,0,0,1,1,0,0,142,146,534,-1,2,2,-1,-1.0,-1,-1.0,1,0,1000,0.1531556343345097,2.854387280567104,0
Proposed smooth SAC,smooth,3,41,12041,enlarged_delay_only,7,0.35000000000000003,0.0,0.0,0.0,1.0,1.0,1.0,2.1801507199074694,36.011752342258276,0,0,0,0,0,0,0,-1,-1,-1,-1,0,0,-1,-1.0,-1,-1.0,1,0,1000,0.13975594809829534,13.153477558320299,0
Proposed smooth SAC,smooth,3,42,12042,enlarged_delay_only,7,0.35000000000000003,0.0,0.0,0.0,1.0,1.0,1.0,2.890509486387824,8.39370570216694,1,1,0,1,0,1,1,95,97,115,234,5,4,139,6.95,135,6.75,0,0,234,0.05756902450556946,4.861042644090313,5
Proposed smooth SAC,smooth,3,43,12043,enlarged_delay_only,7,0.35000000000000003,0.0,0.0,0.0,1.0,1.0,1.0,1.4295379479494126,86.66219834011966,1,1,0,1,0,1,1,96,97,136,807,13,12,711,35.550000000000004,707,35.35,0,0,807,0.09538504957860584,4.2076018612897785,5
Proposed smooth SAC,smooth,3,44,12044,enlarged_delay_only,7,0.35000000000000003,0.0,0.0,0.0,1.0,1.0,1.0,1.4633774253790757,25.79388667411487,1,1,0,1,0,1,1,65,69,83,87,2,1,22,1.1,18,0.9,0,0,87,0.05793955360617117,4.409603425332436,5
Proposed smooth SAC,smooth,3,45,12045,enlarged_delay_only,7,0.35000000000000003,0.0,0.0,0.0,1.0,1.0,1.0,2.7817081294799144,45.277112272150255,1,1,0,1,0,1,1,95,99,112,145,3,2,50,2.5,46,2.3000000000000003,0,0,145,0.07230569414293699,1.3283810801175657,5
Proposed smooth SAC,smooth,3,46,12046,enlarged_delay_only,7,0.35000000000000003,0.0,0.0,0.0,1.0,1.0,1.0,2.448255495287487,6.5296484668143195,1,0,0,1,1,0,0,77,81,-1,-1,1,1,-1,-1.0,-1,-1.0,1,0,1000,0.1430819065512592,3.8705879479234784,0
Proposed smooth SAC,smooth,3,47,12047,enlarged_delay_only,7,0.35000000000000003,0.0,0.0,0.0,1.0,1.0,1.0,2.0375889749407565,48.300679923363994,1,0,0,1,1,0,0,269,273,-1,-1,1,1,-1,-1.0,-1,-1.0,1,0,1000,0.24557168205462923,10.40544400709311,0
Proposed smooth SAC,smooth,3,48,12048,enlarged_delay_only,7,0.35000000000000003,0.0,0.0,0.0,1.0,1.0,1.0,1.595910055499794,38.132652438046875,1,0,0,1,1,0,0,117,121,155,-1,11,11,-1,-1.0,-1,-1.0,1,0,1000,0.20709672050203035,10.155844989158748,0
Proposed smooth SAC,smooth,3,49,12049,enlarged_delay_only,7,0.35000000000000003,0.0,0.0,0.0,1.0,1.0,1.0,1.5300451933387877,9.115019782297185,0,0,0,0,0,0,0,-1,-1,-1,-1,0,0,-1,-1.0,-1,-1.0,1,0,1000,0.25359389923149084,8.479848047979141,0
Proposed smooth SAC,smooth,3,50,12050,enlarged_delay_only,7,0.35000000000000003,0.0,0.0,0.0,1.0,1.0,1.0,2.262693545269486,73.02772690761601,1,0,0,1,1,0,0,328,331,-1,-1,1,1,-1,-1.0,-1,-1.0,1,0,1000,0.23669956380151824,11.925954253138315,0
Proposed smooth SAC,smooth,3,51,12051,enlarged_delay_only,7,0.35000000000000003,0.0,0.0,0.0,1.0,1.0,1.0,1.6263518811985,35.99433194478016,1,0,0,1,1,0,0,48,51,67,-1,2,2,-1,-1.0,-1,-1.0,1,0,1000,0.15962343726068115,17.902228050474193,0
Proposed smooth SAC,smooth,3,52,12052,enlarged_delay_only,7,0.35000000000000003,0.0,0.0,0.0,1.0,1.0,1.0,0.7048587995105587,83.91519870877808,1,0,0,1,1,0,0,271,272,-1,-1,1,1,-1,-1.0,-1,-1.0,1,0,1000,0.179781285542304,4.105239523746089,0
Proposed smooth SAC,smooth,3,53,12053,enlarged_delay_only,7,0.35000000000000003,0.0,0.0,0.0,1.0,1.0,1.0,1.470188620244381,45.138920469767974,1,0,0,1,1,0,0,105,108,147,-1,22,22,-1,-1.0,-1,-1.0,1,0,1000,0.17496510165508672,11.07034926241551,0
Proposed smooth SAC,smooth,3,54,12054,enlarged_delay_only,7,0.35000000000000003,0.0,0.0,0.0,1.0,1.0,1.0,2.2790002868522827,82.51781713667434,1,0,0,1,1,0,0,148,151,167,-1,8,8,-1,-1.0,-1,-1.0,1,0,1000,0.16146638847433498,12.927295843955326,0
Proposed smooth SAC,smooth,3,55,12055,enlarged_delay_only,7,0.35000000000000003,0.0,0.0,0.0,1.0,1.0,1.0,2.8850994760210127,23.46271066699096,1,0,0,1,1,0,0,129,131,336,-1,2,2,-1,-1.0,-1,-1.0,1,0,1000,0.1250776176603511,9.36004684235587,0
Proposed smooth SAC,smooth,3,56,12056,enlarged_delay_only,7,0.35000000000000003,0.0,0.0,0.0,1.0,1.0,1.0,1.826905546699788,11.925707512554547,0,0,0,0,0,0,0,-1,-1,-1,-1,0,0,-1,-1.0,-1,-1.0,1,0,1000,0.16157438616204742,11.027177344219153,0
Proposed smooth SAC,smooth,3,57,12057,enlarged_delay_only,7,0.35000000000000003,0.0,0.0,0.0,1.0,1.0,1.0,1.7691751722646727,27.276807827836556,0,0,0,0,0,0,0,-1,-1,-1,-1,0,0,-1,-1.0,-1,-1.0,1,0,1000,0.1380158619513393,0.8557907398517162,0
Proposed smooth SAC,smooth,3,58,12058,enlarged_delay_only,7,0.35000000000000003,0.0,0.0,0.0,1.0,1.0,1.0,2.3268545695420997,62.93145738971906,1,0,0,1,1,0,0,132,134,274,-1,2,2,-1,-1.0,-1,-1.0,1,0,1000,0.207317009464985,0.6273391081656253,0
Proposed smooth SAC,smooth,3,59,12059,enlarged_delay_only,7,0.35000000000000003,0.0,0.0,0.0,1.0,1.0,1.0,2.1903482121613216,54.840688506488746,1,0,0,1,1,0,0,95,99,116,-1,13,13,-1,-1.0,-1,-1.0,1,0,1000,0.11922513759964795,8.144861420135866,0
Proposed smooth SAC,smooth,3,60,12060,enlarged_delay_only,7,0.35000000000000003,0.0,0.0,0.0,1.0,1.0,1.0,1.0973360553047116,33.91806713521758,1,0,0,1,1,0,0,124,127,201,-1,2,2,-1,-1.0,-1,-1.0,1,0,1000,0.16073946010479342,11.705437326916222,0
Proposed smooth SAC,smooth,3,61,12061,enlarged_delay_only,7,0.35000000000000003,0.0,0.0,0.0,1.0,1.0,1.0,1.936928029361262,42.58082679539602,1,0,0,1,1,0,0,121,122,469,-1,5,5,-1,-1.0,-1,-1.0,1,0,1000,0.20386503494874214,10.138060884107327,0
Proposed smooth SAC,smooth,3,62,12062,enlarged_delay_only,7,0.35000000000000003,0.0,0.0,0.0,1.0,1.0,1.0,1.8981880108378766,55.958209907540386,0,0,0,0,0,0,0,-1,-1,-1,-1,0,0,-1,-1.0,-1,-1.0,1,0,1000,0.144621783170625,6.701834974469402,0
Proposed smooth SAC,smooth,3,63,12063,enlarged_delay_only,7,0.35000000000000003,0.0,0.0,0.0,1.0,1.0,1.0,1.3410819077846639,71.65242733709893,1,0,0,1,1,0,0,82,83,315,-1,7,7,-1,-1.0,-1,-1.0,1,0,1000,0.16022833904239286,10.738237290439164,0
Proposed smooth SAC,smooth,3,64,12064,enlarged_delay_only,7,0.35000000000000003,0.0,0.0,0.0,1.0,1.0,1.0,3.236122857778983,77.84361815931113,1,0,0,1,1,0,0,134,138,413,-1,4,4,-1,-1.0,-1,-1.0,1,0,1000,0.15276028233254713,3.4812848810359114,0
Proposed smooth SAC,smooth,3,65,12065,enlarged_delay_only,7,0.35000000000000003,0.0,0.0,0.0,1.0,1.0,1.0,2.27680658754703,16.046224888813487,1,1,1,0,0,0,0,131,-1,-1,135,1,0,4,0.2,0,0.0,0,0,135,0.09425678987916543,2.4137764729646354,5
Proposed smooth SAC,smooth,3,66,12066,enlarged_delay_only,7,0.35000000000000003,0.0,0.0,0.0,1.0,1.0,1.0,0.7254567305431476,42.00001141404023,1,0,0,1,1,0,0,199,200,240,-1,4,4,-1,-1.0,-1,-1.0,1,0,1000,0.15838391450556505,6.679455432767032,0
Proposed smooth SAC,smooth,3,67,12067,enlarged_delay_only,7,0.35000000000000003,0.0,0.0,0.0,1.0,1.0,1.0,1.5334421939190404,11.645351299013972,1,0,0,1,1,0,0,78,79,100,-1,3,3,-1,-1.0,-1,-1.0,1,0,1000,0.10350408263884527,17.062142103319307,0
Proposed smooth SAC,smooth,3,68,12068,enlarged_delay_only,7,0.35000000000000003,0.0,0.0,0.0,1.0,1.0,1.0,1.8681160247703945,59.46436457456137,1,0,0,1,1,0,0,182,186,520,-1,15,15,-1,-1.0,-1,-1.0,1,0,1000,0.13126673984180087,2.7412652606465295,0
Proposed smooth SAC,smooth,3,69,12069,enlarged_delay_only,7,0.35000000000000003,0.0,0.0,0.0,1.0,1.0,1.0,1.886519728757838,51.09646759594697,1,1,1,0,0,0,0,49,-1,-1,53,1,0,4,0.2,0,0.0,0,0,53,0.08777640086588474,0.3480158006544565,5
Proposed smooth SAC,smooth,3,70,12070,enlarged_delay_only,7,0.35000000000000003,0.0,0.0,0.0,1.0,1.0,1.0,1.6986806001597525,76.52323330972095,1,0,0,1,1,0,0,74,78,154,-1,4,4,-1,-1.0,-1,-1.0,1,0,1000,0.21110476667168543,19.751745947517975,0
Proposed smooth SAC,smooth,3,71,12071,enlarged_delay_only,7,0.35000000000000003,0.0,0.0,0.0,1.0,1.0,1.0,2.6459208153503964,67.50779341665432,0,0,0,0,0,0,0,-1,-1,-1,-1,0,0,-1,-1.0,-1,-1.0,1,0,1000,0.10875376612142498,11.659982417989786,0
Proposed smooth SAC,smooth,3,72,12072,enlarged_delay_only,7,0.35000000000000003,0.0,0.0,0.0,1.0,1.0,1.0,0.48175087121353316,49.596093601348606,1,0,0,1,1,0,0,46,49,85,-1,7,7,-1,-1.0,-1,-1.0,1,0,1000,0.1479851631319474,16.867278513846134,0
Proposed smooth SAC,smooth,3,73,12073,enlarged_delay_only,7,0.35000000000000003,0.0,0.0,0.0,1.0,1.0,1.0,1.3565823895626754,84.90849262920553,0,0,0,0,0,0,0,-1,-1,-1,-1,0,0,-1,-1.0,-1,-1.0,1,0,1000,0.12600113012729602,11.507889473099235,0
Proposed smooth SAC,smooth,3,74,12074,enlarged_delay_only,7,0.35000000000000003,0.0,0.0,0.0,1.0,1.0,1.0,2.034268978334935,63.584860606479154,1,0,0,1,1,0,0,419,421,458,-1,5,5,-1,-1.0,-1,-1.0,1,0,1000,0.07353374094965542,14.237046089007801,0
Proposed smooth SAC,smooth,3,75,12075,enlarged_delay_only,7,0.35000000000000003,0.0,0.0,0.0,1.0,1.0,1.0,2.7867133802887056,59.621185717904865,1,0,0,1,1,0,0,127,130,-1,-1,1,1,-1,-1.0,-1,-1.0,1,0,1000,0.15730043687212114,18.37899916020318,0
Proposed smooth SAC,smooth,3,76,12076,enlarged_delay_only,7,0.35000000000000003,0.0,0.0,0.0,1.0,1.0,1.0,1.4672375160200708,30.3721436917542,1,0,0,1,1,0,0,65,68,87,-1,11,11,-1,-1.0,-1,-1.0,1,0,1000,0.18007374702287465,14.395007873942685,0
Proposed smooth SAC,smooth,3,77,12077,enlarged_delay_only,7,0.35000000000000003,0.0,0.0,0.0,1.0,1.0,1.0,1.9775577095396648,51.41426263764932,1,0,0,1,1,0,0,117,120,192,-1,3,3,-1,-1.0,-1,-1.0,1,0,1000,0.17196309158108458,6.562507226250781,0
Proposed smooth SAC,smooth,3,78,12078,enlarged_delay_only,7,0.35000000000000003,0.0,0.0,0.0,1.0,1.0,1.0,2.327760709820301,60.008956047653996,0,0,0,0,0,0,0,-1,-1,-1,-1,0,0,-1,-1.0,-1,-1.0,1,0,1000,0.19360438936912452,2.7357545786467985,0
Proposed smooth SAC,smooth,3,79,12079,enlarged_delay_only,7,0.35000000000000003,0.0,0.0,0.0,1.0,1.0,1.0,1.5278991276633485,40.17317828277736,1,0,0,1,1,0,0,85,86,-1,-1,1,1,-1,-1.0,-1,-1.0,1,0,1000,0.14906617878196732,0.409703694680058,0
Proposed smooth SAC,smooth,3,80,12080,enlarged_delay_only,7,0.35000000000000003,0.0,0.0,0.0,1.0,1.0,1.0,2.3192768073204557,47.36251928991689,1,1,0,1,0,1,1,80,84,169,319,3,2,239,11.950000000000001,235,11.75,0,0,319,0.0923670295630393,3.2722958200289187,5
Proposed smooth SAC,smooth,3,81,12081,enlarged_delay_only,7,0.35000000000000003,0.0,0.0,0.0,1.0,1.0,1.0,2.348060423688873,77.305474384795,1,0,0,1,1,0,0,136,139,159,-1,2,2,-1,-1.0,-1,-1.0,1,0,1000,0.08463758868858705,9.069959316795318,0
Proposed smooth SAC,smooth,3,82,12082,enlarged_delay_only,7,0.35000000000000003,0.0,0.0,0.0,1.0,1.0,1.0,1.657062365864348,55.61082307125895,1,1,1,0,0,0,0,79,-1,-1,83,1,0,4,0.2,0,0.0,0,0,83,0.07616248574783163,3.813740283461462,5
Proposed smooth SAC,smooth,3,83,12083,enlarged_delay_only,7,0.35000000000000003,0.0,0.0,0.0,1.0,1.0,1.0,1.7829506075254924,2.609497891508878,1,0,0,1,1,0,0,304,305,-1,-1,1,1,-1,-1.0,-1,-1.0,1,0,1000,0.16251738662450713,11.733684428002455,0
Proposed smooth SAC,smooth,3,84,12084,enlarged_delay_only,7,0.35000000000000003,0.0,0.0,0.0,1.0,1.0,1.0,1.6404890956693123,1.3837049720644343,1,1,1,0,0,0,0,74,-1,-1,78,1,0,4,0.2,0,0.0,0,0,78,0.09474702233650936,1.309614068155898,5
Proposed smooth SAC,smooth,3,85,12085,enlarged_delay_only,7,0.35000000000000003,0.0,0.0,0.0,1.0,1.0,1.0,2.497746521837666,36.904581010184,1,0,0,1,1,0,0,54,57,83,-1,6,6,-1,-1.0,-1,-1.0,1,0,1000,0.15098119497192702,13.564864974672044,0
Proposed smooth SAC,smooth,3,86,12086,enlarged_delay_only,7,0.35000000000000003,0.0,0.0,0.0,1.0,1.0,1.0,1.8263883792562778,0.33389918702221527,0,0,0,0,0,0,0,-1,-1,-1,-1,0,0,-1,-1.0,-1,-1.0,1,0,1000,0.16990863978329265,7.942973834874984,0
Proposed smooth SAC,smooth,3,87,12087,enlarged_delay_only,7,0.35000000000000003,0.0,0.0,0.0,1.0,1.0,1.0,2.03592606033529,9.710697655286923,1,0,0,1,1,0,0,73,76,323,-1,3,3,-1,-1.0,-1,-1.0,1,0,1000,0.1503492675346707,1.4398061181945092,0
Proposed smooth SAC,smooth,3,88,12088,enlarged_delay_only,7,0.35000000000000003,0.0,0.0,0.0,1.0,1.0,1.0,2.799243954274032,20.695729317232512,1,0,0,1,1,0,0,79,83,102,-1,4,4,-1,-1.0,-1,-1.0,1,0,1000,0.14599652681100894,19.030655556083047,0
Proposed smooth SAC,smooth,3,89,12089,enlarged_delay_only,7,0.35000000000000003,0.0,0.0,0.0,1.0,1.0,1.0,1.9684957245170929,46.29750155301514,1,1,0,1,0,1,1,111,113,191,195,2,1,84,4.2,80,4.0,0,0,195,0.09169346323299453,3.805136379541362,5
Proposed smooth SAC,smooth,3,90,12090,enlarged_delay_only,7,0.35000000000000003,0.0,0.0,0.0,1.0,1.0,1.0,1.911320050192248,50.27198521595098,1,1,1,0,0,0,0,61,-1,-1,65,1,0,4,0.2,0,0.0,0,0,65,0.04482759437145518,4.03271742891254,5
Proposed smooth SAC,smooth,3,91,12091,enlarged_delay_only,7,0.35000000000000003,0.0,0.0,0.0,1.0,1.0,1.0,2.127844865867529,32.123072930770725,1,0,0,1,1,0,0,317,319,338,-1,7,7,-1,-1.0,-1,-1.0,1,0,1000,0.15543764967374943,12.91873078673613,0
Proposed smooth SAC,smooth,3,92,12092,enlarged_delay_only,7,0.35000000000000003,0.0,0.0,0.0,1.0,1.0,1.0,2.1800958407414126,47.35001662864118,0,0,0,0,0,0,0,-1,-1,-1,-1,0,0,-1,-1.0,-1,-1.0,1,0,1000,0.2732770278239709,11.687103391636615,0
Proposed smooth SAC,smooth,3,93,12093,enlarged_delay_only,7,0.35000000000000003,0.0,0.0,0.0,1.0,1.0,1.0,3.259884867767638,59.350430189016386,1,1,0,1,0,1,1,308,310,329,411,6,5,103,5.15,99,4.95,0,0,411,0.06786728822768236,4.722798761515609,5
Proposed smooth SAC,smooth,3,94,12094,enlarged_delay_only,7,0.35000000000000003,0.0,0.0,0.0,1.0,1.0,1.0,0.7611576363914472,18.846404373032783,1,0,0,1,1,0,0,32,33,71,-1,14,14,-1,-1.0,-1,-1.0,1,0,1000,0.19577723606853614,4.3366185851826184,0
Proposed smooth SAC,smooth,3,95,12095,enlarged_delay_only,7,0.35000000000000003,0.0,0.0,0.0,1.0,1.0,1.0,2.315981959981536,11.583421973809466,1,0,0,1,1,0,0,110,111,131,-1,5,5,-1,-1.0,-1,-1.0,1,0,1000,0.19303555350303983,3.169592826800376,0
Proposed smooth SAC,smooth,3,96,12096,enlarged_delay_only,7,0.35000000000000003,0.0,0.0,0.0,1.0,1.0,1.0,2.6433593115574596,23.402961879678983,1,1,0,1,0,1,1,95,99,150,154,2,1,59,2.95,55,2.75,0,0,154,0.059152981690192175,4.3815748902996425,5
Proposed smooth SAC,smooth,3,97,12097,enlarged_delay_only,7,0.35000000000000003,0.0,0.0,0.0,1.0,1.0,1.0,2.517006739513531,35.98333875531102,0,0,0,0,0,0,0,-1,-1,-1,-1,0,0,-1,-1.0,-1,-1.0,1,0,1000,0.11073665994053221,6.953602577465242,0
Proposed smooth SAC,smooth,3,98,12098,enlarged_delay_only,7,0.35000000000000003,0.0,0.0,0.0,1.0,1.0,1.0,3.120283930411399,82.53858091175118,1,0,0,1,1,0,0,240,244,260,-1,2,2,-1,-1.0,-1,-1.0,1,0,1000,0.10874347768008268,1.8010474595987849,0
Proposed smooth SAC,smooth,3,99,12099,enlarged_delay_only,7,0.35000000000000003,0.0,0.0,0.0,1.0,1.0,1.0,0.19539344804534206,10.475630177230514,1,0,0,1,1,0,0,15,18,-1,-1,1,1,-1,-1.0,-1,-1.0,1,0,1000,0.1533788330272359,14.566570273062359,0
Proposed smooth SAC,smooth,4,0,12000,enlarged_delay_only,7,0.35000000000000003,0.0,0.0,0.0,1.0,1.0,1.0,1.4011169590411672,3.680448288035017,1,0,0,1,1,0,0,64,67,158,-1,11,11,-1,-1.0,-1,-1.0,1,0,1000,0.14499151835989893,9.400972482088939,0
Proposed smooth SAC,smooth,4,1,12001,enlarged_delay_only,7,0.35000000000000003,0.0,0.0,0.0,1.0,1.0,1.0,1.8698938269216967,60.07772922240686,1,1,1,0,0,0,0,156,-1,-1,160,1,0,4,0.2,0,0.0,0,0,160,0.061841877898301194,4.8581022476526226,5
Proposed smooth SAC,smooth,4,2,12002,enlarged_delay_only,7,0.35000000000000003,0.0,0.0,0.0,1.0,1.0,1.0,1.5052862077716045,52.14187244464703,1,0,0,1,1,0,0,171,172,591,-1,3,3,-1,-1.0,-1,-1.0,1,0,1000,0.18853606304482923,5.930359558187761,0
Proposed smooth SAC,smooth,4,3,12003,enlarged_delay_only,7,0.35000000000000003,0.0,0.0,0.0,1.0,1.0,1.0,1.11052274394814,63.72168295593285,1,0,0,1,1,0,0,72,74,96,-1,4,4,-1,-1.0,-1,-1.0,1,0,1000,0.16048019077853592,15.802499833565337,0
Proposed smooth SAC,smooth,4,4,12004,enlarged_delay_only,7,0.35000000000000003,0.0,0.0,0.0,1.0,1.0,1.0,2.0622948587954135,27.609846144219087,1,0,0,1,1,0,0,382,384,404,-1,5,5,-1,-1.0,-1,-1.0,1,0,1000,0.15672694325225706,4.148081885314994,0
Proposed smooth SAC,smooth,4,5,12005,enlarged_delay_only,7,0.35000000000000003,0.0,0.0,0.0,1.0,1.0,1.0,0.7836208893081577,86.33696522241115,1,0,0,1,1,0,0,602,603,-1,-1,1,1,-1,-1.0,-1,-1.0,1,0,1000,0.14773999020665438,3.7712215021044866,0
Proposed smooth SAC,smooth,4,6,12006,enlarged_delay_only,7,0.35000000000000003,0.0,0.0,0.0,1.0,1.0,1.0,1.4039658384766267,70.50865751906693,1,0,0,1,1,0,0,204,208,223,-1,5,5,-1,-1.0,-1,-1.0,1,0,1000,0.17317098872028586,8.104436945533147,0
Proposed smooth SAC,smooth,4,7,12007,enlarged_delay_only,7,0.35000000000000003,0.0,0.0,0.0,1.0,1.0,1.0,2.023389540687327,41.417218692919725,1,0,0,1,1,0,0,104,106,120,-1,3,3,-1,-1.0,-1,-1.0,1,0,1000,0.1748735223138312,0.4048209898775716,0
Proposed smooth SAC,smooth,4,8,12008,enlarged_delay_only,7,0.35000000000000003,0.0,0.0,0.0,1.0,1.0,1.0,0.6761041193866284,47.03972454974209,1,0,0,1,1,0,0,81,82,-1,-1,1,1,-1,-1.0,-1,-1.0,1,0,1000,0.21280564981832722,11.937632169071744,0
Proposed smooth SAC,smooth,4,9,12009,enlarged_delay_only,7,0.35000000000000003,0.0,0.0,0.0,1.0,1.0,1.0,0.8365610729382312,17.566701837686487,1,0,0,1,1,0,0,163,165,183,-1,8,8,-1,-1.0,-1,-1.0,1,0,1000,0.22507757149621405,3.3087818368014807,0
Proposed smooth SAC,smooth,4,10,12010,enlarged_delay_only,7,0.35000000000000003,0.0,0.0,0.0,1.0,1.0,1.0,2.0882312594206844,67.10242168941406,0,0,0,0,0,0,0,-1,-1,-1,-1,0,0,-1,-1.0,-1,-1.0,1,0,1000,0.14785057196219953,14.492186097906334,0
Proposed smooth SAC,smooth,4,11,12011,enlarged_delay_only,7,0.35000000000000003,0.0,0.0,0.0,1.0,1.0,1.0,1.0363136503576447,39.13181690606595,1,1,0,1,0,1,1,178,182,196,200,2,1,22,1.1,18,0.9,0,0,200,0.09748271379932207,3.8616365581293537,5
Proposed smooth SAC,smooth,4,12,12012,enlarged_delay_only,7,0.35000000000000003,0.0,0.0,0.0,1.0,1.0,1.0,1.0633346171025668,74.10415106043168,1,1,1,0,0,0,0,95,-1,-1,99,1,0,4,0.2,0,0.0,0,0,99,0.08816810871853135,4.118855932743333,5
Proposed smooth SAC,smooth,4,13,12013,enlarged_delay_only,7,0.35000000000000003,0.0,0.0,0.0,1.0,1.0,1.0,2.9321695975105375,64.82631579002067,0,0,0,0,0,0,0,-1,-1,-1,-1,0,0,-1,-1.0,-1,-1.0,1,0,1000,0.16438746576617994,13.472601925589865,0
Proposed smooth SAC,smooth,4,14,12014,enlarged_delay_only,7,0.35000000000000003,0.0,0.0,0.0,1.0,1.0,1.0,1.5727126782681156,69.85363554747353,1,0,0,1,1,0,0,156,157,204,-1,3,3,-1,-1.0,-1,-1.0,1,0,1000,0.14543762171782093,9.664732189720029,0
Proposed smooth SAC,smooth,4,15,12015,enlarged_delay_only,7,0.35000000000000003,0.0,0.0,0.0,1.0,1.0,1.0,1.7941221940119125,66.18821452938619,0,0,0,0,0,0,0,-1,-1,-1,-1,0,0,-1,-1.0,-1,-1.0,1,0,1000,0.1410230531153541,2.1488445341172424,0
Proposed smooth SAC,smooth,4,16,12016,enlarged_delay_only,7,0.35000000000000003,0.0,0.0,0.0,1.0,1.0,1.0,2.0956191639967527,80.76412508613855,1,0,0,1,1,0,0,153,154,-1,-1,1,1,-1,-1.0,-1,-1.0,1,0,1000,0.15929084223626952,7.7990617490628145,0
Proposed smooth SAC,smooth,4,17,12017,enlarged_delay_only,7,0.35000000000000003,0.0,0.0,0.0,1.0,1.0,1.0,2.3497476747776798,68.42664510531779,1,0,0,1,1,0,0,151,154,168,-1,3,3,-1,-1.0,-1,-1.0,1,0,1000,0.07682181445953763,9.818639403608865,0
Proposed smooth SAC,smooth,4,18,12018,enlarged_delay_only,7,0.35000000000000003,0.0,0.0,0.0,1.0,1.0,1.0,1.3063656328926654,58.185179426044705,1,0,0,1,1,0,0,103,104,128,-1,8,8,-1,-1.0,-1,-1.0,1,0,1000,0.1549202358628164,11.624310901275749,0
Proposed smooth SAC,smooth,4,19,12019,enlarged_delay_only,7,0.35000000000000003,0.0,0.0,0.0,1.0,1.0,1.0,1.569053725441394,46.92282244700273,1,0,0,1,1,0,0,75,77,183,-1,19,19,-1,-1.0,-1,-1.0,1,0,1000,0.08426506035523956,7.242278388301715,0
Proposed smooth SAC,smooth,4,20,12020,enlarged_delay_only,7,0.35000000000000003,0.0,0.0,0.0,1.0,1.0,1.0,2.8509785660679805,57.54032760612546,0,0,0,0,0,0,0,-1,-1,-1,-1,0,0,-1,-1.0,-1,-1.0,1,0,1000,0.1000737880933299,13.889996493316637,0
Proposed smooth SAC,smooth,4,21,12021,enlarged_delay_only,7,0.35000000000000003,0.0,0.0,0.0,1.0,1.0,1.0,1.721321109839246,84.23015922197487,0,0,0,0,0,0,0,-1,-1,-1,-1,0,0,-1,-1.0,-1,-1.0,1,0,1000,0.13706802808690777,2.27926208712017,0
Proposed smooth SAC,smooth,4,22,12022,enlarged_delay_only,7,0.35000000000000003,0.0,0.0,0.0,1.0,1.0,1.0,2.0714459852992766,7.241713190147896,1,0,0,1,1,0,0,138,139,-1,-1,1,1,-1,-1.0,-1,-1.0,1,0,1000,0.15246214030654603,13.173041781424153,0
Proposed smooth SAC,smooth,4,23,12023,enlarged_delay_only,7,0.35000000000000003,0.0,0.0,0.0,1.0,1.0,1.0,1.96706721911142,29.687929491648173,1,0,0,1,1,0,0,77,79,212,-1,10,10,-1,-1.0,-1,-1.0,1,0,1000,0.15655721869059525,13.31998134858593,0
Proposed smooth SAC,smooth,4,24,12024,enlarged_delay_only,7,0.35000000000000003,0.0,0.0,0.0,1.0,1.0,1.0,2.3296647946987346,59.32330750782227,0,0,0,0,0,0,0,-1,-1,-1,-1,0,0,-1,-1.0,-1,-1.0,1,0,1000,0.1344110334871748,0.6082797320909692,0
Proposed smooth SAC,smooth,4,25,12025,enlarged_delay_only,7,0.35000000000000003,0.0,0.0,0.0,1.0,1.0,1.0,1.7406706115734212,29.68845883130885,1,0,0,1,1,0,0,240,244,-1,-1,1,1,-1,-1.0,-1,-1.0,1,0,1000,0.13124558306631334,3.043906673901563,0
Proposed smooth SAC,smooth,4,26,12026,enlarged_delay_only,7,0.35000000000000003,0.0,0.0,0.0,1.0,1.0,1.0,1.2890960116783232,58.822470226552745,1,1,0,1,0,1,1,146,147,165,264,6,5,118,5.9,114,5.7,0,0,264,0.08372765581617408,4.9947252409599185,5
Proposed smooth SAC,smooth,4,27,12027,enlarged_delay_only,7,0.35000000000000003,0.0,0.0,0.0,1.0,1.0,1.0,1.679512651290201,27.36887877784833,1,1,0,1,0,1,1,74,77,300,530,8,7,456,22.8,452,22.6,0,0,530,0.08728729258564484,2.8043721531526273,5
Proposed smooth SAC,smooth,4,28,12028,enlarged_delay_only,7,0.35000000000000003,0.0,0.0,0.0,1.0,1.0,1.0,2.161397968359572,63.816718208044406,1,0,0,1,1,0,0,108,109,131,-1,3,3,-1,-1.0,-1,-1.0,1,0,1000,0.07283786067094317,20.878807415292826,0
Proposed smooth SAC,smooth,4,29,12029,enlarged_delay_only,7,0.35000000000000003,0.0,0.0,0.0,1.0,1.0,1.0,1.4273638277059564,34.274883047648224,1,0,0,1,1,0,0,128,129,187,-1,21,21,-1,-1.0,-1,-1.0,1,0,1000,0.1362090929016256,13.295241549638497,0
Proposed smooth SAC,smooth,4,30,12030,enlarged_delay_only,7,0.35000000000000003,0.0,0.0,0.0,1.0,1.0,1.0,1.7462896683471236,26.955215200955678,1,1,0,1,0,1,1,130,133,162,166,2,1,36,1.8,32,1.6,0,0,166,0.062391034397340894,3.434865207889212,5
Proposed smooth SAC,smooth,4,31,12031,enlarged_delay_only,7,0.35000000000000003,0.0,0.0,0.0,1.0,1.0,1.0,0.831092090571535,57.81877392801937,1,0,0,1,1,0,0,60,61,-1,-1,1,1,-1,-1.0,-1,-1.0,1,0,1000,0.12226409386386622,15.041473326053346,0
Proposed smooth SAC,smooth,4,32,12032,enlarged_delay_only,7,0.35000000000000003,0.0,0.0,0.0,1.0,1.0,1.0,2.3622064651248813,65.6166711298287,1,0,0,1,1,0,0,101,102,142,-1,2,2,-1,-1.0,-1,-1.0,1,0,1000,0.18801443477333885,16.644680941248126,0
Proposed smooth SAC,smooth,4,33,12033,enlarged_delay_only,7,0.35000000000000003,0.0,0.0,0.0,1.0,1.0,1.0,0.7030471412582213,16.83992189867294,0,0,0,0,0,0,0,-1,-1,-1,-1,0,0,-1,-1.0,-1,-1.0,1,0,1000,0.1873619016865049,18.967452400598333,0
Proposed smooth SAC,smooth,4,34,12034,enlarged_delay_only,7,0.35000000000000003,0.0,0.0,0.0,1.0,1.0,1.0,2.282842407805926,24.938362791888462,1,0,0,1,1,0,0,81,85,163,-1,3,3,-1,-1.0,-1,-1.0,1,0,1000,0.1717388826882668,11.461614941472398,0
Proposed smooth SAC,smooth,4,35,12035,enlarged_delay_only,7,0.35000000000000003,0.0,0.0,0.0,1.0,1.0,1.0,2.371908074838775,71.96116554796184,1,0,0,1,1,0,0,188,191,-1,-1,1,1,-1,-1.0,-1,-1.0,1,0,1000,0.17775174535664764,5.8331450488441465,0
Proposed smooth SAC,smooth,4,36,12036,enlarged_delay_only,7,0.35000000000000003,0.0,0.0,0.0,1.0,1.0,1.0,0.8829462334714887,87.90779944848737,1,1,0,1,0,1,1,121,122,159,762,8,7,641,32.050000000000004,637,31.85,0,0,762,0.09110707301143708,4.079905498340866,5
Proposed smooth SAC,smooth,4,37,12037,enlarged_delay_only,7,0.35000000000000003,0.0,0.0,0.0,1.0,1.0,1.0,0.817844285721509,43.45796651879823,1,0,0,1,1,0,0,544,546,-1,-1,1,1,-1,-1.0,-1,-1.0,1,0,1000,0.13301257045690326,5.247915230850413,0
Proposed smooth SAC,smooth,4,38,12038,enlarged_delay_only,7,0.35000000000000003,0.0,0.0,0.0,1.0,1.0,1.0,1.5743284929286714,57.88825061225674,1,1,1,0,0,0,0,64,-1,-1,68,1,0,4,0.2,0,0.0,0,0,68,0.09119899007271941,3.8670550325752893,5
Proposed smooth SAC,smooth,4,39,12039,enlarged_delay_only,7,0.35000000000000003,0.0,0.0,0.0,1.0,1.0,1.0,0.8994689163493125,9.298986658723248,1,0,0,1,1,0,0,316,317,-1,-1,1,1,-1,-1.0,-1,-1.0,1,0,1000,0.18661220487192562,10.938542833133543,0
Proposed smooth SAC,smooth,4,40,12040,enlarged_delay_only,7,0.35000000000000003,0.0,0.0,0.0,1.0,1.0,1.0,1.8657719186487738,68.44804408798744,1,0,0,1,1,0,0,71,73,169,-1,4,4,-1,-1.0,-1,-1.0,1,0,1000,0.131561838753535,7.59552552689102,0
Proposed smooth SAC,smooth,4,41,12041,enlarged_delay_only,7,0.35000000000000003,0.0,0.0,0.0,1.0,1.0,1.0,2.1801507199074694,36.011752342258276,1,0,0,1,1,0,0,461,465,501,-1,9,9,-1,-1.0,-1,-1.0,1,0,1000,0.14984389420179894,2.7812758684742294,0
Proposed smooth SAC,smooth,4,42,12042,enlarged_delay_only,7,0.35000000000000003,0.0,0.0,0.0,1.0,1.0,1.0,2.890509486387824,8.39370570216694,1,0,0,1,1,0,0,103,107,144,-1,5,5,-1,-1.0,-1,-1.0,1,0,1000,0.1686833758841664,2.322739442838474,0
Proposed smooth SAC,smooth,4,43,12043,enlarged_delay_only,7,0.35000000000000003,0.0,0.0,0.0,1.0,1.0,1.0,1.4295379479494126,86.66219834011966,1,0,0,1,1,0,0,155,156,-1,-1,1,1,-1,-1.0,-1,-1.0,1,0,1000,0.15914234160237023,15.900190321716735,0
Proposed smooth SAC,smooth,4,44,12044,enlarged_delay_only,7,0.35000000000000003,0.0,0.0,0.0,1.0,1.0,1.0,1.4633774253790757,25.79388667411487,1,1,0,1,0,1,1,45,47,82,350,9,8,305,15.25,301,15.05,0,0,350,0.09811944550660388,2.4949018313880504,5
Proposed smooth SAC,smooth,4,45,12045,enlarged_delay_only,7,0.35000000000000003,0.0,0.0,0.0,1.0,1.0,1.0,2.7817081294799144,45.277112272150255,1,1,0,1,0,1,1,69,72,109,327,6,5,258,12.9,254,12.700000000000001,0,0,327,0.09677535244578887,4.5471472135172135,5
Proposed smooth SAC,smooth,4,46,12046,enlarged_delay_only,7,0.35000000000000003,0.0,0.0,0.0,1.0,1.0,1.0,2.448255495287487,6.5296484668143195,1,0,0,1,1,0,0,117,119,159,-1,2,2,-1,-1.0,-1,-1.0,1,0,1000,0.15401984204628633,0.8053377332784187,0
Proposed smooth SAC,smooth,4,47,12047,enlarged_delay_only,7,0.35000000000000003,0.0,0.0,0.0,1.0,1.0,1.0,2.0375889749407565,48.300679923363994,1,0,0,1,1,0,0,564,568,604,-1,2,2,-1,-1.0,-1,-1.0,1,0,1000,0.1485228566785893,11.86337349864172,0
Proposed smooth SAC,smooth,4,48,12048,enlarged_delay_only,7,0.35000000000000003,0.0,0.0,0.0,1.0,1.0,1.0,1.595910055499794,38.132652438046875,1,0,0,1,1,0,0,69,70,90,-1,2,2,-1,-1.0,-1,-1.0,1,0,1000,0.13489490880089677,4.648263895311022,0
Proposed smooth SAC,smooth,4,49,12049,enlarged_delay_only,7,0.35000000000000003,0.0,0.0,0.0,1.0,1.0,1.0,1.5300451933387877,9.115019782297185,1,1,1,0,0,0,0,89,-1,-1,93,1,0,4,0.2,0,0.0,0,0,93,0.05044193844022987,4.569921625530975,5
Proposed smooth SAC,smooth,4,50,12050,enlarged_delay_only,7,0.35000000000000003,0.0,0.0,0.0,1.0,1.0,1.0,2.262693545269486,73.02772690761601,0,0,0,0,0,0,0,-1,-1,-1,-1,0,0,-1,-1.0,-1,-1.0,1,0,1000,0.18811993533135532,3.354152008693525,0
Proposed smooth SAC,smooth,4,51,12051,enlarged_delay_only,7,0.35000000000000003,0.0,0.0,0.0,1.0,1.0,1.0,1.6263518811985,35.99433194478016,1,0,0,1,1,0,0,162,165,181,-1,4,4,-1,-1.0,-1,-1.0,1,0,1000,0.14688147834827492,10.510862854290378,0
Proposed smooth SAC,smooth,4,52,12052,enlarged_delay_only,7,0.35000000000000003,0.0,0.0,0.0,1.0,1.0,1.0,0.7048587995105587,83.91519870877808,1,0,0,1,1,0,0,65,67,110,-1,3,3,-1,-1.0,-1,-1.0,1,0,1000,0.178979291138911,2.818157609331829,0
Proposed smooth SAC,smooth,4,53,12053,enlarged_delay_only,7,0.35000000000000003,0.0,0.0,0.0,1.0,1.0,1.0,1.470188620244381,45.138920469767974,1,0,0,1,1,0,0,47,48,172,-1,4,4,-1,-1.0,-1,-1.0,1,0,1000,0.11064008340742587,9.790492194039242,0
Proposed smooth SAC,smooth,4,54,12054,enlarged_delay_only,7,0.35000000000000003,0.0,0.0,0.0,1.0,1.0,1.0,2.2790002868522827,82.51781713667434,1,0,0,1,1,0,0,340,342,359,-1,10,10,-1,-1.0,-1,-1.0,1,0,1000,0.13659882339519147,1.51475047558418,0
Proposed smooth SAC,smooth,4,55,12055,enlarged_delay_only,7,0.35000000000000003,0.0,0.0,0.0,1.0,1.0,1.0,2.8850994760210127,23.46271066699096,1,0,0,1,1,0,0,108,110,-1,-1,1,1,-1,-1.0,-1,-1.0,1,0,1000,0.10634909184680003,4.330245591800173,0
Proposed smooth SAC,smooth,4,56,12056,enlarged_delay_only,7,0.35000000000000003,0.0,0.0,0.0,1.0,1.0,1.0,1.826905546699788,11.925707512554547,1,1,1,0,0,0,0,67,-1,-1,71,1,0,4,0.2,0,0.0,0,0,71,0.08989866602078718,4.588614999515654,5
Proposed smooth SAC,smooth,4,57,12057,enlarged_delay_only,7,0.35000000000000003,0.0,0.0,0.0,1.0,1.0,1.0,1.7691751722646727,27.276807827836556,1,0,0,1,1,0,0,132,135,153,-1,5,5,-1,-1.0,-1,-1.0,1,0,1000,0.1819141331112815,5.270641831539985,0
Proposed smooth SAC,smooth,4,58,12058,enlarged_delay_only,7,0.35000000000000003,0.0,0.0,0.0,1.0,1.0,1.0,2.3268545695420997,62.93145738971906,1,0,0,1,1,0,0,115,116,236,-1,3,3,-1,-1.0,-1,-1.0,1,0,1000,0.12934551205396294,5.666559296308474,0
Proposed smooth SAC,smooth,4,59,12059,enlarged_delay_only,7,0.35000000000000003,0.0,0.0,0.0,1.0,1.0,1.0,2.1903482121613216,54.840688506488746,1,0,0,1,1,0,0,79,83,102,-1,6,6,-1,-1.0,-1,-1.0,1,0,1000,0.13640902530149304,9.95771230039408,0
Proposed smooth SAC,smooth,4,60,12060,enlarged_delay_only,7,0.35000000000000003,0.0,0.0,0.0,1.0,1.0,1.0,1.0973360553047116,33.91806713521758,1,1,0,1,0,1,1,109,110,172,380,4,3,271,13.55,267,13.350000000000001,0,0,380,0.08749908401391934,3.8962165252366585,5
Proposed smooth SAC,smooth,4,61,12061,enlarged_delay_only,7,0.35000000000000003,0.0,0.0,0.0,1.0,1.0,1.0,1.936928029361262,42.58082679539602,1,0,0,1,1,0,0,127,131,150,-1,2,2,-1,-1.0,-1,-1.0,1,0,1000,0.16283212142960068,13.321210782636532,0
Proposed smooth SAC,smooth,4,62,12062,enlarged_delay_only,7,0.35000000000000003,0.0,0.0,0.0,1.0,1.0,1.0,1.8981880108378766,55.958209907540386,1,0,0,1,1,0,0,107,110,-1,-1,1,1,-1,-1.0,-1,-1.0,1,0,1000,0.2165048393896385,12.698677459603951,0
Proposed smooth SAC,smooth,4,63,12063,enlarged_delay_only,7,0.35000000000000003,0.0,0.0,0.0,1.0,1.0,1.0,1.3410819077846639,71.65242733709893,1,0,0,1,1,0,0,203,205,241,-1,22,22,-1,-1.0,-1,-1.0,1,0,1000,0.10241120599354543,10.1562889514548,0
Proposed smooth SAC,smooth,4,64,12064,enlarged_delay_only,7,0.35000000000000003,0.0,0.0,0.0,1.0,1.0,1.0,3.236122857778983,77.84361815931113,0,0,0,0,0,0,0,-1,-1,-1,-1,0,0,-1,-1.0,-1,-1.0,1,0,1000,0.21180284113924022,7.856770871133898,0
Proposed smooth SAC,smooth,4,65,12065,enlarged_delay_only,7,0.35000000000000003,0.0,0.0,0.0,1.0,1.0,1.0,2.27680658754703,16.046224888813487,1,0,0,1,1,0,0,155,157,-1,-1,1,1,-1,-1.0,-1,-1.0,1,0,1000,0.18142934854755,10.613806611687165,0
Proposed smooth SAC,smooth,4,66,12066,enlarged_delay_only,7,0.35000000000000003,0.0,0.0,0.0,1.0,1.0,1.0,0.7254567305431476,42.00001141404023,0,0,0,0,0,0,0,-1,-1,-1,-1,0,0,-1,-1.0,-1,-1.0,1,0,1000,0.22748530304790532,14.293662380811682,0
Proposed smooth SAC,smooth,4,67,12067,enlarged_delay_only,7,0.35000000000000003,0.0,0.0,0.0,1.0,1.0,1.0,1.5334421939190404,11.645351299013972,1,0,0,1,1,0,0,254,257,276,-1,4,4,-1,-1.0,-1,-1.0,1,0,1000,0.1548724632353008,0.34884777639230224,0
Proposed smooth SAC,smooth,4,68,12068,enlarged_delay_only,7,0.35000000000000003,0.0,0.0,0.0,1.0,1.0,1.0,1.8681160247703945,59.46436457456137,1,0,0,1,1,0,0,191,193,-1,-1,1,1,-1,-1.0,-1,-1.0,1,0,1000,0.11762064979806759,3.450609434256326,0
Proposed smooth SAC,smooth,4,69,12069,enlarged_delay_only,7,0.35000000000000003,0.0,0.0,0.0,1.0,1.0,1.0,1.886519728757838,51.09646759594697,0,0,0,0,0,0,0,-1,-1,-1,-1,0,0,-1,-1.0,-1,-1.0,1,0,1000,0.21805936228782968,5.747204193612461,0
Proposed smooth SAC,smooth,4,70,12070,enlarged_delay_only,7,0.35000000000000003,0.0,0.0,0.0,1.0,1.0,1.0,1.6986806001597525,76.52323330972095,0,0,0,0,0,0,0,-1,-1,-1,-1,0,0,-1,-1.0,-1,-1.0,1,0,1000,0.12435855781229006,10.36373460315278,0
Proposed smooth SAC,smooth,4,71,12071,enlarged_delay_only,7,0.35000000000000003,0.0,0.0,0.0,1.0,1.0,1.0,2.6459208153503964,67.50779341665432,1,1,0,1,0,1,1,193,194,231,255,3,2,62,3.1,58,2.9000000000000004,0,0,255,0.09217197012650848,4.643726515268018,5
Proposed smooth SAC,smooth,4,72,12072,enlarged_delay_only,7,0.35000000000000003,0.0,0.0,0.0,1.0,1.0,1.0,0.48175087121353316,49.596093601348606,1,0,0,1,1,0,0,73,77,95,-1,5,5,-1,-1.0,-1,-1.0,1,0,1000,0.16304958000342554,2.4864232187505375,0
Proposed smooth SAC,smooth,4,73,12073,enlarged_delay_only,7,0.35000000000000003,0.0,0.0,0.0,1.0,1.0,1.0,1.3565823895626754,84.90849262920553,1,1,1,0,0,0,0,70,-1,-1,74,1,0,4,0.2,0,0.0,0,0,74,0.09179475258935457,2.317167075692802,5
Proposed smooth SAC,smooth,4,74,12074,enlarged_delay_only,7,0.35000000000000003,0.0,0.0,0.0,1.0,1.0,1.0,2.034268978334935,63.584860606479154,1,0,0,1,1,0,0,53,57,-1,-1,1,1,-1,-1.0,-1,-1.0,1,0,1000,0.11432732460914978,10.491376324588332,0
Proposed smooth SAC,smooth,4,75,12075,enlarged_delay_only,7,0.35000000000000003,0.0,0.0,0.0,1.0,1.0,1.0,2.7867133802887056,59.621185717904865,1,0,0,1,1,0,0,118,119,159,-1,4,4,-1,-1.0,-1,-1.0,1,0,1000,0.11471113644715636,10.955749787200098,0
Proposed smooth SAC,smooth,4,76,12076,enlarged_delay_only,7,0.35000000000000003,0.0,0.0,0.0,1.0,1.0,1.0,1.4672375160200708,30.3721436917542,1,0,0,1,1,0,0,208,209,811,-1,3,3,-1,-1.0,-1,-1.0,1,0,1000,0.1353425175324934,17.34695586906696,0
Proposed smooth SAC,smooth,4,77,12077,enlarged_delay_only,7,0.35000000000000003,0.0,0.0,0.0,1.0,1.0,1.0,1.9775577095396648,51.41426263764932,1,1,1,0,0,0,0,103,-1,-1,107,1,0,4,0.2,0,0.0,0,0,107,0.08219518787039062,4.314164338286202,5
Proposed smooth SAC,smooth,4,78,12078,enlarged_delay_only,7,0.35000000000000003,0.0,0.0,0.0,1.0,1.0,1.0,2.327760709820301,60.008956047653996,1,1,0,1,0,1,1,332,333,370,374,2,1,42,2.1,38,1.9000000000000001,0,0,374,0.08875243970944771,4.727164106168893,5
Proposed smooth SAC,smooth,4,79,12079,enlarged_delay_only,7,0.35000000000000003,0.0,0.0,0.0,1.0,1.0,1.0,1.5278991276633485,40.17317828277736,1,1,0,1,0,1,1,69,73,88,344,9,8,275,13.75,271,13.55,0,0,344,0.09146109037832474,3.7043996270201363,5
Proposed smooth SAC,smooth,4,80,12080,enlarged_delay_only,7,0.35000000000000003,0.0,0.0,0.0,1.0,1.0,1.0,2.3192768073204557,47.36251928991689,0,0,0,0,0,0,0,-1,-1,-1,-1,0,0,-1,-1.0,-1,-1.0,1,0,1000,0.10595141868664464,10.830827334827857,0
Proposed smooth SAC,smooth,4,81,12081,enlarged_delay_only,7,0.35000000000000003,0.0,0.0,0.0,1.0,1.0,1.0,2.348060423688873,77.305474384795,0,0,0,0,0,0,0,-1,-1,-1,-1,0,0,-1,-1.0,-1,-1.0,1,0,1000,0.15825650296618532,19.005050884431963,0
Proposed smooth SAC,smooth,4,82,12082,enlarged_delay_only,7,0.35000000000000003,0.0,0.0,0.0,1.0,1.0,1.0,1.657062365864348,55.61082307125895,1,0,0,1,1,0,0,64,65,344,-1,4,4,-1,-1.0,-1,-1.0,1,0,1000,0.2107468724025652,1.7969681291169948,0
Proposed smooth SAC,smooth,4,83,12083,enlarged_delay_only,7,0.35000000000000003,0.0,0.0,0.0,1.0,1.0,1.0,1.7829506075254924,2.609497891508878,1,0,0,1,1,0,0,44,46,265,-1,4,4,-1,-1.0,-1,-1.0,1,0,1000,0.123482336799202,12.510985568759294,0
Proposed smooth SAC,smooth,4,84,12084,enlarged_delay_only,7,0.35000000000000003,0.0,0.0,0.0,1.0,1.0,1.0,1.6404890956693123,1.3837049720644343,1,0,0,1,1,0,0,170,171,207,-1,20,20,-1,-1.0,-1,-1.0,1,0,1000,0.09885172337409368,8.906164550309242,0
Proposed smooth SAC,smooth,4,85,12085,enlarged_delay_only,7,0.35000000000000003,0.0,0.0,0.0,1.0,1.0,1.0,2.497746521837666,36.904581010184,0,0,0,0,0,0,0,-1,-1,-1,-1,0,0,-1,-1.0,-1,-1.0,1,0,1000,0.11823062499735584,17.182452470454496,0
Proposed smooth SAC,smooth,4,86,12086,enlarged_delay_only,7,0.35000000000000003,0.0,0.0,0.0,1.0,1.0,1.0,1.8263883792562778,0.33389918702221527,1,0,0,1,1,0,0,382,385,402,-1,4,4,-1,-1.0,-1,-1.0,1,0,1000,0.16598341153789756,10.5350357475367,0
Proposed smooth SAC,smooth,4,87,12087,enlarged_delay_only,7,0.35000000000000003,0.0,0.0,0.0,1.0,1.0,1.0,2.03592606033529,9.710697655286923,1,1,1,0,0,0,0,51,-1,-1,55,1,0,4,0.2,0,0.0,0,0,55,0.09850810510421544,0.145256245696486,5
Proposed smooth SAC,smooth,4,88,12088,enlarged_delay_only,7,0.35000000000000003,0.0,0.0,0.0,1.0,1.0,1.0,2.799243954274032,20.695729317232512,1,1,0,1,0,1,1,85,89,107,169,5,4,84,4.2,80,4.0,0,0,169,0.08609074133995366,4.159363650276563,5
Proposed smooth SAC,smooth,4,89,12089,enlarged_delay_only,7,0.35000000000000003,0.0,0.0,0.0,1.0,1.0,1.0,1.9684957245170929,46.29750155301514,1,0,0,1,1,0,0,112,113,267,-1,4,4,-1,-1.0,-1,-1.0,1,0,1000,0.13560974504888154,13.668458453813628,0
Proposed smooth SAC,smooth,4,90,12090,enlarged_delay_only,7,0.35000000000000003,0.0,0.0,0.0,1.0,1.0,1.0,1.911320050192248,50.27198521595098,1,1,0,1,0,1,1,69,71,91,197,4,3,128,6.4,124,6.2,0,0,197,0.0723184210854077,2.8761094165618597,5
Proposed smooth SAC,smooth,4,91,12091,enlarged_delay_only,7,0.35000000000000003,0.0,0.0,0.0,1.0,1.0,1.0,2.127844865867529,32.123072930770725,1,0,0,1,1,0,0,530,531,747,-1,4,4,-1,-1.0,-1,-1.0,1,0,1000,0.17670724897728374,4.429510011668438,0
Proposed smooth SAC,smooth,4,92,12092,enlarged_delay_only,7,0.35000000000000003,0.0,0.0,0.0,1.0,1.0,1.0,2.1800958407414126,47.35001662864118,1,0,0,1,1,0,0,229,232,267,-1,21,21,-1,-1.0,-1,-1.0,1,0,1000,0.07342173529415746,13.394866688872304,0
Proposed smooth SAC,smooth,4,93,12093,enlarged_delay_only,7,0.35000000000000003,0.0,0.0,0.0,1.0,1.0,1.0,3.259884867767638,59.350430189016386,1,0,0,1,1,0,0,126,127,-1,-1,1,1,-1,-1.0,-1,-1.0,1,0,1000,0.20028367191761925,7.6927336329322875,0
Proposed smooth SAC,smooth,4,94,12094,enlarged_delay_only,7,0.35000000000000003,0.0,0.0,0.0,1.0,1.0,1.0,0.7611576363914472,18.846404373032783,1,0,0,1,1,0,0,102,105,-1,-1,1,1,-1,-1.0,-1,-1.0,1,0,1000,0.20286113065536862,12.373634733418568,0
Proposed smooth SAC,smooth,4,95,12095,enlarged_delay_only,7,0.35000000000000003,0.0,0.0,0.0,1.0,1.0,1.0,2.315981959981536,11.583421973809466,1,1,0,1,0,1,1,103,106,127,209,6,5,106,5.300000000000001,102,5.1000000000000005,0,0,209,0.08147315744118679,4.7098073148274215,5
Proposed smooth SAC,smooth,4,96,12096,enlarged_delay_only,7,0.35000000000000003,0.0,0.0,0.0,1.0,1.0,1.0,2.6433593115574596,23.402961879678983,1,0,0,1,1,0,0,168,171,189,-1,2,2,-1,-1.0,-1,-1.0,1,0,1000,0.15838514334272458,15.6459621430724,0
Proposed smooth SAC,smooth,4,97,12097,enlarged_delay_only,7,0.35000000000000003,0.0,0.0,0.0,1.0,1.0,1.0,2.517006739513531,35.98333875531102,1,0,0,1,1,0,0,57,59,233,-1,9,9,-1,-1.0,-1,-1.0,1,0,1000,0.1700160982905545,10.93592857822872,0
Proposed smooth SAC,smooth,4,98,12098,enlarged_delay_only,7,0.35000000000000003,0.0,0.0,0.0,1.0,1.0,1.0,3.120283930411399,82.53858091175118,1,0,0,1,1,0,0,96,98,-1,-1,1,1,-1,-1.0,-1,-1.0,1,0,1000,0.18062894376206062,6.9774775037090215,0
Proposed smooth SAC,smooth,4,99,12099,enlarged_delay_only,7,0.35000000000000003,0.0,0.0,0.0,1.0,1.0,1.0,0.19539344804534206,10.475630177230514,1,0,0,1,1,0,0,14,18,39,-1,5,5,-1,-1.0,-1,-1.0,1,0,1000,0.16086352872009957,13.005971939231056,0
