condition,method,exp_name,reward_mode,model_seed,episode,eval_seed,disturbance_seed,scenario,level,position_noise_sigma_m,yaw_noise_sigma_deg,wake_speed_m_s,strict_success,instant_entry,instant_only_failure,pre_success_exit,terminal_entry_count,terminal_exit_count,first_entry_step,first_entry_to_strict_s,transition_available,first_transition_step,transition_max_abs_r_rad_s,transition_rms_r_rad_s,transition_max_abs_yaw_acc_rad_s2,transition_rms_yaw_acc_rad_s2,transition_max_abs_delta_mz_nm,transition_sum_abs_delta_mz_nm,transition_max_action_delta_norm,transition_sum_action_delta_norm,yaw_overshoot_deg,yaw_settling_from_transition_s,terminal_mean_speed_m_s,terminal_max_speed_m_s,terminal_mean_abs_r_rad_s,terminal_max_abs_r_rad_s,all_episode_last5_mean_abs_r_rad_s,terminal_mean_abs_yaw_acc_rad_s2,terminal_max_abs_yaw_acc_rad_s2,steps,final_dist_xyz_m,final_yaw_error_deg
station_wake_L0,Hard-switch stage-aware SAC,strict_hard_switch_v1,hard_switch_v1,0,0,9000,1200000,station_wake,0,0.0,0.0,0.0,1,1,0,0,1,0,52,0.25,1,34,0.1939939260482788,0.1286778848000563,0.5815355479717255,0.42147486233745435,1.1758118867874146,6.526078581809998,0.27011048073150157,1.8481107783489341,0.0,0.65,0.1549108608017908,0.19380628275315406,0.11538187116384506,0.14275339245796204,0.11538187116384506,0.29193681478500366,0.4302683472633362,56,0.06492986374115553,1.07696501842057
station_wake_L0,Hard-switch stage-aware SAC,strict_hard_switch_v1,hard_switch_v1,0,1,9001,1200001,station_wake,0,0.0,0.0,0.0,1,1,0,0,1,0,45,0.25,1,29,0.8070452809333801,0.436985126085237,2.254546880722046,1.7368812540387946,7.106998562812805,28.876207768917084,0.5597296456333076,3.1153693022448885,0.0,0.0,0.1583993678323276,0.19113346817499852,0.07012498900294303,0.08320867270231247,0.07012498900294303,0.13843567669391632,0.16765758395195007,49,0.06162747036647578,1.0432958143504036
station_wake_L0,Hard-switch stage-aware SAC,strict_hard_switch_v1,hard_switch_v1,0,2,9002,1200002,station_wake,0,0.0,0.0,0.0,1,1,0,0,1,0,40,0.25,1,25,0.6093524694442749,0.3598648536689273,1.3542753458023071,1.0475140083864798,3.061090111732483,12.58441686630249,0.2748114007290299,2.0241645994265163,2.2351828209812576,0.0,0.15484346789493936,0.21227024571895617,0.012050193361938,0.024836931377649307,0.012050193361938,0.11578140966594219,0.14520365744829178,44,0.06616789625905148,1.8437013506352797
station_wake_L0,Hard-switch stage-aware SAC,strict_hard_switch_v1,hard_switch_v1,0,3,9003,1200003,station_wake,0,0.0,0.0,0.0,1,1,0,0,1,0,51,0.25,1,38,0.29207944869995117,0.23257557423829517,0.4470878839492798,0.2477311596011828,2.0019012689590454,10.09197760373354,0.2772693217889664,2.0725283987251863,0.0,0.25,0.19594595546953,0.28346895748280737,0.03219969794154167,0.04141008481383324,0.03219969794154167,0.15438337624073029,0.2997000887989998,55,0.06291141240864369,1.9720335615072377
station_wake_L0,Hard-switch stage-aware SAC,strict_hard_switch_v1,hard_switch_v1,0,4,9004,1200004,station_wake,0,0.0,0.0,0.0,1,1,0,0,1,0,53,0.25,1,37,0.2057410627603531,0.16001777244517648,0.8742699027061462,0.3680912753266306,5.559421479701996,19.134390950202942,0.4407483530078703,2.1694924043511565,0.0,0.55,0.15427336984456236,0.1989621146998328,0.11191578507423401,0.12987695634365082,0.11191578507423401,0.19883039593696594,0.246410071849823,57,0.06983207123569182,1.353147772934855
station_wake_L0,Hard-switch stage-aware SAC,strict_hard_switch_v1,hard_switch_v1,0,5,9005,1200005,station_wake,0,0.0,0.0,0.0,1,1,0,0,1,0,57,0.25,1,39,0.2674809694290161,0.20164060869009082,1.386520266532898,0.8189056441038829,2.412348687648773,13.752684099599719,0.14104897070172026,1.1649261009790635,0.43993363169885846,0.35000000000000003,0.12049401044958614,0.1555058479697544,0.049817951023578645,0.06714347749948502,0.049817951023578645,0.16443505883216858,0.1930227130651474,61,0.07278034989843216,0.43993363169885846
station_wake_L0,Hard-switch stage-aware SAC,strict_hard_switch_v1,hard_switch_v1,0,6,9006,1200006,station_wake,0,0.0,0.0,0.0,1,1,0,0,1,0,31,0.25,0,-1,nan,nan,nan,nan,nan,nan,nan,nan,0.0,nan,0.11605225649109936,0.1407630823427453,0.19976389706134795,0.23814509809017181,0.19976389706134795,0.4078916907310486,0.5013427138328552,35,0.07791110928878915,1.5039505591242146
station_wake_L0,Hard-switch stage-aware SAC,strict_hard_switch_v1,hard_switch_v1,0,7,9007,1200007,station_wake,0,0.0,0.0,0.0,1,1,0,0,1,0,58,0.25,1,43,0.2919728457927704,0.15656460324198967,0.8921556174755096,0.6869098109282846,3.9992225915193558,21.113810539245605,0.4888222150076708,2.2836928787396493,0.0,0.75,0.17236019101304786,0.2301257684936987,0.21135932207107544,0.309445321559906,0.21135932207107544,0.9154688119888306,1.1931940913200378,62,0.04495445056615617,2.3864108931681565
station_wake_L0,Hard-switch stage-aware SAC,strict_hard_switch_v1,hard_switch_v1,0,8,9008,1200008,station_wake,0,0.0,0.0,0.0,1,1,0,0,1,0,42,0.25,1,25,0.11919184029102325,0.06313073509272692,0.5072024092078209,0.31416801995892774,1.9352561235427856,6.860406398773193,0.5713798543824018,2.4778920460372174,0.0,0.4,0.1261207732690797,0.1680907329446328,0.03639873452484608,0.054405611008405685,0.03639873452484608,0.18941476196050644,0.3174940496683121,46,0.069749870916979,1.6207967396897385
station_wake_L0,Hard-switch stage-aware SAC,strict_hard_switch_v1,hard_switch_v1,0,9,9009,1200009,station_wake,0,0.0,0.0,0.0,1,1,0,0,1,0,41,0.25,1,24,0.2725942134857178,0.2204196151856818,0.7581275701522827,0.4481434083401115,3.568671941757202,18.374923020601273,0.3499400099625342,1.9216810119073613,2.3559591350838893,0.0,0.1499578848593937,0.18817700599509035,0.055509545654058454,0.058958835899829865,0.055509545654058454,0.056725844740867615,0.07633231580257416,45,0.0676224576352349,1.2730754375823858
station_wake_L0,Hard-switch stage-aware SAC,strict_hard_switch_v1,hard_switch_v1,0,10,9010,1200010,station_wake,0,0.0,0.0,0.0,1,1,0,0,1,0,36,0.25,0,-1,nan,nan,nan,nan,nan,nan,nan,nan,0.0,nan,0.07647497551410345,0.0880288477713414,0.16336846947669983,0.20637892186641693,0.16336846947669983,0.43174678087234497,0.5355623364448547,40,0.03390243310602154,3.0963095927611937
station_wake_L0,Hard-switch stage-aware SAC,strict_hard_switch_v1,hard_switch_v1,0,11,9011,1200011,station_wake,0,0.0,0.0,0.0,1,1,0,0,1,0,49,0.25,1,33,0.4279710650444031,0.2272448240223562,1.8710827827453613,0.9909409427267493,4.902956560254097,17.681851536035538,0.38574834300439187,2.638794799941508,0.0,0.15000000000000002,0.12741330455835392,0.17342689375712703,0.0584792397916317,0.06876431405544281,0.0584792397916317,0.10484735667705536,0.16092538833618164,53,0.06931586956523057,0.7832779831674229
station_wake_L0,Hard-switch stage-aware SAC,strict_hard_switch_v1,hard_switch_v1,0,12,9012,1200012,station_wake,0,0.0,0.0,0.0,1,1,0,0,1,0,60,0.25,1,41,0.4339055120944977,0.25372410800431844,1.656496524810791,1.514816727561072,2.559768557548523,10.08402943611145,0.5275258862357889,2.3648866150368293,0.0,0.65,0.16060849425797918,0.1710741005758106,0.07820687592029571,0.10377857089042664,0.07820687592029571,0.303422749042511,0.7250973582267761,64,0.06669013280779683,0.21704290791528197
station_wake_L0,Hard-switch stage-aware SAC,strict_hard_switch_v1,hard_switch_v1,0,13,9013,1200013,station_wake,0,0.0,0.0,0.0,1,1,0,0,1,0,54,0.25,1,41,0.36810457706451416,0.23177280258193686,1.7165690660476685,1.4412050519098096,1.8116188049316406,7.912765741348267,0.37192891671025535,2.559249412426688,0.0,0.6000000000000001,0.20648053995920201,0.2872253622150971,0.20060742497444153,0.2929888963699341,0.20060742497444153,0.9247903823852539,1.0090577602386475,58,0.07649663142211395,1.9312295845187584
station_wake_L0,Hard-switch stage-aware SAC,strict_hard_switch_v1,hard_switch_v1,0,14,9014,1200014,station_wake,0,0.0,0.0,0.0,1,1,0,0,1,0,50,0.25,1,34,0.3760358989238739,0.20620894168228798,1.0787156224250793,0.8437337150591325,3.867166042327881,18.9452001452446,0.48092042141941277,3.093119875099419,0.0,0.8,0.10202045740393009,0.12353580533458368,0.2352616548538208,0.2701174020767212,0.2352616548538208,0.368180513381958,0.5101394653320312,54,0.05978244767854395,2.385582946174704
station_wake_L0,Hard-switch stage-aware SAC,strict_hard_switch_v1,hard_switch_v1,0,15,9015,1200015,station_wake,0,0.0,0.0,0.0,1,1,0,0,1,0,52,0.25,1,36,0.4404992461204529,0.27518837397128654,0.8838894963264465,0.762775980045507,1.4939117431640625,8.93655776977539,0.2719178825851104,1.2254321535815922,0.07531246723333736,0.0,0.14491513941100315,0.18771294667679586,0.016101100482046604,0.030923057347536087,0.016101100482046604,0.13408732414245605,0.1733054593205452,56,0.06512810691001858,0.07531246723333736
station_wake_L0,Hard-switch stage-aware SAC,strict_hard_switch_v1,hard_switch_v1,0,16,9016,1200016,station_wake,0,0.0,0.0,0.0,1,1,0,0,1,0,35,0.25,1,16,1.3917394876480103,1.1745305964741304,1.3477396965026855,1.0761173762357004,2.504458427429199,3.7875068187713623,0.28223941701760014,1.8824985766053446,0.0,0.9500000000000001,0.09972749806484324,0.1307536229251261,0.20850376188755035,0.2638229429721832,0.20850376188755035,0.5546978712081909,0.7153326272964478,39,0.04366298244725409,2.4710520914668352
station_wake_L0,Hard-switch stage-aware SAC,strict_hard_switch_v1,hard_switch_v1,0,17,9017,1200017,station_wake,0,0.0,0.0,0.0,1,1,0,0,1,0,50,0.25,1,31,0.4379136264324188,0.27016198666904256,1.0979756712913513,0.8789942168045843,3.3537904918193817,13.593832105398178,0.31084330725284604,1.6700802541568844,0.0,0.9500000000000001,0.12368609139373035,0.1582164499134358,0.16025762557983397,0.2182866930961609,0.16025762557983397,0.5781039595603943,0.8233213424682617,54,0.05260796733239411,2.8784511042301166
station_wake_L0,Hard-switch stage-aware SAC,strict_hard_switch_v1,hard_switch_v1,0,18,9018,1200018,station_wake,0,0.0,0.0,0.0,1,1,0,0,1,0,55,0.25,1,31,0.32359132170677185,0.28546493384858235,1.0699966549873352,0.6283865304823337,2.871333658695221,14.321214109659195,0.38014665239732515,2.0677243101682867,2.31956361831783,0.45,0.14020596722446035,0.1646687056758029,0.030190911144018173,0.048725638538599014,0.030190911144018173,0.18294046819210052,0.25542981922626495,59,0.06893789509240218,2.31956361831783
station_wake_L0,Hard-switch stage-aware SAC,strict_hard_switch_v1,hard_switch_v1,0,19,9019,1200019,station_wake,0,0.0,0.0,0.0,1,1,0,0,1,0,45,0.25,1,30,0.11159883439540863,0.05895209988211771,0.7728730142116547,0.45995702578629927,5.304144471883774,26.074222177267075,0.3404251060941866,2.6146499063977773,0.0,0.0,0.1948559643520425,0.23014146607774053,0.015879709273576736,0.020749181509017944,0.015879709273576736,0.17100387066602707,0.37022948265075684,49,0.06020261805891025,0.6541040048411136
station_wake_L0,Hard-switch stage-aware SAC,strict_hard_switch_v1,hard_switch_v1,0,20,9020,1200020,station_wake,0,0.0,0.0,0.0,1,1,0,0,1,0,35,0.25,1,19,1.1270767450332642,0.9017936906504096,1.764523983001709,1.3593632440729462,12.56667461246252,31.356377601623535,0.8400195549349571,3.6176210650052227,0.0,0.5,0.1418778222469519,0.1644128898513171,0.07566739171743393,0.09011230617761612,0.07566739171743393,0.17017590999603271,0.30004173517227173,39,0.07226569143171317,1.0734015806645274
station_wake_L0,Hard-switch stage-aware SAC,strict_hard_switch_v1,hard_switch_v1,0,21,9021,1200021,station_wake,0,0.0,0.0,0.0,1,1,0,0,1,0,54,0.25,1,37,0.5173337459564209,0.26855903378234147,1.5103697776794434,1.2910963229234749,1.4409232139587402,7.498549818992615,0.3322632430516365,2.4583073722976705,0.0,0.8500000000000001,0.16265981843401395,0.21222752260929834,0.10067119002342224,0.10877916216850281,0.10067119002342224,0.24177490174770355,0.560564324259758,58,0.058824828468795796,3.617030835365095
station_wake_L0,Hard-switch stage-aware SAC,strict_hard_switch_v1,hard_switch_v1,0,22,9022,1200022,station_wake,0,0.0,0.0,0.0,1,1,0,0,1,0,36,0.25,1,18,0.23274818062782288,0.1687329174907397,1.1277714371681213,0.6735877284455457,6.11203134059906,23.692831099033356,0.40184783316121064,2.4625584545439136,1.7893594051033062,0.0,0.1782554689058118,0.2021385069764717,0.03804109320044517,0.050520483404397964,0.03804109320044517,0.1273810714483261,0.14710098505020142,40,0.05748092082204912,1.7893594051033062
station_wake_L0,Hard-switch stage-aware SAC,strict_hard_switch_v1,hard_switch_v1,0,23,9023,1200023,station_wake,0,0.0,0.0,0.0,1,1,0,0,1,0,56,0.25,1,40,0.05447303503751755,0.028946716343530503,0.453911405056715,0.314632454958831,2.3601795732975006,11.495648473501205,0.21820612121506452,1.287706658238975,0.0,0.0,0.12652897244388236,0.15402695193552546,0.06362149864435196,0.08609221130609512,0.06362149864435196,0.1908714473247528,0.2452021837234497,60,0.07313575479854381,2.780719848387108
station_wake_L0,Hard-switch stage-aware SAC,strict_hard_switch_v1,hard_switch_v1,0,24,9024,1200024,station_wake,0,0.0,0.0,0.0,1,1,0,0,1,0,48,0.25,1,33,0.12383711338043213,0.10033182417105757,0.5876511335372925,0.30532122754098295,2.0889484137296677,10.846900464966893,0.44823950041769517,2.3594651798745643,0.0,0.5,0.15171449325404024,0.1886248072550514,0.09865934997797013,0.13380883634090424,0.09865934997797013,0.34976765513420105,0.4744485020637512,52,0.07017845115952168,1.695723061111132
station_wake_L0,Hard-switch stage-aware SAC,strict_hard_switch_v1,hard_switch_v1,0,25,9025,1200025,station_wake,0,0.0,0.0,0.0,1,1,0,0,1,0,42,0.25,1,22,0.5480345487594604,0.4152950795993917,0.8999466896057129,0.6081114909296663,2.8775684535503387,14.073185324668884,0.4737765311241619,2.405529023548433,0.0,0.30000000000000004,0.13186545165500185,0.15362248851334884,0.006825486291199922,0.014465034939348698,0.006825486291199922,0.13033265247941017,0.20191548392176628,46,0.07226595884145132,0.8816504230187662
station_wake_L0,Hard-switch stage-aware SAC,strict_hard_switch_v1,hard_switch_v1,0,26,9026,1200026,station_wake,0,0.0,0.0,0.0,1,1,0,0,1,0,37,0.25,1,23,0.8272632360458374,0.7479813392133572,1.3566112518310547,0.6821470072716709,5.578000545501709,22.863328456878662,0.4947613549035513,2.779685970674327,1.6980050913458569,0.30000000000000004,0.17414746331395653,0.22378711748484342,0.09740719944238663,0.13110104203224182,0.09740719944238663,0.3230859339237213,0.3588882088661194,41,0.06866636009159427,1.6980050913458569
station_wake_L0,Hard-switch stage-aware SAC,strict_hard_switch_v1,hard_switch_v1,0,27,9027,1200027,station_wake,0,0.0,0.0,0.0,1,1,0,0,1,0,35,0.25,1,20,0.3651898503303528,0.33032062745802554,0.4188638925552368,0.2702417267393591,2.459842264652252,11.762703508138657,0.5118142719016282,2.1522182715877376,0.7938503689506622,0.15000000000000002,0.1730390747241746,0.21168495574763074,0.014800653606653214,0.027105413377285004,0.014800653606653214,0.22574610263109207,0.3378665819764137,39,0.06211468446036858,0.617478235994831
station_wake_L0,Hard-switch stage-aware SAC,strict_hard_switch_v1,hard_switch_v1,0,28,9028,1200028,station_wake,0,0.0,0.0,0.0,1,1,0,0,1,0,45,0.25,1,25,0.3417661488056183,0.28680971621111817,0.4733288288116455,0.2616985344048781,3.0057305097579956,12.183706164360046,0.37154269177963706,2.683952705401479,0.0,1.0,0.08795706554432299,0.10099358344659749,0.16427022516727446,0.20637986063957214,0.16427022516727446,0.4133542776107788,0.4695636034011841,49,0.03909723357987009,2.7900308903297164
station_wake_L0,Hard-switch stage-aware SAC,strict_hard_switch_v1,hard_switch_v1,0,29,9029,1200029,station_wake,0,0.0,0.0,0.0,1,1,0,0,1,0,42,0.25,1,24,0.7045820355415344,0.6144526602316686,0.8170223236083984,0.5308558646436782,3.4806159138679504,10.678988918662071,0.3864649290443212,1.996646593225523,0.3590402062225331,0.55,0.14267220991554339,0.17726726955242375,0.08436148017644882,0.11287684738636017,0.08436148017644882,0.28398597240448,0.39122164249420166,46,0.06964669744021586,0.3590402062225331
station_wake_L0,Hard-switch stage-aware SAC,strict_hard_switch_v1,hard_switch_v1,0,30,9030,1200030,station_wake,0,0.0,0.0,0.0,1,1,0,0,1,0,46,0.25,1,32,0.3659602999687195,0.18159612771501277,1.360478401184082,1.0755532853989915,5.553152412176132,13.687891811132431,0.5107880314221193,2.5032193336364936,0.0,0.15000000000000002,0.20088071453610873,0.25427674398484934,0.02115743812173605,0.04580424353480339,0.02115743812173605,0.28083429485559464,0.35751648247241974,50,0.06107808378058096,0.8613111868875261
station_wake_L0,Hard-switch stage-aware SAC,strict_hard_switch_v1,hard_switch_v1,0,31,9031,1200031,station_wake,0,0.0,0.0,0.0,1,1,0,0,1,0,49,0.25,1,36,0.44849511981010437,0.24214259849305617,1.29741370677948,1.0282973767462915,5.725882276892662,14.848340973258018,0.4016501482093265,2.513761413089206,0.0,0.0,0.19143198136521491,0.2764888193975751,0.028175724390894174,0.04908985644578934,0.028175724390894174,0.2161804921925068,0.4338795319199562,53,0.06378548337965652,1.3995895374746512
station_wake_L0,Hard-switch stage-aware SAC,strict_hard_switch_v1,hard_switch_v1,0,32,9032,1200032,station_wake,0,0.0,0.0,0.0,1,1,0,0,1,0,57,0.25,1,42,0.42644989490509033,0.376249639835005,0.7630938291549683,0.5333514576517091,2.71142840385437,17.315362989902496,0.19906464076972766,1.6296937714033084,0.21080142235478613,0.35000000000000003,0.157905858827576,0.20600516036081737,0.04023931883275509,0.08601623773574829,0.04023931883275509,0.4514199122786522,0.9595915675163269,61,0.07194933898447159,0.21080142235478613
station_wake_L0,Hard-switch stage-aware SAC,strict_hard_switch_v1,hard_switch_v1,0,33,9033,1200033,station_wake,0,0.0,0.0,0.0,1,1,0,0,1,0,39,0.25,0,-1,nan,nan,nan,nan,nan,nan,nan,nan,0.0,nan,0.03366816302697475,0.03687797665668699,0.17187972068786622,0.21780535578727722,0.17187972068786622,0.46402961015701294,0.5874139070510864,43,0.017985655558149526,2.630503497971018
station_wake_L0,Hard-switch stage-aware SAC,strict_hard_switch_v1,hard_switch_v1,0,34,9034,1200034,station_wake,0,0.0,0.0,0.0,1,1,0,0,1,0,37,0.25,1,20,1.24693763256073,1.1262583273822098,1.6659629344940186,1.1459119908329387,9.240791648626328,27.611973881721497,0.572112517366592,3.211785314318156,0.0,0.8500000000000001,0.20622536353459178,0.26550182708819464,0.24322527647018433,0.3271569609642029,0.24322527647018433,0.8084497451782227,0.9232866764068604,41,0.0631914962901114,1.8084891641429253
station_wake_L0,Hard-switch stage-aware SAC,strict_hard_switch_v1,hard_switch_v1,0,35,9035,1200035,station_wake,0,0.0,0.0,0.0,1,1,0,0,1,0,60,0.25,1,45,0.3735796809196472,0.2347916651404123,1.5613053739070892,1.2010505106360028,3.2058316469192505,14.098219871520996,0.22663857362451792,1.8353961795325777,0.0,0.5,0.1680599712660627,0.21966906815941603,0.07941467911005021,0.08898814767599106,0.07941467911005021,0.15578261017799377,0.3926929831504822,64,0.06052501447058479,1.8020196943384539
station_wake_L0,Hard-switch stage-aware SAC,strict_hard_switch_v1,hard_switch_v1,0,36,9036,1200036,station_wake,0,0.0,0.0,0.0,1,1,0,0,1,0,37,0.25,1,12,1.125831961631775,0.8957650050878289,1.4109241962432861,1.1144090247284635,0.91910719871521,2.470329999923706,0.20176859649308487,1.4844956871689137,0.0,1.25,0.08891414354700591,0.09664134075151455,0.20788393318653106,0.2696200907230377,0.20788393318653106,0.613734781742096,0.708397626876831,41,0.05445517530314041,2.535019160921532
station_wake_L0,Hard-switch stage-aware SAC,strict_hard_switch_v1,hard_switch_v1,0,37,9037,1200037,station_wake,0,0.0,0.0,0.0,1,1,0,0,1,0,43,0.25,1,29,1.1228067874908447,0.7330051552794032,2.0224416255950928,1.6097150474920836,4.378142207860947,15.843266695737839,0.39330127146020166,2.4419741403877735,0.0,0.15000000000000002,0.19153285995919103,0.2513489359514431,0.030288979411125183,0.04150306433439255,0.030288979411125183,0.40164728462696075,0.8032100647687912,47,0.056573375803424863,1.024830397929274
station_wake_L0,Hard-switch stage-aware SAC,strict_hard_switch_v1,hard_switch_v1,0,38,9038,1200038,station_wake,0,0.0,0.0,0.0,1,1,0,0,1,0,67,0.25,1,50,0.08947543799877167,0.03884459568787884,0.7433927804231644,0.4449341721852052,2.2081857919692993,13.765770494937897,0.37237543180866906,1.7204150047906925,0.0,0.4,0.13766749382774862,0.16128157609733218,0.059063277393579486,0.07918071001768112,0.059063277393579486,0.20449289679527283,0.3090322017669678,71,0.07354501356470568,0.23082613627887513
station_wake_L0,Hard-switch stage-aware SAC,strict_hard_switch_v1,hard_switch_v1,0,39,9039,1200039,station_wake,0,0.0,0.0,0.0,1,1,0,0,1,0,57,0.25,1,44,0.41903164982795715,0.21004871599457167,1.4334452152252197,1.1451419150005258,1.202043890953064,5.52629292011261,0.39728544625913187,1.567623155334559,0.6967461564899726,0.0,0.1736877772745292,0.24779460394768832,0.026083743944764138,0.03174031153321266,0.026083743944764138,0.22035400569438934,0.6046571955084801,61,0.0644653126863791,0.3231240299979913
station_wake_L0,Hard-switch stage-aware SAC,strict_hard_switch_v1,hard_switch_v1,0,40,9040,1200040,station_wake,0,0.0,0.0,0.0,1,1,0,0,1,0,66,0.25,1,50,0.7283653020858765,0.6072140135090183,0.6243753433227539,0.5033648625616731,3.1623756885528564,9.367896243929863,0.2179126922981212,1.3415300446987428,0.0,0.6000000000000001,0.15217016727608706,0.20443242866077252,0.022477581910789014,0.039640337228775024,0.022477581910789014,0.21773288026452065,0.5732676386833191,70,0.06654331920458977,3.4328170049118545
station_wake_L0,Hard-switch stage-aware SAC,strict_hard_switch_v1,hard_switch_v1,0,41,9041,1200041,station_wake,0,0.0,0.0,0.0,1,1,0,0,1,0,57,0.25,1,42,0.17236247658729553,0.12831724701684696,0.9871045500040054,0.5882525249311029,2.903924137353897,14.353832304477692,0.17742985637275158,1.578742502092563,0.0,0.0,0.1714301815503958,0.22546094132252237,0.06273698955774307,0.0733770951628685,0.06273698955774307,0.08330722153186798,0.14410264790058136,61,0.06466767287626536,1.4986368853933563
station_wake_L0,Hard-switch stage-aware SAC,strict_hard_switch_v1,hard_switch_v1,0,42,9042,1200042,station_wake,0,0.0,0.0,0.0,1,1,0,0,1,0,36,0.25,1,5,0.8052847385406494,0.512473908769546,2.030961811542511,1.706614041232987,19.97581720352173,20.267049074172974,1.68898697679501,2.9913315266765967,0.0,1.55,0.10745917499335281,0.11907118110229686,0.1627732500433922,0.21145375072956085,0.1627732500433922,0.48733624815940857,0.588824450969696,40,0.04815596039911124,2.8291032009201857
station_wake_L0,Hard-switch stage-aware SAC,strict_hard_switch_v1,hard_switch_v1,0,43,9043,1200043,station_wake,0,0.0,0.0,0.0,1,1,0,0,1,0,47,0.25,1,34,0.42948275804519653,0.36434750347629496,0.5862617492675781,0.4402810702352423,3.2442575693130493,14.872425347566605,0.39323260649799274,2.3039451667336195,4.6063265338071435,0.0,0.23264381034035314,0.30873321122527764,0.12231284379959106,0.13501396775245667,0.12231284379959106,0.35934337973594666,0.7460503280162811,51,0.056753133704042814,2.594603810250019
station_wake_L0,Hard-switch stage-aware SAC,strict_hard_switch_v1,hard_switch_v1,0,44,9044,1200044,station_wake,0,0.0,0.0,0.0,1,1,0,0,1,0,32,0.25,1,17,1.1012324094772339,0.9558453051121388,1.9838857650756836,1.3827690877421488,10.1423379778862,33.05349588394165,0.7464516151359708,3.398009480637998,0.0,0.45,0.2021266876286128,0.27289532635766595,0.06953193396329879,0.08368148654699326,0.06953193396329879,0.14235687255859375,0.23577943444252014,36,0.059287780705228214,1.4824949072287947
station_wake_L0,Hard-switch stage-aware SAC,strict_hard_switch_v1,hard_switch_v1,0,45,9045,1200045,station_wake,0,0.0,0.0,0.0,1,1,0,0,1,0,60,0.25,1,42,0.6660967469215393,0.42080360796726957,1.467961072921753,1.245879955381909,3.665987551212311,16.076828818768263,0.45223721103070674,1.9202209771848209,0.5843984025448428,0.0,0.09379696834573574,0.11781283882152252,0.001618363056331873,0.0033504704479128122,0.001618363056331873,0.03702886588871479,0.06762371864169836,64,0.08110356668718269,0.09394298880341734
station_wake_L0,Hard-switch stage-aware SAC,strict_hard_switch_v1,hard_switch_v1,0,46,9046,1200046,station_wake,0,0.0,0.0,0.0,1,1,0,0,1,0,49,0.25,1,33,0.5818936228752136,0.5039269648313077,0.6881129741668701,0.4798324377222935,4.438374042510986,14.80497132986784,0.2666519446763638,1.6587729402659859,0.0,0.55,0.1501761065430113,0.19500963564570264,0.09226882010698319,0.13433171808719635,0.09226882010698319,0.3938993513584137,0.5029456317424774,53,0.06768089543319922,0.6015538633883578
station_wake_L0,Hard-switch stage-aware SAC,strict_hard_switch_v1,hard_switch_v1,0,47,9047,1200047,station_wake,0,0.0,0.0,0.0,1,1,0,0,1,0,70,0.25,1,55,0.35155147314071655,0.2503735560179642,1.4514784514904022,1.0512932475795744,3.3461791276931763,17.464908361434937,0.538167534311794,1.8497679654446355,0.0,0.75,0.17539072607297493,0.22188230397030578,0.19990758299827577,0.25572341680526733,0.19990758299827577,0.5378451347351074,0.6539630889892578,74,0.06468643742031017,2.5581331614030898
station_wake_L0,Hard-switch stage-aware SAC,strict_hard_switch_v1,hard_switch_v1,0,48,9048,1200048,station_wake,0,0.0,0.0,0.0,1,1,0,0,1,0,47,0.25,1,32,0.185965433716774,0.1307175313329407,0.6800253689289093,0.4516015586033983,2.3483410477638245,8.821672797203064,0.26892146681706625,1.6525229449385868,0.0,0.45,0.1858862378996426,0.23986628263460424,0.0764293648302555,0.09964790940284729,0.0764293648302555,0.25634370744228363,0.40112927556037903,51,0.0645570987728189,1.1111061458737017
station_wake_L0,Hard-switch stage-aware SAC,strict_hard_switch_v1,hard_switch_v1,0,49,9049,1200049,station_wake,0,0.0,0.0,0.0,1,1,0,0,1,0,33,0.25,1,17,0.33085715770721436,0.24184427271044082,1.42181858420372,0.7602202959447744,3.6639952659606934,15.848452150821686,0.34966119259146533,2.6135368474395664,0.6206517126379482,0.0,0.16194790507708107,0.1957785769500283,0.004541719541884958,0.009206650778651237,0.004541719541884958,0.06059977551922202,0.12991726398468018,37,0.06942900101412564,1.4599676626856233
station_wake_L0,Hard-switch stage-aware SAC,strict_hard_switch_v1,hard_switch_v1,0,50,9050,1200050,station_wake,0,0.0,0.0,0.0,1,1,0,0,1,0,38,0.25,1,19,1.1456464529037476,1.0621239218136467,1.1649692058563232,0.8382904524198461,4.296160340309143,20.92787891626358,0.4716317489426283,2.7146115973771727,0.0,0.8,0.1408442310722522,0.16446365913379998,0.1502105176448822,0.1915343999862671,0.1502105176448822,0.44446641206741333,0.5335098505020142,42,0.06829626363110125,1.3469109564489874
station_wake_L0,Hard-switch stage-aware SAC,strict_hard_switch_v1,hard_switch_v1,0,51,9051,1200051,station_wake,0,0.0,0.0,0.0,1,1,0,0,1,0,52,0.25,1,40,0.32744359970092773,0.254165517474403,1.100272461771965,0.7998964724372226,3.2173949480056763,13.017490729689598,0.35566068360841246,2.3432577331699713,0.0,0.35000000000000003,0.21371331666262558,0.3156668402223705,0.07346514835953713,0.09821334481239319,0.07346514835953713,0.28175537288188934,0.5829918384552002,56,0.06884537565324518,1.068101140425186
station_wake_L0,Hard-switch stage-aware SAC,strict_hard_switch_v1,hard_switch_v1,0,52,9052,1200052,station_wake,0,0.0,0.0,0.0,1,1,0,0,1,0,60,0.25,1,40,0.3617614209651947,0.1920782465667879,1.0705053806304932,0.9271976028700362,2.224791646003723,6.088228821754456,0.35458858998977283,1.7519835239260717,0.0,0.6000000000000001,0.13553072009001718,0.16617371103573672,0.0820122703909874,0.09778748452663422,0.0820122703909874,0.16270390152931213,0.17728254199028015,64,0.06704483292420885,0.6509705488376646
station_wake_L0,Hard-switch stage-aware SAC,strict_hard_switch_v1,hard_switch_v1,0,53,9053,1200053,station_wake,0,0.0,0.0,0.0,1,1,0,0,1,0,46,0.25,1,33,0.41152942180633545,0.3210046605936844,0.723499059677124,0.4391958093402026,2.5620777904987335,12.121429443359375,0.3313276012014365,1.7556029177865229,0.0,0.55,0.20597417774736368,0.27400887759868536,0.11667416989803314,0.12487069517374039,0.11667416989803314,0.08610451221466064,0.21531805396080017,50,0.059574729889817976,2.669109648150634
station_wake_L0,Hard-switch stage-aware SAC,strict_hard_switch_v1,hard_switch_v1,0,54,9054,1200054,station_wake,0,0.0,0.0,0.0,1,1,0,0,1,0,53,0.25,1,36,0.03302549943327904,0.01870912263212562,0.16191763803362846,0.11798383501100124,0.8473742567002773,3.1422599405050278,0.4000628037457911,2.0958248393594,0.3439187810499331,0.0,0.14572719882396243,0.17510221440109672,0.01333186887204647,0.01496799010783434,0.01333186887204647,0.044130824506282806,0.08608849719166756,57,0.07285974754234933,0.1342672450543024
station_wake_L0,Hard-switch stage-aware SAC,strict_hard_switch_v1,hard_switch_v1,0,55,9055,1200055,station_wake,0,0.0,0.0,0.0,1,1,0,0,1,0,62,0.25,1,47,0.36490577459335327,0.2645075796155834,0.6573042273521423,0.47599345463352644,1.8201732635498047,5.14707013964653,0.20475714111761942,0.9535604917705122,1.1322632971580509,0.0,0.17840369454267888,0.23109523928380316,0.07392558977007865,0.08662723749876022,0.07392558977007865,0.17848099768161774,0.2258966863155365,66,0.06171018427233976,0.3000493564650139
station_wake_L0,Hard-switch stage-aware SAC,strict_hard_switch_v1,hard_switch_v1,0,56,9056,1200056,station_wake,0,0.0,0.0,0.0,1,1,0,0,1,0,55,0.25,1,42,0.10636845231056213,0.0719869788210256,0.7097763568162918,0.3843915770008466,3.9732763171195984,14.588476046919823,0.4469838993442998,2.4044435800400517,0.0,0.0,0.20038757008025346,0.2881326568979246,0.035505077242851256,0.04277624934911728,0.035505077242851256,0.08364146947860718,0.13511598110198975,59,0.06239528274522684,1.065976951593312
station_wake_L0,Hard-switch stage-aware SAC,strict_hard_switch_v1,hard_switch_v1,0,57,9057,1200057,station_wake,0,0.0,0.0,0.0,1,1,0,0,1,0,40,0.25,1,22,1.158737063407898,0.9461791780465971,1.5184545516967773,1.1663537444126515,5.2686843276023865,25.709710121154785,0.4954365750799953,2.895609864464809,0.0,0.75,0.0977263735023119,0.11513763076693753,0.082270547747612,0.09364823997020721,0.082270547747612,0.1034134030342102,0.13964727520942688,44,0.07962519424099453,3.2187362513220292
station_wake_L0,Hard-switch stage-aware SAC,strict_hard_switch_v1,hard_switch_v1,0,58,9058,1200058,station_wake,0,0.0,0.0,0.0,1,1,0,0,1,0,56,0.25,1,39,0.14141473174095154,0.07833334634723639,1.2886083126068115,0.7119257787249477,3.005300462245941,12.080508470535278,0.2924159211153985,1.4758994806627637,0.0,0.8500000000000001,0.12366308292886477,0.17297972093307665,0.13383451849222183,0.1618451029062271,0.13383451849222183,0.2552872896194458,0.33808305859565735,60,0.042703699404907314,3.3241346079517884
station_wake_L0,Hard-switch stage-aware SAC,strict_hard_switch_v1,hard_switch_v1,0,59,9059,1200059,station_wake,0,0.0,0.0,0.0,1,1,0,0,1,0,32,0.25,1,15,0.10974083095788956,0.05597950775129014,0.42678236961364746,0.3197902866878731,2.374832108616829,10.641404166817665,0.33821051061184093,2.5543542100330447,0.0,0.0,0.14638680840924426,0.17430523707438111,0.06636844277381897,0.08625110238790512,0.06636844277381897,0.18945053219795227,0.2142833173274994,36,0.07103626936729804,0.9825815157662198
station_wake_L0,Hard-switch stage-aware SAC,strict_hard_switch_v1,hard_switch_v1,0,60,9060,1200060,station_wake,0,0.0,0.0,0.0,1,1,0,0,1,0,51,0.25,1,34,0.8730120062828064,0.5344858534288018,1.8482625484466553,1.4584040731559067,3.2960478961467743,20.732784122228622,0.5988783812523455,2.266351573092575,0.7703619353643701,0.1,0.14639854261163138,0.17782031149478855,0.02049657627940178,0.02442324534058571,0.02049657627940178,0.07127454876899719,0.11489696800708771,55,0.07006895852208563,0.7703619353643701
station_wake_L0,Hard-switch stage-aware SAC,strict_hard_switch_v1,hard_switch_v1,0,61,9061,1200061,station_wake,0,0.0,0.0,0.0,1,1,0,0,1,0,59,0.25,1,45,0.3773142099380493,0.2602226449650493,0.9066221117973328,0.6450501057719417,3.043363243341446,10.04804115742445,0.6032793149942214,2.220491079143617,0.3140877430869173,0.0,0.20175329888386212,0.2779734569192631,0.10156370848417282,0.15948158502578735,0.10156370848417282,0.5197053849697113,0.6490415334701538,63,0.05687617612820071,0.3140877430869173
station_wake_L0,Hard-switch stage-aware SAC,strict_hard_switch_v1,hard_switch_v1,0,62,9062,1200062,station_wake,0,0.0,0.0,0.0,1,1,0,0,1,0,44,0.25,1,30,0.5439687371253967,0.2963929025752166,1.508934497833252,1.065022957545373,4.311327934265137,20.160877406597137,0.3507048095006511,2.2908034390821035,0.0,0.5,0.18020140176211422,0.23865658620213584,0.11658303886651993,0.15336823463439941,0.11658303886651993,0.32133424282073975,0.46032577753067017,48,0.06671829055995919,1.6484855795330298
station_wake_L0,Hard-switch stage-aware SAC,strict_hard_switch_v1,hard_switch_v1,0,63,9063,1200063,station_wake,0,0.0,0.0,0.0,1,1,0,0,1,0,42,0.25,1,25,0.3339555859565735,0.2614013951483327,1.4790040254592896,0.9317541611017723,6.6333329770714045,23.491846919059753,0.5541737692363581,2.815819241239298,0.0,0.8500000000000001,0.09099983581348367,0.10077648949644179,0.20893397629261018,0.2731376588344574,0.20893397629261018,0.6179081201553345,0.6921389698982239,46,0.04457527927632093,2.2734171527379314
station_wake_L0,Hard-switch stage-aware SAC,strict_hard_switch_v1,hard_switch_v1,0,64,9064,1200064,station_wake,0,0.0,0.0,0.0,1,1,0,0,1,0,60,0.25,1,40,0.15669851005077362,0.10584819732793897,0.4112808406352997,0.27017314759930167,2.401726394891739,11.131340265274048,0.24855001403874522,1.2721529314011066,1.9648441470755647,0.0,0.15151574982596897,0.18779602918045976,0.06381070986390114,0.07871659100055695,0.06381070986390114,0.15306298434734344,0.16792699694633484,64,0.0683648604656086,0.24822158755826623
station_wake_L0,Hard-switch stage-aware SAC,strict_hard_switch_v1,hard_switch_v1,0,65,9065,1200065,station_wake,0,0.0,0.0,0.0,1,1,0,0,1,0,38,0.25,1,25,0.8356538414955139,0.6103153637596235,1.2106174230575562,1.0141754154484424,2.1586190909147263,11.217584609985352,0.4980495111395061,2.6467809022079374,2.3055696279255318,0.15000000000000002,0.2896332555763566,0.36179106487107193,0.05354395918548107,0.10600122064352036,0.05354395918548107,0.48579830676317215,0.6420935690402985,42,0.045846376322178306,2.3055696279255318
station_wake_L0,Hard-switch stage-aware SAC,strict_hard_switch_v1,hard_switch_v1,0,66,9066,1200066,station_wake,0,0.0,0.0,0.0,1,1,0,0,1,0,38,0.25,1,21,0.594428539276123,0.4232779402900221,1.0134625434875488,0.674158604702757,2.396613508462906,11.76065906882286,0.30776437382164107,2.410175009825201,0.0,0.7000000000000001,0.15094372745994444,0.17701547933184145,0.12873913943767548,0.14941783249378204,0.12873913943767548,0.2098689079284668,0.2390715479850769,42,0.06460702034069303,1.9888078657785544
station_wake_L0,Hard-switch stage-aware SAC,strict_hard_switch_v1,hard_switch_v1,0,67,9067,1200067,station_wake,0,0.0,0.0,0.0,1,1,0,0,1,0,78,0.25,1,59,0.8006237149238586,0.6498985410151935,1.5472263097763062,1.0061574409549618,3.070365097373724,17.93172538280487,0.2204902524769904,1.721983362660911,1.6811457298750323,0.1,0.14099996383108346,0.16793215715391951,0.06957676261663437,0.09001396596431732,0.06957676261663437,0.16811835765838623,0.23113742470741272,82,0.07116279074545602,0.4986210449664145
station_wake_L0,Hard-switch stage-aware SAC,strict_hard_switch_v1,hard_switch_v1,0,68,9068,1200068,station_wake,0,0.0,0.0,0.0,1,1,0,0,1,0,62,0.25,1,42,0.12435662001371384,0.0801066395687346,0.5944418907165527,0.42989097167781454,4.836115278303623,13.669887781143188,0.34707024122935765,1.2179587882885077,0.0,0.0,0.13321239472410062,0.15634955678330986,0.01948370151221752,0.024229763075709343,0.01948370151221752,0.07951036654412746,0.15603422187268734,66,0.07268014475192458,0.4986697634251038
station_wake_L0,Hard-switch stage-aware SAC,strict_hard_switch_v1,hard_switch_v1,0,69,9069,1200069,station_wake,0,0.0,0.0,0.0,1,1,0,0,1,0,47,0.25,1,32,0.207474946975708,0.15211633722145318,0.8635896444320679,0.35749570914444556,2.5177822820842266,12.693509384989738,0.280486892398895,1.7633847344286444,0.0,0.2,0.14573023792940676,0.18228964344886595,0.04057855308055878,0.04755616933107376,0.04057855308055878,0.06803031265735626,0.10530456900596619,51,0.07377160857836682,1.7674139005783496
station_wake_L0,Hard-switch stage-aware SAC,strict_hard_switch_v1,hard_switch_v1,0,70,9070,1200070,station_wake,0,0.0,0.0,0.0,1,1,0,0,1,0,38,0.25,1,22,0.30095067620277405,0.2517418147921936,1.170879602432251,0.6831199456170317,3.0215179920196533,19.32918131351471,0.5375474117925386,3.0157562556597806,0.0,0.8,0.12654668765979823,0.15770160476968104,0.17570445835590362,0.21554812788963318,0.17570445835590362,0.41344451904296875,0.5909615755081177,42,0.05102445197183339,2.611493160520168
station_wake_L0,Hard-switch stage-aware SAC,strict_hard_switch_v1,hard_switch_v1,0,71,9071,1200071,station_wake,0,0.0,0.0,0.0,1,1,0,0,1,0,34,0.25,1,18,0.293348491191864,0.2294839047368075,0.6482136249542236,0.29161812064793197,3.5664526000618935,13.04479967802763,0.6391534484541733,2.515160688559433,0.0,0.45,0.17122476185602448,0.20530431673368166,0.0927878275513649,0.12616626918315887,0.0927878275513649,0.3071042001247406,0.3668913245201111,38,0.0658023503449966,0.3338659965717173
station_wake_L0,Hard-switch stage-aware SAC,strict_hard_switch_v1,hard_switch_v1,0,72,9072,1200072,station_wake,0,0.0,0.0,0.0,1,1,0,0,1,0,44,0.25,1,29,0.4132494032382965,0.3416277549437052,1.0314995050430298,0.46164994724728936,2.8496287763118744,15.989179611206055,0.31194897592828935,1.9586567622746478,0.0,0.65,0.18474674791709325,0.2293591141038371,0.08860160112380981,0.10505322366952896,0.08860160112380981,0.19605883955955505,0.2813936769962311,48,0.06761044945501488,3.032752334656698
station_wake_L0,Hard-switch stage-aware SAC,strict_hard_switch_v1,hard_switch_v1,0,73,9073,1200073,station_wake,0,0.0,0.0,0.0,1,1,0,0,1,0,33,0.25,1,21,0.20287039875984192,0.14948942219187308,1.328180730342865,0.8145452044468275,2.9400914907455444,17.490629442036152,0.42352802275605383,2.8206263084881997,0.0,0.5,0.19805157519755595,0.2893452525162301,0.13918781876564026,0.1570001095533371,0.13918781876564026,0.3449806571006775,0.8507579565048218,37,0.06178796061073513,2.6505904439897905
station_wake_L0,Hard-switch stage-aware SAC,strict_hard_switch_v1,hard_switch_v1,0,74,9074,1200074,station_wake,0,0.0,0.0,0.0,1,1,0,0,1,0,55,0.25,1,39,0.31594571471214294,0.2451246701773339,0.6201061606407166,0.3475933589356929,3.221966177225113,19.247129522264004,0.27370091159297655,1.4761927866303755,0.0,0.45,0.16802611595469769,0.20874745245479903,0.07727479413151742,0.10144838690757751,0.07727479413151742,0.24733121693134308,0.3057222068309784,59,0.0687648518137392,1.1341982684055745
station_wake_L0,Hard-switch stage-aware SAC,strict_hard_switch_v1,hard_switch_v1,0,75,9075,1200075,station_wake,0,0.0,0.0,0.0,1,1,0,0,1,0,67,0.25,1,52,0.19220222532749176,0.13456039264203568,0.7188957184553146,0.42825131903975916,1.8560996651649475,6.876265704631805,0.21447136752900178,1.1019382900237207,0.11102990763139428,0.35000000000000003,0.17572113043318976,0.23171409507490387,0.07937352657318116,0.11600065231323242,0.07937352657318116,0.3519658148288727,0.40160879492759705,71,0.06666872091059821,0.11102990763139428
station_wake_L0,Hard-switch stage-aware SAC,strict_hard_switch_v1,hard_switch_v1,0,76,9076,1200076,station_wake,0,0.0,0.0,0.0,1,1,0,0,1,0,56,0.25,1,39,0.11902113258838654,0.08672605109803862,0.6156420707702637,0.360490616153384,3.2014697790145874,12.120729684829712,0.1659525879170106,1.086669716588402,0.6931995274025906,0.0,0.12731084417693808,0.15894907331380895,0.013906657695770264,0.021412638947367668,0.013906657695770264,0.07154204323887825,0.09478550404310226,60,0.0727170874434573,0.6931995274025906
station_wake_L0,Hard-switch stage-aware SAC,strict_hard_switch_v1,hard_switch_v1,0,77,9077,1200077,station_wake,0,0.0,0.0,0.0,1,1,0,0,1,0,60,0.25,1,43,0.2557979226112366,0.20774399399283547,0.5625626444816589,0.33615462108233457,1.73667311668396,10.376097857952118,0.13337275499748144,1.101070972521106,0.0,0.1,0.15705620487987715,0.1941646391825321,0.05831739380955696,0.07024828344583511,0.05831739380955696,0.10976004600524902,0.23648738861083984,64,0.06626568158527428,0.8910946536501898
station_wake_L0,Hard-switch stage-aware SAC,strict_hard_switch_v1,hard_switch_v1,0,78,9078,1200078,station_wake,0,0.0,0.0,0.0,1,1,0,0,1,0,68,0.25,1,54,0.1807871162891388,0.12185765434743966,1.01033054292202,0.649066336225497,1.9339638948440552,9.068296551704407,0.27844785837904423,1.7490528227446993,3.2027207383788188,0.0,0.16959050709021142,0.235056608059581,0.0573357455432415,0.0710870698094368,0.0573357455432415,0.2524058222770691,0.482008159160614,72,0.06677372147356633,2.358569761450715
station_wake_L0,Hard-switch stage-aware SAC,strict_hard_switch_v1,hard_switch_v1,0,79,9079,1200079,station_wake,0,0.0,0.0,0.0,1,1,0,0,1,0,36,0.25,1,24,1.3000560998916626,1.0258295585310173,2.206108570098877,1.7069378164140596,10.308672487735748,34.149558544158936,0.5373124045973526,3.029875012733185,0.0,0.30000000000000004,0.25148705874601834,0.3458588467895136,0.10208924412727356,0.11385683715343475,0.10208924412727356,0.13058987259864807,0.25250479578971863,40,0.054310556833408075,0.6697343057873061
station_wake_L0,Hard-switch stage-aware SAC,strict_hard_switch_v1,hard_switch_v1,0,80,9080,1200080,station_wake,0,0.0,0.0,0.0,1,1,0,0,1,0,29,0.25,1,13,0.11223815381526947,0.07154411041705937,0.3769218921661377,0.19799568606376766,1.8164615333080292,5.713352877646685,0.25908791347401705,1.9228637717672268,0.0,0.8,0.21859544813313542,0.2760247810330108,0.16015641689300536,0.18645432591438293,0.16015641689300536,0.26439207792282104,0.3619036078453064,33,0.05484949122577293,2.7092952795758154
station_wake_L0,Hard-switch stage-aware SAC,strict_hard_switch_v1,hard_switch_v1,0,81,9081,1200081,station_wake,0,0.0,0.0,0.0,1,1,0,0,1,0,56,0.25,1,40,0.46881234645843506,0.2953430538726256,1.1091911792755127,0.7592077424059822,5.042078495025635,20.689167976379395,0.39693368632522436,1.95179939390462,0.0,0.2,0.1808445636606401,0.22178577237280872,0.0797510102391243,0.09615829586982727,0.0797510102391243,0.17354869842529297,0.20334839820861816,60,0.06560176234625188,1.1727200017159174
station_wake_L0,Hard-switch stage-aware SAC,strict_hard_switch_v1,hard_switch_v1,0,82,9082,1200082,station_wake,0,0.0,0.0,0.0,1,1,0,0,1,0,49,0.25,1,32,0.6228160858154297,0.5176900427555651,1.2060654163360596,0.8406557021967578,6.2955497950315475,28.567460775375366,0.37990743072772365,2.21580971067588,0.5292373679209966,0.4,0.10512785450775548,0.12474491981785968,0.07357360571622848,0.10801693052053452,0.07357360571622848,0.33459435403347015,0.4011620581150055,53,0.0786181789175643,0.5292373679209966
station_wake_L0,Hard-switch stage-aware SAC,strict_hard_switch_v1,hard_switch_v1,0,83,9083,1200083,station_wake,0,0.0,0.0,0.0,1,1,0,0,1,0,44,0.25,1,25,0.945635974407196,0.5896394834575446,2.0324015617370605,1.4738230602064966,6.0921865701675415,20.72791889309883,0.6426996450090025,3.109789432954913,0.0,0.9500000000000001,0.0713705766512438,0.08325465347337276,0.17568689733743667,0.23227441310882568,0.17568689733743667,0.5769729912281036,0.7013565301895142,48,0.04967675353300217,2.487270162207619
station_wake_L0,Hard-switch stage-aware SAC,strict_hard_switch_v1,hard_switch_v1,0,84,9084,1200084,station_wake,0,0.0,0.0,0.0,1,1,0,0,1,0,35,0.25,1,21,0.11603328585624695,0.08080240755014813,0.6762348860502243,0.3754135507858697,2.809046059846878,14.975096583366394,0.31554360558921485,1.895487237790645,0.0,0.5,0.17906236890365662,0.2653102448516899,0.06011704653501511,0.07789590954780579,0.06011704653501511,0.16967758536338806,0.21730147302150726,39,0.06006748622684653,3.3243356716454806
station_wake_L0,Hard-switch stage-aware SAC,strict_hard_switch_v1,hard_switch_v1,0,85,9085,1200085,station_wake,0,0.0,0.0,0.0,1,1,0,0,1,0,50,0.25,1,39,0.22511038184165955,0.16829126995402027,0.5696114897727966,0.3162322973582393,2.6097947359085083,15.015274062752724,0.3281397838532924,2.145680751417035,1.116952147472998,0.0,0.24722760457727486,0.35246635776472174,0.024816038832068444,0.0348324179649353,0.024816038832068444,0.3456777185201645,0.9465323388576508,54,0.057571201971472155,0.7669234153649447
station_wake_L0,Hard-switch stage-aware SAC,strict_hard_switch_v1,hard_switch_v1,0,86,9086,1200086,station_wake,0,0.0,0.0,0.0,1,1,0,0,1,0,33,0.25,1,10,1.0566073656082153,0.792355913993275,1.4707547426223755,1.2335513326564846,0.3454113006591797,2.061978578567505,0.2219650134856168,1.3509067434803588,0.0,1.1500000000000001,0.11883573961171393,0.13841309412288863,0.17717390954494477,0.21877792477607727,0.17717390954494477,0.4178329110145569,0.51878422498703,37,0.038678479025134736,2.4738012426077653
station_wake_L0,Hard-switch stage-aware SAC,strict_hard_switch_v1,hard_switch_v1,0,87,9087,1200087,station_wake,0,0.0,0.0,0.0,1,1,0,0,1,0,53,0.25,1,37,0.4023584723472595,0.23258169715823274,1.1027061939239502,0.7208580956744963,6.309891641139984,22.853635847568512,0.34781521952680566,2.010908687677164,0.0,0.0,0.1755386822863266,0.21952475193956464,0.03728722259402275,0.03974003344774246,0.03728722259402275,0.04193924367427826,0.07510602474212646,57,0.05981230966091217,0.1409057753809449
station_wake_L0,Hard-switch stage-aware SAC,strict_hard_switch_v1,hard_switch_v1,0,88,9088,1200088,station_wake,0,0.0,0.0,0.0,1,1,0,0,1,0,53,0.25,1,33,0.19188597798347473,0.14408376467844258,1.62447988986969,1.0300351367881027,3.107319474220276,15.301530435681343,0.35488434757051657,1.569098787519573,0.14526745147559306,0.5,0.09937386538397466,0.12235541329245384,0.08517975360155106,0.10424014925956726,0.08517975360155106,0.18883433938026428,0.20788997411727905,57,0.07683641550829612,0.14526745147559306
station_wake_L0,Hard-switch stage-aware SAC,strict_hard_switch_v1,hard_switch_v1,0,89,9089,1200089,station_wake,0,0.0,0.0,0.0,1,1,0,0,1,0,55,0.25,1,40,0.26574867963790894,0.17777933801018425,0.6716921925544739,0.5137643484858851,5.281572341918945,19.626466631889343,0.2845751202472854,1.745667924558156,0.0,0.1,0.14685051508087263,0.18423271811783953,0.08009191900491715,0.09328611195087433,0.08009191900491715,0.14018890261650085,0.2268141508102417,59,0.0661318847644423,1.4465016245718259
station_wake_L0,Hard-switch stage-aware SAC,strict_hard_switch_v1,hard_switch_v1,0,90,9090,1200090,station_wake,0,0.0,0.0,0.0,1,1,0,0,1,0,34,0.25,0,-1,nan,nan,nan,nan,nan,nan,nan,nan,0.0,nan,0.042809513849482034,0.05362523514532261,0.1729424238204956,0.22831961512565613,0.1729424238204956,0.5525113940238953,0.6944394111633301,38,0.03083789517094463,2.6279184848135793
station_wake_L0,Hard-switch stage-aware SAC,strict_hard_switch_v1,hard_switch_v1,0,91,9091,1200091,station_wake,0,0.0,0.0,0.0,1,1,0,0,1,0,59,0.25,1,42,0.4057113528251648,0.22394459258519625,1.143505573272705,0.8114644635260653,1.8720939755439758,5.564363598823547,0.1012958208016678,0.5698079960036881,0.8055212412515099,0.0,0.15597408011438166,0.1876716230848879,0.07210054099559784,0.09240023791790009,0.07210054099559784,0.21487244963645935,0.2775806188583374,63,0.0713401319910827,0.8055212412515099
station_wake_L0,Hard-switch stage-aware SAC,strict_hard_switch_v1,hard_switch_v1,0,92,9092,1200092,station_wake,0,0.0,0.0,0.0,1,1,0,0,1,0,62,0.25,1,43,0.36570191383361816,0.229638285215407,1.57925546169281,1.4310579099930454,4.2568060755729675,14.993034303188324,0.654975654427828,2.528618895768289,0.30345097743466537,0.65,0.17711290352561837,0.19436841597076335,0.11399012356996537,0.1448962688446045,0.11399012356996537,0.3182374835014343,0.3847537934780121,66,0.05939925859326925,0.30345097743466537
station_wake_L0,Hard-switch stage-aware SAC,strict_hard_switch_v1,hard_switch_v1,0,93,9093,1200093,station_wake,0,0.0,0.0,0.0,1,1,0,0,1,0,72,0.25,1,53,0.15839050710201263,0.09333130139647156,0.8544616401195526,0.5320440590445882,1.3461929559707642,8.603883981704712,0.1984894607908775,1.0980252386346998,0.04408577616296465,0.55,0.13310271586578656,0.1679354871729169,0.10182202011346816,0.12927652895450592,0.10182202011346816,0.255612850189209,0.28504297137260437,76,0.07219177650997088,0.04408577616296465
station_wake_L0,Hard-switch stage-aware SAC,strict_hard_switch_v1,hard_switch_v1,0,94,9094,1200094,station_wake,0,0.0,0.0,0.0,1,1,0,0,1,0,59,0.25,1,45,0.10532521456480026,0.08419023083840531,0.7844658195972443,0.39624786700628095,3.2762739062309265,13.178563117980957,0.352823777803941,1.6362806440007491,0.0,0.0,0.1708756967763106,0.24136088326023344,0.058879724144935607,0.07263720780611038,0.058879724144935607,0.13974568247795105,0.25159791111946106,63,0.05957097157988746,1.3222074428815205
station_wake_L0,Hard-switch stage-aware SAC,strict_hard_switch_v1,hard_switch_v1,0,95,9095,1200095,station_wake,0,0.0,0.0,0.0,1,1,0,0,1,0,53,0.25,1,39,0.300717830657959,0.1964787892895946,0.6640321016311646,0.5012306832788924,3.397144228219986,9.413435608148575,0.3390675051760026,2.2047521847230342,0.0,0.0,0.1494499266970375,0.21069628116241304,0.049712444096803664,0.056006498634815216,0.049712444096803664,0.0877850353717804,0.19076496362686157,57,0.06857919903659557,1.1390125912750815
station_wake_L0,Hard-switch stage-aware SAC,strict_hard_switch_v1,hard_switch_v1,0,96,9096,1200096,station_wake,0,0.0,0.0,0.0,1,1,0,0,1,0,46,0.25,1,31,0.20434226095676422,0.1733647152276691,0.3919467329978943,0.20837770934261715,2.1995365619659424,11.057138890028,0.2141692215541294,1.6721183054227702,0.0,0.0,0.2152771649938166,0.2812918088430922,0.0867349311709404,0.10057438910007477,0.0867349311709404,0.235472172498703,0.3761817514896393,50,0.058282057566356626,3.0792610137060183
station_wake_L0,Hard-switch stage-aware SAC,strict_hard_switch_v1,hard_switch_v1,0,97,9097,1200097,station_wake,0,0.0,0.0,0.0,1,1,0,0,1,0,53,0.25,1,38,0.20509406924247742,0.14171471801189126,0.9081064909696579,0.6137531757225749,1.1866937577724457,7.102511674165726,0.489301826006818,2.4641904515651105,0.0,0.15000000000000002,0.16376506755629333,0.21742530573601032,0.025960464030504227,0.037909213453531265,0.025960464030504227,0.10946514457464218,0.19871115684509277,57,0.0690913642760606,0.4369353387357815
station_wake_L0,Hard-switch stage-aware SAC,strict_hard_switch_v1,hard_switch_v1,0,98,9098,1200098,station_wake,0,0.0,0.0,0.0,1,1,0,0,1,0,75,0.25,1,56,0.4915635585784912,0.38555900332654647,0.9543931484222412,0.707807737452169,5.276380777359009,18.5575270652771,0.4155416953784313,1.732155048520359,0.0,0.1,0.11584148196012312,0.13219105187279273,0.0031850535422563555,0.006291756872087717,0.0031850535422563555,0.04125006124377251,0.060379188507795334,79,0.0776937040932464,1.025112676841066
station_wake_L0,Hard-switch stage-aware SAC,strict_hard_switch_v1,hard_switch_v1,0,99,9099,1200099,station_wake,0,0.0,0.0,0.0,1,1,0,0,1,0,40,0.25,1,24,0.5773696899414062,0.5507799895919722,0.48827290534973145,0.25688178903305803,2.1695932745933533,11.091908365488052,0.4619504177834194,2.1051224035530463,0.07577075691838935,0.5,0.1424955149225618,0.18419336809177553,0.06633322425186634,0.11402784287929535,0.06633322425186634,0.49294666200876236,0.7550108432769775,44,0.07218365688805192,0.07577075691838935
station_wake_L0,Hard-switch stage-aware SAC,strict_hard_switch_v1,hard_switch_v1,1,0,9000,1200000,station_wake,0,0.0,0.0,0.0,1,1,0,0,1,0,52,0.25,1,33,0.2994190454483032,0.22302772457391795,0.6708231568336487,0.4954102506881486,2.9058144986629486,12.121330499649048,0.3910720679882804,1.8215364963274252,0.5393879895229876,0.0,0.12426195829989935,0.1486471459679198,0.007212805468589068,0.013221407309174538,0.007212805468589068,0.05466240085661411,0.07203828543424606,56,0.0705395900576496,0.2899383819767207
station_wake_L0,Hard-switch stage-aware SAC,strict_hard_switch_v1,hard_switch_v1,1,1,9001,1200001,station_wake,0,0.0,0.0,0.0,1,1,0,0,1,0,39,0.25,1,29,0.762843906879425,0.481038464566388,1.548580527305603,1.1566949906728283,3.6210376024246216,19.50932625681162,0.4621174873445317,2.67811820041051,3.1997607051472645,0.1,0.43819592230616394,0.5569575685440057,0.1586884781718254,0.2542266547679901,0.1586884781718254,0.8507209420204163,1.272561103105545,43,0.041564025513081006,3.1997607051472645
station_wake_L0,Hard-switch stage-aware SAC,strict_hard_switch_v1,hard_switch_v1,1,2,9002,1200002,station_wake,0,0.0,0.0,0.0,1,1,0,0,1,0,41,0.25,1,25,0.19861678779125214,0.17256287068915882,0.9525692462921143,0.3226706833891098,5.0739604234695435,16.093887239694595,0.36860693494064395,2.056100355697718,0.2925589868230371,0.35000000000000003,0.15213381889967031,0.18621499342049724,0.06475900113582611,0.0916958749294281,0.06475900113582611,0.26411324739456177,0.4096965491771698,45,0.06712605179254344,0.2925589868230371
station_wake_L0,Hard-switch stage-aware SAC,strict_hard_switch_v1,hard_switch_v1,1,3,9003,1200003,station_wake,0,0.0,0.0,0.0,1,1,0,0,1,0,57,0.25,1,43,0.24611303210258484,0.22779924529974138,0.2194640040397644,0.1416765405045274,1.5510472655296326,7.900250572711229,0.16349722875973907,1.1642628560400923,0.0,0.2,0.20390484996219072,0.2680087342220927,0.07097820788621903,0.07811163365840912,0.07097820788621903,0.10908624529838562,0.21627113223075867,61,0.057726018468017413,0.34565324889271964
station_wake_L0,Hard-switch stage-aware SAC,strict_hard_switch_v1,hard_switch_v1,1,4,9004,1200004,station_wake,0,0.0,0.0,0.0,1,1,0,0,1,0,54,0.25,1,37,0.5140892863273621,0.3526370715223819,0.9364134073257446,0.7280306184888612,3.030240833759308,14.070432186126709,0.2914373510425329,1.3588781556766119,2.384480724397393,0.0,0.12863762758990754,0.1715355450745752,0.06839067265391349,0.08425519615411758,0.06839067265391349,0.1835959553718567,0.2966863662004471,58,0.07394890599347016,0.8052988332166613
station_wake_L0,Hard-switch stage-aware SAC,strict_hard_switch_v1,hard_switch_v1,1,5,9005,1200005,station_wake,0,0.0,0.0,0.0,1,1,0,0,1,0,58,0.25,1,40,0.10431060194969177,0.06939902366287053,0.47802992165088654,0.3389897983331061,3.1862379610538483,15.552581548690796,0.270961399107497,1.604710863370299,0.0,0.9,0.10714500265679486,0.13142114799794805,0.0915769174695015,0.10497120022773743,0.0915769174695015,0.14980769157409668,0.20162180066108704,62,0.03219723332190681,3.7191050243031736
station_wake_L0,Hard-switch stage-aware SAC,strict_hard_switch_v1,hard_switch_v1,1,6,9006,1200006,station_wake,0,0.0,0.0,0.0,1,1,0,0,1,0,27,0.25,0,-1,nan,nan,nan,nan,nan,nan,nan,nan,0.0,nan,0.14809528551843926,0.2038999958116344,0.17515553534030914,0.19933071732521057,0.17515553534030914,0.2796272039413452,0.38427144289016724,31,0.06505452115819234,1.8613484250164771
station_wake_L0,Hard-switch stage-aware SAC,strict_hard_switch_v1,hard_switch_v1,1,7,9007,1200007,station_wake,0,0.0,0.0,0.0,1,1,0,0,1,0,54,0.25,1,40,0.21904364228248596,0.12359248639513096,1.302592009305954,0.9945556269543194,7.461890876293182,31.144497394561768,0.40095053022093413,2.0808095425270445,3.011565728181553,0.0,0.17177777380943068,0.238657942659947,0.06805994957685471,0.0952964723110199,0.06805994957685471,0.8585901856422424,1.4670439064502716,58,0.06858167066328874,2.1514641251073536
station_wake_L0,Hard-switch stage-aware SAC,strict_hard_switch_v1,hard_switch_v1,1,8,9008,1200008,station_wake,0,0.0,0.0,0.0,1,1,0,0,1,0,43,0.25,1,26,0.24930283427238464,0.22298393576600645,0.9246170520782471,0.4187675205641244,4.072411507368088,12.782283537089825,0.3405418700437225,2.3050621675623817,0.0,0.8500000000000001,0.11199752971809036,0.14014645329906744,0.08644057214260101,0.10146667063236237,0.08644057214260101,0.1476241648197174,0.1813696324825287,47,0.04318327713304352,3.86262352046442
station_wake_L0,Hard-switch stage-aware SAC,strict_hard_switch_v1,hard_switch_v1,1,9,9009,1200009,station_wake,0,0.0,0.0,0.0,1,1,0,0,1,0,42,0.25,1,24,0.044816914945840836,0.036266667333695546,0.3691345639526844,0.18327775134583477,1.4287672936916351,5.8408217411488295,0.38395061692415927,1.5585259184226103,0.0,0.0,0.12499035259071509,0.16600323427451188,0.05944218635559082,0.07056746631860733,0.05944218635559082,0.14285637438297272,0.24605192244052887,46,0.06934281138042708,0.5857695630207228
station_wake_L0,Hard-switch stage-aware SAC,strict_hard_switch_v1,hard_switch_v1,1,10,9010,1200010,station_wake,0,0.0,0.0,0.0,1,1,0,0,1,0,32,0.25,0,-1,nan,nan,nan,nan,nan,nan,nan,nan,0.0,nan,0.15380280480745268,0.20369947865371585,0.1624339133501053,0.2272898554801941,0.1624339133501053,0.6444151997566223,0.8326929807662964,36,0.04490011273010136,2.8803471220550296
station_wake_L0,Hard-switch stage-aware SAC,strict_hard_switch_v1,hard_switch_v1,1,11,9011,1200011,station_wake,0,0.0,0.0,0.0,1,1,0,0,1,0,49,0.25,1,33,0.6481710076332092,0.5659880873671083,0.9539639949798584,0.5787164320596523,2.738332599401474,14.614181220531464,0.30748931538824836,2.1673935324155216,4.7310287125786505,0.05,0.15406853222658318,0.20082840910318428,0.09003791660070419,0.10123983025550842,0.09003791660070419,0.2048913836479187,0.2961556613445282,53,0.07126460976516541,3.006725471937541
station_wake_L0,Hard-switch stage-aware SAC,strict_hard_switch_v1,hard_switch_v1,1,12,9012,1200012,station_wake,0,0.0,0.0,0.0,1,1,0,0,1,0,55,0.25,1,43,0.19136619567871094,0.1403348185063875,1.1895538866519928,0.6250947960304589,5.950554609298706,24.755850732326508,0.3391064530380822,2.263729704329802,0.0,0.2,0.24100863705109116,0.3405332019151642,0.07830566167831421,0.08270110934972763,0.07830566167831421,0.12419739365577698,0.18946006894111633,59,0.06525561703263566,1.4828954337905926
station_wake_L0,Hard-switch stage-aware SAC,strict_hard_switch_v1,hard_switch_v1,1,13,9013,1200013,station_wake,0,0.0,0.0,0.0,1,1,0,0,1,0,51,0.25,1,40,0.21495601534843445,0.1477061275048313,1.537795066833496,1.0096926641886412,7.9009973630309105,22.27792963385582,0.61259507876727,3.1568357604663024,0.0,0.30000000000000004,0.2817029693137607,0.4023976649500307,0.08433323204517365,0.1019487977027893,0.08433323204517365,0.22920498251914978,0.43114468455314636,55,0.06696130278728857,2.0274364275163848
station_wake_L0,Hard-switch stage-aware SAC,strict_hard_switch_v1,hard_switch_v1,1,14,9014,1200014,station_wake,0,0.0,0.0,0.0,1,1,0,0,1,0,51,0.25,1,36,0.511306643486023,0.47949802997678387,0.7125204801559448,0.4264393443935596,3.617534786462784,22.19268560409546,0.23724868161343726,1.5054000272389974,0.0,0.5,0.18302623541777957,0.23374868184426253,0.06551956981420518,0.06724762916564941,0.06551956981420518,0.061022430658340454,0.13568639755249023,55,0.06342151858909129,2.864308770666782
station_wake_L0,Hard-switch stage-aware SAC,strict_hard_switch_v1,hard_switch_v1,1,15,9015,1200015,station_wake,0,0.0,0.0,0.0,1,1,0,0,1,0,50,0.25,1,35,0.3106091320514679,0.2557936294833134,0.5852609872817993,0.3513703315723052,2.8953655064105988,12.806356102228165,0.20538551577174832,1.4318899068336037,0.0,0.35000000000000003,0.18953180016209634,0.2517414985074254,0.0741846077144146,0.11623430252075195,0.0741846077144146,0.38876064121723175,0.4969538748264313,54,0.06248223549067684,0.5682138957805274
station_wake_L0,Hard-switch stage-aware SAC,strict_hard_switch_v1,hard_switch_v1,1,16,9016,1200016,station_wake,0,0.0,0.0,0.0,1,1,0,0,1,0,38,0.25,1,18,1.2449805736541748,1.0934452503235406,1.0280537605285645,0.773135929405906,3.2060468196868896,5.8907270431518555,0.3289583772786247,2.223028697099744,0.0,0.8500000000000001,0.10813793019739608,0.13674176736000898,0.135408915579319,0.16495127975940704,0.135408915579319,0.32099083065986633,0.4836896061897278,42,0.07807213163735703,1.559931856778697
station_wake_L0,Hard-switch stage-aware SAC,strict_hard_switch_v1,hard_switch_v1,1,17,9017,1200017,station_wake,0,0.0,0.0,0.0,1,1,0,0,1,0,44,0.25,1,31,0.08282724022865295,0.056487487877733576,0.6418953835964203,0.3974463564891261,3.55804979801178,21.485261246562004,0.3108025997843513,1.759516436543474,0.4109312877812356,0.0,0.20209552736271935,0.2793687440015129,0.025414455309510232,0.04547026753425598,0.025414455309510232,0.16263588517904282,0.299246609210968,48,0.054142038250551895,0.4109312877812356
station_wake_L0,Hard-switch stage-aware SAC,strict_hard_switch_v1,hard_switch_v1,1,18,9018,1200018,station_wake,0,0.0,0.0,0.0,1,1,0,0,1,0,47,0.25,1,31,0.5236924290657043,0.4359709024365359,1.1861586570739746,0.7822758511764807,5.045333653688431,22.749847173690796,0.4035451662816104,2.113445787821485,3.165006995102947,0.0,0.1824931420717583,0.250691098690204,0.08600827157497407,0.09533150494098663,0.08600827157497407,0.13092350959777832,0.24336114525794983,51,0.062119967134900006,1.3493724925928363
station_wake_L0,Hard-switch stage-aware SAC,strict_hard_switch_v1,hard_switch_v1,1,19,9019,1200019,station_wake,0,0.0,0.0,0.0,1,1,0,0,1,0,42,0.25,1,31,0.08083273470401764,0.059498759403002546,0.46244554221630096,0.31522297923401416,3.0250653624534607,11.397009184584022,0.3061350233198551,2.0747192970036945,0.0,0.0,0.3270378452876532,0.4571148508655536,0.01232891115359962,0.03240091726183891,0.01232891115359962,0.1931666824966669,0.4025030881166458,46,0.056910640933385534,2.553539859186256
station_wake_L0,Hard-switch stage-aware SAC,strict_hard_switch_v1,hard_switch_v1,1,20,9020,1200020,station_wake,0,0.0,0.0,0.0,1,1,0,0,1,0,35,0.25,1,21,0.904396653175354,0.7237938512553979,0.9921455383300781,0.768384635353656,4.420593082904816,18.630815893411636,0.4993706533187597,3.170828447360783,0.0,0.6000000000000001,0.1933831114168898,0.24931541948087996,0.1735382705926895,0.2300359457731247,0.1735382705926895,0.5617877244949341,0.648176372051239,39,0.06309500244488761,1.019714372797523
station_wake_L0,Hard-switch stage-aware SAC,strict_hard_switch_v1,hard_switch_v1,1,21,9021,1200021,station_wake,0,0.0,0.0,0.0,1,1,0,0,1,0,73,0.25,1,39,0.1773492991924286,0.1328679829577187,0.8064773678779602,0.5677695654006878,3.7574877589941025,18.08111608028412,0.3189561811039926,1.8313924130356822,0.0,1.7000000000000002,0.0516656753637336,0.058333354431277296,0.06824010610580444,0.07663331925868988,0.06824010610580444,0.08534640073776245,0.1067151129245758,77,0.02976908194863843,4.205811924840412
station_wake_L0,Hard-switch stage-aware SAC,strict_hard_switch_v1,hard_switch_v1,1,22,9022,1200022,station_wake,0,0.0,0.0,0.0,1,1,0,0,1,0,37,0.25,1,20,0.12566320598125458,0.10108117788636325,0.46766385436058044,0.24988281252624153,1.8551397323608398,9.172259271144867,0.1775422269790476,1.1818159327397768,0.0,0.65,0.15398719298558897,0.196032626889244,0.06949916929006576,0.07631086558103561,0.06949916929006576,0.07371878623962402,0.1323223114013672,41,0.0688940082930368,3.2415213355063686
station_wake_L0,Hard-switch stage-aware SAC,strict_hard_switch_v1,hard_switch_v1,1,23,9023,1200023,station_wake,0,0.0,0.0,0.0,1,1,0,0,1,0,56,0.25,1,38,0.11958882212638855,0.05507689296606129,0.8159409463405609,0.5367187256790014,4.417335093021393,17.229368090629578,0.24628124999875908,1.700691340289284,2.2220733400864763,0.0,0.10086274916323604,0.12109221405113836,0.008713450841605663,0.016127992421388626,0.008713450841605663,0.06811033934354782,0.08641347289085388,60,0.07731607824611385,2.2220733400864763
station_wake_L0,Hard-switch stage-aware SAC,strict_hard_switch_v1,hard_switch_v1,1,24,9024,1200024,station_wake,0,0.0,0.0,0.0,1,1,0,0,1,0,52,0.25,1,34,0.17140106856822968,0.13194752982096086,0.7617013156414032,0.41137348189078937,4.277911931276321,20.125125274062157,0.4119742606435918,2.8112340561766866,0.0,0.9,0.12176031335052362,0.13929022807933247,0.19514502882957457,0.23824383318424225,0.19514502882957457,0.3598986864089966,0.5229878425598145,56,0.0655855351791854,2.5866289240637945
station_wake_L0,Hard-switch stage-aware SAC,strict_hard_switch_v1,hard_switch_v1,1,25,9025,1200025,station_wake,0,0.0,0.0,0.0,1,1,0,0,1,0,38,0.25,1,23,0.6184672713279724,0.3570213140321478,1.5727835893630981,1.0960949803126676,3.047027587890625,14.80835810303688,0.25093784220796256,1.7369106093607216,0.4696331351594986,0.05,0.19484064183374422,0.25338039786432115,0.049282774329185486,0.056820645928382874,0.049282774329185486,0.1264648735523224,0.3334498405456543,42,0.05183286031745599,0.4696331351594986
station_wake_L0,Hard-switch stage-aware SAC,strict_hard_switch_v1,hard_switch_v1,1,26,9026,1200026,station_wake,0,0.0,0.0,0.0,1,1,0,0,1,0,41,0.25,1,25,0.9580386877059937,0.5463984409530934,2.285275459289551,1.751910711546788,5.433509945869446,24.099080860614777,0.504558071429346,2.519651913229483,2.680150222057136,0.0,0.1667082098724698,0.21041777065985268,0.04992865696549416,0.05413534492254257,0.04992865696549416,0.04660122096538544,0.08916191756725311,45,0.06387222339261411,1.4483192019429898
station_wake_L0,Hard-switch stage-aware SAC,strict_hard_switch_v1,hard_switch_v1,1,27,9027,1200027,station_wake,0,0.0,0.0,0.0,1,1,0,0,1,0,37,0.25,1,20,0.5917136073112488,0.4200813253874996,1.4432209730148315,1.0805271571241157,6.508922427892685,20.524495244026184,0.5048046903472999,2.6909382537327575,0.0,0.65,0.12256095295109863,0.14918584047961755,0.09121704995632171,0.1129550114274025,0.09121704995632171,0.2102498710155487,0.223015695810318,41,0.07539444052093988,2.347533883299267
station_wake_L0,Hard-switch stage-aware SAC,strict_hard_switch_v1,hard_switch_v1,1,28,9028,1200028,station_wake,0,0.0,0.0,0.0,1,1,0,0,1,0,35,0.25,1,24,0.7866571545600891,0.5720428175127356,1.139182448387146,0.9332092781289765,2.9417528957128525,16.618264839053154,0.28284188934215915,2.410794067550662,0.0,0.35000000000000003,0.24796297386706181,0.3765957948684247,0.10150722414255142,0.1416027545928955,0.10150722414255142,0.513112336397171,0.9513160586357117,39,0.041407272315804024,1.4944702565562369
station_wake_L0,Hard-switch stage-aware SAC,strict_hard_switch_v1,hard_switch_v1,1,29,9029,1200029,station_wake,0,0.0,0.0,0.0,1,1,0,0,1,0,41,0.25,1,26,0.832641065120697,0.5917636265299903,1.4086824655532837,1.1833428567078728,4.203640893101692,17.42457702755928,0.39504496202410483,2.387551307686801,1.652089678258975,0.1,0.196205374057221,0.25449747528871636,0.020121332444250583,0.040201399475336075,0.020121332444250583,0.22467071190476418,0.41426919400691986,45,0.06449213200815233,1.652089678258975
station_wake_L0,Hard-switch stage-aware SAC,strict_hard_switch_v1,hard_switch_v1,1,30,9030,1200030,station_wake,0,0.0,0.0,0.0,1,1,0,0,1,0,49,0.25,1,33,0.3864476680755615,0.32123339397962725,0.8567363023757935,0.5576092897621465,5.748059451580048,15.081694722175598,0.583871209808532,2.14171013711664,0.0,0.0,0.09368970006090402,0.12268038576054865,0.056787551194429395,0.08606361597776413,0.056787551194429395,0.3055350333452225,0.500892847776413,53,0.08319127854000571,1.565274985700351
station_wake_L0,Hard-switch stage-aware SAC,strict_hard_switch_v1,hard_switch_v1,1,31,9031,1200031,station_wake,0,0.0,0.0,0.0,1,1,0,0,1,0,57,0.25,1,38,0.7924864292144775,0.6747756005543593,2.0614665746688843,1.2700725949513911,7.942405045032501,33.7530791759491,0.4080402435149423,2.589342397367581,0.0,0.9500000000000001,0.061592963502015693,0.07443933121287173,0.13917089104652405,0.18015241622924805,0.13917089104652405,0.42514199018478394,0.6202429533004761,61,0.05839567253896539,3.0986946094419974
station_wake_L0,Hard-switch stage-aware SAC,strict_hard_switch_v1,hard_switch_v1,1,32,9032,1200032,station_wake,0,0.0,0.0,0.0,1,1,0,0,1,0,61,0.25,1,44,0.17611348628997803,0.14538971934998746,0.2974627912044525,0.19559937736805383,2.7303753793239594,9.93705727159977,0.29570552052939625,1.3812655580855993,0.0,0.1,0.12431909511790654,0.14248667410624094,0.02051882669329643,0.029013926163315773,0.02051882669329643,0.08384773135185242,0.15800509601831436,65,0.07444839360984182,0.057165388320340724
station_wake_L0,Hard-switch stage-aware SAC,strict_hard_switch_v1,hard_switch_v1,1,33,9033,1200033,station_wake,0,0.0,0.0,0.0,1,1,0,0,1,0,37,0.25,0,-1,nan,nan,nan,nan,nan,nan,nan,nan,0.0,nan,0.03882922573898465,0.04206464042146651,0.17632471919059753,0.21976666152477264,0.17632471919059753,0.43035364151000977,0.5102813243865967,41,0.0643960607777023,3.0455544570388287
station_wake_L0,Hard-switch stage-aware SAC,strict_hard_switch_v1,hard_switch_v1,1,34,9034,1200034,station_wake,0,0.0,0.0,0.0,1,1,0,0,1,0,37,0.25,1,20,1.3480947017669678,1.2442799232210895,1.2141895294189453,0.9026675762283353,7.6065993309021,21.487465798854828,0.4082681483473107,1.7494507930168914,0.0,0.65,0.16484916052844284,0.21077805767460653,0.10622621923685074,0.14146694540977478,0.10622621923685074,0.3782499432563782,0.5807745456695557,41,0.07178390260290389,1.2490152424573697
station_wake_L0,Hard-switch stage-aware SAC,strict_hard_switch_v1,hard_switch_v1,1,35,9035,1200035,station_wake,0,0.0,0.0,0.0,1,1,0,0,1,0,60,0.25,1,43,0.30514442920684814,0.18883018978119062,1.387244090437889,1.1377008250339362,3.1135952472686768,14.253236651420593,0.24134137488619592,1.754712801635808,1.0937492478105242,0.30000000000000004,0.1371435599772239,0.16622672367267224,0.041012789309024814,0.05389616638422012,0.041012789309024814,0.14657549560070038,0.2417142689228058,64,0.07309694861488635,1.0937492478105242
station_wake_L0,Hard-switch stage-aware SAC,strict_hard_switch_v1,hard_switch_v1,1,36,9036,1200036,station_wake,0,0.0,0.0,0.0,1,1,0,0,1,0,30,0.25,1,11,1.1881308555603027,0.9079854957288448,1.6002607345581055,1.3301821680388803,0.03355145454406738,0.20787596702575684,0.2754491443366485,1.7380874160041708,0.0,0.9500000000000001,0.15894967192392245,0.1974301934483948,0.31535146981477735,0.5302838683128357,0.31535146981477735,2.117152899503708,2.3971915245056152,34,0.032989220546385686,1.8471894428670406
station_wake_L0,Hard-switch stage-aware SAC,strict_hard_switch_v1,hard_switch_v1,1,37,9037,1200037,station_wake,0,0.0,0.0,0.0,1,1,0,0,1,0,43,0.25,1,29,0.7339965105056763,0.541519097107423,1.6000080108642578,0.844432691930881,2.3056983947753906,13.39506670832634,0.4791315052793049,2.512018135999233,0.0,0.5,0.18156226216817034,0.2383947406921983,0.07760439589619636,0.16955752670764923,0.07760439589619636,0.8150023967027664,1.2145769596099854,47,0.0644233809539765,1.1887443725607079
station_wake_L0,Hard-switch stage-aware SAC,strict_hard_switch_v1,hard_switch_v1,1,38,9038,1200038,station_wake,0,0.0,0.0,0.0,1,1,0,0,1,0,67,0.25,1,48,0.4722876250743866,0.2846726950637024,1.0319733619689941,0.8557554186274966,5.8993688225746155,18.70168149471283,0.3402533544138678,1.3564618256487735,0.0,0.0,0.11749947281856173,0.14163437378828622,0.0325853243470192,0.047039784491062164,0.0325853243470192,0.14007750898599625,0.1725337654352188,71,0.07394463008881774,1.0837996899022255
station_wake_L0,Hard-switch stage-aware SAC,strict_hard_switch_v1,hard_switch_v1,1,39,9039,1200039,station_wake,0,0.0,0.0,0.0,1,1,0,0,1,0,62,0.25,1,45,0.7483129501342773,0.6043638215370081,2.1284645795822144,1.4113585246887628,7.7105629444122314,32.677756547927856,0.4176469643074116,2.3703339731359856,0.0,0.8500000000000001,0.06657847053970842,0.08618162007902537,0.15275549590587617,0.17802751064300537,0.15275549590587617,0.27708178758621216,0.3391319513320923,66,0.07122085705624975,2.8517412225939585
station_wake_L0,Hard-switch stage-aware SAC,strict_hard_switch_v1,hard_switch_v1,1,40,9040,1200040,station_wake,0,0.0,0.0,0.0,1,1,0,0,1,0,72,0.25,1,50,0.03149218112230301,0.02139060300408844,0.26783425360918045,0.16368115100556802,1.5144281089305878,8.154474422335625,0.28319905460480155,1.371419726842503,0.0,0.8,0.07158263156559658,0.08072673353834703,0.08828940689563751,0.1072917953133583,0.08828940689563751,0.1941494643688202,0.26291295886039734,76,0.08518107370343184,1.0048911547513029
station_wake_L0,Hard-switch stage-aware SAC,strict_hard_switch_v1,hard_switch_v1,1,41,9041,1200041,station_wake,0,0.0,0.0,0.0,1,1,0,0,1,0,57,0.25,1,40,0.18452396988868713,0.11211743206080957,1.4680540561676025,0.829769585992267,2.037819027900696,14.436382055282593,0.376672167619432,2.0165249740425617,0.42034963839900713,0.4,0.17297806091483742,0.2129030063856024,0.06091913990676403,0.10226849466562271,0.06091913990676403,0.37174927443265915,0.48936448991298676,61,0.067919469174699,0.42034963839900713
station_wake_L0,Hard-switch stage-aware SAC,strict_hard_switch_v1,hard_switch_v1,1,42,9042,1200042,station_wake,0,0.0,0.0,0.0,1,1,0,0,1,0,30,0.25,1,5,0.7905181646347046,0.5032744836714719,2.007008045911789,1.6774521695465214,19.73628044128418,20.102546215057373,1.7414720099069785,2.6679020577043717,0.0,1.25,0.14754100705950107,0.19824968999471076,0.25192925333976746,0.4334665834903717,0.25192925333976746,1.703982174396515,2.2652393579483032,34,0.04979588320734,2.136094065040709
station_wake_L0,Hard-switch stage-aware SAC,strict_hard_switch_v1,hard_switch_v1,1,43,9043,1200043,station_wake,0,0.0,0.0,0.0,1,1,0,0,1,0,50,0.25,1,35,0.4957287013530731,0.3293767722951041,1.60869762301445,1.1513405112938078,3.232719302177429,19.949805736541748,0.25759194582710054,1.887051298359017,0.59837926616733,0.0,0.15061479181713677,0.18834426742249236,0.01706058084964752,0.0244334377348423,0.01706058084964752,0.2733219265937805,0.8212541788816452,54,0.06324328213858299,0.35400440913310316
station_wake_L0,Hard-switch stage-aware SAC,strict_hard_switch_v1,hard_switch_v1,1,44,9044,1200044,station_wake,0,0.0,0.0,0.0,1,1,0,0,1,0,31,0.25,1,17,1.0973155498504639,0.9936747170106296,1.670302152633667,0.9594257782165838,10.929916799068451,26.700870990753174,0.6949338823727583,2.4143862386742314,1.6173930643272507,0.4,0.2437883143056779,0.3180400137901218,0.042242054082453254,0.09440881013870239,0.042242054082453254,0.5770991407334805,1.1938196420669556,35,0.05512038639609156,1.6173930643272507
station_wake_L0,Hard-switch stage-aware SAC,strict_hard_switch_v1,hard_switch_v1,1,45,9045,1200045,station_wake,0,0.0,0.0,0.0,1,1,0,0,1,0,55,0.25,1,43,0.2022169530391693,0.16835060121415116,1.0290813446044922,0.49151991273296125,2.336113452911377,18.311497643589973,0.23227195931023223,1.7362393969447107,0.0,0.6000000000000001,0.22084272891131032,0.32729430133318926,0.12432896047830581,0.1481606364250183,0.12432896047830581,0.34299853444099426,0.6386229395866394,59,0.05613114491370136,3.642874990523954
station_wake_L0,Hard-switch stage-aware SAC,strict_hard_switch_v1,hard_switch_v1,1,46,9046,1200046,station_wake,0,0.0,0.0,0.0,1,1,0,0,1,0,52,0.25,1,35,0.3110122084617615,0.17004937693305186,0.8042573928833008,0.6439142892226302,1.225912868976593,5.33341258764267,0.13708139834982794,0.8104160030116061,0.0,0.0,0.1774072933628726,0.22131789294997747,0.015311458334326743,0.026780182495713234,0.015311458334326743,0.22734083235263824,0.32769378274679184,56,0.06284705680360612,2.1820053159810655
station_wake_L0,Hard-switch stage-aware SAC,strict_hard_switch_v1,hard_switch_v1,1,47,9047,1200047,station_wake,0,0.0,0.0,0.0,1,1,0,0,1,0,69,0.25,1,57,0.24867922067642212,0.20418433715852208,1.3744977116584778,0.6881508222735231,3.7767672538757324,21.21812004595995,0.3335960696074,2.397402046501079,0.0,0.25,0.20080105269903034,0.3007236569966415,0.06976130753755569,0.09349415451288223,0.06976130753755569,0.2406848967075348,0.292578786611557,73,0.07046555378030377,1.7864289337842534
station_wake_L0,Hard-switch stage-aware SAC,strict_hard_switch_v1,hard_switch_v1,1,48,9048,1200048,station_wake,0,0.0,0.0,0.0,1,1,0,0,1,0,48,0.25,1,32,0.09318610280752182,0.07211653487335469,0.46669401228427887,0.2636426687764939,3.94333153963089,13.335139527916908,0.5944709004003178,1.436851689739047,0.0,0.5,0.17417662149670562,0.23151413033114404,0.12175914794206619,0.13610535860061646,0.12175914794206619,0.16278234124183655,0.24949103593826294,52,0.06928755400968795,1.1575163207885864
station_wake_L0,Hard-switch stage-aware SAC,strict_hard_switch_v1,hard_switch_v1,1,49,9049,1200049,station_wake,0,0.0,0.0,0.0,1,1,0,0,1,0,36,0.25,1,19,0.4000045657157898,0.2105448579839707,1.2680043280124664,1.047578120712283,2.0712822675704956,11.521867513656616,0.4476872241496126,2.118817744691891,0.03572317335468937,0.0,0.12806300897096828,0.15692124430052126,0.01768971048295498,0.019838901236653328,0.01768971048295498,0.02860688418149948,0.0455358624458313,40,0.07543665294227085,0.35376828735906174
station_wake_L0,Hard-switch stage-aware SAC,strict_hard_switch_v1,hard_switch_v1,1,50,9050,1200050,station_wake,0,0.0,0.0,0.0,1,1,0,0,1,0,38,0.25,1,18,1.145007848739624,1.0594251102425993,1.6557729244232178,0.9854413461489947,6.104530990123749,27.80980110168457,0.3651820766219967,2.938211515184142,0.0,1.0,0.09453245396629781,0.11792657379431092,0.19861376881599427,0.25241801142692566,0.19861376881599427,0.48395705223083496,0.5845046043395996,42,0.0646402414869567,2.7961801950168437
station_wake_L0,Hard-switch stage-aware SAC,strict_hard_switch_v1,hard_switch_v1,1,51,9051,1200051,station_wake,0,0.0,0.0,0.0,1,1,0,0,1,0,56,0.25,1,39,0.16726812720298767,0.13163284893659327,0.566130131483078,0.3053355168601268,2.4098247289657593,14.038241878151894,0.27469501634260984,1.9762642079356225,0.0,0.8500000000000001,0.11794508453909196,0.14530190174441235,0.16077172458171846,0.19972169399261475,0.16077172458171846,0.34515810012817383,0.41124582290649414,60,0.07225251076377984,3.1641692297125625
station_wake_L0,Hard-switch stage-aware SAC,strict_hard_switch_v1,hard_switch_v1,1,52,9052,1200052,station_wake,0,0.0,0.0,0.0,1,1,0,0,1,0,57,0.25,1,40,0.3406132459640503,0.2634438349029531,1.4949193596839905,0.7670299885660319,5.401753187179565,22.629979252815247,0.39797640080727126,2.0891149000111198,0.42298502420157424,0.0,0.11019476100560603,0.15095491571723857,0.002690730756148696,0.0044915019534528255,0.002690730756148696,0.04699469078332186,0.08162091486155987,61,0.07775378839941784,0.42298502420157424
station_wake_L0,Hard-switch stage-aware SAC,strict_hard_switch_v1,hard_switch_v1,1,53,9053,1200053,station_wake,0,0.0,0.0,0.0,1,1,0,0,1,0,49,0.25,1,36,0.5321207046508789,0.4438450678329017,1.2093406915664673,0.7564474297662772,4.168276414275169,17.51763105392456,0.3225196700478436,1.7239930794765939,0.0,0.65,0.20091905237025093,0.2698607638287212,0.16485944986343384,0.1700073778629303,0.16485944986343384,0.11039376258850098,0.16396313905715942,53,0.05683931707484948,2.6853285726650635
station_wake_L0,Hard-switch stage-aware SAC,strict_hard_switch_v1,hard_switch_v1,1,54,9054,1200054,station_wake,0,0.0,0.0,0.0,1,1,0,0,1,0,55,0.25,1,36,0.25960198044776917,0.21245114478822963,0.9698992967605591,0.5367207172942757,3.6691756546497345,14.174151569604874,0.3991910781835119,1.592540395881751,2.997073347423255,0.0,0.10288411433481208,0.13833062465169788,0.04957693666219711,0.0566912405192852,0.04957693666219711,0.07107444107532501,0.161699578166008,59,0.07863257393200562,1.8603016985261727
station_wake_L0,Hard-switch stage-aware SAC,strict_hard_switch_v1,hard_switch_v1,1,55,9055,1200055,station_wake,0,0.0,0.0,0.0,1,1,0,0,1,0,61,0.25,1,46,0.34590959548950195,0.24440638592358674,0.7992610335350037,0.4686392418766861,3.127674162387848,16.717477589845657,0.2006402197975882,1.3858503158233813,1.0313540823602825,0.30000000000000004,0.13708291674402295,0.17871350730858093,0.033941072225570676,0.07805465161800385,0.033941072225570676,0.44844581186771393,0.585290938615799,65,0.07416735391396695,1.0176252954068512
station_wake_L0,Hard-switch stage-aware SAC,strict_hard_switch_v1,hard_switch_v1,1,56,9056,1200056,station_wake,0,0.0,0.0,0.0,1,1,0,0,1,0,56,0.25,1,41,0.14411252737045288,0.0753858623046268,1.2553229928016663,0.6953177628361068,2.9113322496414185,21.836612820625305,0.46476460471942316,2.070645315827959,0.0,0.45,0.1874139606073338,0.228109788672587,0.03786326870322228,0.05639747157692909,0.03786326870322228,0.27044442296028137,0.6587926298379898,60,0.06211897396336747,2.350541727855011
station_wake_L0,Hard-switch stage-aware SAC,strict_hard_switch_v1,hard_switch_v1,1,57,9057,1200057,station_wake,0,0.0,0.0,0.0,1,1,0,0,1,0,39,0.25,1,20,1.293297529220581,1.1546202504125591,2.426077127456665,1.444145747618434,11.175710558891296,35.15698790550232,0.7745377470848677,3.3617791852797465,0.875683292283408,0.5,0.14617722920045675,0.1615892883451418,0.01899308916181326,0.06671880930662155,0.01899308916181326,0.4660962875932455,0.8966754376888275,43,0.07291785914982173,0.875683292283408
station_wake_L0,Hard-switch stage-aware SAC,strict_hard_switch_v1,hard_switch_v1,1,58,9058,1200058,station_wake,0,0.0,0.0,0.0,1,1,0,0,1,0,56,0.25,1,38,0.09540408849716187,0.08064609263242231,0.5728116631507874,0.27762971506210404,3.1711438298225403,16.681512594223022,0.29638997198798644,2.000755848207203,0.0,0.9,0.13093888824637764,0.1679569409446868,0.09647218286991119,0.1005646213889122,0.09647218286991119,0.05814376473426819,0.06951287388801575,60,0.05420282420694247,3.7037588698986244
station_wake_L0,Hard-switch stage-aware SAC,strict_hard_switch_v1,hard_switch_v1,1,59,9059,1200059,station_wake,0,0.0,0.0,0.0,1,1,0,0,1,0,27,0.25,1,15,0.13398762047290802,0.07291579410088843,0.4461255669593811,0.314202499768946,1.5095344185829163,7.811878994107246,0.2691703173906217,1.8436603599187726,0.0,0.5,0.3169517502113429,0.42887113421037826,0.15785661339759827,0.20791959762573242,0.15785661339759827,0.40732723474502563,0.5730080604553223,31,0.0387862860841943,1.6369968811839508
station_wake_L0,Hard-switch stage-aware SAC,strict_hard_switch_v1,hard_switch_v1,1,60,9060,1200060,station_wake,0,0.0,0.0,0.0,1,1,0,0,1,0,53,0.25,1,34,0.6297987699508667,0.3587558096281219,1.7381227016448975,1.1663766232494428,2.5106453895568848,12.974085658788681,0.33469254022747946,1.5618748883450857,0.0,0.5,0.11307345797003825,0.14310477602406355,0.09415839165449143,0.10719304531812668,0.09415839165449143,0.14295363426208496,0.19898384809494019,57,0.07577811489534074,0.7405643813365432
station_wake_L0,Hard-switch stage-aware SAC,strict_hard_switch_v1,hard_switch_v1,1,61,9061,1200061,station_wake,0,0.0,0.0,0.0,1,1,0,0,1,0,61,0.25,1,48,0.3812994062900543,0.2325711384753147,1.5228620171546936,1.4539150168906894,1.8715941905975342,7.960152626037598,0.2259591969138823,1.677537439781974,0.2718227192658635,0.35000000000000003,0.19240242484737938,0.26576407034445687,0.04747890494763851,0.10909240692853928,0.04747890494763851,0.6237404271960258,1.203962117433548,65,0.05860969964822503,0.2718227192658635
station_wake_L0,Hard-switch stage-aware SAC,strict_hard_switch_v1,hard_switch_v1,1,62,9062,1200062,station_wake,0,0.0,0.0,0.0,1,1,0,0,1,0,46,0.25,1,30,0.633004903793335,0.36967702869765146,1.9958150386810303,1.189118974850133,2.223372459411621,12.678071558475494,0.3056644872755376,2.006869661019104,2.4012853376331518,0.0,0.12968934535804302,0.17605279864950477,0.053770382702350614,0.05829954519867897,0.053770382702350614,0.13034257292747498,0.30753985047340393,50,0.077855361527322,1.1000285395352931
station_wake_L0,Hard-switch stage-aware SAC,strict_hard_switch_v1,hard_switch_v1,1,63,9063,1200063,station_wake,0,0.0,0.0,0.0,1,1,0,0,1,0,42,0.25,1,26,0.10643316060304642,0.061323320583891165,1.3456331193447113,0.6659218162676016,4.000818133354187,18.32357369363308,0.3828623302112557,2.672177760329652,0.0,0.45,0.15535821990779,0.19489114839806648,0.049957845360040665,0.06356365978717804,0.049957845360040665,0.194197416305542,0.2829943597316742,46,0.06578777585649935,3.1489709915922264
station_wake_L0,Hard-switch stage-aware SAC,strict_hard_switch_v1,hard_switch_v1,1,64,9064,1200064,station_wake,0,0.0,0.0,0.0,1,1,0,0,1,0,59,0.25,1,42,0.20917218923568726,0.16788259972952155,0.7384814321994781,0.4544831427632365,4.366205111145973,15.713677704334259,0.3042444814389564,1.4931812347431985,0.0,0.0,0.10530334673738787,0.1337564334470852,0.09717116355895997,0.10514407604932785,0.09717116355895997,0.09862998127937317,0.12535765767097473,63,0.0787935850129239,1.8975691316284662
station_wake_L0,Hard-switch stage-aware SAC,strict_hard_switch_v1,hard_switch_v1,1,65,9065,1200065,station_wake,0,0.0,0.0,0.0,1,1,0,0,1,0,50,0.25,1,25,1.0192428827285767,0.7866567852612701,1.4526915550231934,1.1379396700005275,4.422625303268433,13.48446398973465,0.5448534448603771,2.602110632310744,11.003579040636758,1.25,0.07702897956965891,0.0890170099881417,0.10857710689306259,0.1268598437309265,0.10857710689306259,0.18233519792556763,0.20887494087219238,54,0.06058132798436851,3.545856849118977
station_wake_L0,Hard-switch stage-aware SAC,strict_hard_switch_v1,hard_switch_v1,1,66,9066,1200066,station_wake,0,0.0,0.0,0.0,1,1,0,0,1,0,36,0.25,1,21,0.9555037021636963,0.6596032981027968,1.528862714767456,1.2719445257409712,5.286541730165482,22.344232201576233,0.30835066983915116,2.0413586402229047,3.2502740094843285,0.05,0.17850295720192164,0.2242334448967016,0.08460483700037003,0.09669520705938339,0.08460483700037003,0.27543413639068604,0.7053010165691376,40,0.06344574434448047,1.9586527940363596
station_wake_L0,Hard-switch stage-aware SAC,strict_hard_switch_v1,hard_switch_v1,1,67,9067,1200067,station_wake,0,0.0,0.0,0.0,1,1,0,0,1,0,72,0.25,1,56,0.3702367842197418,0.30104000291508837,1.4469635486602783,0.8471480768723042,4.592807542067021,21.04753315448761,0.2463119227020492,1.8549255635715054,0.0,0.8,0.08718589738853058,0.11378169770481071,0.176118466258049,0.22277000546455383,0.176118466258049,0.45528215169906616,0.49429118633270264,76,0.06281473356422955,3.0420313600875715
station_wake_L0,Hard-switch stage-aware SAC,strict_hard_switch_v1,hard_switch_v1,1,68,9068,1200068,station_wake,0,0.0,0.0,0.0,1,1,0,0,1,0,60,0.25,1,46,0.09324734658002853,0.05985246251828462,0.5826022103428841,0.27895117261096464,2.1111443638801575,10.032438673079014,0.14150531281816128,0.940951850610642,0.0,0.25,0.20847499637118508,0.2784460321225188,0.05525345578789711,0.07725103944540024,0.05525345578789711,0.24534019827842712,0.32390162348747253,64,0.057537005736188564,1.1766784165050572
station_wake_L0,Hard-switch stage-aware SAC,strict_hard_switch_v1,hard_switch_v1,1,69,9069,1200069,station_wake,0,0.0,0.0,0.0,1,1,0,0,1,0,45,0.25,1,29,0.5905190110206604,0.3424892335883999,1.431313157081604,1.0927998768933018,3.68286419659853,15.863335020840168,0.5537142229210261,2.5521818019018188,3.003032900917503,0.0,0.1366578857703144,0.18641147849235573,0.03845357894897461,0.04739155247807503,0.03845357894897461,0.11958818137645721,0.2110825479030609,49,0.06883501833964878,2.384569303413192
station_wake_L0,Hard-switch stage-aware SAC,strict_hard_switch_v1,hard_switch_v1,1,70,9070,1200070,station_wake,0,0.0,0.0,0.0,1,1,0,0,1,0,39,0.25,1,22,0.2336539626121521,0.14672658522359555,1.6039274632930756,1.038831169695186,8.322199285030365,28.741096258163452,0.5025238367187994,2.611836983299767,0.026075224327142238,0.0,0.1462354479946491,0.1827465017498087,0.053772808611392976,0.07075639814138412,0.053772808611392976,0.14623558521270752,0.21678030490875244,43,0.0676932256075647,0.026075224327142238
station_wake_L0,Hard-switch stage-aware SAC,strict_hard_switch_v1,hard_switch_v1,1,71,9071,1200071,station_wake,0,0.0,0.0,0.0,1,1,0,0,1,0,35,0.25,1,19,0.38559794425964355,0.19677656982144856,1.1649882793426514,0.8597305343896078,3.043701946735382,12.668361216783524,0.4483027475892369,2.1553085126829243,0.0,0.0,0.1856899775817493,0.22602276969572813,0.011555314529687166,0.017327722162008286,0.011555314529687166,0.09931149147450924,0.30592484399676323,39,0.06742093766380425,2.4889538038380272
station_wake_L0,Hard-switch stage-aware SAC,strict_hard_switch_v1,hard_switch_v1,1,72,9072,1200072,station_wake,0,0.0,0.0,0.0,1,1,0,0,1,0,43,0.25,1,28,0.7652819752693176,0.46875004064357595,1.6951322555541992,1.2325715346489854,5.4433950781822205,16.351357996463776,0.6184928991232461,3.0960905240828036,3.884772543282302,0.0,0.13653465716531105,0.19921628926565618,0.0653553694486618,0.08238167315721512,0.0653553694486618,0.26578339189291,0.43395087122917175,47,0.0674106828372295,2.9029729774543434
station_wake_L0,Hard-switch stage-aware SAC,strict_hard_switch_v1,hard_switch_v1,1,73,9073,1200073,station_wake,0,0.0,0.0,0.0,1,1,0,0,1,0,37,0.25,1,21,0.13878148794174194,0.08397225466634517,1.8360888957977295,1.1211371517659858,7.618629336357117,28.90640079975128,0.5525178424012177,2.6644642753596712,0.0,0.0,0.14967893640721783,0.1880567678348333,0.0370754212141037,0.045765578746795654,0.0370754212141037,0.11182871460914612,0.1712225377559662,41,0.06740038132083183,1.4672470435152702
station_wake_L0,Hard-switch stage-aware SAC,strict_hard_switch_v1,hard_switch_v1,1,74,9074,1200074,station_wake,0,0.0,0.0,0.0,1,1,0,0,1,0,56,0.25,1,38,0.29382261633872986,0.26304835284208217,1.17746502161026,0.5319071857043626,5.026023983955383,16.168508604168892,0.2760962537776012,1.576475162276836,0.7465309251025196,0.0,0.13808373103199667,0.17032928501114872,0.006174555094912648,0.013746131211519241,0.006174555094912648,0.07968218624591827,0.13124012388288975,60,0.06994418343548525,0.6891454366042179
station_wake_L0,Hard-switch stage-aware SAC,strict_hard_switch_v1,hard_switch_v1,1,75,9075,1200075,station_wake,0,0.0,0.0,0.0,1,1,0,0,1,0,66,0.25,1,52,0.31161004304885864,0.17286218829623728,0.9638358652591705,0.8556075658143234,0.9065890312194824,6.081105470657349,0.24787692113252685,1.444892730297689,0.6471215237969509,0.2,0.17612922713210047,0.23919094438227767,0.0036285598762333393,0.006566927768290043,0.0036285598762333393,0.12826700694859028,0.3449661657214165,70,0.06218386973403232,0.6047293677438849
station_wake_L0,Hard-switch stage-aware SAC,strict_hard_switch_v1,hard_switch_v1,1,76,9076,1200076,station_wake,0,0.0,0.0,0.0,1,1,0,0,1,0,61,0.25,1,44,0.08723922818899155,0.06273370615586615,0.5803509429097176,0.31287673111574543,1.979091465473175,13.247355222702026,0.18410469793431458,1.4166052414620658,0.0,0.0,0.13483617479969218,0.17482107482564185,0.07376070991158486,0.09339579194784164,0.07376070991158486,0.15008027851581573,0.2702702581882477,65,0.06894994525597412,0.6697192580267909
station_wake_L0,Hard-switch stage-aware SAC,strict_hard_switch_v1,hard_switch_v1,1,77,9077,1200077,station_wake,0,0.0,0.0,0.0,1,1,0,0,1,0,62,0.25,1,45,0.5364970564842224,0.4238443077228496,1.01252019405365,0.699627156164666,3.1272103637456894,13.316282629966736,0.20895296321801363,1.4845896006136179,1.8569854282407199,0.0,0.11504092319066259,0.1402109585353614,0.015921328216791153,0.021380648016929626,0.015921328216791153,0.08105417713522911,0.2466505765914917,66,0.07419446456932328,0.8288290483507669
station_wake_L0,Hard-switch stage-aware SAC,strict_hard_switch_v1,hard_switch_v1,1,78,9078,1200078,station_wake,0,0.0,0.0,0.0,1,1,0,0,1,0,67,0.25,1,53,0.2517104148864746,0.1819419522040742,1.159319281578064,0.6543798760004351,4.513005018234253,22.710195779800415,0.554279570304027,2.2714800340581527,0.0,0.6000000000000001,0.16823162263977545,0.22754605471526743,0.20699653625488282,0.2319408357143402,0.20699653625488282,0.5205739140510559,0.7507011294364929,71,0.06592285171341276,1.3552332217875305
station_wake_L0,Hard-switch stage-aware SAC,strict_hard_switch_v1,hard_switch_v1,1,79,9079,1200079,station_wake,0,0.0,0.0,0.0,1,1,0,0,1,0,33,0.25,1,23,1.2967641353607178,0.9867217233705514,2.079530954360962,1.6043497880309094,12.012638747692108,36.20179831981659,0.6718048786520139,3.8947511193434927,0.0,0.5,0.3117687196759209,0.46445263966293493,0.21645821630954742,0.2744300961494446,0.21645821630954742,0.5727322101593018,0.7289713621139526,37,0.05848129709028794,2.558621306485334
station_wake_L0,Hard-switch stage-aware SAC,strict_hard_switch_v1,hard_switch_v1,1,80,9080,1200080,station_wake,0,0.0,0.0,0.0,1,1,0,0,1,0,26,0.25,1,13,0.44916704297065735,0.2354518042586064,1.5369808673858643,0.95135956139092,6.981414156034589,32.06433743238449,0.37855670187894896,2.3979777261955824,0.11645770021626606,0.0,0.23600280543267002,0.34896290992704515,0.031268512830138206,0.04895937442779541,0.031268512830138206,0.28513842821121216,0.6953193247318268,30,0.04357992537949795,0.11645770021626606
station_wake_L0,Hard-switch stage-aware SAC,strict_hard_switch_v1,hard_switch_v1,1,81,9081,1200081,station_wake,0,0.0,0.0,0.0,1,1,0,0,1,0,53,0.25,1,39,0.2769846022129059,0.17574641008757244,0.7207880914211273,0.5193584407602643,2.733173370361328,13.492678664624691,0.334571728669192,2.1428762705582396,0.0,0.35000000000000003,0.23063362952282818,0.3018934316273446,0.06302419230341912,0.10951907932758331,0.06302419230341912,0.43074411153793335,0.6044340133666992,57,0.07427031365649586,0.08010530568944918
station_wake_L0,Hard-switch stage-aware SAC,strict_hard_switch_v1,hard_switch_v1,1,82,9082,1200082,station_wake,0,0.0,0.0,0.0,1,1,0,0,1,0,48,0.25,1,33,0.23083031177520752,0.21055525676789796,0.20124703645706177,0.12406985998335408,1.9936081767082214,8.759854584932327,0.2933236459759496,1.8967575504576124,0.0,0.6000000000000001,0.19885645236534832,0.26256182767926844,0.0937602922320366,0.11012837290763855,0.0937602922320366,0.15254101157188416,0.2153530716896057,52,0.06283108304381281,2.8742784989774735
station_wake_L0,Hard-switch stage-aware SAC,strict_hard_switch_v1,hard_switch_v1,1,83,9083,1200083,station_wake,0,0.0,0.0,0.0,1,1,0,0,1,0,39,0.25,1,26,0.9641411900520325,0.805462169404036,1.115809679031372,0.726946485106085,4.460438787937164,22.17807412147522,0.3539774716629153,2.840627243327718,0.0,0.65,0.18599599509722342,0.24528593407166685,0.16017549633979797,0.1966625303030014,0.16017549633979797,0.4037790298461914,0.5860477685928345,43,0.04559407131882265,2.8771584909296917
station_wake_L0,Hard-switch stage-aware SAC,strict_hard_switch_v1,hard_switch_v1,1,84,9084,1200084,station_wake,0,0.0,0.0,0.0,1,1,0,0,1,0,34,0.25,1,20,0.14073887467384338,0.08403682260957607,0.5164103209972382,0.32040531127066135,2.0997992157936096,8.099713176488876,0.4166806232380643,2.0923059336578977,0.18615110955765143,0.0,0.2102708557175279,0.27974796849635125,0.008627828396856784,0.02054380439221859,0.008627828396856784,0.12167238630354404,0.23094791918992996,38,0.061022430167489324,0.18615110955765143
station_wake_L0,Hard-switch stage-aware SAC,strict_hard_switch_v1,hard_switch_v1,1,85,9085,1200085,station_wake,0,0.0,0.0,0.0,1,1,0,0,1,0,52,0.25,1,38,0.3892585039138794,0.2884651696680399,1.1652827262878418,0.8741872890065807,7.2754089161753654,27.25451648235321,0.6617296079567155,2.9928039305082135,0.0,0.0,0.1672722391694395,0.2428149475721999,0.02379788886755705,0.03502090647816658,0.02379788886755705,0.16206534579396248,0.23696713149547577,56,0.07116465872705485,0.8691987213575685
station_wake_L0,Hard-switch stage-aware SAC,strict_hard_switch_v1,hard_switch_v1,1,86,9086,1200086,station_wake,0,0.0,0.0,0.0,1,1,0,0,1,0,30,0.25,1,10,1.0527948141098022,0.8445016177578147,1.6415607929229736,1.2490675720076716,3.3352744579315186,8.745191097259521,0.3037510575029549,1.9864624303525533,0.0,0.9500000000000001,0.1262222732312696,0.15024848620429576,0.18219145834445954,0.24896442890167236,0.18219145834445954,0.6854090690612793,1.1143118143081665,34,0.07531544278956373,2.225686510157413
station_wake_L0,Hard-switch stage-aware SAC,strict_hard_switch_v1,hard_switch_v1,1,87,9087,1200087,station_wake,0,0.0,0.0,0.0,1,1,0,0,1,0,50,0.25,1,35,0.10335198044776917,0.06149596841390366,0.5150113254785538,0.35730318390710064,2.4083652161061764,8.403553366661072,0.25226672446700293,1.9602587078073848,0.02203033660836643,0.0,0.15369116361577423,0.18838348311186467,0.05099182277917862,0.058382682502269745,0.05099182277917862,0.0969817042350769,0.2064184844493866,54,0.06733912859260759,0.02203033660836643
station_wake_L0,Hard-switch stage-aware SAC,strict_hard_switch_v1,hard_switch_v1,1,88,9088,1200088,station_wake,0,0.0,0.0,0.0,1,1,0,0,1,0,47,0.25,1,33,0.2770422399044037,0.16591044842505262,1.1699775606393814,0.9831139516986295,1.4013153314590454,5.42167603969574,0.3183476065041394,2.2360480351949947,0.0,0.6000000000000001,0.1991664713228148,0.2582850538159845,0.10867834389209748,0.14269272983074188,0.10867834389209748,0.34085115790367126,0.38072794675827026,51,0.061722335360437315,2.8506558628461613
station_wake_L0,Hard-switch stage-aware SAC,strict_hard_switch_v1,hard_switch_v1,1,89,9089,1200089,station_wake,0,0.0,0.0,0.0,1,1,0,0,1,0,53,0.25,1,40,0.17974406480789185,0.11374181166611015,0.7023292034864426,0.4245832769022089,1.2638860940933228,7.651947736740112,0.16690483819119528,1.0530502617856297,0.0,0.5,0.2475405424794718,0.33859679979272056,0.13838270604610442,0.17680209875106812,0.13838270604610442,0.3902192711830139,0.526593029499054,57,0.05680511972478836,1.6186856776276757
station_wake_L0,Hard-switch stage-aware SAC,strict_hard_switch_v1,hard_switch_v1,1,90,9090,1200090,station_wake,0,0.0,0.0,0.0,1,1,0,0,1,0,35,0.25,0,-1,nan,nan,nan,nan,nan,nan,nan,nan,0.0,nan,0.03824462060101522,0.043216754800199673,0.11775081902742386,0.15014901757240295,0.11775081902742386,0.32635095715522766,0.4486680030822754,39,0.05713864197974113,3.5067279760244436
station_wake_L0,Hard-switch stage-aware SAC,strict_hard_switch_v1,hard_switch_v1,1,91,9091,1200091,station_wake,0,0.0,0.0,0.0,1,1,0,0,1,0,57,0.25,1,43,0.40723904967308044,0.2643816202139677,1.8843737244606018,1.5879718512417447,6.61087691783905,16.07452929019928,0.3386064155693033,1.5293665306282038,0.0,0.5,0.18699911171019296,0.2386131599558632,0.061460429430007936,0.09514268487691879,0.061460429430007936,0.3249099850654602,0.3892470896244049,61,0.06535942880699831,2.3985814364954727
station_wake_L0,Hard-switch stage-aware SAC,strict_hard_switch_v1,hard_switch_v1,1,92,9092,1200092,station_wake,0,0.0,0.0,0.0,1,1,0,0,1,0,61,0.25,1,47,0.2140076905488968,0.17379721558383543,1.0927772521972656,0.5680626468847568,2.100309133529663,11.726817786693573,0.17047854095120776,1.2898913563693855,0.0,0.2,0.18879814832560224,0.25320356598104493,0.06058125197887421,0.07155924290418625,0.06058125197887421,0.11274737119674683,0.17655909061431885,65,0.05623342040522535,0.35648742302024083
station_wake_L0,Hard-switch stage-aware SAC,strict_hard_switch_v1,hard_switch_v1,1,93,9093,1200093,station_wake,0,0.0,0.0,0.0,1,1,0,0,1,0,72,0.25,1,54,0.45170193910598755,0.36472037354667164,0.8404231071472168,0.6199551566055792,3.319891095161438,18.973373472690582,0.16938279168810758,1.2302633733773993,2.7178601233516,0.0,0.11172371749628944,0.13445169642361354,0.06246606633067131,0.07038846611976624,0.06246606633067131,0.0725715309381485,0.10326415300369263,76,0.07367065751659503,1.267007027948241
station_wake_L0,Hard-switch stage-aware SAC,strict_hard_switch_v1,hard_switch_v1,1,94,9094,1200094,station_wake,0,0.0,0.0,0.0,1,1,0,0,1,0,60,0.25,1,44,0.2577626705169678,0.13842647852747414,0.9079024195671082,0.7124435686117216,2.8324884176254272,11.910452246665955,0.24899333811395935,1.8076957165881131,0.0,0.4,0.17521609747376482,0.21837682533694697,0.08912226259708404,0.10950687527656555,0.08912226259708404,0.2162829041481018,0.32901138067245483,64,0.06479115533635058,0.9159252727692423
station_wake_L0,Hard-switch stage-aware SAC,strict_hard_switch_v1,hard_switch_v1,1,95,9095,1200095,station_wake,0,0.0,0.0,0.0,1,1,0,0,1,0,53,0.25,1,39,0.4483872950077057,0.3359272712372701,0.9067672491073608,0.7184360278124584,6.311124116182327,21.924242675304413,0.5787865934294568,2.4373994188868497,0.0,0.0,0.13749879432562714,0.21362161293510576,0.08069521486759186,0.09167781472206116,0.08069521486759186,0.15920788049697876,0.29458194971084595,57,0.07366510927389107,3.306981868511771
station_wake_L0,Hard-switch stage-aware SAC,strict_hard_switch_v1,hard_switch_v1,1,96,9096,1200096,station_wake,0,0.0,0.0,0.0,1,1,0,0,1,0,46,0.25,1,32,0.42530351877212524,0.3208418378660613,0.9296122193336487,0.6202036485368166,2.819024510681629,18.356125056743622,0.2826589461328744,1.8446795136530676,2.957769877618063,0.0,0.21785278691670967,0.28354754922892184,0.034503301978111266,0.0424233041703701,0.034503301978111266,0.1280149444937706,0.16287129372358322,50,0.0574339659661239,2.2466056720378695
station_wake_L0,Hard-switch stage-aware SAC,strict_hard_switch_v1,hard_switch_v1,1,97,9097,1200097,station_wake,0,0.0,0.0,0.0,1,1,0,0,1,0,56,0.25,1,39,0.2402895838022232,0.1964200432721842,0.9051051735877991,0.5852640474088018,3.3273773081600666,18.25785756111145,0.2111107023806861,1.7447253649843548,0.7903059276582487,0.0,0.14691591488912384,0.1740265815194437,0.0033527771243825554,0.005272871349006891,0.0033527771243825554,0.08193461410701275,0.21014519035816193,60,0.0674898737055984,0.4416082820255545
station_wake_L0,Hard-switch stage-aware SAC,strict_hard_switch_v1,hard_switch_v1,1,98,9098,1200098,station_wake,0,0.0,0.0,0.0,1,1,0,0,1,0,75,0.25,1,62,0.20882143080234528,0.1731020712955433,0.6298422813415527,0.38327127147265744,2.421809285879135,11.857989728450775,0.18770142309612456,1.1672888987173826,1.410388279995853,0.0,0.18863620878550583,0.2543628388171234,0.028736701421439647,0.06575386226177216,0.028736701421439647,0.29829124361276627,0.46101704239845276,79,0.06500185116954046,0.9987652221177419
station_wake_L0,Hard-switch stage-aware SAC,strict_hard_switch_v1,hard_switch_v1,1,99,9099,1200099,station_wake,0,0.0,0.0,0.0,1,1,0,0,1,0,43,0.25,1,24,0.830208420753479,0.6265074633112641,1.2540018558502197,0.8660871522241054,4.52423844486475,21.459878608584404,0.3885529094647501,2.300500424899266,2.396810709953147,0.2,0.12715840080420263,0.14442779203472572,0.051871638745069504,0.05735082924365997,0.051871638745069504,0.09119981527328491,0.1258029043674469,47,0.07828310497801762,1.3531703979364809
station_wake_L0,Hard-switch stage-aware SAC,strict_hard_switch_v1,hard_switch_v1,2,0,9000,1200000,station_wake,0,0.0,0.0,0.0,1,1,0,0,1,0,48,0.25,1,33,0.258886456489563,0.15879950409035476,0.8383411169052124,0.4963933029968807,4.351944923400879,20.456543490290642,0.34974124705669424,2.1184453726094157,0.0,0.5,0.19107086608448698,0.2455420030383248,0.15233764201402664,0.18552617728710175,0.15233764201402664,0.3061259686946869,0.410383939743042,52,0.06101872864687026,0.2532740599142245
station_wake_L0,Hard-switch stage-aware SAC,strict_hard_switch_v1,hard_switch_v1,2,1,9001,1200001,station_wake,0,0.0,0.0,0.0,1,1,0,0,1,0,44,0.25,1,30,0.574904203414917,0.3593205808854847,1.402139663696289,0.9904636178031564,2.7256810665130615,15.710737407207489,0.26866367343354736,1.736314419614844,0.535305990998553,0.0,0.16975610546606335,0.2375136202257761,0.07360280305147171,0.08109238743782043,0.07360280305147171,0.18366645276546478,0.35788394510746,48,0.06953527789681929,0.535305990998553
station_wake_L0,Hard-switch stage-aware SAC,strict_hard_switch_v1,hard_switch_v1,2,2,9002,1200002,station_wake,0,0.0,0.0,0.0,1,1,0,0,1,0,40,0.25,1,24,0.48091089725494385,0.3766382708577377,1.1028867959976196,0.7106634863823481,6.689472198486328,29.63375985622406,0.529906331968203,3.110884361837436,0.0,0.6000000000000001,0.14631909787543873,0.18335417059199016,0.10947584807872772,0.14656372368335724,0.10947584807872772,0.367799311876297,0.4741886258125305,44,0.07020697094579875,1.2830313987930315
station_wake_L0,Hard-switch stage-aware SAC,strict_hard_switch_v1,hard_switch_v1,2,3,9003,1200003,station_wake,0,0.0,0.0,0.0,1,1,0,0,1,0,56,0.25,1,42,0.18588010966777802,0.1152215607908072,0.6083634495735168,0.43456246033362816,2.162884473800659,12.412239611148834,0.4414573431342779,2.493031660603239,0.0,0.7000000000000001,0.11038203517278451,0.20263075400242905,0.11466623544692993,0.13103578984737396,0.11466623544692993,0.2076094150543213,0.31773194670677185,60,0.038813645764481396,3.5058065408167263
station_wake_L0,Hard-switch stage-aware SAC,strict_hard_switch_v1,hard_switch_v1,2,4,9004,1200004,station_wake,0,0.0,0.0,0.0,1,1,0,0,1,0,51,0.25,1,37,0.34748122096061707,0.17189211542012378,1.2217754125595093,0.808764328684887,3.004175005480647,13.217949569225311,0.3020654200418828,2.008008506820681,0.0,0.0,0.21662088765276438,0.2766764158909502,0.03985339924693108,0.04240650311112404,0.03985339924693108,0.05550973117351532,0.08093670010566711,55,0.05577291860647253,0.1398996564996903
station_wake_L0,Hard-switch stage-aware SAC,strict_hard_switch_v1,hard_switch_v1,2,5,9005,1200005,station_wake,0,0.0,0.0,0.0,1,1,0,0,1,0,55,0.25,1,39,0.1903803050518036,0.1404795486411282,0.5314594507217407,0.39913697948030713,1.1225873231887817,4.743402898311615,0.2157244256956357,1.3832744561838939,0.0,0.8,0.12264806544170881,0.16792697037035204,0.18237996697425843,0.19183385372161865,0.18237996697425843,0.15175104141235352,0.4093891382217407,59,0.04120566729011296,2.412610218163856
station_wake_L0,Hard-switch stage-aware SAC,strict_hard_switch_v1,hard_switch_v1,2,6,9006,1200006,station_wake,0,0.0,0.0,0.0,1,1,0,0,1,0,26,0.25,0,-1,nan,nan,nan,nan,nan,nan,nan,nan,0.9769139528589902,nan,0.2044627955246403,0.2638078724487461,0.08090423345565796,0.09170374274253845,0.08090423345565796,0.42962756752967834,1.4209692180156708,30,0.054966439994440015,0.1887874024947177
station_wake_L0,Hard-switch stage-aware SAC,strict_hard_switch_v1,hard_switch_v1,2,7,9007,1200007,station_wake,0,0.0,0.0,0.0,1,1,0,0,1,0,56,0.25,1,42,0.16790899634361267,0.11094942161063089,0.6048464775085449,0.32585942065411444,2.1172956377267838,11.651199609041214,0.3418747244889163,1.3670040293336754,0.3493435253960835,0.0,0.16219009576760396,0.23905600370494495,0.02723504453897476,0.033068474382162094,0.02723504453897476,0.12330703437328339,0.28063543140888214,60,0.06047013764062104,0.08563635819477113
station_wake_L0,Hard-switch stage-aware SAC,strict_hard_switch_v1,hard_switch_v1,2,8,9008,1200008,station_wake,0,0.0,0.0,0.0,1,1,0,0,1,0,41,0.25,1,26,0.241911381483078,0.1370899221841918,1.1047770082950592,0.7604626148522666,3.3906561136245728,19.249494671821594,0.6309911723198325,2.655604736738867,0.6461694594596745,0.35000000000000003,0.1948232988170649,0.23349114965885284,0.11339903771877288,0.13562071323394775,0.11339903771877288,0.21258342266082764,0.33749207854270935,45,0.05583794097594434,0.6461694594596745
station_wake_L0,Hard-switch stage-aware SAC,strict_hard_switch_v1,hard_switch_v1,2,9,9009,1200009,station_wake,0,0.0,0.0,0.0,1,1,0,0,1,0,38,0.25,1,23,0.08073194324970245,0.060489203975777533,0.48783302307128906,0.3062649125659863,2.694118618965149,16.573572754859924,0.3676443001191317,2.293098231428957,0.0,0.0,0.20663295342100668,0.2610205787108701,0.04249215796589852,0.05525835603475571,0.04249215796589852,0.15053678303956985,0.20320583134889603,42,0.05529283870738514,1.0065226094675839
station_wake_L0,Hard-switch stage-aware SAC,strict_hard_switch_v1,hard_switch_v1,2,10,9010,1200010,station_wake,0,0.0,0.0,0.0,1,1,0,0,1,0,27,0.25,0,-1,nan,nan,nan,nan,nan,nan,nan,nan,0.0,nan,0.14888699097358038,0.1969013727995584,0.2767796769738197,0.47203055024147034,0.2767796769738197,1.9175302684307098,2.1662527322769165,31,0.06547897689328265,0.24914347633323286
station_wake_L0,Hard-switch stage-aware SAC,strict_hard_switch_v1,hard_switch_v1,2,11,9011,1200011,station_wake,0,0.0,0.0,0.0,1,1,0,0,1,0,46,0.25,1,32,0.5862418413162231,0.29100401604392023,1.946423053741455,1.3807568674181225,3.925602436065674,18.484840467572212,0.4890858759400587,2.552089862985606,0.0,0.25,0.15938809824971872,0.22044160573446103,0.12174412012100219,0.1419500857591629,0.12174412012100219,0.32573196291923523,0.46124041080474854,50,0.07016608272876936,2.0346205058627684
station_wake_L0,Hard-switch stage-aware SAC,strict_hard_switch_v1,hard_switch_v1,2,12,9012,1200012,station_wake,0,0.0,0.0,0.0,1,1,0,0,1,0,56,0.25,1,44,0.21807047724723816,0.1467907933462545,0.8651909232139587,0.5060199361634748,7.441377267241478,23.1289604306221,0.37776267452854473,1.9904463960008687,0.0,0.0,0.1674270424598586,0.28499475404568936,0.003110006358474493,0.00848542433232069,0.003110006358474493,0.09233948774635792,0.1679643103852868,60,0.0607203472499252,1.3232567306927638
station_wake_L0,Hard-switch stage-aware SAC,strict_hard_switch_v1,hard_switch_v1,2,13,9013,1200013,station_wake,0,0.0,0.0,0.0,1,1,0,0,1,0,54,0.25,1,42,0.11381593346595764,0.07013024853200908,0.8100084960460663,0.44731154829376363,4.883231818675995,15.582383126020432,0.2546644106159629,1.5509535477561316,0.0,0.0,0.22838419289714124,0.35809126738987246,0.03742447942495346,0.043601229786872864,0.03742447942495346,0.17000344395637512,0.3018956631422043,58,0.05904524611553407,1.3889309205531404
station_wake_L0,Hard-switch stage-aware SAC,strict_hard_switch_v1,hard_switch_v1,2,14,9014,1200014,station_wake,0,0.0,0.0,0.0,1,1,0,0,1,0,48,0.25,1,36,0.34425923228263855,0.22151176900050043,0.85357666015625,0.5526883559626384,2.470686435699463,13.298744708299637,0.7279182142515921,2.3356656230309447,0.0,0.05,0.21398694017515146,0.3318283569020214,0.051355528831481936,0.06682784110307693,0.051355528831481936,0.1332646906375885,0.21125048398971558,52,0.04688379898747877,1.1993785502115946
station_wake_L0,Hard-switch stage-aware SAC,strict_hard_switch_v1,hard_switch_v1,2,15,9015,1200015,station_wake,0,0.0,0.0,0.0,1,1,0,0,1,0,50,0.25,1,35,0.549290657043457,0.47867384264228485,0.7915347814559937,0.5715517989042411,5.659166574478149,16.971799433231354,0.2951201763906643,1.6560630771345677,1.7876300865828236,0.2,0.18126563215893646,0.23455917013726457,0.008262314274907112,0.016163751482963562,0.008262314274907112,0.2251393385231495,0.6158322095870972,54,0.06512317439970042,1.729943269348248
station_wake_L0,Hard-switch stage-aware SAC,strict_hard_switch_v1,hard_switch_v1,2,16,9016,1200016,station_wake,0,0.0,0.0,0.0,1,1,0,0,1,0,36,0.25,1,19,1.260633111000061,1.142130189526847,1.2792682647705078,0.8094450578592527,12.439935207366943,23.50411355495453,0.694947068585441,2.766808444236282,0.0,0.8500000000000001,0.16971293235798993,0.22479384451009193,0.22247117459774018,0.2884560823440552,0.22247117459774018,0.6603957414627075,0.8734172582626343,40,0.03821663680677379,2.1008780365669466
station_wake_L0,Hard-switch stage-aware SAC,strict_hard_switch_v1,hard_switch_v1,2,17,9017,1200017,station_wake,0,0.0,0.0,0.0,1,1,0,0,1,0,43,0.25,1,30,0.1364768147468567,0.08159081402916107,0.4301333427429199,0.2581236820303939,2.8389963880181313,11.60182174295187,0.3643822425907034,1.50430442039185,0.0,0.0,0.17360749602830766,0.2606918611917778,0.021732495352625846,0.026982150971889496,0.021732495352625846,0.11769653856754303,0.20001068711280823,47,0.06632991838608515,1.629757520993972
station_wake_L0,Hard-switch stage-aware SAC,strict_hard_switch_v1,hard_switch_v1,2,18,9018,1200018,station_wake,0,0.0,0.0,0.0,1,1,0,0,1,0,45,0.25,1,32,0.18013137578964233,0.08711538698881144,0.8735048025846481,0.6600309921498481,4.896766692399979,17.979022562503815,0.28017554697427915,1.9915633952811853,0.0,0.0,0.21805499547896984,0.28517097624872667,0.08660744428634644,0.09241148084402084,0.08660744428634644,0.09901982545852661,0.15641376376152039,49,0.058730751317294154,1.84887052317651
station_wake_L0,Hard-switch stage-aware SAC,strict_hard_switch_v1,hard_switch_v1,2,19,9019,1200019,station_wake,0,0.0,0.0,0.0,1,1,0,0,1,0,43,0.25,1,31,0.21718093752861023,0.11119298866222052,0.8189594745635986,0.470098357100011,4.307348020374775,19.20559674501419,0.38235655283220327,2.3547412225167292,0.0,0.55,0.25500703706889555,0.3747995511300878,0.02961229868233204,0.03913930058479309,0.02961229868233204,0.06275074928998947,0.19245170056819916,47,0.0499502880894407,4.520388666783219
station_wake_L0,Hard-switch stage-aware SAC,strict_hard_switch_v1,hard_switch_v1,2,20,9020,1200020,station_wake,0,0.0,0.0,0.0,1,1,0,0,1,0,33,0.25,1,19,1.0902626514434814,0.9298352562500567,1.5472400188446045,0.9875817864581808,8.440528810024261,30.047136889770627,0.5234137238602546,3.070694590505574,0.31387734124396915,0.35000000000000003,0.19438229756973988,0.25801458320869536,0.07741508260369301,0.1100507527589798,0.07741508260369301,0.34695450961589813,0.4561367630958557,37,0.0651736453887099,0.31387734124396915
station_wake_L0,Hard-switch stage-aware SAC,strict_hard_switch_v1,hard_switch_v1,2,21,9021,1200021,station_wake,0,0.0,0.0,0.0,1,1,0,0,1,0,51,0.25,1,36,0.367722749710083,0.32967384708386366,0.7426875829696655,0.42668340680207745,4.698355942964554,15.83713311702013,0.30679145205776537,2.1211036107881127,2.1901838271819214,0.0,0.17686169822177028,0.2219058258218991,0.025887449830770494,0.04604095593094826,0.025887449830770494,0.24958965182304382,0.32821737229824066,55,0.05693814824704347,1.830117171593182
station_wake_L0,Hard-switch stage-aware SAC,strict_hard_switch_v1,hard_switch_v1,2,22,9022,1200022,station_wake,0,0.0,0.0,0.0,1,1,0,0,1,0,33,0.25,1,18,0.2874085307121277,0.1616469678363471,1.4413301646709442,0.9119049455592357,4.686362147331238,26.276424936950207,0.4337802200671842,2.9822161300581693,1.296917813705902,0.0,0.1562053874039417,0.2044085525378498,0.03463740758597851,0.047762732952833176,0.03463740758597851,0.24445261806249619,0.46346936374902725,37,0.06604578966592095,0.8007735660872635
station_wake_L0,Hard-switch stage-aware SAC,strict_hard_switch_v1,hard_switch_v1,2,23,9023,1200023,station_wake,0,0.0,0.0,0.0,1,1,0,0,1,0,55,0.25,1,39,0.30163535475730896,0.2143774270737206,0.5203437805175781,0.3462484768080881,2.5756999850273132,10.705755054950714,0.18905411868445302,1.027524352313197,0.0,0.05,0.16451286026227754,0.2145070023557006,0.010803182795643806,0.01631508581340313,0.010803182795643806,0.04088873416185379,0.0898631289601326,59,0.06347244995355708,1.1748632937331263
station_wake_L0,Hard-switch stage-aware SAC,strict_hard_switch_v1,hard_switch_v1,2,24,9024,1200024,station_wake,0,0.0,0.0,0.0,1,1,0,0,1,0,43,0.25,1,32,0.4359082281589508,0.31850959183388483,1.1619284749031067,0.8106326935269424,3.11338908970356,15.62844306230545,0.7041449710883126,2.8044285674475646,0.0,0.0,0.3187481004803603,0.4258652715830146,0.06472426429390907,0.0690828412771225,0.06472426429390907,0.11864471435546875,0.20529009401798248,47,0.03776567519698372,2.612266892887084
station_wake_L0,Hard-switch stage-aware SAC,strict_hard_switch_v1,hard_switch_v1,2,25,9025,1200025,station_wake,0,0.0,0.0,0.0,1,1,0,0,1,0,35,0.25,1,21,0.708905041217804,0.45955407096138545,1.4893162250518799,1.087001764042246,6.429864726960659,18.634878359735012,0.7422497615641532,3.4402189659855624,0.0,0.25,0.18442273665069944,0.25175447230003695,0.049099300615489484,0.09795191884040833,0.049099300615489484,0.4158051498234272,0.6078901886940002,39,0.0739492093058262,1.2460138012039723
station_wake_L0,Hard-switch stage-aware SAC,strict_hard_switch_v1,hard_switch_v1,2,26,9026,1200026,station_wake,0,0.0,0.0,0.0,1,1,0,0,1,0,39,0.25,1,24,0.9005913138389587,0.5650943583725633,2.150179147720337,1.4271147313211792,4.503351449966431,19.038806557655334,0.8040522557234215,3.1543053100583096,2.0426895205934925,0.05,0.18842373995421963,0.23279911409162604,0.036957649141550065,0.04222350940108299,0.036957649141550065,0.11913911998271942,0.26684150099754333,43,0.06322855478083737,1.4776757818825277
station_wake_L0,Hard-switch stage-aware SAC,strict_hard_switch_v1,hard_switch_v1,2,27,9027,1200027,station_wake,0,0.0,0.0,0.0,1,1,0,0,1,0,33,0.25,1,19,0.31121116876602173,0.24503629693594806,0.5714350938796997,0.30593227582064736,4.084639772772789,12.570739230141044,0.6984656256405414,2.89597662050818,0.6133046702468359,0.30000000000000004,0.20335142449106974,0.25558479685642393,0.11943682879209519,0.15737029910087585,0.11943682879209519,0.3749535381793976,0.4197961091995239,37,0.054969693017720464,0.6133046702468359
station_wake_L0,Hard-switch stage-aware SAC,strict_hard_switch_v1,hard_switch_v1,2,28,9028,1200028,station_wake,0,0.0,0.0,0.0,1,1,0,0,1,0,36,0.25,1,24,0.8334220051765442,0.5119810570086631,1.6846263408660889,1.3373544518218603,7.68545787781477,18.185602761805058,0.8216374289281007,2.7316455364104417,0.0,0.25,0.20316118119025112,0.3358005855261654,0.021005982346832753,0.0267710629850626,0.021005982346832753,0.21808406710624695,0.43934736400842667,40,0.0506987655528961,2.850184366350019
station_wake_L0,Hard-switch stage-aware SAC,strict_hard_switch_v1,hard_switch_v1,2,29,9029,1200029,station_wake,0,0.0,0.0,0.0,1,1,0,0,1,0,41,0.25,1,24,1.0165174007415771,0.7783464038504959,1.3900208473205566,1.1147179557510576,3.7924200296401978,17.68808126449585,0.3656077980087818,2.2680410096113075,3.144905534932188,0.1,0.16235511254696253,0.19479180902187132,0.06434902623295784,0.0689806118607521,0.06434902623295784,0.06105557084083557,0.09266510605812073,45,0.07131515906225923,1.0134633623247862
station_wake_L0,Hard-switch stage-aware SAC,strict_hard_switch_v1,hard_switch_v1,2,30,9030,1200030,station_wake,0,0.0,0.0,0.0,1,1,0,0,1,0,47,0.25,1,33,0.13852527737617493,0.10502356990292779,0.970463901758194,0.5028002192981273,2.7839750051498413,11.008009761571884,0.2538608391589532,1.4929214381003229,0.2652809455057251,0.0,0.16358529762140778,0.2174898333901545,0.07631211206316948,0.08911485970020294,0.07631211206316948,0.3705383986234665,0.8064426481723785,51,0.06019598011091297,0.8672085749881561
station_wake_L0,Hard-switch stage-aware SAC,strict_hard_switch_v1,hard_switch_v1,2,31,9031,1200031,station_wake,0,0.0,0.0,0.0,1,1,0,0,1,0,49,0.25,1,36,0.4612530469894409,0.2281390734054931,1.6644161939620972,1.331645455831537,7.565385401248932,23.39058354496956,0.4083695488132663,2.281806095425435,0.0,0.0,0.23205958189197676,0.32884955985526604,0.13443489223718644,0.1573091447353363,0.13443489223718644,0.33247074484825134,0.600743442773819,53,0.05512682901312918,1.1540887397640036
station_wake_L0,Hard-switch stage-aware SAC,strict_hard_switch_v1,hard_switch_v1,2,32,9032,1200032,station_wake,0,0.0,0.0,0.0,1,1,0,0,1,0,58,0.25,1,44,0.18523886799812317,0.12954449979304658,0.5421450734138489,0.33191496606914234,3.3107493817806244,15.98318725824356,0.3752258536609724,1.7556644768369083,0.0,0.05,0.17620498499649279,0.22682331541941292,0.018102150596678256,0.0336420014500618,0.018102150596678256,0.17879142612218857,0.3478628396987915,62,0.06686728811943381,1.872691021350341
station_wake_L0,Hard-switch stage-aware SAC,strict_hard_switch_v1,hard_switch_v1,2,33,9033,1200033,station_wake,0,0.0,0.0,0.0,1,1,0,0,1,0,34,0.25,0,-1,nan,nan,nan,nan,nan,nan,nan,nan,0.0,nan,0.05492580442960795,0.06428710463158858,0.15875481963157653,0.2046191543340683,0.15875481963157653,0.4787569046020508,0.6760451197624207,38,0.02135849589646064,3.2045010698746648
station_wake_L0,Hard-switch stage-aware SAC,strict_hard_switch_v1,hard_switch_v1,2,34,9034,1200034,station_wake,0,0.0,0.0,0.0,1,1,0,0,1,0,39,0.25,1,18,1.3240617513656616,1.2003295194829373,1.6332221031188965,1.0420247539597391,9.50934499502182,25.941576957702637,0.5177849107155346,2.5431076527185805,0.0,1.05,0.07232557429353481,0.09940834807527892,0.1673973858356476,0.20938560366630554,0.1673973858356476,0.42666298151016235,0.512205958366394,43,0.03986805062149797,2.7353268380500264
station_wake_L0,Hard-switch stage-aware SAC,strict_hard_switch_v1,hard_switch_v1,2,35,9035,1200035,station_wake,0,0.0,0.0,0.0,1,1,0,0,1,0,64,0.25,1,47,0.12723059952259064,0.08939184582354363,0.7412771880626678,0.4156479800182745,3.8355526328086853,12.374897450208664,0.37563516253011053,1.455197719752036,0.0,0.0,0.13494933677946172,0.17460647693426576,0.0678516946732998,0.0746263787150383,0.0678516946732998,0.07854844629764557,0.15754453837871552,68,0.07508813526554949,0.7008094253550426
station_wake_L0,Hard-switch stage-aware SAC,strict_hard_switch_v1,hard_switch_v1,2,36,9036,1200036,station_wake,0,0.0,0.0,0.0,1,1,0,0,1,0,34,0.25,1,13,1.281743049621582,1.0159606002682722,1.4637982845306396,1.235548341555651,0.21946191787719727,0.7533276081085205,0.5771071114946866,2.7958475323031946,0.0,1.05,0.07241089909109602,0.09440478851625103,0.1771202266216278,0.2338273823261261,0.1771202266216278,0.5739916563034058,0.7412886619567871,38,0.015895072840327536,2.6726348795360066
station_wake_L0,Hard-switch stage-aware SAC,strict_hard_switch_v1,hard_switch_v1,2,37,9037,1200037,station_wake,0,0.0,0.0,0.0,1,1,0,0,1,0,43,0.25,1,30,0.8979967832565308,0.5628505801010464,1.8880486488342285,1.3867990089074007,3.63501638174057,14.516753256320953,0.4178682814203177,1.9418893683987557,0.5468440481365557,0.15000000000000002,0.2123921656883842,0.2941229158512783,0.012175257503986358,0.018517378717660904,0.012175257503986358,0.2734334319829941,0.6517343968153,47,0.060301594142046056,0.4218761323176521
station_wake_L0,Hard-switch stage-aware SAC,strict_hard_switch_v1,hard_switch_v1,2,38,9038,1200038,station_wake,0,0.0,0.0,0.0,1,1,0,0,1,0,62,0.25,1,47,0.14738334715366364,0.12912938882595254,0.4943263530731201,0.23794502737204476,2.62396689504385,12.993863597512245,0.23143157605389367,1.491245012753726,0.0,0.4,0.17196440866178592,0.22188152767608565,0.09947231411933899,0.12634384632110596,0.09947231411933899,0.22029006481170654,0.3508949279785156,66,0.06369521336648792,0.7459079371450203
station_wake_L0,Hard-switch stage-aware SAC,strict_hard_switch_v1,hard_switch_v1,2,39,9039,1200039,station_wake,0,0.0,0.0,0.0,1,1,0,0,1,0,55,0.25,1,42,0.3260021209716797,0.16469346046499936,1.008141040802002,0.8338227376465532,5.307743847370148,16.33322387933731,0.34867140006071395,1.8552696268119246,0.0,0.0,0.22079243983331986,0.31530037339128597,0.12289544194936752,0.13574548065662384,0.12289544194936752,0.19967594742774963,0.3679025173187256,59,0.05133799835041825,0.07582229016206857
station_wake_L0,Hard-switch stage-aware SAC,strict_hard_switch_v1,hard_switch_v1,2,40,9040,1200040,station_wake,0,0.0,0.0,0.0,1,1,0,0,1,0,57,0.25,1,47,0.5181545615196228,0.44945814930380484,1.48628830909729,0.8514922435664464,6.2975722551345825,22.643632888793945,0.46145897469689373,3.069591071541055,0.0,0.30000000000000004,0.3589299150246027,0.47848754689604717,0.09099889546632767,0.18378415703773499,0.09099889546632767,0.7602297514677048,1.2232157588005066,61,0.03549502547556048,1.2759467850764357
station_wake_L0,Hard-switch stage-aware SAC,strict_hard_switch_v1,hard_switch_v1,2,41,9041,1200041,station_wake,0,0.0,0.0,0.0,1,1,0,0,1,0,56,0.25,1,41,0.13802465796470642,0.09142018922956785,0.8416911959648132,0.6327401658891709,5.716151148080826,15.304313600063324,0.4058236183922882,1.793183175610767,1.0010945300681278,0.0,0.15557946548994236,0.20975859266708452,0.08253061920404434,0.0941685289144516,0.08253061920404434,0.16369441151618958,0.2278389036655426,60,0.07068352455055753,1.1225537563660548
station_wake_L0,Hard-switch stage-aware SAC,strict_hard_switch_v1,hard_switch_v1,2,42,9042,1200042,station_wake,0,0.0,0.0,0.0,1,1,0,0,1,0,33,0.25,1,5,0.7682288289070129,0.49231124865800974,1.9572685658931732,1.6355964328089725,19.23888325691223,20.735849142074585,1.5736013660932588,2.362333639713925,0.0,1.4000000000000001,0.09372533175270628,0.1139410361738723,0.2742896556854248,0.3560168445110321,0.2742896556854248,0.8229671120643616,0.999639630317688,37,0.04371351950038609,2.054387500207609
station_wake_L0,Hard-switch stage-aware SAC,strict_hard_switch_v1,hard_switch_v1,2,43,9043,1200043,station_wake,0,0.0,0.0,0.0,1,1,0,0,1,0,50,0.25,1,37,0.1896655410528183,0.14389754680971634,0.9947171807289124,0.566515784886921,2.654091715812683,14.604237228631973,0.23879778491851278,2.074217070964596,1.6589955331183868,0.0,0.21381675573959497,0.3008557466064014,0.05186266452074051,0.05679834634065628,0.05186266452074051,0.15560617297887802,0.38374584168195724,54,0.062053633621949,0.8648468770000655
station_wake_L0,Hard-switch stage-aware SAC,strict_hard_switch_v1,hard_switch_v1,2,44,9044,1200044,station_wake,0,0.0,0.0,0.0,1,1,0,0,1,0,32,0.25,1,17,1.0640500783920288,0.9071239047437453,2.028893232345581,1.4277412790911785,10.0273796916008,34.22429323196411,0.5326292890303191,3.428693651105981,0.0,0.7000000000000001,0.2332201506900117,0.3084202239430949,0.15340286493301392,0.17401370406150818,0.15340286493301392,0.27855122089385986,0.4362744092941284,36,0.05753753098916052,2.622090199017443
station_wake_L0,Hard-switch stage-aware SAC,strict_hard_switch_v1,hard_switch_v1,2,45,9045,1200045,station_wake,0,0.0,0.0,0.0,1,1,0,0,1,0,54,0.25,1,39,0.4809582233428955,0.2662207866923924,1.696193665266037,1.4769367660639965,4.761625528335571,20.236718207597733,0.3076397233566827,1.6298049747442287,0.7652055694278336,0.35000000000000003,0.18415678661732132,0.23020805985869502,0.08490819782018662,0.12624606490135193,0.08490819782018662,0.37666571140289307,0.46969354152679443,58,0.057320370898081674,0.7652055694278336
station_wake_L0,Hard-switch stage-aware SAC,strict_hard_switch_v1,hard_switch_v1,2,46,9046,1200046,station_wake,0,0.0,0.0,0.0,1,1,0,0,1,0,45,0.25,1,31,0.4565284848213196,0.3233799838091973,0.9912556409835815,0.6460225463140733,3.7708723451942205,16.85851477086544,0.21790294706323024,1.789878461311017,0.00493021472123401,0.2,0.18605127146085526,0.2389228385836048,0.07236513867974281,0.09260508418083191,0.07236513867974281,0.18590575456619263,0.28093747794628143,49,0.06766419666804348,0.00493021472123401
station_wake_L0,Hard-switch stage-aware SAC,strict_hard_switch_v1,hard_switch_v1,2,47,9047,1200047,station_wake,0,0.0,0.0,0.0,1,1,0,0,1,0,68,0.25,1,56,0.09169790148735046,0.039881715560851135,0.4608890041708946,0.32864291455940825,2.9623229056596756,14.504649192094803,0.28570964993586634,1.5850568298114847,0.0,0.0,0.1809039812979814,0.3012911327288245,0.03121121898293495,0.049012914299964905,0.03121121898293495,0.1594589352607727,0.22656582295894623,72,0.0650146160063715,1.3109258913633635
station_wake_L0,Hard-switch stage-aware SAC,strict_hard_switch_v1,hard_switch_v1,2,48,9048,1200048,station_wake,0,0.0,0.0,0.0,1,1,0,0,1,0,46,0.25,1,32,0.12140115350484848,0.07200930695315955,0.3259332478046417,0.21279330125278556,2.982536479830742,6.670774519443512,0.3867424697395101,1.867395594149793,0.0,0.0,0.20950151056388022,0.26524439410605205,0.012858792953193188,0.024365847930312157,0.012858792953193188,0.13896330818533897,0.23664794862270355,50,0.061700501639060275,1.2262031576814676
station_wake_L0,Hard-switch stage-aware SAC,strict_hard_switch_v1,hard_switch_v1,2,49,9049,1200049,station_wake,0,0.0,0.0,0.0,1,1,0,0,1,0,31,0.25,1,18,0.43826377391815186,0.23828776901031853,1.1890926957130432,0.9783209183128453,2.6207920908927917,12.13443785905838,0.5092738165520195,1.972464674019319,0.0,0.0,0.18075660711115626,0.25413515715197915,0.014912974182516336,0.031180933117866516,0.014912974182516336,0.09617271833121777,0.28342556208372116,35,0.060020571257031446,1.8003313569529913
station_wake_L0,Hard-switch stage-aware SAC,strict_hard_switch_v1,hard_switch_v1,2,50,9050,1200050,station_wake,0,0.0,0.0,0.0,1,1,0,0,1,0,34,0.25,1,18,1.308753252029419,1.190813299681332,1.6183114051818848,1.0515785434192588,8.589206039905548,26.16484761238098,0.43477060463549694,3.3456157042673644,0.0,0.65,0.18023447528418368,0.22335148145683795,0.09670986384153366,0.16058461368083954,0.09670986384153366,0.5890951454639435,0.8505372703075409,38,0.06227423041672937,1.6878227733972486
station_wake_L0,Hard-switch stage-aware SAC,strict_hard_switch_v1,hard_switch_v1,2,51,9051,1200051,station_wake,0,0.0,0.0,0.0,1,1,0,0,1,0,49,0.25,1,37,0.4074746370315552,0.28723004141605507,1.0630348324775696,0.7183494186926345,4.011634960770607,17.792865931987762,0.7275458552110332,2.573587202114812,0.0,0.0,0.211394725677141,0.304771919467705,0.08693597614765167,0.11365827172994614,0.08693597614765167,0.2530447095632553,0.34314095973968506,53,0.06131505247791414,1.893475713881513
station_wake_L0,Hard-switch stage-aware SAC,strict_hard_switch_v1,hard_switch_v1,2,52,9052,1200052,station_wake,0,0.0,0.0,0.0,1,1,0,0,1,0,54,0.25,1,40,0.13740184903144836,0.07175392923871797,0.6200111657381058,0.4392180377896443,4.915690720081329,21.231408417224884,0.38657343607837114,1.9618546019665004,0.0,0.0,0.19294228034387423,0.2533873320850858,0.05940444841980934,0.06589239090681076,0.05940444841980934,0.12524887919425964,0.22122234106063843,58,0.05450007651108286,0.4392770530844645
station_wake_L0,Hard-switch stage-aware SAC,strict_hard_switch_v1,hard_switch_v1,2,53,9053,1200053,station_wake,0,0.0,0.0,0.0,1,1,0,0,1,0,50,0.25,1,35,0.46136149764060974,0.32859066515125845,1.0521727800369263,0.5763525804580678,1.390923261642456,8.728958871215582,0.16944742631197518,1.3108868775679818,0.0,0.7000000000000001,0.15068440457679824,0.2207954657108915,0.1749375581741333,0.19052504003047943,0.1749375581741333,0.2519094944000244,0.5689296126365662,54,0.06829039415040482,2.438926937035915
station_wake_L0,Hard-switch stage-aware SAC,strict_hard_switch_v1,hard_switch_v1,2,54,9054,1200054,station_wake,0,0.0,0.0,0.0,1,1,0,0,1,0,51,0.25,1,36,0.06321083009243011,0.033006959671254825,0.41984453797340393,0.25889229580060746,2.765537053346634,14.63080108165741,0.2045334790141756,1.4358083376272854,0.0,0.0,0.19518821725337432,0.2407251633841365,0.09449787884950638,0.10679133981466293,0.09449787884950638,0.11645349860191345,0.19923046231269836,55,0.05769701317426139,0.4747042838139686
station_wake_L0,Hard-switch stage-aware SAC,strict_hard_switch_v1,hard_switch_v1,2,55,9055,1200055,station_wake,0,0.0,0.0,0.0,1,1,0,0,1,0,64,0.25,1,48,0.3112707734107971,0.2771074564219366,0.6202724575996399,0.34263764705665184,3.391549661755562,12.310678511857986,0.3350440278150875,1.47056793393377,0.0,0.45,0.15897068302340187,0.20714536422419358,0.07759041488170623,0.08378830552101135,0.07759041488170623,0.07832637429237366,0.14223068952560425,68,0.06890795792226542,2.65817408840262
station_wake_L0,Hard-switch stage-aware SAC,strict_hard_switch_v1,hard_switch_v1,2,56,9056,1200056,station_wake,0,0.0,0.0,0.0,1,1,0,0,1,0,50,0.25,1,39,0.19702552258968353,0.17095865298637503,0.36985576152801514,0.18413082623213162,3.151768743991852,16.96238324046135,0.7120514619382272,2.536618398913422,0.0,0.45,0.32070320069053915,0.4527277034604675,0.11402519047260284,0.14880256354808807,0.11402519047260284,0.2931261956691742,0.5992788076400757,54,0.03741117587656309,2.679993981479872
station_wake_L0,Hard-switch stage-aware SAC,strict_hard_switch_v1,hard_switch_v1,2,57,9057,1200057,station_wake,0,0.0,0.0,0.0,1,1,0,0,1,0,37,0.25,1,22,1.161307454109192,0.928074008728384,1.7783105373382568,1.3118109670755689,6.475013494491577,30.3818017244339,0.35563773270140825,2.8240449125172185,0.0,0.7000000000000001,0.1496305858563965,0.19900228249402394,0.22769117653369902,0.26368820667266846,0.22769117653369902,0.4009273648262024,0.5332586169242859,41,0.06579990839455643,1.522394097595659
station_wake_L0,Hard-switch stage-aware SAC,strict_hard_switch_v1,hard_switch_v1,2,58,9058,1200058,station_wake,0,0.0,0.0,0.0,1,1,0,0,1,0,55,0.25,1,40,0.13597945868968964,0.09383484171416738,1.0052966326475143,0.6887274268208148,4.805935323238373,19.40118968486786,0.2957136734783419,2.183074449618523,0.0,0.45,0.1475017011359659,0.18828666890637882,0.09911410808563233,0.11212502419948578,0.09911410808563233,0.15724319219589233,0.26042312383651733,59,0.06710339233352902,1.821971744121119
station_wake_L0,Hard-switch stage-aware SAC,strict_hard_switch_v1,hard_switch_v1,2,59,9059,1200059,station_wake,0,0.0,0.0,0.0,1,1,0,0,1,0,28,0.25,1,15,0.3001669645309448,0.23711507358907802,0.9595558047294617,0.6162718852263277,4.517887057736516,17.320566773414612,0.7786461201793521,2.9380179904515042,0.0,0.0,0.19058227956465726,0.2773570611341888,0.0622074767947197,0.0769735723733902,0.0622074767947197,0.16294452548027039,0.29146909713745117,32,0.06759179284312575,1.613400925479084
station_wake_L0,Hard-switch stage-aware SAC,strict_hard_switch_v1,hard_switch_v1,2,60,9060,1200060,station_wake,0,0.0,0.0,0.0,1,1,0,0,1,0,48,0.25,1,33,0.9322724938392639,0.5523268293588972,2.0028436183929443,1.7441188075576333,2.259448766708374,7.904665470123291,0.21631825096354965,1.6979571274949057,2.0438698626594354,0.0,0.18174574089590706,0.22756696431138132,0.06189401745796204,0.06807458400726318,0.06189401745796204,0.09385387599468231,0.10538116097450256,52,0.06711328011345842,0.42901058507084777
station_wake_L0,Hard-switch stage-aware SAC,strict_hard_switch_v1,hard_switch_v1,2,61,9061,1200061,station_wake,0,0.0,0.0,0.0,1,1,0,0,1,0,61,0.25,1,49,0.1710996925830841,0.11726943924376172,1.238841712474823,0.6946508523638011,1.9798040390014648,9.546165764331818,0.2641524092719949,1.668290431942624,0.0,0.0,0.2015201470699671,0.2826323514966333,0.06409006640315056,0.07434801757335663,0.06409006640315056,0.24642159044742584,0.5601019412279129,65,0.05581841169798877,4.003690832487279
station_wake_L0,Hard-switch stage-aware SAC,strict_hard_switch_v1,hard_switch_v1,2,62,9062,1200062,station_wake,0,0.0,0.0,0.0,1,1,0,0,1,0,44,0.25,1,30,0.5998406410217285,0.34700620039456953,1.5374672412872314,1.0740578705984687,5.65937727689743,16.717021390795708,0.4896032920865226,3.281815165863672,0.0,0.4,0.16857345733536808,0.21807894316535018,0.11166365742683411,0.1339104324579239,0.11166365742683411,0.22366249561309814,0.3457838296890259,48,0.06824286583928839,0.6772527965987563
station_wake_L0,Hard-switch stage-aware SAC,strict_hard_switch_v1,hard_switch_v1,2,63,9063,1200063,station_wake,0,0.0,0.0,0.0,1,1,0,0,1,0,39,0.25,1,26,0.17359764873981476,0.12502488322032881,0.6396108865737915,0.39545583587359284,6.138547658920288,15.236095786094666,0.833335084166781,2.4093494684242582,0.0,0.0,0.15565176679521098,0.2530203434530188,0.015098958089947701,0.0208640918135643,0.015098958089947701,0.1732497736811638,0.33975016325712204,43,0.06416603051088692,2.1131252060790144
station_wake_L0,Hard-switch stage-aware SAC,strict_hard_switch_v1,hard_switch_v1,2,64,9064,1200064,station_wake,0,0.0,0.0,0.0,1,1,0,0,1,0,55,0.25,1,41,0.1757303923368454,0.14574314280205664,0.616379976272583,0.299872986569781,4.140463769435883,13.208104148507118,0.28460370174326755,1.4233189045423187,0.0,0.0,0.17629770210974216,0.25349946531357975,0.009604193270206451,0.01897534728050232,0.009604193270206451,0.2642395347356796,0.3409930318593979,59,0.06427081579532075,1.2342648086144925
station_wake_L0,Hard-switch stage-aware SAC,strict_hard_switch_v1,hard_switch_v1,2,65,9065,1200065,station_wake,0,0.0,0.0,0.0,1,1,0,0,1,0,39,0.25,1,24,0.8103284239768982,0.4768866250927011,1.807405948638916,1.422393822124191,2.4957776069641113,15.247042775154114,0.32435117199370356,2.3493495417120367,0.0,0.7000000000000001,0.17312587120628584,0.22163423372264107,0.10324910283088684,0.10653849691152573,0.10324910283088684,0.047044724225997925,0.09645923972129822,43,0.06785467482236547,3.29044598053117
station_wake_L0,Hard-switch stage-aware SAC,strict_hard_switch_v1,hard_switch_v1,2,66,9066,1200066,station_wake,0,0.0,0.0,0.0,1,1,0,0,1,0,35,0.25,1,19,0.8732397556304932,0.6244278479597575,1.502760648727417,0.999898933379556,5.420963242650032,29.39684435725212,0.8107125459659016,3.2937587212546493,0.0,0.30000000000000004,0.14090191414331982,0.17637602840651118,0.039591101184487346,0.044546615332365036,0.039591101184487346,0.08769730478525162,0.13132676482200623,39,0.07195189746360656,1.3448780146755566
station_wake_L0,Hard-switch stage-aware SAC,strict_hard_switch_v1,hard_switch_v1,2,67,9067,1200067,station_wake,0,0.0,0.0,0.0,1,1,0,0,1,0,70,0.25,1,56,0.47480928897857666,0.38500470790777064,0.9905123710632324,0.5519579558488763,3.260268270969391,17.30062186717987,0.21369683526051253,1.5608561401606038,0.0,0.05,0.18253681090041424,0.25330839220856505,0.04264645427465439,0.05284228175878525,0.04264645427465439,0.21598220616579056,0.45148465782403946,74,0.06555005831964468,0.7785630182059985
station_wake_L0,Hard-switch stage-aware SAC,strict_hard_switch_v1,hard_switch_v1,2,68,9068,1200068,station_wake,0,0.0,0.0,0.0,1,1,0,0,1,0,54,0.25,1,40,0.3078732490539551,0.23660144982568274,1.1058318614959717,0.6704703896791332,5.193850547075272,21.001685857772827,0.2752828626894389,1.5161046569208572,0.24762885520435607,0.05,0.18036881153567613,0.24111727238036618,0.01067452784627676,0.015230070799589157,0.01067452784627676,0.10595998167991638,0.2373947761952877,58,0.07012141054732315,0.070235935802832
station_wake_L0,Hard-switch stage-aware SAC,strict_hard_switch_v1,hard_switch_v1,2,69,9069,1200069,station_wake,0,0.0,0.0,0.0,1,1,0,0,1,0,45,0.25,1,30,0.5900239944458008,0.326692843399617,1.741073727607727,1.1371236930879725,5.144758820533752,19.585453271865845,0.52785434013784,2.714692705688219,0.0,0.0,0.17004786180715303,0.22481057586287914,0.024905446264892817,0.047196872532367706,0.024905446264892817,0.18415368534624577,0.24858370423316956,49,0.06652952992086092,0.0969844106758432
station_wake_L0,Hard-switch stage-aware SAC,strict_hard_switch_v1,hard_switch_v1,2,70,9070,1200070,station_wake,0,0.0,0.0,0.0,1,1,0,0,1,0,38,0.25,1,22,0.2416239082813263,0.19642177250223297,1.0980916023254395,0.5383556542082467,5.077435672283173,16.13566219806671,0.4543774792630373,2.3338080259620577,0.0,0.1,0.15363761165127543,0.2037669568585631,0.035358422249555585,0.05654072389006615,0.035358422249555585,0.19975627958774567,0.2794141322374344,42,0.06978982524228036,0.012732471461368817
station_wake_L0,Hard-switch stage-aware SAC,strict_hard_switch_v1,hard_switch_v1,2,71,9071,1200071,station_wake,0,0.0,0.0,0.0,1,1,0,0,1,0,33,0.25,1,18,0.3813982605934143,0.24838233051179495,0.9227219223976135,0.690868149958641,2.6321521401405334,14.867724478244781,0.5481800949383477,3.045199756060555,0.0,0.05,0.18536385476832234,0.23400973065066819,0.043084341660141946,0.07121341675519943,0.043084341660141946,0.2743755802512169,0.35623930394649506,37,0.058028191508898444,0.5273529294011607
station_wake_L0,Hard-switch stage-aware SAC,strict_hard_switch_v1,hard_switch_v1,2,72,9072,1200072,station_wake,0,0.0,0.0,0.0,1,1,0,0,1,0,43,0.25,1,28,0.775094747543335,0.43904311386563205,1.8455898761749268,1.4446684025576342,5.235436260700226,20.277134776115417,0.5169797957457795,2.793207860351624,0.0,0.55,0.1537215871239956,0.20715727342280693,0.09425156861543656,0.10360153764486313,0.09425156861543656,0.14189013838768005,0.27623265981674194,47,0.07128951380532882,2.862279350709642
station_wake_L0,Hard-switch stage-aware SAC,strict_hard_switch_v1,hard_switch_v1,2,73,9073,1200073,station_wake,0,0.0,0.0,0.0,1,1,0,0,1,0,36,0.25,1,22,0.27374330163002014,0.21089812887280387,0.841667652130127,0.4544791159392709,5.019617527723312,18.24400320649147,0.4713328391510986,2.3796983239258114,0.0,0.05,0.1728468833399149,0.2478190183563951,0.01095159649848938,0.028976894915103912,0.01095159649848938,0.26663661375641823,0.4310077428817749,40,0.06261245156351349,0.6001812088085968
station_wake_L0,Hard-switch stage-aware SAC,strict_hard_switch_v1,hard_switch_v1,2,74,9074,1200074,station_wake,0,0.0,0.0,0.0,1,1,0,0,1,0,58,0.25,1,36,0.22690796852111816,0.1185174992869298,0.8135601878166199,0.45869368967802854,3.4868019074201584,15.344025120139122,0.6383686258823527,2.8093502773757804,0.0,1.1,0.07699665466204228,0.09501008424686118,0.13209438771009446,0.14735473692417145,0.13209438771009446,0.15858927369117737,0.17124950885772705,62,0.04772510057495511,3.2919915242742968
station_wake_L0,Hard-switch stage-aware SAC,strict_hard_switch_v1,hard_switch_v1,2,75,9075,1200075,station_wake,0,0.0,0.0,0.0,1,1,0,0,1,0,60,0.25,1,49,0.5860879421234131,0.454259198432776,0.888437032699585,0.6984804347384119,5.020214505493641,15.502680540084839,0.288845269206009,1.893839634387667,2.798547282451076,0.0,0.25880967456862336,0.37033886608936206,0.06177103668451309,0.0802561342716217,0.06177103668451309,0.3804774582386017,0.8733683079481125,64,0.04193397143089545,1.9137421658094103
station_wake_L0,Hard-switch stage-aware SAC,strict_hard_switch_v1,hard_switch_v1,2,76,9076,1200076,station_wake,0,0.0,0.0,0.0,1,1,0,0,1,0,52,0.25,1,39,0.2882506549358368,0.1692561648653839,0.9017211198806763,0.7441370583609599,1.7224007844924927,8.354093432426453,0.19808960031711462,1.400041228929768,0.0,0.65,0.19529460463510231,0.2700415030157012,0.20403548777103425,0.2140253186225891,0.20403548777103425,0.1958715319633484,0.42040616273880005,56,0.06485435330492481,2.266568180547701
station_wake_L0,Hard-switch stage-aware SAC,strict_hard_switch_v1,hard_switch_v1,2,77,9077,1200077,station_wake,0,0.0,0.0,0.0,1,1,0,0,1,0,56,0.25,1,43,0.25097450613975525,0.1825763308593869,0.5666810274124146,0.30806989944620927,1.614881008863449,7.915182039141655,0.21250570107710834,1.373010096076919,0.42737075270066294,0.0,0.18668387389120858,0.27014457918332263,0.06970137879252433,0.08369527757167816,0.06970137879252433,0.1957518309354782,0.28969906270504,60,0.06535027662200733,0.42737075270066294
station_wake_L0,Hard-switch stage-aware SAC,strict_hard_switch_v1,hard_switch_v1,2,78,9078,1200078,station_wake,0,0.0,0.0,0.0,1,1,0,0,1,0,74,0.25,1,57,0.4298703670501709,0.31952299095337183,1.8141071498394012,1.1514738534195752,4.398956000804901,20.49038529396057,0.2619080348181966,1.5555333109997758,0.0,0.35000000000000003,0.14206335856869046,0.1810990367934777,0.04471026062965393,0.0705946534872055,0.04471026062965393,0.23920690268278122,0.292135551571846,78,0.07056648311348838,0.05176335902225524
station_wake_L0,Hard-switch stage-aware SAC,strict_hard_switch_v1,hard_switch_v1,2,79,9079,1200079,station_wake,0,0.0,0.0,0.0,1,1,0,0,1,0,41,0.25,1,26,1.1948165893554688,0.8387095423177405,1.944504976272583,1.673311867448143,8.857334852218628,24.836689233779907,0.5296096475452677,2.5559846055619033,0.0,0.35000000000000003,0.2051052228014826,0.26495916235025113,0.05792130306363106,0.07460466027259827,0.05792130306363106,0.1927114725112915,0.24528324604034424,45,0.058512377831091825,1.5530729594698292
station_wake_L0,Hard-switch stage-aware SAC,strict_hard_switch_v1,hard_switch_v1,2,80,9080,1200080,station_wake,0,0.0,0.0,0.0,1,1,0,0,1,0,28,0.25,1,13,0.3678111433982849,0.19758929854154272,1.068509817123413,0.7737213127835167,6.838454902172089,24.157142341136932,0.3753786375774546,2.927846872565848,0.0,0.0,0.17771265822666132,0.25981949389426096,0.03633731380105019,0.044108957052230835,0.03633731380105019,0.21572363376617432,0.5008970201015472,32,0.06059358653653656,1.5356605661196452
station_wake_L0,Hard-switch stage-aware SAC,strict_hard_switch_v1,hard_switch_v1,2,81,9081,1200081,station_wake,0,0.0,0.0,0.0,1,1,0,0,1,0,57,0.25,1,37,0.6342540979385376,0.5152786196745378,1.5711969137191772,1.0978611617139455,4.908822178840637,27.886033058166504,0.3956945156531845,2.517381569081969,0.0,1.0,0.03689721677633249,0.042892899873880876,0.08356239795684814,0.09235405176877975,0.08356239795684814,0.1311233937740326,0.2319316565990448,61,0.01822054517453292,4.0478326375457785
station_wake_L0,Hard-switch stage-aware SAC,strict_hard_switch_v1,hard_switch_v1,2,82,9082,1200082,station_wake,0,0.0,0.0,0.0,1,1,0,0,1,0,44,0.25,1,31,0.43090447783470154,0.3072375419484821,1.420753300189972,0.9947683634829869,5.497920885682106,20.285003781318665,0.31956411728814044,2.173812344957826,0.0,0.55,0.22746990290588345,0.2996467932489144,0.13592016696929932,0.1378903090953827,0.13592016696929932,0.02662557363510132,0.05428671836853027,48,0.0581982182014573,2.2933692025205965
station_wake_L0,Hard-switch stage-aware SAC,strict_hard_switch_v1,hard_switch_v1,2,83,9083,1200083,station_wake,0,0.0,0.0,0.0,1,1,0,0,1,0,37,0.25,1,26,1.2652404308319092,0.8568837572606162,2.2126710414886475,1.9101645091101107,7.492482587695122,28.78156542778015,0.7106245634520678,3.2660726792537824,0.0,0.25,0.28757311961839277,0.4165326949332645,0.038962585479021074,0.04947636276483536,0.038962585479021074,0.09929218888282776,0.13847552239894867,41,0.03882512372935201,2.149545909167638
station_wake_L0,Hard-switch stage-aware SAC,strict_hard_switch_v1,hard_switch_v1,2,84,9084,1200084,station_wake,0,0.0,0.0,0.0,1,1,0,0,1,0,32,0.25,1,20,0.17534373700618744,0.12022677495018891,0.9382257610559464,0.7264910697722284,5.702404864132404,17.854258753359318,0.9099721817277817,3.171509588338712,2.3341797962548343,0.0,0.26403708877346327,0.37257737940584357,0.016185852605849503,0.02779153548181057,0.016185852605849503,0.20541486889123917,0.6316053215414286,36,0.05255844722640943,2.2545628424209343
station_wake_L0,Hard-switch stage-aware SAC,strict_hard_switch_v1,hard_switch_v1,2,85,9085,1200085,station_wake,0,0.0,0.0,0.0,1,1,0,0,1,0,55,0.25,1,41,0.22473666071891785,0.184630149784585,0.4895620048046112,0.3254673934683119,1.7883103713393211,8.169479966163635,0.13275310550442596,1.0161360907489216,0.4897304331837322,0.0,0.19239371973422612,0.2903028738088785,0.03370579555630684,0.05650870501995087,0.03370579555630684,0.36792244017124176,0.5294277146458626,59,0.06446474646259577,0.02183667006290616
station_wake_L0,Hard-switch stage-aware SAC,strict_hard_switch_v1,hard_switch_v1,2,86,9086,1200086,station_wake,0,0.0,0.0,0.0,1,1,0,0,1,0,33,0.25,1,9,1.0828728675842285,0.798740298765935,1.7066127061843872,1.3898045234067746,0.2471923828125,0.9497082233428955,0.7361873509162974,2.380680471826707,0.0,1.2000000000000002,0.05605313760987694,0.06983869772609659,0.14269119054079055,0.17237000167369843,0.14269119054079055,0.3033880293369293,0.3549119830131531,37,0.03865850735274475,3.0750884084533756
station_wake_L0,Hard-switch stage-aware SAC,strict_hard_switch_v1,hard_switch_v1,2,87,9087,1200087,station_wake,0,0.0,0.0,0.0,1,1,0,0,1,0,48,0.25,1,35,0.39526844024658203,0.28131589185258576,1.8044470250606537,1.3354183519238227,6.9718388468027115,31.498186588287354,0.40907091062256973,2.845431346277999,4.0791840596097835,0.05,0.18957364771440322,0.2813074801005004,0.030911551788449287,0.05355165898799896,0.030911551788449287,0.5010303854942322,0.5549744516611099,52,0.06269093538381611,3.8675109477023875
station_wake_L0,Hard-switch stage-aware SAC,strict_hard_switch_v1,hard_switch_v1,2,88,9088,1200088,station_wake,0,0.0,0.0,0.0,1,1,0,0,1,0,46,0.25,1,34,0.2798641622066498,0.16430394629987768,0.9732288122177124,0.6550250635968194,2.8119975328445435,19.818667322397232,0.3207524611929205,1.9364893359345723,0.0,0.5,0.23195836237008244,0.3236040891342987,0.17899563312530517,0.19073864817619324,0.17899563312530517,0.16068243980407715,0.3186306357383728,50,0.05910229341178602,1.6610260202925846
station_wake_L0,Hard-switch stage-aware SAC,strict_hard_switch_v1,hard_switch_v1,2,89,9089,1200089,station_wake,0,0.0,0.0,0.0,1,1,0,0,1,0,53,0.25,1,41,0.1518077850341797,0.08629705204909369,0.559750497341156,0.42251770650891846,3.5516704991459846,15.129704475402832,0.2637848026179258,1.449824411828299,0.0,0.5,0.21078766369543564,0.31804113635882597,0.08504315540194511,0.11148735880851746,0.08504315540194511,0.25200124084949493,0.3138291835784912,57,0.05508416855367993,3.3382395889180994
station_wake_L0,Hard-switch stage-aware SAC,strict_hard_switch_v1,hard_switch_v1,2,90,9090,1200090,station_wake,0,0.0,0.0,0.0,1,1,0,0,1,0,31,0.25,0,-1,nan,nan,nan,nan,nan,nan,nan,nan,0.0,nan,0.06285888931346673,0.07804472252623058,0.17439571917057037,0.23144257068634033,0.17439571917057037,0.5879415273666382,0.8046627044677734,35,0.027723307730815466,2.5503475995229214
station_wake_L0,Hard-switch stage-aware SAC,strict_hard_switch_v1,hard_switch_v1,2,91,9091,1200091,station_wake,0,0.0,0.0,0.0,1,1,0,0,1,0,58,0.25,1,44,0.3875219523906708,0.35961247860831047,0.6421959400177002,0.2775749850171838,3.102084994316101,13.987184166908264,0.2594600846798807,1.9002445950947133,0.0,0.5,0.17402023966339003,0.2543166297515484,0.1525239020586014,0.17557930946350098,0.1525239020586014,0.25063568353652954,0.40991634130477905,62,0.07123943107199013,0.8041101668576676
station_wake_L0,Hard-switch stage-aware SAC,strict_hard_switch_v1,hard_switch_v1,2,92,9092,1200092,station_wake,0,0.0,0.0,0.0,1,1,0,0,1,0,57,0.25,1,45,0.2343146651983261,0.14942280301773483,0.5780991911888123,0.34843286649388744,3.6019379645586014,16.201480627059937,0.2344167750793289,1.6287418489727783,0.0,0.0,0.20104983509949248,0.3200008620376982,0.011309550609439611,0.02080918289721012,0.011309550609439611,0.12454994395375252,0.29500476084649563,61,0.056309454377696355,0.7734969388325531
station_wake_L0,Hard-switch stage-aware SAC,strict_hard_switch_v1,hard_switch_v1,2,93,9093,1200093,station_wake,0,0.0,0.0,0.0,1,1,0,0,1,0,65,0.25,1,51,0.13908080756664276,0.07033681444475813,0.5212198197841644,0.31042841572134494,3.6538025736808777,14.938916601240635,0.22166452869208347,1.4547093407014553,0.4579803521877808,0.0,0.16595676511915355,0.22306025252696682,0.06697416231036186,0.08249544352293015,0.06697416231036186,0.17124779522418976,0.29325999319553375,69,0.06819765833784468,0.4579803521877808
station_wake_L0,Hard-switch stage-aware SAC,strict_hard_switch_v1,hard_switch_v1,2,94,9094,1200094,station_wake,0,0.0,0.0,0.0,1,1,0,0,1,0,58,0.25,1,44,0.6249659061431885,0.5324852584742299,0.9942322969436646,0.5787736293194721,3.55586938560009,19.395403936505318,0.40734949041778684,2.0703001173703757,1.9133925455012701,0.15000000000000002,0.18551721026739995,0.2600068312632822,0.031899263709783555,0.04757222160696983,0.031899263709783555,0.27040743827819824,0.5551996827125549,62,0.05790852989613531,1.4564694318918132
station_wake_L0,Hard-switch stage-aware SAC,strict_hard_switch_v1,hard_switch_v1,2,95,9095,1200095,station_wake,0,0.0,0.0,0.0,1,1,0,0,1,0,51,0.25,1,40,0.1787952333688736,0.10240246241123599,0.9603725373744965,0.6528332579958398,5.1292984187603,25.536809116601944,0.5295697087963959,2.6956870708635754,1.8850779962969824,0.0,0.2681762869336727,0.39206940137783575,0.04822800382971763,0.07480528205633163,0.04822800382971763,0.5269903540611267,1.1426470428705215,55,0.04216793776788081,1.194262738523255
station_wake_L0,Hard-switch stage-aware SAC,strict_hard_switch_v1,hard_switch_v1,2,96,9096,1200096,station_wake,0,0.0,0.0,0.0,1,1,0,0,1,0,44,0.25,1,31,0.13249020278453827,0.09906922217011654,0.5299019813537598,0.3589783610988324,2.282898426055908,13.145178854465485,0.3307515660033693,1.9988494042499787,0.0,0.0,0.227338396454134,0.3272990189850941,0.13776166886091232,0.14925988018512726,0.13776166886091232,0.21458521485328674,0.32189667224884033,48,0.0571449257786112,1.7638949657736178
station_wake_L0,Hard-switch stage-aware SAC,strict_hard_switch_v1,hard_switch_v1,2,97,9097,1200097,station_wake,0,0.0,0.0,0.0,1,1,0,0,1,0,52,0.25,1,39,0.09627161920070648,0.0748874740256716,0.2396152913570404,0.13914226461533796,1.7946705222129822,9.336347430944443,0.24328167905793893,1.8484810952499613,0.0,0.0,0.19167015411421956,0.2762521723432086,0.06625423952937126,0.07580716907978058,0.06625423952937126,0.1959669589996338,0.3657091408967972,56,0.06571466790333719,1.2454360098888715
station_wake_L0,Hard-switch stage-aware SAC,strict_hard_switch_v1,hard_switch_v1,2,98,9098,1200098,station_wake,0,0.0,0.0,0.0,1,1,0,0,1,0,70,0.25,1,54,0.10260801017284393,0.07816406712709001,0.6842988729476929,0.50744510439079,3.8395311683416367,6.2553006410598755,0.20398519368704418,1.0287860659733585,0.0,0.0,0.16544699450433284,0.1929017472274437,0.05572050213813782,0.059362608939409256,0.05572050213813782,0.07177853584289551,0.12126877903938293,74,0.06279801693698783,0.5824995565947263
station_wake_L0,Hard-switch stage-aware SAC,strict_hard_switch_v1,hard_switch_v1,2,99,9099,1200099,station_wake,0,0.0,0.0,0.0,1,1,0,0,1,0,36,0.25,1,22,0.6086839437484741,0.5695868327687212,0.876774787902832,0.4063542184211432,4.106832891702652,20.69495439529419,0.7407235924004498,3.6190442993901506,0.0,0.65,0.17806319054295833,0.21991137656181195,0.12342560738325119,0.1575876772403717,0.12342560738325119,0.3672357201576233,0.6186714768409729,40,0.06038746181783968,3.1684193149236033
station_wake_L0,Hard-switch stage-aware SAC,strict_hard_switch_v1,hard_switch_v1,3,0,9000,1200000,station_wake,0,0.0,0.0,0.0,1,1,0,0,1,0,60,0.25,1,39,0.09618572145700455,0.06180087172088113,0.35354986786842346,0.23051471461634698,2.5368153979070485,9.299096278846264,0.18731419354412673,0.9167597614025782,0.4240991454490797,0.0,0.14729496426115826,0.17367236384281,0.016068413108587264,0.01924998313188553,0.016068413108587264,0.051426561549305916,0.10961432009935379,64,0.07158820446346437,0.041344462397302835
station_wake_L0,Hard-switch stage-aware SAC,strict_hard_switch_v1,hard_switch_v1,3,1,9001,1200001,station_wake,0,0.0,0.0,0.0,1,1,0,0,1,0,45,0.25,1,29,0.6738181710243225,0.37054151474709823,1.946711540222168,1.3059111435278912,3.2703644037246704,24.90911453962326,0.41105226153214525,2.6753492300901582,0.4269048324136476,0.45,0.1466908185614525,0.19035389981074408,0.13853013664484023,0.1470724195241928,0.13853013664484023,0.11048290133476257,0.24336978793144226,49,0.06983733998197213,0.4269048324136476
station_wake_L0,Hard-switch stage-aware SAC,strict_hard_switch_v1,hard_switch_v1,3,2,9002,1200002,station_wake,0,0.0,0.0,0.0,1,1,0,0,1,0,45,0.25,1,25,0.5908358097076416,0.5096887931407386,0.8062988519668579,0.5907273826834739,2.8343093395233154,10.526767671108246,0.2966194365864641,1.7999667925462048,0.0,0.9,0.11788113887220639,0.14735650806124664,0.13053503930568694,0.14675799012184143,0.13053503930568694,0.1680452525615692,0.2022939920425415,49,0.07436017582452578,2.416315809231999
station_wake_L0,Hard-switch stage-aware SAC,strict_hard_switch_v1,hard_switch_v1,3,3,9003,1200003,station_wake,0,0.0,0.0,0.0,1,1,0,0,1,0,59,0.25,1,39,0.3109351694583893,0.15694205040140857,1.2960481643676758,1.034472766839525,5.127962231636047,16.85346059501171,0.7613355450106859,2.7707299178331395,0.0,0.0,0.11764767629695401,0.12909853359412743,0.04774432256817818,0.050579290837049484,0.04774432256817818,0.03444167971611023,0.04780896008014679,63,0.07570217854122513,2.5609508278791315
station_wake_L0,Hard-switch stage-aware SAC,strict_hard_switch_v1,hard_switch_v1,3,4,9004,1200004,station_wake,0,0.0,0.0,0.0,1,1,0,0,1,0,55,0.25,1,39,0.31055769324302673,0.20611962899051708,0.7418179512023926,0.470937719859131,2.4173234403133392,8.784551620483398,0.2684449733834179,0.9721379299201388,0.0,0.0,0.14444965606318896,0.18929402428261646,0.03792963437736034,0.054447613656520844,0.03792963437736034,0.18467280268669128,0.3342822939157486,59,0.073073340321513,1.176094542052727
station_wake_L0,Hard-switch stage-aware SAC,strict_hard_switch_v1,hard_switch_v1,3,5,9005,1200005,station_wake,0,0.0,0.0,0.0,1,1,0,0,1,0,57,0.25,1,40,0.247360959649086,0.22173886725698175,0.23837924003601074,0.16642218714713494,2.96426922082901,11.323152724653482,0.3041357478667937,1.6819652068713253,2.349530219527615,0.0,0.16285668672203532,0.19532134767169732,0.059663370996713636,0.06709092855453491,0.059663370996713636,0.13818436861038208,0.2569020539522171,61,0.07119076033005926,1.3589469237053133
station_wake_L0,Hard-switch stage-aware SAC,strict_hard_switch_v1,hard_switch_v1,3,6,9006,1200006,station_wake,0,0.0,0.0,0.0,1,1,0,0,1,0,27,0.25,0,-1,nan,nan,nan,nan,nan,nan,nan,nan,0.0,nan,0.1631487423452755,0.2067742682292192,0.11908282488584518,0.15678644180297852,0.11908282488584518,0.396288126707077,0.46556413173675537,31,0.07115300150306374,1.6179726699113497
station_wake_L0,Hard-switch stage-aware SAC,strict_hard_switch_v1,hard_switch_v1,3,7,9007,1200007,station_wake,0,0.0,0.0,0.0,1,1,0,0,1,0,60,0.25,1,42,0.2797221541404724,0.239917764611556,1.2443169951438904,0.6171657617265832,5.006965696811676,16.712709739804268,0.27780013611129856,1.2750754161272142,1.8145315336808594,0.0,0.12008436436377874,0.14832030467038934,0.0073188341222703455,0.01469225250184536,0.0073188341222703455,0.12187883630394936,0.15116683207452297,64,0.07721964506715051,0.34692131620081484
station_wake_L0,Hard-switch stage-aware SAC,strict_hard_switch_v1,hard_switch_v1,3,8,9008,1200008,station_wake,0,0.0,0.0,0.0,1,1,0,0,1,0,49,0.25,1,28,0.2199372947216034,0.16605636365828372,1.480858325958252,1.0014973233467452,3.4988975524902344,21.13725781440735,0.623121155837808,2.658546480764247,0.0,1.05,0.12233176893447721,0.1464334914534614,0.08559543043375015,0.09565703570842743,0.08559543043375015,0.09996286034584045,0.13718515634536743,53,0.032377493778090266,3.784005054909812
station_wake_L0,Hard-switch stage-aware SAC,strict_hard_switch_v1,hard_switch_v1,3,9,9009,1200009,station_wake,0,0.0,0.0,0.0,1,1,0,0,1,0,40,0.25,1,23,0.0591697096824646,0.03265419118507842,0.4685744270682335,0.3107563840868871,3.223824054002762,11.560152918100357,0.50735710529417,1.7926777567074927,0.7194529603031214,0.0,0.15575870978171494,0.1984743290402317,0.01769076697528362,0.019272949546575546,0.01769076697528362,0.03401535749435425,0.04994239658117294,44,0.07576424758562109,0.7194529603031214
station_wake_L0,Hard-switch stage-aware SAC,strict_hard_switch_v1,hard_switch_v1,3,10,9010,1200010,station_wake,0,0.0,0.0,0.0,1,1,0,0,1,0,33,0.25,0,-1,nan,nan,nan,nan,nan,nan,nan,nan,0.0,nan,0.08065125094974977,0.09886401425861631,0.15749774277210235,0.19265934824943542,0.15749774277210235,0.36345338821411133,0.4755091667175293,37,0.029219444878712912,3.035146315960787
station_wake_L0,Hard-switch stage-aware SAC,strict_hard_switch_v1,hard_switch_v1,3,11,9011,1200011,station_wake,0,0.0,0.0,0.0,1,1,0,0,1,0,51,0.25,1,33,0.6628925204277039,0.5222928558902518,0.7548677921295166,0.6082868614684602,3.221540153026581,11.167635023593903,0.3503881605806237,1.3853015570613656,0.0,0.75,0.2048568825588771,0.24007235725163248,0.15049770325422288,0.17231760919094086,0.15049770325422288,0.20871832966804504,0.32430917024612427,55,0.05770837043368136,1.4382188462644219
station_wake_L0,Hard-switch stage-aware SAC,strict_hard_switch_v1,hard_switch_v1,3,12,9012,1200012,station_wake,0,0.0,0.0,0.0,1,1,0,0,1,0,63,0.25,1,42,0.2685427963733673,0.180124639595579,1.467832773923874,1.0905524887392897,3.062785565853119,17.215103805065155,0.33617370768063454,1.637885469534544,0.0,0.6000000000000001,0.12193136574619552,0.14009594341031262,0.021414204221218824,0.04362066090106964,0.021414204221218824,0.24532230384647846,0.403917133808136,67,0.07472464943831736,0.7591848643961732
station_wake_L0,Hard-switch stage-aware SAC,strict_hard_switch_v1,hard_switch_v1,3,13,9013,1200013,station_wake,0,0.0,0.0,0.0,1,1,0,0,1,0,59,0.25,1,41,0.3261822760105133,0.18833017480102177,1.0240274667739868,0.6810888884396347,5.024019479751587,12.875393033027649,0.6723755028883392,2.160259758493333,0.6354679937732925,0.0,0.11326636892142561,0.13354431094014743,0.03966114185750484,0.07331201434135437,0.03966114185750484,0.3676229938864708,0.7170023024082184,63,0.07648678931455308,0.6354679937732925
station_wake_L0,Hard-switch stage-aware SAC,strict_hard_switch_v1,hard_switch_v1,3,14,9014,1200014,station_wake,0,0.0,0.0,0.0,1,1,0,0,1,0,50,0.25,1,33,0.4923345744609833,0.37325290482704926,1.0683852434158325,0.70155224730674,7.890601456165314,27.785015106201172,0.601349616975871,3.1527915779853304,0.0,0.8500000000000001,0.11443855308979914,0.1314901362674557,0.1391032114624977,0.17452868819236755,0.1391032114624977,0.35007110238075256,0.3873923420906067,54,0.0791886064071472,3.284131897530316
station_wake_L0,Hard-switch stage-aware SAC,strict_hard_switch_v1,hard_switch_v1,3,15,9015,1200015,station_wake,0,0.0,0.0,0.0,1,1,0,0,1,0,58,0.25,1,37,0.6136773824691772,0.48046822535880057,0.675358772277832,0.5344607880989216,2.0552079007029533,6.8843236565589905,0.29921480046923987,2.111680719878986,0.0,0.9,0.1408800489969681,0.16852553764232273,0.18308318555355071,0.22353096306324005,0.18308318555355071,0.39982277154922485,0.4851555824279785,62,0.07101410327958975,0.6269799896256708
station_wake_L0,Hard-switch stage-aware SAC,strict_hard_switch_v1,hard_switch_v1,3,16,9016,1200016,station_wake,0,0.0,0.0,0.0,1,1,0,0,1,0,42,0.25,1,22,1.343636155128479,1.1323847706361918,2.053689956665039,1.5464207845273075,13.42204064130783,34.323627948760986,0.6853274994726758,3.464960187551858,0.0,1.0,0.14728474886651416,0.16587975733574786,0.09129305630922317,0.09624413400888443,0.09129305630922317,0.08428272604942322,0.13758376240730286,46,0.07128216440834803,3.820763852362351
station_wake_L0,Hard-switch stage-aware SAC,strict_hard_switch_v1,hard_switch_v1,3,17,9017,1200017,station_wake,0,0.0,0.0,0.0,1,1,0,0,1,0,44,0.25,1,28,0.29844650626182556,0.2395271699325002,0.8057519793510437,0.5703764726202661,4.830827564001083,18.291870802640915,0.4108360520837654,3.3003310141740463,0.0,0.05,0.13192917009663782,0.15374378148921006,0.03697314783930779,0.05820635333657265,0.03697314783930779,0.1757519692182541,0.2546342462301254,48,0.07127480218288747,1.0194479954198925
station_wake_L0,Hard-switch stage-aware SAC,strict_hard_switch_v1,hard_switch_v1,3,18,9018,1200018,station_wake,0,0.0,0.0,0.0,1,1,0,0,1,0,52,0.25,1,34,0.08138950914144516,0.061182834863198324,0.28854161500930786,0.1429588235150354,1.8928946927189827,11.244473084807396,0.44943400982079185,1.6193345441563902,0.0,0.0,0.1444778703406966,0.18052458553324507,0.10880716294050216,0.11798551678657532,0.10880716294050216,0.19733372330665588,0.27886852622032166,56,0.0702156235088104,0.018712498847860012
station_wake_L0,Hard-switch stage-aware SAC,strict_hard_switch_v1,hard_switch_v1,3,19,9019,1200019,station_wake,0,0.0,0.0,0.0,1,1,0,0,1,0,54,0.25,1,32,0.44577810168266296,0.3497850868376938,0.9007543325424194,0.5865307666079218,1.1989521980285645,5.77696681022644,0.31102159695389875,1.4611721414146375,0.0,1.1,0.11442098665951135,0.13855195636874904,0.15302971005439758,0.18069300055503845,0.15302971005439758,0.2530292272567749,0.3274989128112793,58,0.058555816801410636,2.9748372396934553
station_wake_L0,Hard-switch stage-aware SAC,strict_hard_switch_v1,hard_switch_v1,3,20,9020,1200020,station_wake,0,0.0,0.0,0.0,1,1,0,0,1,0,47,0.25,1,20,0.9683416485786438,0.6183468777181329,2.041761875152588,1.3172295249238493,16.094183325767517,41.22959017753601,0.9595372787154184,3.7964327284590698,0.0,1.35,0.06835652272086302,0.08265267167878328,0.0776801124215126,0.08031175285577774,0.0776801124215126,0.03906133770942688,0.09046375751495361,51,0.04804550680407857,4.0570422938678945
station_wake_L0,Hard-switch stage-aware SAC,strict_hard_switch_v1,hard_switch_v1,3,21,9021,1200021,station_wake,0,0.0,0.0,0.0,1,1,0,0,1,0,58,0.25,1,37,0.6386069655418396,0.4916351340032364,1.4109516143798828,0.9656937211073853,3.1724023818969727,17.22708761692047,0.6232568636718062,3.0112736939360154,0.0,1.05,0.15266636132674893,0.18158596450080008,0.1369638666510582,0.17775559425354004,0.1369638666510582,0.4189870357513428,0.5123639106750488,62,0.0568010043228252,3.4639406828557218
station_wake_L0,Hard-switch stage-aware SAC,strict_hard_switch_v1,hard_switch_v1,3,22,9022,1200022,station_wake,0,0.0,0.0,0.0,1,1,0,0,1,0,38,0.25,1,18,0.23853331804275513,0.17529254647994455,1.6510352492332458,1.1655248371278504,5.139302611351013,33.03016901016235,0.6542182541793273,3.0385665086224076,0.0,0.7000000000000001,0.13075920229036775,0.15065946516717144,0.05936397090554237,0.060242995619773865,0.05936397090554237,0.010882750153541565,0.027196034789085388,42,0.07387371236130617,3.431298141595173
station_wake_L0,Hard-switch stage-aware SAC,strict_hard_switch_v1,hard_switch_v1,3,23,9023,1200023,station_wake,0,0.0,0.0,0.0,1,1,0,0,1,0,59,0.25,1,38,0.3772891163825989,0.26530196485195245,0.8365455269813538,0.5212316456492566,3.6026203632354736,22.94900894165039,0.3525389818342259,2.2856665904451616,3.213424071695052,0.15000000000000002,0.17399355569618952,0.2093087199110484,0.054218044877052306,0.059380609542131424,0.054218044877052306,0.2342577874660492,0.7846260815858841,63,0.06535740353078416,2.425447985595718
station_wake_L0,Hard-switch stage-aware SAC,strict_hard_switch_v1,hard_switch_v1,3,24,9024,1200024,station_wake,0,0.0,0.0,0.0,1,1,0,0,1,0,44,0.25,1,32,0.4832386076450348,0.44842828980878735,1.363757848739624,0.5286667094539229,5.204710960388184,29.74040174856782,0.3747546139320932,3.0869362233579145,0.908751546428319,0.1,0.22458521565051304,0.33059813735911286,0.05356898903846741,0.06973341852426529,0.05356898903846741,0.42956605553627014,0.8469080924987793,48,0.05158902766806536,0.14143226023599123
station_wake_L0,Hard-switch stage-aware SAC,strict_hard_switch_v1,hard_switch_v1,3,25,9025,1200025,station_wake,0,0.0,0.0,0.0,1,1,0,0,1,0,36,0.25,1,22,0.7191727757453918,0.3705601541930517,2.1301770210266113,1.5587278885391862,7.450835108757019,30.622735917568207,0.598497151451099,3.1252599260876246,0.0,0.7000000000000001,0.17346467000535704,0.21255223967588974,0.09108981043100357,0.09785684943199158,0.09108981043100357,0.14378395676612854,0.26895374059677124,40,0.0434337508276242,3.8975142611789613
station_wake_L0,Hard-switch stage-aware SAC,strict_hard_switch_v1,hard_switch_v1,3,26,9026,1200026,station_wake,0,0.0,0.0,0.0,1,1,0,0,1,0,45,0.25,1,27,0.9370448589324951,0.5494848550032031,1.9924890995025635,1.8674325978270805,2.3594671487808228,10.002290606498718,0.4443264188324933,1.7152179835496117,0.0,0.6000000000000001,0.175076776767224,0.20975446847163065,0.09943110942840576,0.11694712936878204,0.09943110942840576,0.19131001830101013,0.23457854986190796,49,0.0635070529835789,1.3590018853837909
station_wake_L0,Hard-switch stage-aware SAC,strict_hard_switch_v1,hard_switch_v1,3,27,9027,1200027,station_wake,0,0.0,0.0,0.0,1,1,0,0,1,0,40,0.25,1,20,0.4356021285057068,0.314937448160908,0.7175633311271667,0.5633431128808654,2.8768491744995117,9.276385307312012,0.4338385428424592,2.59053510841853,0.2031469280695307,0.05,0.1426861472334703,0.16814688077520232,0.021358808502554893,0.022479409351944923,0.021358808502554893,0.02384694665670395,0.03662567585706711,44,0.06874603586671936,0.2031469280695307
station_wake_L0,Hard-switch stage-aware SAC,strict_hard_switch_v1,hard_switch_v1,3,28,9028,1200028,station_wake,0,0.0,0.0,0.0,1,1,0,0,1,0,44,0.25,1,24,0.5441416501998901,0.40781166774948285,1.5790283679962158,0.8706779008867488,5.59907291084528,19.54360067844391,0.5098426448653482,3.1325387401729197,0.0,0.45,0.11188193349234377,0.13021823243021963,0.005804887693375349,0.011955948546528816,0.005804887693375349,0.12558258511126041,0.2612077072262764,48,0.07966863866644511,0.335887972689879
station_wake_L0,Hard-switch stage-aware SAC,strict_hard_switch_v1,hard_switch_v1,3,29,9029,1200029,station_wake,0,0.0,0.0,0.0,1,1,0,0,1,0,43,0.25,1,25,0.7195342779159546,0.4328841299579481,1.7024743556976318,1.1835105776378012,3.6807167530059814,19.04911868274212,0.5569296036445295,2.5634680258244034,0.0,0.9,0.12667894451565725,0.15219399854956522,0.15724297761917114,0.18925628066062927,0.15724297761917114,0.2975713610649109,0.34609586000442505,47,0.06083925181135539,2.7496969157334985
station_wake_L0,Hard-switch stage-aware SAC,strict_hard_switch_v1,hard_switch_v1,3,30,9030,1200030,station_wake,0,0.0,0.0,0.0,1,1,0,0,1,0,58,0.25,1,34,0.14504995942115784,0.08355630962775741,0.5101771652698517,0.3696759109577357,2.0628976821899414,7.522266656160355,0.22896237281463003,1.0855836556825065,1.8831070598346105,0.0,0.13000359063839276,0.14534775247882906,0.043506601452827455,0.04978114739060402,0.043506601452827455,0.06298147141933441,0.07351532578468323,62,0.07556458620981472,0.6855273573348152
station_wake_L0,Hard-switch stage-aware SAC,strict_hard_switch_v1,hard_switch_v1,3,31,9031,1200031,station_wake,0,0.0,0.0,0.0,1,1,0,0,1,0,57,0.25,1,39,0.2897430658340454,0.260102181997807,0.22006630897521973,0.13100716414561456,1.4278200268745422,7.051335535943508,0.2516584550430881,1.4338371239934526,0.0,0.65,0.1692999731943999,0.20725222945293983,0.09677369892597198,0.12781670689582825,0.09677369892597198,0.24765753746032715,0.367172509431839,61,0.06781817439804703,2.6654738530780713
station_wake_L0,Hard-switch stage-aware SAC,strict_hard_switch_v1,hard_switch_v1,3,32,9032,1200032,station_wake,0,0.0,0.0,0.0,1,1,0,0,1,0,61,0.25,1,45,0.15043433010578156,0.10266663733244145,0.9464763849973679,0.6318311670927624,4.606047198176384,18.119803071022034,0.324008432320123,1.8827564250992168,0.2743626158221827,0.30000000000000004,0.1609462735776465,0.20474163248772287,0.07736246138811112,0.09689255803823471,0.07736246138811112,0.1841287612915039,0.27465298771858215,65,0.06566035061808255,0.2743626158221827
station_wake_L0,Hard-switch stage-aware SAC,strict_hard_switch_v1,hard_switch_v1,3,33,9033,1200033,station_wake,0,0.0,0.0,0.0,1,1,0,0,1,0,34,0.25,0,-1,nan,nan,nan,nan,nan,nan,nan,nan,0.0,nan,0.07389317580147495,0.08261832487322986,0.2059894770383835,0.2740553915500641,0.2059894770383835,0.6931813359260559,0.95306396484375,38,0.03444476668698226,2.5919993737421287
station_wake_L0,Hard-switch stage-aware SAC,strict_hard_switch_v1,hard_switch_v1,3,34,9034,1200034,station_wake,0,0.0,0.0,0.0,1,1,0,0,1,0,37,0.25,1,17,1.2744392156600952,1.1733570615447435,1.2280559539794922,0.8273840538450299,3.019651770591736,13.493461012840271,0.41676161738436496,2.2899711604843325,0.0,1.0,0.11754942290593753,0.13490671182705036,0.1788353681564331,0.22867532074451447,0.1788353681564331,0.4776837229728699,0.5395445227622986,41,0.06464513422727043,2.832445724745261
station_wake_L0,Hard-switch stage-aware SAC,strict_hard_switch_v1,hard_switch_v1,3,35,9035,1200035,station_wake,0,0.0,0.0,0.0,1,1,0,0,1,0,64,0.25,1,48,0.25235146284103394,0.22261438187444932,0.5588015913963318,0.35287149231935666,2.1362122893333435,11.54947578907013,0.1459164706855363,1.0018434003607994,0.24229567808176616,0.2,0.21581094065210243,0.26594540713620624,0.08647525310516357,0.09535319358110428,0.08647525310516357,0.12476587295532227,0.23660913109779358,68,0.0500850777076552,0.24229567808176616
station_wake_L0,Hard-switch stage-aware SAC,strict_hard_switch_v1,hard_switch_v1,3,36,9036,1200036,station_wake,0,0.0,0.0,0.0,1,1,0,0,1,0,36,0.25,1,13,1.2420969009399414,1.0076796486322546,1.4725923538208008,1.1359014244261756,0.41754841804504395,2.4140048027038574,0.3908423846583117,2.278298184777719,0.0,1.1500000000000001,0.07435520180948782,0.09307346163277193,0.19571568071842194,0.24674126505851746,0.19571568071842194,0.5077784657478333,0.6319522857666016,40,0.037798079226725574,2.757954614440044
station_wake_L0,Hard-switch stage-aware SAC,strict_hard_switch_v1,hard_switch_v1,3,37,9037,1200037,station_wake,0,0.0,0.0,0.0,1,1,0,0,1,0,48,0.25,1,31,0.8958659172058105,0.6972886239248796,1.3197684288024902,0.9924545458902678,3.496984839439392,15.083581283688545,0.30034378643394355,1.8789741473405195,5.839091155403466,0.65,0.1552991064973593,0.1913492280954081,0.08428851217031479,0.11027496308088303,0.08428851217031479,0.20318257808685303,0.28551846742630005,52,0.06630109788253633,2.7532977060865647
station_wake_L0,Hard-switch stage-aware SAC,strict_hard_switch_v1,hard_switch_v1,3,38,9038,1200038,station_wake,0,0.0,0.0,0.0,1,1,0,0,1,0,70,0.25,1,48,0.48909321427345276,0.3281680872615257,1.0049498081207275,0.6855906950386309,4.905755398795009,19.58616614341736,0.2597757432697135,1.6561517301538928,0.0,0.2,0.11107205858961108,0.12603736925691614,0.012576483935117722,0.023492872714996338,0.012576483935117722,0.13116451352834702,0.17805762588977814,74,0.07812154256299174,2.7723914999113353
station_wake_L0,Hard-switch stage-aware SAC,strict_hard_switch_v1,hard_switch_v1,3,39,9039,1200039,station_wake,0,0.0,0.0,0.0,1,1,0,0,1,0,65,0.25,1,46,0.1797126829624176,0.15761454491595903,0.3596213459968567,0.21672081870963097,2.504773810505867,10.602065622806549,0.180604294786504,0.9742400967908692,0.0,0.1,0.12840289431693028,0.15938275784386274,0.08759769946336746,0.09116318076848984,0.08759769946336746,0.1454639732837677,0.37328779697418213,69,0.0705829077897066,1.744155719072281
station_wake_L0,Hard-switch stage-aware SAC,strict_hard_switch_v1,hard_switch_v1,3,40,9040,1200040,station_wake,0,0.0,0.0,0.0,1,1,0,0,1,0,69,0.25,1,50,0.11190588772296906,0.056424059702300994,0.5463767796754837,0.33779923619715696,1.700764000415802,14.126302897930145,0.21549391352190594,1.2310303217646774,0.0,0.0,0.1874365552824872,0.21289990555660115,0.014389830268919468,0.02328217215836048,0.014389830268919468,0.12480644509196281,0.17652712762355804,73,0.06224827400385098,0.7027949293302537
station_wake_L0,Hard-switch stage-aware SAC,strict_hard_switch_v1,hard_switch_v1,3,41,9041,1200041,station_wake,0,0.0,0.0,0.0,1,1,0,0,1,0,60,0.25,1,42,0.21279224753379822,0.12925160902915125,1.0578665882349014,0.790936782888264,4.054463505744934,11.086249351501465,0.3120394693417581,1.708706463890966,0.3630509680083586,0.30000000000000004,0.12982420342265316,0.15813882041413843,0.013025308959186077,0.028223825618624687,0.013025308959186077,0.20759552717208862,0.24876607581973076,64,0.07075253716451528,0.3148795914633892
station_wake_L0,Hard-switch stage-aware SAC,strict_hard_switch_v1,hard_switch_v1,3,42,9042,1200042,station_wake,0,0.0,0.0,0.0,1,1,0,0,1,0,33,0.25,1,6,0.7421058416366577,0.48819009513331385,1.9443821907043457,1.4615604590587619,19.110021591186523,23.26124668121338,1.4526032186679825,2.2852466342123927,0.0,1.35,0.12265448217790356,0.1529977224101154,0.22552964985370635,0.31171438097953796,0.22552964985370635,0.8869858384132385,1.3896697759628296,37,0.0576174270453425,2.5148515332931884
station_wake_L0,Hard-switch stage-aware SAC,strict_hard_switch_v1,hard_switch_v1,3,43,9043,1200043,station_wake,0,0.0,0.0,0.0,1,1,0,0,1,0,52,0.25,1,35,0.33335331082344055,0.23092349747530783,0.6140419840812683,0.4676796128648354,4.084165841341019,16.81550234556198,0.24735386301665865,1.1898036142655737,0.0,0.5,0.1390136148678554,0.17054536046714436,0.042071887850761415,0.05947229638695717,0.042071887850761415,0.19434037804603577,0.3049261122941971,56,0.07715385209286878,1.5952639984683499
station_wake_L0,Hard-switch stage-aware SAC,strict_hard_switch_v1,hard_switch_v1,3,44,9044,1200044,station_wake,0,0.0,0.0,0.0,1,1,0,0,1,0,33,0.25,1,16,0.878936767578125,0.7989840898245546,1.1536133289337158,0.6708781233075752,5.242914259433746,24.81333799660206,0.3511180710321031,2.4269258803488913,0.0,0.8500000000000001,0.13257487563269355,0.16243858218377144,0.1001319095492363,0.13103020191192627,0.1001319095492363,0.3464517593383789,0.568673312664032,37,0.07546613819565473,3.5923589114225396
station_wake_L0,Hard-switch stage-aware SAC,strict_hard_switch_v1,hard_switch_v1,3,45,9045,1200045,station_wake,0,0.0,0.0,0.0,1,1,0,0,1,0,59,0.25,1,41,0.31258919835090637,0.3047542650313762,0.12371718883514404,0.06909252077508327,1.605551540851593,6.488783359527588,0.0945792470375445,0.7531138252030325,0.0,0.9,0.17217468755300586,0.2023412590629832,0.15308339893817902,0.16898010671138763,0.15308339893817902,0.16435104608535767,0.18148154020309448,63,0.049223073221636784,2.8281629826922514
station_wake_L0,Hard-switch stage-aware SAC,strict_hard_switch_v1,hard_switch_v1,3,46,9046,1200046,station_wake,0,0.0,0.0,0.0,1,1,0,0,1,0,50,0.25,1,32,0.2699439525604248,0.11186835776388662,1.5102910995483398,0.894439479389784,7.046397030353546,19.853971898555756,0.5826878429573156,2.828375027677988,0.6577884650115124,0.0,0.1627202224199352,0.18645110078105528,0.0029224895406514406,0.003739689476788044,0.0029224895406514406,0.03629785031080246,0.09330282919108868,54,0.06770842717444814,0.615926875918739
station_wake_L0,Hard-switch stage-aware SAC,strict_hard_switch_v1,hard_switch_v1,3,47,9047,1200047,station_wake,0,0.0,0.0,0.0,1,1,0,0,1,0,77,0.25,1,58,0.2553294599056244,0.21437704621288511,0.8436417579650879,0.40265496731813094,4.057030379772186,16.205359399318695,0.20525521300014643,1.3147682567629533,0.0,0.0,0.1297306650056969,0.15228392717301376,0.018204573914408682,0.022586019709706306,0.018204573914408682,0.03613191843032837,0.05831889808177948,81,0.07322411631834598,2.408818395957441
station_wake_L0,Hard-switch stage-aware SAC,strict_hard_switch_v1,hard_switch_v1,3,48,9048,1200048,station_wake,0,0.0,0.0,0.0,1,1,0,0,1,0,56,0.25,1,34,0.1368485689163208,0.11279028530330885,0.27865350246429443,0.1695593786352535,2.0701738074421883,9.104494601488113,0.14387477369257953,0.9573570890635085,0.0,0.30000000000000004,0.10480077743165643,0.12366780186884957,0.038039655238389966,0.042257603257894516,0.038039655238389966,0.059741511940956116,0.12251138687133789,60,0.07723061319764805,0.08471946532965642
station_wake_L0,Hard-switch stage-aware SAC,strict_hard_switch_v1,hard_switch_v1,3,49,9049,1200049,station_wake,0,0.0,0.0,0.0,1,1,0,0,1,0,36,0.25,1,18,0.49059823155403137,0.26000056647778486,1.4293959736824036,1.0853131562028338,2.834758460521698,14.317900240421295,0.32115027566215787,2.356586588379394,0.0,0.0,0.1463407150188987,0.17446521334285714,0.061039315164089204,0.06355463713407516,0.061039315164089204,0.04913598299026489,0.10554715991020203,40,0.06591625999310957,1.669610927749056
station_wake_L0,Hard-switch stage-aware SAC,strict_hard_switch_v1,hard_switch_v1,3,50,9050,1200050,station_wake,0,0.0,0.0,0.0,1,1,0,0,1,0,35,0.25,1,18,1.3185787200927734,1.2128732824998367,1.1951935291290283,0.8668538433883625,6.235761046409607,19.122344478964806,0.458031042274876,2.9219072542578886,0.9000052757527062,0.55,0.1737017954446287,0.2151235118402517,0.013223693706095219,0.03982236981391907,0.013223693706095219,0.4885600972920656,1.1989021301269531,39,0.07601936343782553,0.874009362328226
station_wake_L0,Hard-switch stage-aware SAC,strict_hard_switch_v1,hard_switch_v1,3,51,9051,1200051,station_wake,0,0.0,0.0,0.0,1,1,0,0,1,0,53,0.25,1,37,0.4654543399810791,0.37139576343257236,1.1173176765441895,0.8425288985016558,4.764217585325241,19.095804393291473,0.3939977403447095,1.9052638348105857,0.0,0.35000000000000003,0.15671118158536615,0.19840371615326577,0.06287260055541992,0.0733221247792244,0.06287260055541992,0.1513201743364334,0.24122431874275208,57,0.07012773833543016,0.12984297667921343
station_wake_L0,Hard-switch stage-aware SAC,strict_hard_switch_v1,hard_switch_v1,3,52,9052,1200052,station_wake,0,0.0,0.0,0.0,1,1,0,0,1,0,57,0.25,1,40,0.07070031762123108,0.043095342107853214,0.5433312058448792,0.3533681758534138,5.22337406873703,20.850370228290558,0.5433076874784293,1.7018272171250555,0.0,0.0,0.1542413787769759,0.18916623849408934,0.08464676290750503,0.10731959342956543,0.08464676290750503,0.26407553255558014,0.3260993957519531,61,0.06242078542806507,3.096252816813718
station_wake_L0,Hard-switch stage-aware SAC,strict_hard_switch_v1,hard_switch_v1,3,53,9053,1200053,station_wake,0,0.0,0.0,0.0,1,1,0,0,1,0,54,0.25,1,39,0.6455609798431396,0.4848251778239325,0.9616053104400635,0.7818596825345291,1.8218744546175003,8.548087775707245,0.16242747708234961,0.9484549103986784,0.0,0.2,0.2087622395335572,0.26732890785997504,0.013273788429796696,0.018743274733424187,0.013273788429796696,0.0771251879632473,0.13355672359466553,58,0.05365988012630813,0.4375792708280403
station_wake_L0,Hard-switch stage-aware SAC,strict_hard_switch_v1,hard_switch_v1,3,54,9054,1200054,station_wake,0,0.0,0.0,0.0,1,1,0,0,1,0,53,0.25,1,35,0.10644310712814331,0.08172876422759474,0.23342013359069824,0.12291361407188393,3.983971029520035,10.375557243824005,0.33940822041090435,1.3716187886586537,0.0,0.45,0.14675128571556748,0.18662267049738,0.07056304663419724,0.08511972427368164,0.07056304663419724,0.12583298981189728,0.19029684364795685,57,0.07725068128685253,1.6425947548173052
station_wake_L0,Hard-switch stage-aware SAC,strict_hard_switch_v1,hard_switch_v1,3,55,9055,1200055,station_wake,0,0.0,0.0,0.0,1,1,0,0,1,0,72,0.25,1,52,0.24940486252307892,0.1661766445176626,0.7478056848049164,0.4289884033408149,5.088556744158268,21.07168212532997,0.3147087189986549,2.286860863436438,0.0,0.5,0.1692997209690466,0.19616104009781019,0.014796027448028326,0.037130553275346756,0.014796027448028326,0.23444006778299809,0.32829105854034424,76,0.06651206708037136,0.23459341249296028
station_wake_L0,Hard-switch stage-aware SAC,strict_hard_switch_v1,hard_switch_v1,3,56,9056,1200056,station_wake,0,0.0,0.0,0.0,1,1,0,0,1,0,58,0.25,1,43,0.31157469749450684,0.15889425793084055,1.0594487190246582,0.6973034395048681,3.0857908725738525,12.287082225084305,0.4105320409512891,2.474823342295534,0.0,0.5,0.12943411680615524,0.146011754916695,0.11877669394016266,0.13909311592578888,0.11877669394016266,0.1899503767490387,0.28484031558036804,62,0.0732787453513416,0.9604965259718067
station_wake_L0,Hard-switch stage-aware SAC,strict_hard_switch_v1,hard_switch_v1,3,57,9057,1200057,station_wake,0,0.0,0.0,0.0,1,1,0,0,1,0,39,0.25,1,22,1.0811150074005127,0.9627736280303306,1.7200958728790283,0.9795152835246158,3.229629397392273,26.90659761428833,0.29955510753295495,2.4239843317043563,0.0,0.8,0.19821639535212715,0.23169488310187522,0.16834019720554352,0.1895829737186432,0.16834019720554352,0.2393348217010498,0.32890647649765015,43,0.054600076581951526,2.0171608347969237
station_wake_L0,Hard-switch stage-aware SAC,strict_hard_switch_v1,hard_switch_v1,3,58,9058,1200058,station_wake,0,0.0,0.0,0.0,1,1,0,0,1,0,57,0.25,1,39,0.3554052412509918,0.3240514629577562,0.48979103565216064,0.2533456895835953,0.9000217914581299,3.8502803444862366,0.29207238302071037,1.498858115358862,0.0,0.6000000000000001,0.13989426600937035,0.16194477841943924,0.0632084734737873,0.10142014920711517,0.0632084734737873,0.3781757354736328,0.4204285144805908,61,0.07987892959808965,1.0547248552659505
station_wake_L0,Hard-switch stage-aware SAC,strict_hard_switch_v1,hard_switch_v1,3,59,9059,1200059,station_wake,0,0.0,0.0,0.0,1,1,0,0,1,0,28,0.25,1,15,0.05059168487787247,0.030080068748936015,0.43355170637369156,0.2612778452109081,2.9714249074459076,17.751112319529057,0.38771105266096356,2.825028547177412,0.0,0.6000000000000001,0.16876642452244767,0.23554645555838688,0.1424240857362747,0.18032954633235931,0.1424240857362747,0.4014229476451874,0.5203551054000854,32,0.070414718299567,2.660739678209606
station_wake_L0,Hard-switch stage-aware SAC,strict_hard_switch_v1,hard_switch_v1,3,60,9060,1200060,station_wake,0,0.0,0.0,0.0,1,1,0,0,1,0,59,0.25,1,36,0.6876585483551025,0.3601698602501697,2.2398698329925537,1.5117007966476694,1.9758093357086182,10.314967036247253,0.17278010484578804,1.38545337862641,0.0,0.45,0.09917720297130157,0.11808878819217902,0.018298429623246192,0.023233234882354736,0.018298429623246192,0.06678691506385803,0.13532359153032303,63,0.0801918915467671,2.574877370153376
station_wake_L0,Hard-switch stage-aware SAC,strict_hard_switch_v1,hard_switch_v1,3,61,9061,1200061,station_wake,0,0.0,0.0,0.0,1,1,0,0,1,0,63,0.25,1,46,1.049175500869751,0.6990418836312365,1.758943796157837,1.421916708552523,5.020585060119629,22.36961543560028,0.2883061468230698,1.7092011836424157,3.572798743743504,0.05,0.10311006630989947,0.1259754245497582,0.030297284573316575,0.03497719764709473,0.030297284573316575,0.06783923506736755,0.11028654873371124,67,0.07962694204262788,3.0253084956784417
station_wake_L0,Hard-switch stage-aware SAC,strict_hard_switch_v1,hard_switch_v1,3,62,9062,1200062,station_wake,0,0.0,0.0,0.0,1,1,0,0,1,0,48,0.25,1,30,0.7378131151199341,0.4052917862583343,2.2240865230560303,1.5548528422154873,2.3178553581237793,11.819038391113281,0.4791532535340059,2.1212271001066685,0.0,0.0,0.12765571562173145,0.15006949326271865,0.0018917440436780452,0.005263439379632473,0.0018917440436780452,0.0688661728054285,0.1617402397096157,52,0.06884785792587172,2.5152713764837324
station_wake_L0,Hard-switch stage-aware SAC,strict_hard_switch_v1,hard_switch_v1,3,63,9063,1200063,station_wake,0,0.0,0.0,0.0,1,1,0,0,1,0,53,0.25,1,27,0.14093540608882904,0.06667090248433197,0.5857105553150177,0.35036746113146233,3.493175730109215,9.368250668048859,0.7122192979404476,2.7565176834379166,3.7638542893109816,0.0,0.0937506220375599,0.10784494125122945,0.06507683023810387,0.068538136780262,0.06507683023810387,0.03293110430240631,0.05410917103290558,57,0.07891943768372132,2.032932381920718
station_wake_L0,Hard-switch stage-aware SAC,strict_hard_switch_v1,hard_switch_v1,3,64,9064,1200064,station_wake,0,0.0,0.0,0.0,1,1,0,0,1,0,62,0.25,1,44,0.153437539935112,0.11886876874390609,0.5831022560596466,0.36078076786749413,2.0523395016789436,11.25084787607193,0.15573725320579984,1.0051633129961128,0.19267843586686967,0.0,0.18781088324738124,0.23201581462522144,0.044033526070415975,0.08568699657917023,0.044033526070415975,0.3911108560860157,0.493973046541214,66,0.05502687008391048,0.19267843586686967
station_wake_L0,Hard-switch stage-aware SAC,strict_hard_switch_v1,hard_switch_v1,3,65,9065,1200065,station_wake,0,0.0,0.0,0.0,1,1,0,0,1,0,44,0.25,1,25,0.4944632649421692,0.467809151415612,0.4029393196105957,0.23408691825174824,3.7864187359809875,13.679471239447594,0.35343392641983173,2.261480004117846,0.0,0.9500000000000001,0.12792378875220378,0.1582457100799469,0.155637726187706,0.19417697191238403,0.155637726187706,0.3859950304031372,0.4342803359031677,48,0.06658620557560509,3.2779134371778427
station_wake_L0,Hard-switch stage-aware SAC,strict_hard_switch_v1,hard_switch_v1,3,66,9066,1200066,station_wake,0,0.0,0.0,0.0,1,1,0,0,1,0,37,0.25,1,20,1.0802123546600342,0.6988232073637016,2.2021615505218506,1.87445883198188,11.15762609988451,34.126079082489014,0.6232850320531579,3.1638657218191506,0.0,0.05,0.13961943004783078,0.16889819306592552,0.009099734760820866,0.013743184506893158,0.009099734760820866,0.04857754614204168,0.059263017028570175,41,0.0715854313998454,1.4524223313651692
station_wake_L0,Hard-switch stage-aware SAC,strict_hard_switch_v1,hard_switch_v1,3,67,9067,1200067,station_wake,0,0.0,0.0,0.0,1,1,0,0,1,0,73,0.25,1,58,0.12180411070585251,0.09757804383847185,0.38925260305404663,0.1991235896189781,1.706748753786087,9.175466895103455,0.25862266913977777,1.3267562168197373,0.0,0.0,0.18239416036530362,0.21362672302432142,0.06463962867856025,0.07169004529714584,0.06463962867856025,0.2262028455734253,0.5509991198778152,77,0.06427233531532833,2.849388649311712
station_wake_L0,Hard-switch stage-aware SAC,strict_hard_switch_v1,hard_switch_v1,3,68,9068,1200068,station_wake,0,0.0,0.0,0.0,1,1,0,0,1,0,61,0.25,1,43,0.18545405566692352,0.16330590700851938,0.4856780171394348,0.259324356041481,4.2063575983047485,15.852738618850708,0.288688981682376,1.8509453585886095,0.3837464678739237,0.0,0.1682367805450192,0.1979785353580261,0.008024570485576987,0.013081252574920654,0.008024570485576987,0.0668492941185832,0.09744158945977688,65,0.061552795333824344,0.3837464678739237
station_wake_L0,Hard-switch stage-aware SAC,strict_hard_switch_v1,hard_switch_v1,3,69,9069,1200069,station_wake,0,0.0,0.0,0.0,1,1,0,0,1,0,49,0.25,1,30,0.5997446775436401,0.3790760055690325,1.5563791990280151,1.138241867085714,3.7140601873397827,15.911175832152367,0.367544496455312,2.067703626509055,0.0,0.0,0.11898859245463429,0.13876562598139444,0.012521382700651885,0.0196981281042099,0.012521382700651885,0.07515772059559822,0.09597686119377613,53,0.07349671465644757,2.900098961917649
station_wake_L0,Hard-switch stage-aware SAC,strict_hard_switch_v1,hard_switch_v1,3,70,9070,1200070,station_wake,0,0.0,0.0,0.0,1,1,0,0,1,0,38,0.25,1,21,0.18447089195251465,0.1299719705357226,0.5077084898948669,0.3401069591136758,4.569902196526527,18.10443378984928,0.6091508204491161,2.944291455148333,0.44834802454991746,0.0,0.10634939960548348,0.13854363632754355,0.021946024522185324,0.02590065449476242,0.021946024522185324,0.053179241716861725,0.11011376976966858,42,0.07498432717983981,0.44834802454991746
station_wake_L0,Hard-switch stage-aware SAC,strict_hard_switch_v1,hard_switch_v1,3,71,9071,1200071,station_wake,0,0.0,0.0,0.0,1,1,0,0,1,0,36,0.25,1,18,0.4923405945301056,0.24023992313873566,1.6626101732254028,1.1646400725308965,4.29402232170105,18.13662827014923,0.4804064260834692,2.5761621176624314,0.0,0.0,0.1857613407602741,0.22081693465080549,0.05435037314891815,0.0570153072476387,0.05435037314891815,0.09167429804801941,0.27624763548374176,40,0.06327604115941178,1.821914968173643
station_wake_L0,Hard-switch stage-aware SAC,strict_hard_switch_v1,hard_switch_v1,3,72,9072,1200072,station_wake,0,0.0,0.0,0.0,1,1,0,0,1,0,47,0.25,1,28,0.599926233291626,0.34937904076275295,1.5138351917266846,1.0655755892817969,3.4840750694274902,20.676696449518204,0.47496072339606016,2.5939460607568865,0.0,0.5,0.17513659415196794,0.20443502739330568,0.014156227651983499,0.0373387485742569,0.014156227651983499,0.26283364556729794,0.4688824713230133,51,0.06547127752144137,0.24844263489136606
station_wake_L0,Hard-switch stage-aware SAC,strict_hard_switch_v1,hard_switch_v1,3,73,9073,1200073,station_wake,0,0.0,0.0,0.0,1,1,0,0,1,0,39,0.25,1,21,0.2713388502597809,0.1826861255455743,0.7924765348434448,0.509649769313095,5.441146790981293,21.5158711373806,0.4355654308855416,2.9236397744714036,0.8401261812379679,0.2,0.11058751711494075,0.14204396266269007,0.010046461317688226,0.017572712153196335,0.010046461317688226,0.083955567330122,0.10734755545854568,43,0.07588248507907813,0.8401261812379679
station_wake_L0,Hard-switch stage-aware SAC,strict_hard_switch_v1,hard_switch_v1,3,74,9074,1200074,station_wake,0,0.0,0.0,0.0,1,1,0,0,1,0,54,0.25,1,36,0.13730347156524658,0.06369767383558037,0.9504961222410202,0.5187593869146998,4.250835552811623,25.870184525847435,0.5377045661927439,3.034682876858106,0.0,0.9,0.10771942438826194,0.13305403308539654,0.10255686044692994,0.10970301926136017,0.10255686044692994,0.1523248553276062,0.2884921431541443,58,0.047443460062275664,3.5516680594421888
station_wake_L0,Hard-switch stage-aware SAC,strict_hard_switch_v1,hard_switch_v1,3,75,9075,1200075,station_wake,0,0.0,0.0,0.0,1,1,0,0,1,0,67,0.25,1,51,0.5814049243927002,0.5054429979132261,0.9059572219848633,0.5537343278794908,10.358331203460693,35.029249489307404,0.5778839367855859,2.4034368735679212,2.0503468029833116,0.35000000000000003,0.17371367096140716,0.2112074003674639,0.08786371499300002,0.11430072784423828,0.08786371499300002,0.2721245288848877,0.30026257038116455,71,0.06662922714088843,2.0503468029833116
station_wake_L0,Hard-switch stage-aware SAC,strict_hard_switch_v1,hard_switch_v1,3,76,9076,1200076,station_wake,0,0.0,0.0,0.0,1,1,0,0,1,0,60,0.25,1,42,0.16961678862571716,0.08921854826716534,0.986887514591217,0.6538131316508989,2.5660841166973114,16.578350067138672,0.3092548776810243,2.012886030439873,3.319859549861595,0.0,0.1918716724269109,0.22344940374046335,0.025968949869275094,0.04345014691352844,0.025968949869275094,0.25006281584501266,0.37647534161806107,64,0.06276713435538228,2.9485743085611102
station_wake_L0,Hard-switch stage-aware SAC,strict_hard_switch_v1,hard_switch_v1,3,77,9077,1200077,station_wake,0,0.0,0.0,0.0,1,1,0,0,1,0,68,0.25,1,48,0.2095181941986084,0.12786591044388906,1.1269453167915344,0.8519789922177884,1.0519373416900635,4.7919511795043945,0.20808300644945976,1.1440232267152362,0.18416089648717288,0.2,0.13113017821588008,0.1512402374714339,0.0010671238182112575,0.0019042304484173656,0.0010671238182112575,0.023532520979642868,0.04484630189836025,72,0.07089305873714706,0.17708551419812724
station_wake_L0,Hard-switch stage-aware SAC,strict_hard_switch_v1,hard_switch_v1,3,78,9078,1200078,station_wake,0,0.0,0.0,0.0,1,1,0,0,1,0,71,0.25,1,55,0.33898231387138367,0.2965940816913337,0.7940170168876648,0.489777768202747,3.0619488656520844,12.283034920692444,0.27205705794480506,1.4484693475757997,0.0,0.45,0.20496780025822564,0.2494585924287863,0.03398919142782688,0.04181278869509697,0.03398919142782688,0.15711280703544617,0.29007449746131897,75,0.06086884544915983,2.6398183818950343
station_wake_L0,Hard-switch stage-aware SAC,strict_hard_switch_v1,hard_switch_v1,3,79,9079,1200079,station_wake,0,0.0,0.0,0.0,1,1,0,0,1,0,41,0.25,1,24,1.2225762605667114,0.9208368213158985,1.7947840690612793,1.4435316148354982,10.78432708978653,27.64600157737732,0.5667668173635787,3.213734725305572,0.0,0.5,0.11121035722897377,0.13515197403711696,0.07213491350412368,0.09694608300924301,0.07213491350412368,0.2617650777101517,0.3401055932044983,45,0.08039591116999459,0.6395377193015623
station_wake_L0,Hard-switch stage-aware SAC,strict_hard_switch_v1,hard_switch_v1,3,80,9080,1200080,station_wake,0,0.0,0.0,0.0,1,1,0,0,1,0,30,0.25,1,13,0.5082581639289856,0.3463735658839776,1.1656832695007324,0.8009892796463481,7.7487123012542725,26.762213110923767,0.6984640390407753,4.4484841307279845,2.40402467037715,0.0,0.14267591607209967,0.17721650015487028,0.03174609243869782,0.04706115275621414,0.03174609243869782,0.15473243594169617,0.2446189522743225,34,0.07050770439645157,0.3790449231670013
station_wake_L0,Hard-switch stage-aware SAC,strict_hard_switch_v1,hard_switch_v1,3,81,9081,1200081,station_wake,0,0.0,0.0,0.0,1,1,0,0,1,0,55,0.25,1,37,0.735654354095459,0.5088666482842362,1.1286866664886475,0.95646649684926,5.511950924992561,18.916637003421783,0.39032262519826966,2.3766304399148677,0.45494636081412004,0.15000000000000002,0.1311120943882221,0.15386031303478942,0.0332022950053215,0.042616479098796844,0.0332022950053215,0.15030400454998016,0.2550668269395828,59,0.07239083361671057,0.45494636081412004
station_wake_L0,Hard-switch stage-aware SAC,strict_hard_switch_v1,hard_switch_v1,3,82,9082,1200082,station_wake,0,0.0,0.0,0.0,1,1,0,0,1,0,52,0.25,1,32,0.18869930505752563,0.13317780185511602,1.1677439510822296,0.664786873720856,5.411480963230133,27.64153301715851,0.519226272414875,3.4514802499088466,0.0,0.0,0.1291628906828969,0.15876887964937803,0.045559578388929364,0.046758390963077545,0.045559578388929364,0.03230154514312744,0.06596945226192474,56,0.07359896438406748,1.2064779982452938
station_wake_L0,Hard-switch stage-aware SAC,strict_hard_switch_v1,hard_switch_v1,3,83,9083,1200083,station_wake,0,0.0,0.0,0.0,1,1,0,0,1,0,44,0.25,1,26,0.8734841346740723,0.638187017020232,1.5886402130126953,0.9817383939548702,3.9003599109128118,18.341721296310425,0.45653115905897923,2.7069279341192676,2.5058467826461728,0.55,0.11871276390081054,0.14376153837691613,0.07038239873945713,0.12622101604938507,0.07038239873945713,0.5825468823313713,0.874350368976593,48,0.07754889224394433,2.5058467826461728
station_wake_L0,Hard-switch stage-aware SAC,strict_hard_switch_v1,hard_switch_v1,3,84,9084,1200084,station_wake,0,0.0,0.0,0.0,1,1,0,0,1,0,40,0.25,1,20,0.36868149042129517,0.23474365136497904,1.5984100103378296,1.4642767825082725,3.197500705718994,10.06047010421753,0.4941871020460902,2.7649558076305167,0.0,1.0,0.10053678936230195,0.12541657235816006,0.11295061111450196,0.12483131140470505,0.11295061111450196,0.13374799489974976,0.1729707419872284,44,0.06642437344630371,3.5652746500425003
station_wake_L0,Hard-switch stage-aware SAC,strict_hard_switch_v1,hard_switch_v1,3,85,9085,1200085,station_wake,0,0.0,0.0,0.0,1,1,0,0,1,0,55,0.25,1,40,0.25168222188949585,0.21028023227029452,0.5725373327732086,0.38090672322491115,2.624494880437851,13.708842694759369,0.4092415337276895,2.0361161396405763,0.3199220853398569,0.1,0.13928129560148983,0.16828899873455055,0.012803356535732746,0.022242188453674316,0.012803356535732746,0.15010903775691986,0.24205535650253296,59,0.07356032727272542,0.3199220853398569
station_wake_L0,Hard-switch stage-aware SAC,strict_hard_switch_v1,hard_switch_v1,3,86,9086,1200086,station_wake,0,0.0,0.0,0.0,1,1,0,0,1,0,33,0.25,1,10,1.1500720977783203,0.8668662250258268,1.639915108680725,1.358628882369277,0.22906899452209473,0.5757617950439453,0.3451659025008313,1.434439209641166,0.0,0.9500000000000001,0.10950067646980291,0.1320602468059088,0.11061578392982482,0.12451644241809845,0.11061578392982482,0.16839054226875305,0.2817276120185852,37,0.07403594771696866,1.461146190482568
station_wake_L0,Hard-switch stage-aware SAC,strict_hard_switch_v1,hard_switch_v1,3,87,9087,1200087,station_wake,0,0.0,0.0,0.0,1,1,0,0,1,0,57,0.25,1,33,0.4081867039203644,0.2258279533689902,1.5122422575950623,1.304125059197053,0.8875536918640137,3.1339919567108154,0.38166848394645125,1.711199712633663,0.0,1.2000000000000002,0.08232772828069648,0.09832944032726584,0.12426232844591141,0.1452929973602295,0.12426232844591141,0.20702454447746277,0.25209516286849976,61,0.06361768495117494,3.3375905075035366
station_wake_L0,Hard-switch stage-aware SAC,strict_hard_switch_v1,hard_switch_v1,3,88,9088,1200088,station_wake,0,0.0,0.0,0.0,1,1,0,0,1,0,54,0.25,1,35,0.33012908697128296,0.22610637581846224,0.748649537563324,0.4411761242226518,2.5059008598327637,14.437134265899658,0.2544300624157451,1.9170370135623416,1.1590620779751248,0.35000000000000003,0.14975026247339196,0.17403388772972173,0.04222654178738594,0.06123824417591095,0.04222654178738594,0.1842402070760727,0.22636011242866516,58,0.07344324373090504,1.1590620779751248
station_wake_L0,Hard-switch stage-aware SAC,strict_hard_switch_v1,hard_switch_v1,3,89,9089,1200089,station_wake,0,0.0,0.0,0.0,1,1,0,0,1,0,54,0.25,1,39,0.2634011507034302,0.24023306097373212,1.4736279845237732,0.7086477047444882,5.122498273849487,16.49055615067482,0.4585094819772516,2.643898821315024,0.0,0.35000000000000003,0.1482786978879857,0.18460778705586042,0.05089302211999893,0.06566779315471649,0.05089302211999893,0.14921821653842926,0.2314472198486328,58,0.07243229605772017,0.7414664999155138
station_wake_L0,Hard-switch stage-aware SAC,strict_hard_switch_v1,hard_switch_v1,3,90,9090,1200090,station_wake,0,0.0,0.0,0.0,1,1,0,0,1,0,35,0.25,0,-1,nan,nan,nan,nan,nan,nan,nan,nan,0.0,nan,0.058565114928926965,0.07054334143444928,0.14743687212467194,0.18349042534828186,0.14743687212467194,0.35449475049972534,0.4321447014808655,39,0.03186623620891206,2.9265183470706697
station_wake_L0,Hard-switch stage-aware SAC,strict_hard_switch_v1,hard_switch_v1,3,91,9091,1200091,station_wake,0,0.0,0.0,0.0,1,1,0,0,1,0,61,0.25,1,44,0.33912035822868347,0.291892832189363,0.5454039573669434,0.28833299615751845,2.544117718935013,9.6519336104393,0.19056420287823223,1.5464565504810146,0.32595354258337483,0.55,0.12520765716164675,0.14926815274660848,0.12127961069345475,0.16302743554115295,0.12127961069345475,0.40651360154151917,0.4508078098297119,65,0.07575982263778364,0.32595354258337483
station_wake_L0,Hard-switch stage-aware SAC,strict_hard_switch_v1,hard_switch_v1,3,92,9092,1200092,station_wake,0,0.0,0.0,0.0,1,1,0,0,1,0,64,0.25,1,45,0.39834481477737427,0.3167477318450271,1.131790280342102,0.8545737837517372,6.985464245080948,23.901184797286987,0.3647705275108767,1.7716775215516316,0.0,0.9500000000000001,0.12787824644783657,0.14854832710430915,0.03235961087048054,0.038905173540115356,0.03235961087048054,0.06599270552396774,0.1317908614873886,68,0.06840261805177796,4.570129519413838
station_wake_L0,Hard-switch stage-aware SAC,strict_hard_switch_v1,hard_switch_v1,3,93,9093,1200093,station_wake,0,0.0,0.0,0.0,1,1,0,0,1,0,71,0.25,1,53,0.4136224389076233,0.37873162603690086,0.8901524543762207,0.41284009794464993,3.1345129013061523,17.441205382347107,0.1840682182798536,1.4645020962537563,0.0,0.55,0.2062397701469551,0.23775414442060272,0.10601629465818405,0.13161884248256683,0.10601629465818405,0.24985164403915405,0.3650631010532379,75,0.05949995494587796,1.663278915501631
station_wake_L0,Hard-switch stage-aware SAC,strict_hard_switch_v1,hard_switch_v1,3,94,9094,1200094,station_wake,0,0.0,0.0,0.0,1,1,0,0,1,0,60,0.25,1,44,0.45620885491371155,0.40438696322888934,0.5786228179931641,0.4143149135494367,4.800529293715954,14.79321613907814,0.3987825146191787,1.9502895582034456,0.0,0.55,0.15713595415351683,0.19174544453700776,0.14081951528787612,0.15355439484119415,0.14081951528787612,0.1337771713733673,0.26510074734687805,64,0.06623149710966321,0.9932950943662079
station_wake_L0,Hard-switch stage-aware SAC,strict_hard_switch_v1,hard_switch_v1,3,95,9095,1200095,station_wake,0,0.0,0.0,0.0,1,1,0,0,1,0,58,0.25,1,40,0.5017268657684326,0.4240619851092318,1.052435040473938,0.8117537167214435,4.574468568898737,23.956924080848694,0.6676655729801054,2.262134624030294,0.25455968294292075,0.15000000000000002,0.1785823672993256,0.19815272587666874,0.023583763837814332,0.02856532111763954,0.023583763837814332,0.05232834070920944,0.11341363191604614,62,0.06431561892583823,0.45566406428550027
station_wake_L0,Hard-switch stage-aware SAC,strict_hard_switch_v1,hard_switch_v1,3,96,9096,1200096,station_wake,0,0.0,0.0,0.0,1,1,0,0,1,0,46,0.25,1,30,0.20540544390678406,0.14365443131749067,0.832006186246872,0.5760615994451935,1.9211813807487488,7.664200663566589,0.38984512453332204,2.0599465906631846,0.0,0.6000000000000001,0.14784439232210841,0.18951075433792058,0.08717336356639863,0.10916822403669357,0.08717336356639863,0.2390996515750885,0.4113765060901642,50,0.07577247070352525,2.24946965573422
station_wake_L0,Hard-switch stage-aware SAC,strict_hard_switch_v1,hard_switch_v1,3,97,9097,1200097,station_wake,0,0.0,0.0,0.0,1,1,0,0,1,0,60,0.25,1,40,0.2602933645248413,0.16998881558878695,0.901259109377861,0.6269667142230526,1.8394708633422852,12.036028504371643,0.23135648373103285,1.2371542086514646,0.0,1.0,0.09117482710324051,0.10746386175600493,0.11237605661153793,0.14001131057739258,0.11237605661153793,0.27913787961006165,0.3422445058822632,64,0.08280790157969752,3.565516481427801
station_wake_L0,Hard-switch stage-aware SAC,strict_hard_switch_v1,hard_switch_v1,3,98,9098,1200098,station_wake,0,0.0,0.0,0.0,1,1,0,0,1,0,82,0.25,1,63,0.3581499457359314,0.306952009404417,0.7578727602958679,0.4755003650277812,3.5253122448921204,12.507304251194,0.27489668463475375,1.450514209598087,0.5027458922557204,0.05,0.14964933058367527,0.17312514355270262,0.04259483590722084,0.04438292980194092,0.04259483590722084,0.016362041234970093,0.025391429662704468,86,0.0698294434021717,0.5027458922557204
station_wake_L0,Hard-switch stage-aware SAC,strict_hard_switch_v1,hard_switch_v1,3,99,9099,1200099,station_wake,0,0.0,0.0,0.0,1,1,0,0,1,0,44,0.25,1,23,0.9343670606613159,0.6029789969966048,1.6043674945831299,1.4617099570138126,6.751267611980438,19.624365270137787,0.45043700838646367,3.393092651031105,0.0,0.1,0.11822322274458277,0.13731693922612404,0.004492191364988685,0.007585900370031595,0.004492191364988685,0.02763856016099453,0.03937422297894955,48,0.07753571758533302,2.4316487301450316
station_wake_L0,Hard-switch stage-aware SAC,strict_hard_switch_v1,hard_switch_v1,4,0,9000,1200000,station_wake,0,0.0,0.0,0.0,1,1,0,0,1,0,54,0.25,1,36,0.09973711520433426,0.06726021738589018,0.5120435357093811,0.3236369615794421,3.1664768792688847,18.14050003886223,0.4771203136105091,2.2863435807336936,0.07550345906604648,0.0,0.12329033796284945,0.15139409132772713,0.05811829045414925,0.06595499068498611,0.05811829045414925,0.10755257308483124,0.1575624942779541,58,0.07778620751944604,1.4501403011304443
station_wake_L0,Hard-switch stage-aware SAC,strict_hard_switch_v1,hard_switch_v1,4,1,9001,1200001,station_wake,0,0.0,0.0,0.0,1,1,0,0,1,0,49,0.25,1,29,1.1376276016235352,0.7985982731445961,2.137247323989868,1.7175233942733665,12.774888277053833,37.85436391830444,0.7444102869190355,2.906602795917575,3.5467829800817485,0.05,0.14831718801068025,0.16613785888685406,0.042687834799289705,0.04497150331735611,0.042687834799289705,0.030877619981765747,0.04329681396484375,53,0.0634807517591321,2.4063268710142673
station_wake_L0,Hard-switch stage-aware SAC,strict_hard_switch_v1,hard_switch_v1,4,2,9002,1200002,station_wake,0,0.0,0.0,0.0,1,1,0,0,1,0,36,0.25,1,25,0.5184682011604309,0.3915384530811648,0.678555965423584,0.5049735408639969,3.109806403517723,10.923385545611382,0.29602467910662295,1.7312598040834009,0.21991024000515183,0.2,0.3336709234296772,0.4547315670945685,0.08171958699822426,0.13240447640419006,0.08171958699822426,0.4939410835504532,0.9703594446182251,40,0.04105603352376189,0.21991024000515183
station_wake_L0,Hard-switch stage-aware SAC,strict_hard_switch_v1,hard_switch_v1,4,3,9003,1200003,station_wake,0,0.0,0.0,0.0,1,1,0,0,1,0,55,0.25,1,40,0.36701154708862305,0.27552968875525136,0.5867651104927063,0.4250223625741917,2.6801542937755585,10.668148398399353,0.3049247267111714,1.3033554225249901,0.0,0.30000000000000004,0.13442379355547562,0.20086761688970767,0.05062862038612366,0.05803030729293823,0.05062862038612366,0.11523257195949554,0.283454954624176,59,0.07442033497756988,1.1523421323271843
station_wake_L0,Hard-switch stage-aware SAC,strict_hard_switch_v1,hard_switch_v1,4,4,9004,1200004,station_wake,0,0.0,0.0,0.0,1,1,0,0,1,0,56,0.25,1,39,0.5920646786689758,0.5173310310825308,0.7149207592010498,0.44829068990173193,2.3150914907455444,15.008278340101242,0.16371158415069795,1.1564758473405425,0.3749163139375666,0.35000000000000003,0.1852805339621217,0.21864766325514293,0.06599934622645379,0.09182093292474747,0.06599934622645379,0.25838297605514526,0.34550726413726807,60,0.06130061131764391,0.3749163139375666
station_wake_L0,Hard-switch stage-aware SAC,strict_hard_switch_v1,hard_switch_v1,4,5,9005,1200005,station_wake,0,0.0,0.0,0.0,1,1,0,0,1,0,59,0.25,1,43,0.23516099154949188,0.20731191710292857,0.4071792960166931,0.1757777847708886,2.421283663716167,7.93138675391674,0.4295369329525291,1.564551360658328,0.0,0.25,0.1458904503968375,0.16674846147736755,0.04339831545948982,0.054844751954078674,0.04339831545948982,0.12897905707359314,0.22738739848136902,63,0.06874990293000868,0.201631293084449
station_wake_L0,Hard-switch stage-aware SAC,strict_hard_switch_v1,hard_switch_v1,4,6,9006,1200006,station_wake,0,0.0,0.0,0.0,1,1,0,0,1,0,32,0.25,0,-1,nan,nan,nan,nan,nan,nan,nan,nan,0.0,nan,0.1164104560411853,0.13499966470386468,0.01973838023841381,0.022459907457232475,0.01973838023841381,0.037539415061473846,0.048079416155815125,36,0.07462773833531737,3.034038331211364
station_wake_L0,Hard-switch stage-aware SAC,strict_hard_switch_v1,hard_switch_v1,4,7,9007,1200007,station_wake,0,0.0,0.0,0.0,1,1,0,0,1,0,58,0.25,1,41,0.3004271984100342,0.21134256571358992,1.995600312948227,1.2135247335123132,6.755983829498291,28.72440993785858,0.3992582782825078,2.253778815237174,1.1292906707652144,0.0,0.11355606141316159,0.14120412322365963,0.0376570712774992,0.044810857623815536,0.0376570712774992,0.08481685072183609,0.1532939076423645,62,0.07622534912840064,0.01917712680171943
station_wake_L0,Hard-switch stage-aware SAC,strict_hard_switch_v1,hard_switch_v1,4,8,9008,1200008,station_wake,0,0.0,0.0,0.0,1,1,0,0,1,0,39,0.25,1,25,0.09430281817913055,0.06603207295219116,1.0176066309213638,0.48359871223757067,3.399634063243866,15.772937573492527,0.6460084632585407,2.3554014984139533,0.0,0.15000000000000002,0.18712239151412674,0.26123388241620565,0.06762713342905044,0.08385316282510757,0.06762713342905044,0.14344477653503418,0.1960548758506775,43,0.05963847876272392,2.1545097491469445
station_wake_L0,Hard-switch stage-aware SAC,strict_hard_switch_v1,hard_switch_v1,4,9,9009,1200009,station_wake,0,0.0,0.0,0.0,1,1,0,0,1,0,38,0.25,1,24,0.23189932107925415,0.1468950163593005,1.2556242942810059,0.8860633249706453,2.3638784885406494,13.032124042510986,0.35002170667626004,2.062571085323187,0.7720771666196895,0.35000000000000003,0.22008447325712713,0.27658262913405846,0.08719495683908463,0.12790197134017944,0.08719495683908463,0.3623543083667755,0.44981375336647034,42,0.05508608973717744,0.7720771666196895
station_wake_L0,Hard-switch stage-aware SAC,strict_hard_switch_v1,hard_switch_v1,4,10,9010,1200010,station_wake,0,0.0,0.0,0.0,1,1,0,0,1,0,30,0.25,0,-1,nan,nan,nan,nan,nan,nan,nan,nan,0.0,nan,0.076970762236175,0.09581082567387007,0.13267738074064256,0.17687180638313293,0.13267738074064256,0.4700947105884552,0.7160678505897522,34,0.05553290093868135,3.5069213557553196
station_wake_L0,Hard-switch stage-aware SAC,strict_hard_switch_v1,hard_switch_v1,4,11,9011,1200011,station_wake,0,0.0,0.0,0.0,1,1,0,0,1,0,46,0.25,1,34,0.49601852893829346,0.2563390657372385,1.6531693935394287,1.1948835849836519,2.0519256591796875,8.373025059700012,0.41099034222125513,2.2359271913664793,0.0,0.0,0.2206829498479051,0.32673158082391934,0.11175706833600998,0.15294450521469116,0.11175706833600998,0.4159708619117737,0.5451112985610962,50,0.057118654968540794,1.4253273978145518
station_wake_L0,Hard-switch stage-aware SAC,strict_hard_switch_v1,hard_switch_v1,4,12,9012,1200012,station_wake,0,0.0,0.0,0.0,1,1,0,0,1,0,61,0.25,1,44,0.2737857699394226,0.23922488763475525,1.1512775719165802,0.5702132653647769,1.8308665044605732,14.086383730173111,0.36993531321532536,1.7124580610370317,0.6192370097061093,0.1,0.10692456143049012,0.12158608461915116,0.040405945107340815,0.05584330856800079,0.040405945107340815,0.14879237115383148,0.21764595061540604,65,0.07654032270561843,0.6192370097061093
station_wake_L0,Hard-switch stage-aware SAC,strict_hard_switch_v1,hard_switch_v1,4,13,9013,1200013,station_wake,0,0.0,0.0,0.0,1,1,0,0,1,0,58,0.25,1,42,0.3227962255477905,0.18190671114966872,1.4340685307979584,1.1436761155094517,2.3191434144973755,12.98458993434906,0.30238394273301566,1.6423023511904247,0.0,0.2,0.14636884573442072,0.1935578177897947,0.019039914943277836,0.03437930345535278,0.019039914943277836,0.1335008554160595,0.21488666534423828,62,0.0675777379226649,1.305005291291726
station_wake_L0,Hard-switch stage-aware SAC,strict_hard_switch_v1,hard_switch_v1,4,14,9014,1200014,station_wake,0,0.0,0.0,0.0,1,1,0,0,1,0,50,0.25,1,34,0.5632535219192505,0.4246361477946525,0.8062154054641724,0.600117889434732,2.005562037229538,10.432184040546417,0.24587465284860094,1.8358028142594442,1.4332049538051035,0.1,0.14061125280526238,0.16942840927873942,0.04239395260810852,0.055673595517873764,0.04239395260810852,0.19791768491268158,0.3889413923025131,54,0.0737597725091186,1.4332049538051035
station_wake_L0,Hard-switch stage-aware SAC,strict_hard_switch_v1,hard_switch_v1,4,15,9015,1200015,station_wake,0,0.0,0.0,0.0,1,1,0,0,1,0,47,0.25,1,35,0.39194729924201965,0.1827418394852017,1.7394012212753296,1.0537216668953184,4.816300272941589,23.061023354530334,0.3067405717503121,1.763718252260818,1.6935001547014104,0.0,0.21372727554820536,0.32539519332545513,0.032238739728927615,0.03805382922291756,0.032238739728927615,0.12114620208740234,0.30288249254226685,51,0.05195207258856782,1.6935001547014104
station_wake_L0,Hard-switch stage-aware SAC,strict_hard_switch_v1,hard_switch_v1,4,16,9016,1200016,station_wake,0,0.0,0.0,0.0,1,1,0,0,1,0,39,0.25,1,18,1.1618525981903076,1.0959521589732735,1.116873025894165,0.7494372864589106,4.959162473678589,19.623434245586395,0.30571600259982573,2.4781163329020175,0.0,1.05,0.11414814395189868,0.132951114918513,0.18242161571979523,0.22694383561611176,0.18242161571979523,0.45159441232681274,0.5645588040351868,43,0.046503664980735666,2.890525384578818
station_wake_L0,Hard-switch stage-aware SAC,strict_hard_switch_v1,hard_switch_v1,4,17,9017,1200017,station_wake,0,0.0,0.0,0.0,1,1,0,0,1,0,49,0.25,1,31,0.1723046898841858,0.08169788325071246,1.4157764613628387,0.8628460319481399,4.6610598266124725,19.99377880245447,0.3475748550821687,2.416428252705445,0.0,0.0,0.14685853202538007,0.16706806521738068,0.0266668900847435,0.030109314247965813,0.0266668900847435,0.04650944471359253,0.06733380258083344,53,0.07350922897340162,1.2621557793685338
station_wake_L0,Hard-switch stage-aware SAC,strict_hard_switch_v1,hard_switch_v1,4,18,9018,1200018,station_wake,0,0.0,0.0,0.0,1,1,0,0,1,0,60,0.25,1,33,0.14006666839122772,0.08381909282618878,0.4190512001514435,0.28556006162407355,2.622452974319458,12.628740668296814,0.29501435085289024,1.9187317334305125,0.0,1.35,0.03538009101932207,0.04017427059808099,0.1327989637851715,0.16178353130817413,0.1327989637851715,0.29359206557273865,0.36517053842544556,64,0.03926054916996224,3.210453152849508
station_wake_L0,Hard-switch stage-aware SAC,strict_hard_switch_v1,hard_switch_v1,4,19,9019,1200019,station_wake,0,0.0,0.0,0.0,1,1,0,0,1,0,47,0.25,1,31,0.24799874424934387,0.1760481334006712,1.2086831778287888,0.8493404303529362,5.201001958921552,16.582280695438385,0.30001969520476945,1.5353544189384658,0.0,0.4,0.14149454927972632,0.19860729333458027,0.07074829265475273,0.08570187538862228,0.07074829265475273,0.15810908377170563,0.1827464997768402,51,0.07269339261839299,1.370728679858468
station_wake_L0,Hard-switch stage-aware SAC,strict_hard_switch_v1,hard_switch_v1,4,20,9020,1200020,station_wake,0,0.0,0.0,0.0,1,1,0,0,1,0,41,0.25,1,22,1.1751832962036133,0.8389885398706138,2.2364389896392822,1.5501419992691805,9.771718382835388,37.60542035102844,0.9150657467182151,3.9173702805851014,2.2481539905453465,0.15000000000000002,0.09417620124144224,0.1096776288480034,0.023496983759105205,0.0371505506336689,0.023496983759105205,0.12797099724411964,0.17827928066253662,45,0.07664697928675782,2.2481539905453465
station_wake_L0,Hard-switch stage-aware SAC,strict_hard_switch_v1,hard_switch_v1,4,21,9021,1200021,station_wake,0,0.0,0.0,0.0,1,1,0,0,1,0,59,0.25,1,39,0.25002923607826233,0.16110704076028545,0.7130736112594604,0.4429520969549754,2.619932498782873,13.681602291762829,0.327558435860066,1.3900858578708495,0.0,0.0,0.1265307547487461,0.15395254647002773,0.008023986313492059,0.014226613566279411,0.008023986313492059,0.09981304407119751,0.15059160999953747,63,0.07590973805419961,0.37004569536825993
station_wake_L0,Hard-switch stage-aware SAC,strict_hard_switch_v1,hard_switch_v1,4,22,9022,1200022,station_wake,0,0.0,0.0,0.0,1,1,0,0,1,0,31,0.25,1,17,0.12144944071769714,0.08808998690588453,0.4063805937767029,0.18490514450494766,1.574091762304306,10.252452418208122,0.6827394733750661,3.185907152254747,0.0,0.0,0.1556720548795571,0.22693949036125488,0.02554510161280632,0.03147511184215546,0.02554510161280632,0.09415554255247116,0.29646243900060654,35,0.0684328103619178,1.3716259959606785
station_wake_L0,Hard-switch stage-aware SAC,strict_hard_switch_v1,hard_switch_v1,4,23,9023,1200023,station_wake,0,0.0,0.0,0.0,1,1,0,0,1,0,70,0.25,1,40,0.08180523663759232,0.03276582344633477,0.7682175934314728,0.3980655549406079,1.4843526110053062,9.765014350414276,0.20984533009481474,1.3737722352652102,0.0,1.5,0.052246815314128184,0.059245837088935716,0.11733515411615372,0.13370105624198914,0.11733515411615372,0.16935458779335022,0.20350873470306396,74,0.032658646860003415,3.548249122875774
station_wake_L0,Hard-switch stage-aware SAC,strict_hard_switch_v1,hard_switch_v1,4,24,9024,1200024,station_wake,0,0.0,0.0,0.0,1,1,0,0,1,0,51,0.25,1,35,0.6499952077865601,0.47138222719699774,0.973401665687561,0.7189198594827905,4.263267070055008,16.073611676692963,0.27348142051405355,1.200259251572054,2.547862904768918,0.2,0.15686684159611813,0.19947911173157798,0.02566946791484952,0.05813121423125267,0.02566946791484952,0.32160587050020695,0.531696155667305,55,0.06363883850327064,2.547862904768918
station_wake_L0,Hard-switch stage-aware SAC,strict_hard_switch_v1,hard_switch_v1,4,25,9025,1200025,station_wake,0,0.0,0.0,0.0,1,1,0,0,1,0,36,0.25,1,22,0.6731253266334534,0.44020671264305317,1.3265252113342285,1.0013413935003437,2.1727287769317627,9.6361643075943,0.4304865229559092,2.1281348635446165,0.0,0.1,0.1719324307133673,0.22560674797955504,0.01685810163617134,0.031959690153598785,0.01685810163617134,0.2046564370393753,0.43143145740032196,40,0.06732065479904357,0.8818449233275529
station_wake_L0,Hard-switch stage-aware SAC,strict_hard_switch_v1,hard_switch_v1,4,26,9026,1200026,station_wake,0,0.0,0.0,0.0,1,1,0,0,1,0,37,0.25,1,24,0.7326993942260742,0.47277517953527304,1.5319156646728516,1.0521838115909037,3.4594300389289856,15.415198802947998,0.3600793986217705,2.4699229543155354,0.0,0.5,0.19765328513015007,0.27724278762986004,0.0974726215004921,0.11744564026594162,0.0974726215004921,0.35256054997444153,0.6091076135635376,41,0.06744332862905777,2.9594844685431476
station_wake_L0,Hard-switch stage-aware SAC,strict_hard_switch_v1,hard_switch_v1,4,27,9027,1200027,station_wake,0,0.0,0.0,0.0,1,1,0,0,1,0,36,0.25,1,20,0.5283878445625305,0.2584905307098651,1.6989874839782715,1.2949438575938423,4.1000789403915405,23.389790654182434,0.5515038419620116,3.0118928445224227,0.7272224605665696,0.0,0.16089048501318026,0.1934385226494699,0.055099866539239886,0.062481194734573364,0.055099866539239886,0.08844396471977234,0.14541752636432648,40,0.07203479108937207,0.7272224605665696
station_wake_L0,Hard-switch stage-aware SAC,strict_hard_switch_v1,hard_switch_v1,4,28,9028,1200028,station_wake,0,0.0,0.0,0.0,1,1,0,0,1,0,41,0.25,1,25,0.8043726682662964,0.5670666086451962,1.4202916622161865,1.1039144039420044,3.310776650905609,16.31654679775238,0.3319696884621945,2.177491318348935,0.0,0.1,0.1365158129262936,0.17845957090177575,0.021518154069781303,0.024727409705519676,0.021518154069781303,0.07581900805234909,0.15263114124536514,45,0.07185779823886228,0.5612617237008064
station_wake_L0,Hard-switch stage-aware SAC,strict_hard_switch_v1,hard_switch_v1,4,29,9029,1200029,station_wake,0,0.0,0.0,0.0,1,1,0,0,1,0,40,0.25,1,25,1.0942504405975342,0.7331615930890547,1.847904920578003,1.6522239798347997,8.975836336612701,27.00326919555664,0.7049032348198225,3.7866353669522295,2.4799836310236847,0.0,0.17916409271956052,0.21756827042856688,0.04276677444577217,0.0475924089550972,0.04276677444577217,0.0985715463757515,0.13966981321573257,44,0.06386951382186795,1.7296490376054086
station_wake_L0,Hard-switch stage-aware SAC,strict_hard_switch_v1,hard_switch_v1,4,30,9030,1200030,station_wake,0,0.0,0.0,0.0,1,1,0,0,1,0,48,0.25,1,33,0.13018855452537537,0.07153429645556052,0.58949775993824,0.4022377549863253,1.6902676224708557,7.2174301743507385,0.3656226491958775,2.7062453137768916,0.0,0.0,0.1943478841261504,0.26092759965414003,0.04886426106095314,0.05477419123053551,0.04886426106095314,0.10157245397567749,0.12140080332756042,52,0.05409315674991729,2.770595587046445
station_wake_L0,Hard-switch stage-aware SAC,strict_hard_switch_v1,hard_switch_v1,4,31,9031,1200031,station_wake,0,0.0,0.0,0.0,1,1,0,0,1,0,48,0.25,1,37,0.18999013304710388,0.08709334978620073,1.6604453325271606,0.8030675445946801,3.589108884334564,20.092501938343048,0.3787975698063254,2.5421978650857437,0.0,0.0,0.2742838000443736,0.3904168994864644,0.07601346969604492,0.07930238544940948,0.07601346969604492,0.2011338323354721,0.8214239031076431,52,0.05598788493063109,2.8362586778494205
station_wake_L0,Hard-switch stage-aware SAC,strict_hard_switch_v1,hard_switch_v1,4,32,9032,1200032,station_wake,0,0.0,0.0,0.0,1,1,0,0,1,0,62,0.25,1,44,0.12394075095653534,0.09480145176058206,0.45515045523643494,0.31630376290916673,2.259267419576645,10.008248686790466,0.17579774898989697,1.4645319521039186,0.0,0.9,0.12171155138876837,0.1444584895356517,0.14304566979408265,0.15743185579776764,0.14304566979408265,0.1713983416557312,0.23250728845596313,66,0.05032117328481416,3.2920162837100384
station_wake_L0,Hard-switch stage-aware SAC,strict_hard_switch_v1,hard_switch_v1,4,33,9033,1200033,station_wake,0,0.0,0.0,0.0,1,1,0,0,1,0,40,0.25,0,-1,nan,nan,nan,nan,nan,nan,nan,nan,0.0,nan,0.02759904813558591,0.028206578248208963,0.12663861513137817,0.1554984301328659,0.12663861513137817,0.2923179268836975,0.37642478942871094,44,0.02222270036958485,3.2746639746802093
station_wake_L0,Hard-switch stage-aware SAC,strict_hard_switch_v1,hard_switch_v1,4,34,9034,1200034,station_wake,0,0.0,0.0,0.0,1,1,0,0,1,0,40,0.25,1,17,1.250751256942749,1.0921177135036422,1.5854430198669434,1.0853107409689238,12.201530635356903,27.27048099040985,0.7639466821073411,2.9632588888457505,0.0,1.1500000000000001,0.04396226335625741,0.05293810242443074,0.1548728883266449,0.19798414409160614,0.1548728883266449,0.42275774478912354,0.5396616458892822,44,0.03351680058745315,2.935764929102986
station_wake_L0,Hard-switch stage-aware SAC,strict_hard_switch_v1,hard_switch_v1,4,35,9035,1200035,station_wake,0,0.0,0.0,0.0,1,1,0,0,1,0,60,0.25,1,45,0.3451420068740845,0.3201018473002836,0.6994286179542542,0.33262788904622653,2.7667881548404694,9.122259467840195,0.21562726242819288,1.3317695380306065,1.0305294437397092,0.15000000000000002,0.19610673483622615,0.2514103140484896,0.03157267645001412,0.07139690965414047,0.03157267645001412,0.46527285873889923,0.6480559706687927,64,0.06132764392431639,0.9314839100900024
station_wake_L0,Hard-switch stage-aware SAC,strict_hard_switch_v1,hard_switch_v1,4,36,9036,1200036,station_wake,0,0.0,0.0,0.0,1,1,0,0,1,0,43,0.25,1,13,1.1867653131484985,0.9572625030161998,1.3264775276184082,1.1146940026382812,1.2220585346221924,3.4268271923065186,0.44285744562189194,2.251424042879283,0.0,1.5,0.07143662845117281,0.08127504102879442,0.10911354720592499,0.13458183407783508,0.10911354720592499,0.2523946762084961,0.2937072515487671,47,0.04211609332547645,3.547906332756804
station_wake_L0,Hard-switch stage-aware SAC,strict_hard_switch_v1,hard_switch_v1,4,37,9037,1200037,station_wake,0,0.0,0.0,0.0,1,1,0,0,1,0,47,0.25,1,31,0.6409618854522705,0.3488870317942304,2.34879732131958,1.382171302574284,5.184781551361084,23.49391281604767,0.2779826066115064,1.9535030545406236,0.0,0.5,0.1691262867040478,0.2201580353553929,0.0870139017701149,0.12485276162624359,0.0870139017701149,0.3744261860847473,0.4213012754917145,51,0.06769079634259097,0.4465995761636735
station_wake_L0,Hard-switch stage-aware SAC,strict_hard_switch_v1,hard_switch_v1,4,38,9038,1200038,station_wake,0,0.0,0.0,0.0,1,1,0,0,1,0,72,0.25,1,54,0.07931529730558395,0.06254365131886756,0.4904887452721596,0.2531595526115014,2.3370039463043213,10.158965587615967,0.19839081742545983,1.1516396401467117,0.0,0.0,0.15714208517058406,0.18939164430948843,0.07248619347810745,0.07591743022203445,0.07248619347810745,0.10976579785346985,0.2608795464038849,76,0.06491891430034341,2.835587398320055
station_wake_L0,Hard-switch stage-aware SAC,strict_hard_switch_v1,hard_switch_v1,4,39,9039,1200039,station_wake,0,0.0,0.0,0.0,1,1,0,0,1,0,60,0.25,1,43,0.03843456134200096,0.024565540395713115,0.9315440803766251,0.3797429284383028,3.767422139644623,12.494706027209759,0.26438238778355255,1.707947136537022,0.0,0.0,0.16518271205809232,0.20771565008078138,0.11456648707389831,0.1485798954963684,0.11456648707389831,0.33096468448638916,0.5026432871818542,64,0.0640741354758089,0.7828271906822021
station_wake_L0,Hard-switch stage-aware SAC,strict_hard_switch_v1,hard_switch_v1,4,40,9040,1200040,station_wake,0,0.0,0.0,0.0,1,1,0,0,1,0,59,0.25,1,47,0.2992817759513855,0.18092774970115924,0.7297933101654053,0.4967216797706028,3.5820348747074604,16.021041879430413,0.33568466078402065,1.841873465791441,0.0,0.6000000000000001,0.17782324903468533,0.2563132249905272,0.056686735898256305,0.07494174689054489,0.056686735898256305,0.17963440716266632,0.26010461151599884,63,0.06387389873614462,4.306924764652811
station_wake_L0,Hard-switch stage-aware SAC,strict_hard_switch_v1,hard_switch_v1,4,41,9041,1200041,station_wake,0,0.0,0.0,0.0,1,1,0,0,1,0,57,0.25,1,42,0.25055131316185,0.2174575981874153,0.2482229471206665,0.18453285697806243,3.6788805574178696,12.377274334430695,0.18525833378917334,1.0908209767695511,2.809855300952267,0.15000000000000002,0.16852004659417325,0.21276516703622922,0.08064134754240512,0.13207349181175232,0.08064134754240512,0.5390284582972527,0.6338492035865784,61,0.06633857490396697,2.809855300952267
station_wake_L0,Hard-switch stage-aware SAC,strict_hard_switch_v1,hard_switch_v1,4,42,9042,1200042,station_wake,0,0.0,0.0,0.0,1,1,0,0,1,0,36,0.25,1,5,0.7940840125083923,0.5057743484762854,2.01349139213562,1.6845930042696586,19.801113605499268,20.431971549987793,1.8181422298277465,2.714822069484693,0.0,1.55,0.05259411613808177,0.06244351496245146,0.17149628102779388,0.21302053332328796,0.17149628102779388,0.44180065393447876,0.6446760892868042,40,0.004055112953952169,2.6538226175710875
station_wake_L0,Hard-switch stage-aware SAC,strict_hard_switch_v1,hard_switch_v1,4,43,9043,1200043,station_wake,0,0.0,0.0,0.0,1,1,0,0,1,0,57,0.25,1,39,0.09441106021404266,0.06003714254495311,0.5816373229026794,0.3952897808518596,3.0754220485687256,11.797236651182175,0.26947700440024336,1.7460943855814768,0.07934289916355973,0.0,0.1421394571683662,0.16854360108059052,0.009675636515021324,0.013058236800134182,0.009675636515021324,0.06617365777492523,0.14715062454342842,61,0.06582774556608921,0.07934289916355973
station_wake_L0,Hard-switch stage-aware SAC,strict_hard_switch_v1,hard_switch_v1,4,44,9044,1200044,station_wake,0,0.0,0.0,0.0,1,1,0,0,1,0,39,0.25,1,16,0.8812867403030396,0.7285580450946473,1.5578687191009521,1.2583704584503212,12.643850147724152,29.496349096298218,0.6326837226414851,2.5607642792049057,0.0,1.1500000000000001,0.04200252131690244,0.04532021270110415,0.13701833933591842,0.16954199969768524,0.13701833933591842,0.32336512207984924,0.39681047201156616,43,0.04865778225322096,3.4654386287180703
station_wake_L0,Hard-switch stage-aware SAC,strict_hard_switch_v1,hard_switch_v1,4,45,9045,1200045,station_wake,0,0.0,0.0,0.0,1,1,0,0,1,0,56,0.25,1,40,0.29999154806137085,0.2233972026622178,0.5974853038787842,0.4464825395588993,1.9502073526382446,7.498471438884735,0.2829389139195507,1.1792806705814733,0.0,0.2,0.13732939296628235,0.16551135001491707,0.02713261442258954,0.03969814255833626,0.02713261442258954,0.20503640919923782,0.4260846693068743,60,0.07346214501617611,0.5591822512636548
station_wake_L0,Hard-switch stage-aware SAC,strict_hard_switch_v1,hard_switch_v1,4,46,9046,1200046,station_wake,0,0.0,0.0,0.0,1,1,0,0,1,0,48,0.25,1,33,0.18090994656085968,0.09214947656359757,1.0046204924583435,0.6001041569559336,4.291357547044754,17.213701009750366,0.4671795351661797,2.131317622522382,0.0,0.5,0.1402222187390823,0.1740778417655893,0.09989895671606064,0.13780508935451508,0.09989895671606064,0.32332828640937805,0.46778008341789246,52,0.06875752280646569,1.0018114864875676
station_wake_L0,Hard-switch stage-aware SAC,strict_hard_switch_v1,hard_switch_v1,4,47,9047,1200047,station_wake,0,0.0,0.0,0.0,1,1,0,0,1,0,74,0.25,1,56,0.12028340995311737,0.07595634334038491,0.5991782248020172,0.3989778157140914,4.326013494282961,14.12015676498413,0.37666212207356464,2.434375961453899,1.4201788225625371,0.0,0.13461993936894728,0.15052891105676758,0.009685294842347503,0.017730409279465675,0.009685294842347503,0.07700377469882369,0.12602131813764572,78,0.0709204566136647,0.500541822227069
station_wake_L0,Hard-switch stage-aware SAC,strict_hard_switch_v1,hard_switch_v1,4,48,9048,1200048,station_wake,0,0.0,0.0,0.0,1,1,0,0,1,0,49,0.25,1,32,0.22040152549743652,0.13860925760724038,0.6655319035053253,0.43698877285180365,3.1784530729055405,15.404792129993439,0.3336015745171744,2.0997941713535337,0.6286237706989696,0.0,0.16992951300588782,0.19721482431308224,0.05016393288969993,0.06482189148664474,0.05016393288969993,0.16080185770988464,0.24031877517700195,53,0.06910943547821077,1.0066531301137547
station_wake_L0,Hard-switch stage-aware SAC,strict_hard_switch_v1,hard_switch_v1,4,49,9049,1200049,station_wake,0,0.0,0.0,0.0,1,1,0,0,1,0,34,0.25,1,17,0.3834899961948395,0.3029870833392673,0.6032788753509521,0.42150401320465725,3.4786036610603333,13.043198138475418,0.48096406433115035,2.710616985326709,0.0,0.8,0.1377429663730237,0.16770428724683994,0.1508437216281891,0.1562565565109253,0.1508437216281891,0.12863165140151978,0.3173929452896118,38,0.07348911868322838,2.779098105346053
station_wake_L0,Hard-switch stage-aware SAC,strict_hard_switch_v1,hard_switch_v1,4,50,9050,1200050,station_wake,0,0.0,0.0,0.0,1,1,0,0,1,0,35,0.25,1,17,1.309683918952942,1.168553523520487,1.8839216232299805,1.1118075643934693,12.908582743257284,28.891833424568176,0.6833711432140479,3.972905445407963,0.0,0.9,0.15250188652529037,0.19685355284782685,0.11542989462614059,0.14826637506484985,0.11542989462614059,0.32577139139175415,0.4901614785194397,39,0.03227820967117601,3.4368376384554646
station_wake_L0,Hard-switch stage-aware SAC,strict_hard_switch_v1,hard_switch_v1,4,51,9051,1200051,station_wake,0,0.0,0.0,0.0,1,1,0,0,1,0,66,0.25,1,39,0.23095479607582092,0.18499542432525717,0.3732532262802124,0.22197947272997864,2.0179498195648193,8.369083106517792,0.129015560039249,0.9227629348465872,6.818429291809282,1.35,0.05056578858977747,0.05853826207867121,0.03381030298769474,0.04591077193617821,0.03381030298769474,0.1213463619351387,0.14643631875514984,70,0.0196886665002945,4.544179923209667
station_wake_L0,Hard-switch stage-aware SAC,strict_hard_switch_v1,hard_switch_v1,4,52,9052,1200052,station_wake,0,0.0,0.0,0.0,1,1,0,0,1,0,61,0.25,1,44,0.14917317032814026,0.10070435729878167,0.29962852597236633,0.19444500428884742,0.8519596792757511,4.579268395900726,0.2056996076994221,1.1121277455785934,0.0,0.0,0.1914723521436465,0.24492084489177213,0.014269417710602283,0.021619005128741264,0.014269417710602283,0.1385757327079773,0.23860996589064598,65,0.06574290505995076,1.3090987090386794
station_wake_L0,Hard-switch stage-aware SAC,strict_hard_switch_v1,hard_switch_v1,4,53,9053,1200053,station_wake,0,0.0,0.0,0.0,1,1,0,0,1,0,56,0.25,1,40,0.23949596285820007,0.1553452745521459,0.6283712387084961,0.36322220422224233,1.2899726629257202,5.335504934191704,0.14874810327657073,1.2404286075882536,1.751820258538093,0.0,0.1940126225582163,0.23158450580363285,0.03824070617556572,0.04136064648628235,0.03824070617556572,0.18034830689430237,0.6457096338272095,60,0.06444837183490915,1.2040624591566365
station_wake_L0,Hard-switch stage-aware SAC,strict_hard_switch_v1,hard_switch_v1,4,54,9054,1200054,station_wake,0,0.0,0.0,0.0,1,1,0,0,1,0,51,0.25,1,36,0.22884196043014526,0.0981229550165771,1.244240403175354,0.7167742112311728,2.1097302436828613,13.201563619077206,0.40592764968959155,1.9582479647766846,0.0,0.0,0.21999547823137205,0.2732687808799263,0.08112244307994843,0.10434957593679428,0.08112244307994843,0.2064301073551178,0.26256710290908813,55,0.05815652749690298,0.9539970673680107
station_wake_L0,Hard-switch stage-aware SAC,strict_hard_switch_v1,hard_switch_v1,4,55,9055,1200055,station_wake,0,0.0,0.0,0.0,1,1,0,0,1,0,67,0.25,1,48,0.279558390378952,0.16302268195525724,0.6571477651596069,0.5238821651491892,4.264594577252865,9.197050929069519,0.26820976129910773,0.8832688405623295,0.0,0.9500000000000001,0.08978643378612952,0.11231266458439276,0.11974236965179444,0.13204391300678253,0.11974236965179444,0.13808083534240723,0.20278841257095337,71,0.04625518132928126,3.5326707420394445
station_wake_L0,Hard-switch stage-aware SAC,strict_hard_switch_v1,hard_switch_v1,4,56,9056,1200056,station_wake,0,0.0,0.0,0.0,1,1,0,0,1,0,58,0.25,1,44,0.18050357699394226,0.08565206511218926,1.1628413200378418,0.7186647233601003,2.7668219804763794,15.2293860912323,0.22946612496548102,1.2220615509980595,0.0,0.5,0.16538158172741366,0.2410877639755555,0.09471598863601685,0.10268190503120422,0.09471598863601685,0.13884437084197998,0.37853121757507324,62,0.06647741136487581,2.381923885770281
station_wake_L0,Hard-switch stage-aware SAC,strict_hard_switch_v1,hard_switch_v1,4,57,9057,1200057,station_wake,0,0.0,0.0,0.0,1,1,0,0,1,0,45,0.25,1,20,1.0257445573806763,0.8984462023808745,0.964808464050293,0.6527336356633331,4.705061912536621,25.14851525425911,0.4216409686381832,2.886981598930594,0.0,1.25,0.06094383291451303,0.07237835332200991,0.08047201782464981,0.08781514316797256,0.08047201782464981,0.07085660099983215,0.08391648530960083,49,0.06210756458416208,4.047357939398463
station_wake_L0,Hard-switch stage-aware SAC,strict_hard_switch_v1,hard_switch_v1,4,58,9058,1200058,station_wake,0,0.0,0.0,0.0,1,1,0,0,1,0,62,0.25,1,43,0.10363176465034485,0.07362493399106819,0.5714527890086174,0.3984482555364809,3.237749934196472,10.40018767118454,0.24914493249084166,1.3547076235617288,0.490185654619743,0.0,0.15611245635095372,0.17696344219158464,0.027977076917886735,0.04065491631627083,0.027977076917886735,0.4460837095975876,0.8435780555009842,66,0.06514427520517506,0.13451027705879323
station_wake_L0,Hard-switch stage-aware SAC,strict_hard_switch_v1,hard_switch_v1,4,59,9059,1200059,station_wake,0,0.0,0.0,0.0,1,1,0,0,1,0,30,0.25,1,15,0.3221389949321747,0.27838609833483285,0.6570553779602051,0.45829697449286333,4.296238124370575,16.231135725975037,0.4007206064742455,2.417483437424087,4.664203422399716,0.0,0.14077357644786448,0.19619972477810266,0.023238318040966988,0.04568300396203995,0.023238318040966988,0.3323799669742584,0.3861318901181221,34,0.07137995727556017,4.404548658459803
station_wake_L0,Hard-switch stage-aware SAC,strict_hard_switch_v1,hard_switch_v1,4,60,9060,1200060,station_wake,0,0.0,0.0,0.0,1,1,0,0,1,0,49,0.25,1,33,1.0001635551452637,0.5812922839201097,2.136504650115967,1.9622250498695741,2.963433861732483,9.10569965839386,0.2107068990180058,1.1039462696264548,1.537202267881364,0.0,0.1911025303137111,0.23196824020775367,0.012695556320250035,0.025198183953762054,0.012695556320250035,0.2133020982146263,0.2956904470920563,53,0.06516313566329945,1.4336616159841424
station_wake_L0,Hard-switch stage-aware SAC,strict_hard_switch_v1,hard_switch_v1,4,61,9061,1200061,station_wake,0,0.0,0.0,0.0,1,1,0,0,1,0,70,0.25,1,51,0.2625892162322998,0.1582334604219371,1.0762643814086914,0.9300870119683908,3.2501888275146484,8.130361437797546,0.2614072527164226,1.132981604789244,2.316505614560368,0.15000000000000002,0.1458712358544475,0.1723598031201482,0.03884817361831665,0.04224943369626999,0.03884817361831665,0.04448758065700531,0.0763961672782898,74,0.0736365926693982,2.316505614560368
station_wake_L0,Hard-switch stage-aware SAC,strict_hard_switch_v1,hard_switch_v1,4,62,9062,1200062,station_wake,0,0.0,0.0,0.0,1,1,0,0,1,0,46,0.25,1,29,0.5419570803642273,0.4967102642078961,0.5547881126403809,0.3224689600422942,2.4229174852371216,12.542810514569283,0.40256061022690476,2.266897746038297,1.3295497895175785,0.4,0.14156729024840184,0.17417491978513533,0.06498906537890434,0.10208971798419952,0.06498906537890434,0.3554767966270447,0.4339157044887543,50,0.06900644002774292,1.3295497895175785
station_wake_L0,Hard-switch stage-aware SAC,strict_hard_switch_v1,hard_switch_v1,4,63,9063,1200063,station_wake,0,0.0,0.0,0.0,1,1,0,0,1,0,48,0.25,1,27,0.39066454768180847,0.33765325277013375,1.0899215936660767,0.6604075089537638,3.852408230304718,17.17056542634964,0.45667053901024557,2.6032060942167967,1.9812575185379284,0.0,0.12715453924197354,0.14784551267403637,0.042209114879369736,0.05132241174578667,0.042209114879369736,0.08269868791103363,0.11463053524494171,52,0.06963294565106389,0.33758941016472627
station_wake_L0,Hard-switch stage-aware SAC,strict_hard_switch_v1,hard_switch_v1,4,64,9064,1200064,station_wake,0,0.0,0.0,0.0,1,1,0,0,1,0,59,0.25,1,43,0.031093809753656387,0.015415303301040883,0.4128573462367058,0.20434293592293748,2.373524382710457,11.352255791425705,0.339783630514051,2.0105362903458333,0.0,0.0,0.1888354810748842,0.23482086353034518,0.05760214552283287,0.07477489113807678,0.05760214552283287,0.21185743808746338,0.35031758248806,63,0.06561614403096838,0.4980026460422639
station_wake_L0,Hard-switch stage-aware SAC,strict_hard_switch_v1,hard_switch_v1,4,65,9065,1200065,station_wake,0,0.0,0.0,0.0,1,1,0,0,1,0,41,0.25,1,25,0.6935494542121887,0.418071872297177,1.4239907264709473,1.1899989138395015,2.0360973477363586,10.314061343669891,0.2678913902873205,1.832074738797991,0.0,0.8,0.10765151770291741,0.14720389556108024,0.1317000523209572,0.17688922584056854,0.1317000523209572,0.4090838134288788,0.5286848545074463,45,0.05908292455774657,3.5941266497571034
station_wake_L0,Hard-switch stage-aware SAC,strict_hard_switch_v1,hard_switch_v1,4,66,9066,1200066,station_wake,0,0.0,0.0,0.0,1,1,0,0,1,0,47,0.25,1,19,1.1512608528137207,0.8933370982172341,2.3929405212402344,1.7758277246905219,10.479359645396471,37.1880042552948,0.9599362794286741,4.117604115698534,5.2960275102508065,0.6000000000000001,0.08723161395735757,0.1047175124085418,0.04957110658288002,0.06065172702074051,0.04957110658288002,0.10670308768749237,0.13607166707515717,51,0.08025413479254775,1.996428222458173
station_wake_L0,Hard-switch stage-aware SAC,strict_hard_switch_v1,hard_switch_v1,4,67,9067,1200067,station_wake,0,0.0,0.0,0.0,1,1,0,0,1,0,69,0.25,1,56,0.2502008080482483,0.20481854243431988,0.44006407260894775,0.2984688277766573,4.009304568171501,17.902148440480232,0.37275014217569696,2.02081167063213,2.7809087458063413,0.0,0.17800536509335596,0.23831236782622092,0.05233999863266945,0.05778665095567703,0.05233999863266945,0.18767376244068146,0.5097642540931702,73,0.06833821736459564,1.9767510877896008
station_wake_L0,Hard-switch stage-aware SAC,strict_hard_switch_v1,hard_switch_v1,4,68,9068,1200068,station_wake,0,0.0,0.0,0.0,1,1,0,0,1,0,57,0.25,1,41,0.15052829682826996,0.11447592498079867,0.47126591205596924,0.3222908677282342,3.381916731595993,13.321212530136108,0.5199174672116617,1.8682278249363404,0.0,0.75,0.1597344139644319,0.19551086515488206,0.12244274318218232,0.12979677319526672,0.12244274318218232,0.1049470603466034,0.20291179418563843,61,0.06619609243308247,2.9405936594027735
station_wake_L0,Hard-switch stage-aware SAC,strict_hard_switch_v1,hard_switch_v1,4,69,9069,1200069,station_wake,0,0.0,0.0,0.0,1,1,0,0,1,0,49,0.25,1,31,0.2922027111053467,0.15746735760390998,1.374295949935913,0.6806563853717628,3.3698412775993347,13.381513506174088,0.18886584174692078,1.3886009960035606,0.0,0.9,0.11256913115091167,0.1510497918938081,0.155628502368927,0.17013919353485107,0.155628502368927,0.24189716577529907,0.331079363822937,53,0.04801072783702593,2.894760101864226
station_wake_L0,Hard-switch stage-aware SAC,strict_hard_switch_v1,hard_switch_v1,4,70,9070,1200070,station_wake,0,0.0,0.0,0.0,1,1,0,0,1,0,40,0.25,1,22,0.1084364652633667,0.050851391699569856,0.5456168949604034,0.4242721097015304,2.640913352370262,11.8358713388443,0.3523898465420303,2.3099285509084826,0.0,0.15000000000000002,0.13133903256744522,0.15666257120052704,0.037322113662958144,0.045098233968019485,0.037322113662958144,0.09946438670158386,0.14838144183158875,44,0.06984034624286312,0.8658468060223847
station_wake_L0,Hard-switch stage-aware SAC,strict_hard_switch_v1,hard_switch_v1,4,71,9071,1200071,station_wake,0,0.0,0.0,0.0,1,1,0,0,1,0,35,0.25,1,18,0.4370211362838745,0.21344282608900314,1.6317331790924072,1.0350439017668074,4.536058753728867,22.918594181537628,0.5024720743526616,2.7714224212386815,0.0,0.0,0.13999399241352456,0.16351510321097903,0.010356305353343486,0.025646597146987915,0.010356305353343486,0.1570010967552662,0.27495330199599266,39,0.06713837888152885,1.6168232771400834
station_wake_L0,Hard-switch stage-aware SAC,strict_hard_switch_v1,hard_switch_v1,4,72,9072,1200072,station_wake,0,0.0,0.0,0.0,1,1,0,0,1,0,50,0.25,1,30,0.3916773796081543,0.25071082006681195,1.0927671194076538,0.6517228171766127,2.251388430595398,8.298421502113342,0.19063747653636273,1.108062480182137,0.0,1.0,0.0849800662665081,0.12999883509910354,0.1486367791891098,0.15654049813747406,0.1486367791891098,0.13118720054626465,0.29142647981643677,54,0.04010507577005016,3.193000098529421
station_wake_L0,Hard-switch stage-aware SAC,strict_hard_switch_v1,hard_switch_v1,4,73,9073,1200073,station_wake,0,0.0,0.0,0.0,1,1,0,0,1,0,38,0.25,1,21,0.0859442725777626,0.04780753473535477,1.0691659897565842,0.6521033650720153,4.263991340994835,18.43695819377899,0.42014161143910156,2.9545544321858275,0.36695978388473643,0.0,0.11632257362552414,0.14733067371061312,0.05705009698867798,0.06358740478754044,0.05705009698867798,0.10141065716743469,0.1541193574666977,42,0.07770283581844063,0.36695978388473643
station_wake_L0,Hard-switch stage-aware SAC,strict_hard_switch_v1,hard_switch_v1,4,74,9074,1200074,station_wake,0,0.0,0.0,0.0,1,1,0,0,1,0,51,0.25,1,37,0.12848857045173645,0.11212137744275473,0.23711174726486206,0.14588047545199806,1.4152009040117264,8.473110347986221,0.15186052370720535,1.0409204802699576,0.0,0.7000000000000001,0.22348554293949063,0.2828442525501104,0.08448683768510819,0.09429244697093964,0.08448683768510819,0.08961117267608643,0.15338405966758728,55,0.05425946960131212,3.881141017077971
station_wake_L0,Hard-switch stage-aware SAC,strict_hard_switch_v1,hard_switch_v1,4,75,9075,1200075,station_wake,0,0.0,0.0,0.0,1,1,0,0,1,0,65,0.25,1,50,0.4048728346824646,0.33168846172822003,1.1767441034317017,0.6702917569947043,5.62550276517868,25.337576866149902,0.2969556864886397,1.9101580578385193,1.7455723429948238,0.0,0.16373094131793736,0.19839790944111346,0.015647640638053417,0.021100038662552834,0.015647640638053417,0.06854867935180664,0.12644357979297638,69,0.06799084674070395,1.440847828764642
station_wake_L0,Hard-switch stage-aware SAC,strict_hard_switch_v1,hard_switch_v1,4,76,9076,1200076,station_wake,0,0.0,0.0,0.0,1,1,0,0,1,0,53,0.25,1,40,0.14820893108844757,0.113946719121355,0.6108023226261139,0.39467084467589353,2.823626548051834,11.408582627773285,0.38904565380007694,1.982101232471243,0.3933776215730235,0.0,0.18482516309951932,0.2587850710943385,0.026067984476685523,0.04430930316448212,0.026067984476685523,0.15071479231119156,0.29595039784908295,57,0.057890278039793096,0.3933776215730235
station_wake_L0,Hard-switch stage-aware SAC,strict_hard_switch_v1,hard_switch_v1,4,77,9077,1200077,station_wake,0,0.0,0.0,0.0,1,1,0,0,1,0,66,0.25,1,48,0.15565666556358337,0.11425831624334822,0.445355623960495,0.24797037639145264,1.5335526317358017,8.694942556321621,0.20335037436414954,1.2501412348438796,0.6248478500267161,0.1,0.16648580172149807,0.2008140806656,0.07035234346985816,0.09667106717824936,0.07035234346985816,0.26570670306682587,0.3378795087337494,70,0.06492224310125888,0.6248478500267161
station_wake_L0,Hard-switch stage-aware SAC,strict_hard_switch_v1,hard_switch_v1,4,78,9078,1200078,station_wake,0,0.0,0.0,0.0,1,1,0,0,1,0,73,0.25,1,56,0.1353922039270401,0.06502467293474187,0.8410438895225525,0.4650664514263485,3.0635029077529907,12.742601931095123,0.29857139513655356,1.3920759464390124,2.2945681141633454,0.0,0.11405902229130768,0.13629980402707298,0.01087959110736847,0.022059977054595947,0.01087959110736847,0.2353784367442131,0.4877067357301712,77,0.07659250806028663,2.228515702577679
station_wake_L0,Hard-switch stage-aware SAC,strict_hard_switch_v1,hard_switch_v1,4,79,9079,1200079,station_wake,0,0.0,0.0,0.0,1,1,0,0,1,0,38,0.25,1,23,1.170773983001709,0.89682132090506,1.8255424499511719,1.3100750683611007,5.927332937717438,29.22892987728119,0.8287774384723466,3.254038727531894,0.0,0.7000000000000001,0.11463899656159435,0.12846794999515415,0.14842589795589448,0.17626872658729553,0.14842589795589448,0.3395070433616638,0.6929537653923035,42,0.07813231025538327,2.595125252504467
station_wake_L0,Hard-switch stage-aware SAC,strict_hard_switch_v1,hard_switch_v1,4,80,9080,1200080,station_wake,0,0.0,0.0,0.0,1,1,0,0,1,0,33,0.25,1,14,0.4395364224910736,0.23379420084289018,1.3423258066177368,0.8694436676773717,11.728477478027344,31.43142879009247,0.6756686212248485,3.7422567755240213,0.0,0.0,0.15511998057064025,0.1741402723651689,0.0036643598694354297,0.004245697986334562,0.0036643598694354297,0.008526298217475414,0.020951726473867893,37,0.06420310639334846,0.4047209382784015
station_wake_L0,Hard-switch stage-aware SAC,strict_hard_switch_v1,hard_switch_v1,4,81,9081,1200081,station_wake,0,0.0,0.0,0.0,1,1,0,0,1,0,55,0.25,1,40,0.30564895272254944,0.15467164178269058,0.9411948919296265,0.701827001712315,1.3867263495922089,7.416892647743225,0.25723351248640686,1.1842623142355706,0.0,0.0,0.1709352530314976,0.24147292532399556,0.020489608775824307,0.05400601029396057,0.020489608775824307,0.289844261482358,0.48694390803575516,59,0.06572066010425225,0.30261758763421803
station_wake_L0,Hard-switch stage-aware SAC,strict_hard_switch_v1,hard_switch_v1,4,82,9082,1200082,station_wake,0,0.0,0.0,0.0,1,1,0,0,1,0,46,0.25,1,31,0.49518755078315735,0.3808996087513852,0.5993533134460449,0.4740471418252422,1.2306703627109528,6.798091679811478,0.14509188193835973,0.9431724542645823,3.1095307045602225,0.05,0.14023426170900755,0.20419036119640555,0.00931752766482532,0.02844153344631195,0.00931752766482532,0.22813740745186806,0.45904308557510376,50,0.07287195385395795,3.090195719680386
station_wake_L0,Hard-switch stage-aware SAC,strict_hard_switch_v1,hard_switch_v1,4,83,9083,1200083,station_wake,0,0.0,0.0,0.0,1,1,0,0,1,0,43,0.25,1,26,0.9680508375167847,0.7803685812600551,1.5194034576416016,1.0962060553392092,3.700263351202011,15.934669971466064,0.41225923695746974,2.466289487293498,0.0,0.8500000000000001,0.13846318411608202,0.19701591092867035,0.09392376691102981,0.1157132089138031,0.09392376691102981,0.15861311554908752,0.27071282267570496,47,0.060821882608818705,3.7395563182254845
station_wake_L0,Hard-switch stage-aware SAC,strict_hard_switch_v1,hard_switch_v1,4,84,9084,1200084,station_wake,0,0.0,0.0,0.0,1,1,0,0,1,0,33,0.25,1,20,0.2448713779449463,0.17157072838274512,1.1333750933408737,0.8339214925043503,3.1192341446876526,14.037441238760948,0.25419207489630447,1.9470728132023363,3.6382279005674065,0.0,0.26559113426246606,0.37130892264902854,0.08887022286653519,0.1163550391793251,0.08887022286653519,0.5495645850896835,1.0237399488687515,37,0.05552560198940983,2.3652558763179226
station_wake_L0,Hard-switch stage-aware SAC,strict_hard_switch_v1,hard_switch_v1,4,85,9085,1200085,station_wake,0,0.0,0.0,0.0,1,1,0,0,1,0,56,0.25,1,40,0.3894858956336975,0.3243776849479407,0.9586948156356812,0.6491338825216176,1.9735687971115112,11.690448895096779,0.13836392948547674,1.0501447397947843,0.9788869170337718,0.25,0.12801767090652788,0.20957669262453754,0.040276015549898146,0.0730372816324234,0.040276015549898146,0.31957804784178734,0.44572412967681885,60,0.07401230223972155,0.9788869170337718
station_wake_L0,Hard-switch stage-aware SAC,strict_hard_switch_v1,hard_switch_v1,4,86,9086,1200086,station_wake,0,0.0,0.0,0.0,1,1,0,0,1,0,30,0.25,1,9,1.0770907402038574,0.7970713092209495,1.7018622159957886,1.3838625331919587,0.2461850643157959,1.2861359119415283,0.22031704442450953,1.7259711628158447,0.0,1.05,0.10100631629783978,0.12142559544998358,0.19187221825122833,0.25278207659721375,0.19187221825122833,0.5931910276412964,0.6580758094787598,34,0.06866316301353924,2.3493197643238135
station_wake_L0,Hard-switch stage-aware SAC,strict_hard_switch_v1,hard_switch_v1,4,87,9087,1200087,station_wake,0,0.0,0.0,0.0,1,1,0,0,1,0,48,0.25,1,35,0.14205794036388397,0.0751083474895981,0.5243079364299774,0.33363016763527015,3.6771210283041,12.023182641714811,0.2315777020636684,1.305079890956164,0.0,0.0,0.20368467564771411,0.30446271538219866,0.03047325350344181,0.07280319929122925,0.03047325350344181,0.5163219422101974,0.8232462406158447,52,0.06299468524091582,1.504030493681845
station_wake_L0,Hard-switch stage-aware SAC,strict_hard_switch_v1,hard_switch_v1,4,88,9088,1200088,station_wake,0,0.0,0.0,0.0,1,1,0,0,1,0,50,0.25,1,36,0.10607855021953583,0.06184627663333559,0.5551408603787422,0.39132572250120234,2.5530360639095306,9.495797008275986,0.3604793516664777,1.3340844918641612,0.0,0.45,0.18690567716360915,0.2530769100848986,0.10944847762584686,0.1258467733860016,0.10944847762584686,0.2633488178253174,0.3370100259780884,54,0.0636290764540216,2.494545167447329
station_wake_L0,Hard-switch stage-aware SAC,strict_hard_switch_v1,hard_switch_v1,4,89,9089,1200089,station_wake,0,0.0,0.0,0.0,1,1,0,0,1,0,57,0.25,1,42,0.11237030476331711,0.09019920202498467,0.4413394629955292,0.2880713400328995,1.8474562466144562,8.942817449569702,0.11303409386002171,0.8404163535202728,0.0,0.0,0.20248874004769019,0.2812733532232854,0.05185900777578354,0.09656054526567459,0.05185900777578354,0.3902788832783699,0.5199307948350906,61,0.050822174520619726,1.578117235443856
station_wake_L0,Hard-switch stage-aware SAC,strict_hard_switch_v1,hard_switch_v1,4,90,9090,1200090,station_wake,0,0.0,0.0,0.0,1,1,0,0,1,0,33,0.25,0,-1,nan,nan,nan,nan,nan,nan,nan,nan,0.0,nan,0.04770019196808538,0.053784799825046914,0.13935528248548507,0.18421506881713867,0.13935528248548507,0.4576559364795685,0.6352931261062622,37,0.020893888183596058,3.0567442278900137
station_wake_L0,Hard-switch stage-aware SAC,strict_hard_switch_v1,hard_switch_v1,4,91,9091,1200091,station_wake,0,0.0,0.0,0.0,1,1,0,0,1,0,61,0.25,1,46,0.1541052907705307,0.10008119299785678,0.5173948407173157,0.2480435832149923,1.6951018571853638,11.132287234067917,0.2577283542483398,1.707534058490246,0.0,0.6000000000000001,0.1820424432924378,0.21879658727427376,0.10424815863370895,0.13816171884536743,0.10424815863370895,0.33923134207725525,0.5361965298652649,65,0.06425934116452445,2.002621496488082
station_wake_L0,Hard-switch stage-aware SAC,strict_hard_switch_v1,hard_switch_v1,4,92,9092,1200092,station_wake,0,0.0,0.0,0.0,1,1,0,0,1,0,62,0.25,1,46,0.33401185274124146,0.2982638055880929,1.0860911011695862,0.43679532336216553,4.383872002363205,16.189513355493546,0.4384001560191038,2.488801992588017,1.2537011791148216,0.0,0.13173969991561632,0.15537622497723036,0.010287041869014501,0.020705310627818108,0.010287041869014501,0.1590246669948101,0.23522472009062767,66,0.07660917015299146,0.9150201659825098
station_wake_L0,Hard-switch stage-aware SAC,strict_hard_switch_v1,hard_switch_v1,4,93,9093,1200093,station_wake,0,0.0,0.0,0.0,1,1,0,0,1,0,78,0.25,1,61,0.029639948159456253,0.017509521430849714,0.24441413581371307,0.1393427861093141,1.9955777376890182,4.637046083807945,0.24420336636075657,1.2742539832641422,0.0,0.0,0.1607128541619147,0.2044570162622842,0.02710735909640789,0.03277041018009186,0.02710735909640789,0.08962767571210861,0.15852432698011398,82,0.0653101724436251,0.500539420988689
station_wake_L0,Hard-switch stage-aware SAC,strict_hard_switch_v1,hard_switch_v1,4,94,9094,1200094,station_wake,0,0.0,0.0,0.0,1,1,0,0,1,0,63,0.25,1,45,0.16582155227661133,0.12324930870652168,0.6443953514099121,0.316596018938683,6.723535358905792,15.957420319318771,0.3693372932228139,1.7023294227580463,0.35808470011024535,0.0,0.13935024404806345,0.162978235168705,0.05028889179229736,0.07052568346261978,0.05028889179229736,0.235756516456604,0.48795461654663086,67,0.07360946392955381,0.35808470011024535
station_wake_L0,Hard-switch stage-aware SAC,strict_hard_switch_v1,hard_switch_v1,4,95,9095,1200095,station_wake,0,0.0,0.0,0.0,1,1,0,0,1,0,63,0.25,1,39,0.2977876663208008,0.2381174548358592,0.6810379028320312,0.4655962558087154,6.284460641909391,17.04848274588585,0.4285658255636018,2.374803521872016,5.710260554165508,1.2000000000000002,0.0681833474458027,0.08529762751667437,0.064139224588871,0.06838520616292953,0.064139224588871,0.04136493802070618,0.06487846374511719,67,0.05771416635109724,4.091643605316356
station_wake_L0,Hard-switch stage-aware SAC,strict_hard_switch_v1,hard_switch_v1,4,96,9096,1200096,station_wake,0,0.0,0.0,0.0,1,1,0,0,1,0,53,0.25,1,34,0.1489129662513733,0.09653705811662665,0.4086540639400482,0.2924300131964453,1.68768972158432,8.384724408388138,0.29639362880809667,1.7476243941416432,1.6823325819650279,0.0,0.14649186238565876,0.16368985619054566,0.018630001321434976,0.024870794266462326,0.018630001321434976,0.10408398136496544,0.18346020951867104,57,0.065354955021882,1.4154775179794528
station_wake_L0,Hard-switch stage-aware SAC,strict_hard_switch_v1,hard_switch_v1,4,97,9097,1200097,station_wake,0,0.0,0.0,0.0,1,1,0,0,1,0,57,0.25,1,40,0.11052384972572327,0.0810664090302296,0.6456803530454636,0.35056495969590146,3.3339260518550873,14.858932942152023,0.3442312116762759,1.9270269729185037,0.9968613068866008,0.0,0.1488391001174853,0.18041602345654031,0.018272971734404564,0.036045871675014496,0.018272971734404564,0.28052784502506256,0.3369501978158951,61,0.0711201556951592,0.19929632888365667
station_wake_L0,Hard-switch stage-aware SAC,strict_hard_switch_v1,hard_switch_v1,4,98,9098,1200098,station_wake,0,0.0,0.0,0.0,1,1,0,0,1,0,75,0.25,1,58,0.13914531469345093,0.09508724937873865,0.8739353716373444,0.4969116221505339,3.4291064739227295,9.966482929885387,0.3320516915682009,1.506387467552052,0.0,0.75,0.1403449166311626,0.16267395995225073,0.09998050779104233,0.10686464607715607,0.09998050779104233,0.07068848609924316,0.13331815600395203,79,0.0689266501534534,3.102400627396964
station_wake_L0,Hard-switch stage-aware SAC,strict_hard_switch_v1,hard_switch_v1,4,99,9099,1200099,station_wake,0,0.0,0.0,0.0,1,1,0,0,1,0,38,0.25,1,23,0.91632479429245,0.6588665366468226,1.430763602256775,1.1497500358082944,4.619708433747292,16.909270882606506,0.5804056604057525,2.4269932453021754,2.685063262504491,0.1,0.18769637314001164,0.22568446429912492,0.015546144172549247,0.02469249628484249,0.015546144172549247,0.24579595774412155,0.33234085887670517,42,0.05877031360707458,2.5562546459379245
station_wake_L0,Smooth stage-aware SAC,strict_two_stage_v3_v1,two_stage_v3,0,0,9000,1200000,station_wake,0,0.0,0.0,0.0,1,1,0,0,1,0,49,0.25,1,33,0.24446457624435425,0.19129043525240993,0.3901231288909912,0.23810142294562073,1.3165899645537138,7.503446713089943,0.502256905928069,2.050386715562943,1.320929343733082,0.0,0.14399274932142264,0.16512200320623488,0.008651124499738216,0.009150559082627296,0.008651124499738216,0.007655937224626541,0.012509096413850784,53,0.07206593158584645,1.320929343733082
station_wake_L0,Smooth stage-aware SAC,strict_two_stage_v3_v1,two_stage_v3,0,1,9001,1200001,station_wake,0,0.0,0.0,0.0,1,1,0,0,1,0,44,0.25,1,29,0.6221653819084167,0.4243262281412427,1.7808103561401367,0.9391101792920546,4.424507021903992,18.1640262901783,0.3793698173622396,2.425585255388463,0.9565357633051398,0.1,0.16012161814339854,0.198662306918796,0.039908668398857115,0.04271485283970833,0.039908668398857115,0.06687496602535248,0.1240711659193039,48,0.06472050462271249,0.21887054380721574
station_wake_L0,Smooth stage-aware SAC,strict_two_stage_v3_v1,two_stage_v3,0,2,9002,1200002,station_wake,0,0.0,0.0,0.0,1,1,0,0,1,0,40,0.25,1,25,0.37099289894104004,0.3320358035129932,0.9662595391273499,0.47018248774650917,4.23866480588913,16.769791394472122,0.35279618810700497,2.7039997250572534,0.0,0.6000000000000001,0.1563779658890435,0.21169642878826353,0.08445480242371559,0.10590101033449173,0.08445480242371559,0.252238392829895,0.37272073328495026,44,0.07178238373583147,3.512677284234936
station_wake_L0,Smooth stage-aware SAC,strict_two_stage_v3_v1,two_stage_v3,0,3,9003,1200003,station_wake,0,0.0,0.0,0.0,1,1,0,0,1,0,60,0.25,1,43,0.1717643141746521,0.1436493033093204,0.7220610976219177,0.2911175369783112,3.6811311542987823,15.640696175396442,0.283144865627158,1.632155612681774,1.467883425046845,0.0,0.1064598716531702,0.13646950117592105,0.03371671102941036,0.035847533494234085,0.03371671102941036,0.043850384652614594,0.08619002997875214,64,0.07788776795016483,0.8473453710255541
station_wake_L0,Smooth stage-aware SAC,strict_two_stage_v3_v1,two_stage_v3,0,4,9004,1200004,station_wake,0,0.0,0.0,0.0,1,1,0,0,1,0,57,0.25,1,39,0.31786733865737915,0.2231732865310963,0.5253219604492188,0.3826809510574195,1.3320168294012547,6.385691240429878,0.2906249791295259,1.7335706740680514,0.0,0.6000000000000001,0.11876003602815369,0.14055577610144646,0.09217651933431625,0.11187431216239929,0.09217651933431625,0.2037419080734253,0.2722465991973877,61,0.07320653615480449,1.7082582725071038
station_wake_L0,Smooth stage-aware SAC,strict_two_stage_v3_v1,two_stage_v3,0,5,9005,1200005,station_wake,0,0.0,0.0,0.0,1,1,0,0,1,0,59,0.25,1,39,0.0824950784444809,0.04710801912764809,0.44525623321533203,0.2814248417748374,1.3440745323896408,7.233075108379126,0.28623260471867706,1.1772448553188564,0.3971487664489432,0.0,0.11690264140077886,0.13058793860497486,0.021556583791971208,0.0315755270421505,0.021556583791971208,0.09305332601070404,0.11359833180904388,63,0.07589767274232152,0.493923689086444
station_wake_L0,Smooth stage-aware SAC,strict_two_stage_v3_v1,two_stage_v3,0,6,9006,1200006,station_wake,0,0.0,0.0,0.0,1,1,0,0,1,0,31,0.25,0,-1,nan,nan,nan,nan,nan,nan,nan,nan,0.0,nan,0.13196341817962084,0.1539643282205792,0.06441144421696662,0.07541658729314804,0.06441144421696662,0.12529325485229492,0.16775727272033691,35,0.07205974897013794,2.3095983723187814
station_wake_L0,Smooth stage-aware SAC,strict_two_stage_v3_v1,two_stage_v3,0,7,9007,1200007,station_wake,0,0.0,0.0,0.0,1,1,0,0,1,0,62,0.25,1,42,0.23948699235916138,0.13139068280149785,0.6917011737823486,0.5111486294618878,1.6445018351078033,5.683946460485458,0.1147317410233033,0.7585064386627844,0.0,0.0,0.1241882994692021,0.14102424215123935,0.07414642423391342,0.07921341806650162,0.07414642423391342,0.06774735450744629,0.11957228183746338,66,0.07174266536044553,0.5263114856352925
station_wake_L0,Smooth stage-aware SAC,strict_two_stage_v3_v1,two_stage_v3,0,8,9008,1200008,station_wake,0,0.0,0.0,0.0,1,1,0,0,1,0,44,0.25,1,27,0.04412010684609413,0.031458353816251415,0.4841671511530876,0.27356824914545,1.8090137094259262,10.869755744934082,0.27087544380028983,1.852122084615028,0.48192854288257936,0.0,0.08732909114186073,0.10238658981622537,0.024339817464351654,0.02702188491821289,0.024339817464351654,0.09531019628047943,0.31170547008514404,48,0.08146020593435485,0.11012005172875454
station_wake_L0,Smooth stage-aware SAC,strict_two_stage_v3_v1,two_stage_v3,0,9,9009,1200009,station_wake,0,0.0,0.0,0.0,1,1,0,0,1,0,45,0.25,1,24,0.06801633536815643,0.05286120062224649,0.48621412366628647,0.24498016227485783,1.6065588593482971,9.530882388353348,0.24622305196379152,1.642260491742818,0.0,0.0,0.12730287575851734,0.14715959092523404,0.03869511485099793,0.04101596772670746,0.03869511485099793,0.0533880740404129,0.10111570358276367,49,0.07294209936797985,1.0663742765039361
station_wake_L0,Smooth stage-aware SAC,strict_two_stage_v3_v1,two_stage_v3,0,10,9010,1200010,station_wake,0,0.0,0.0,0.0,1,1,0,0,1,0,35,0.25,0,-1,nan,nan,nan,nan,nan,nan,nan,nan,0.0,nan,0.10737548325361497,0.1331194117620438,0.09325258880853653,0.12483157962560654,0.09325258880853653,0.32112807035446167,0.4020942747592926,39,0.07380517181318025,2.531363729055106
station_wake_L0,Smooth stage-aware SAC,strict_two_stage_v3_v1,two_stage_v3,0,11,9011,1200011,station_wake,0,0.0,0.0,0.0,1,1,0,0,1,0,47,0.25,1,33,0.5180277824401855,0.37231143015698476,1.2768113613128662,0.7959387172284107,4.240283966064453,20.45633852481842,0.28574050962538966,2.223858538662198,0.0,0.15000000000000002,0.15190845703220554,0.20962697194122115,0.057864303886890414,0.06518986821174622,0.057864303886890414,0.11632212996482849,0.20904786884784698,51,0.07402017486351703,1.5783918303928317
station_wake_L0,Smooth stage-aware SAC,strict_two_stage_v3_v1,two_stage_v3,0,12,9012,1200012,station_wake,0,0.0,0.0,0.0,1,1,0,0,1,0,59,0.25,1,43,0.2710321843624115,0.228525872381716,1.1267927289009094,0.5550303337952138,2.6665866374969482,17.667769491672516,0.14613017148362642,1.181231674055071,0.0,0.1,0.11794540409475292,0.14961056947644968,0.0233827356249094,0.030411850661039352,0.0233827356249094,0.10584957152605057,0.27431853115558624,63,0.07072697731137984,1.0088323873458118
station_wake_L0,Smooth stage-aware SAC,strict_two_stage_v3_v1,two_stage_v3,0,13,9013,1200013,station_wake,0,0.0,0.0,0.0,1,1,0,0,1,0,55,0.25,1,42,0.17907169461250305,0.13579633353580206,1.5349046885967255,0.7264486556322947,3.9178484678268433,19.36924546957016,0.23567105441392389,1.5046720911879232,0.0,0.0,0.17860360146088633,0.27269815131593117,0.03617703877389431,0.04264090210199356,0.03617703877389431,0.13141299784183502,0.21997947245836258,59,0.06885157270175003,1.7322463237590118
station_wake_L0,Smooth stage-aware SAC,strict_two_stage_v3_v1,two_stage_v3,0,14,9014,1200014,station_wake,0,0.0,0.0,0.0,1,1,0,0,1,0,51,0.25,1,36,0.2988445460796356,0.2761874092047945,0.7417675852775574,0.2911106531564152,3.502727374434471,15.248353406786919,0.2542909989849651,1.6101894773923489,0.5183087984447118,0.25,0.13695515599039318,0.16753118369247658,0.08189135193824768,0.11870355159044266,0.08189135193824768,0.3197884261608124,0.41178494691848755,55,0.07189202646521856,0.5183087984447118
station_wake_L0,Smooth stage-aware SAC,strict_two_stage_v3_v1,two_stage_v3,0,15,9015,1200015,station_wake,0,0.0,0.0,0.0,1,1,0,0,1,0,55,0.25,1,34,0.49438101053237915,0.32608977461118327,1.0768991708755493,0.7770922726232766,4.001413583755493,15.763962920755148,0.34388861856642594,1.7899143627929983,0.0,0.25,0.0994023311148981,0.11258552453691545,0.044018260389566424,0.04744481295347214,0.044018260389566424,0.033427685499191284,0.04876628518104553,59,0.07713182692236269,2.369274161984006
station_wake_L0,Smooth stage-aware SAC,strict_two_stage_v3_v1,two_stage_v3,0,16,9016,1200016,station_wake,0,0.0,0.0,0.0,1,1,0,0,1,0,42,0.25,1,22,1.3622055053710938,1.1802613111781974,2.494540214538574,1.6571759760680624,11.31868302822113,37.19658613204956,0.6255418703668001,3.3798749746330228,0.0,0.9500000000000001,0.14966042959765008,0.18072756482723482,0.12236445099115371,0.13260692358016968,0.12236445099115371,0.12158751487731934,0.18287226557731628,46,0.06401783050243452,3.023249407087094
station_wake_L0,Smooth stage-aware SAC,strict_two_stage_v3_v1,two_stage_v3,0,17,9017,1200017,station_wake,0,0.0,0.0,0.0,1,1,0,0,1,0,49,0.25,1,30,0.40598419308662415,0.23940385362408478,0.928892195224762,0.7808423574891716,2.880627140402794,9.603802785277367,0.2666422997579045,1.2965160305269054,1.245284358344956,0.0,0.10734669310890414,0.12699806969852065,0.005475993920117617,0.010365716181695461,0.005475993920117617,0.07648635655641556,0.10871401056647301,53,0.07528606178966174,1.2132659256198173
station_wake_L0,Smooth stage-aware SAC,strict_two_stage_v3_v1,two_stage_v3,0,18,9018,1200018,station_wake,0,0.0,0.0,0.0,1,1,0,0,1,0,54,0.25,1,33,0.29415634274482727,0.19777364625250596,0.5693501234054565,0.43542659541371503,1.9794386625289917,6.771889645606279,0.21874089052635926,1.4686284589334322,0.0,0.9500000000000001,0.1289854407898791,0.13530230087140518,0.10820934623479843,0.11248569190502167,0.10820934623479843,0.09890106320381165,0.1802872121334076,58,0.07653964887889189,3.0535765142190088
station_wake_L0,Smooth stage-aware SAC,strict_two_stage_v3_v1,two_stage_v3,0,19,9019,1200019,station_wake,0,0.0,0.0,0.0,1,1,0,0,1,0,52,0.25,1,32,0.2221575528383255,0.1772662742784443,0.531238317489624,0.3494686535867694,2.516496181488037,13.002872467041016,0.2774428663534269,1.8582644587197625,0.0,0.9,0.10136106201555861,0.11633189169536695,0.07429613322019576,0.08452549576759338,0.07429613322019576,0.1131744384765625,0.15480771660804749,56,0.08275841466090443,3.394510742725484
station_wake_L0,Smooth stage-aware SAC,strict_two_stage_v3_v1,two_stage_v3,0,20,9020,1200020,station_wake,0,0.0,0.0,0.0,1,1,0,0,1,0,36,0.25,1,20,1.0353366136550903,0.7507961091506102,1.4473378658294678,1.191682317585037,9.051536917686462,30.712884068489075,0.468934505202244,3.0097179134516847,0.0,0.7000000000000001,0.18331282320363435,0.22619678087580272,0.11742268055677414,0.1298176348209381,0.11742268055677414,0.15238559246063232,0.28616994619369507,40,0.07139647549527052,2.511227050721439
station_wake_L0,Smooth stage-aware SAC,strict_two_stage_v3_v1,two_stage_v3,0,21,9021,1200021,station_wake,0,0.0,0.0,0.0,1,1,0,0,1,0,60,0.25,1,39,0.2337225079536438,0.18374184991334797,0.42391031980514526,0.2490450765987,2.158746658824384,8.275545872747898,0.3465896471244325,1.7402577123206995,1.2921184318752046,0.35000000000000003,0.10204846201476178,0.11338011014595306,0.0058879307471215725,0.01325182057917118,0.0058879307471215725,0.08553674537688494,0.12484189122915268,64,0.07955343715850832,1.2867031590804423
station_wake_L0,Smooth stage-aware SAC,strict_two_stage_v3_v1,two_stage_v3,0,22,9022,1200022,station_wake,0,0.0,0.0,0.0,1,1,0,0,1,0,34,0.25,1,18,0.10053232312202454,0.04887519690947904,0.4155055433511734,0.2484820231334286,1.7828331887722015,8.407903239130974,0.4904652169772287,2.4641585829224484,0.0,0.0,0.15875420874890675,0.19956465611597607,0.09528504461050033,0.10617857426404953,0.09528504461050033,0.14006754755973816,0.17979249358177185,38,0.07298333161437189,1.0665073584710456
station_wake_L0,Smooth stage-aware SAC,strict_two_stage_v3_v1,two_stage_v3,0,23,9023,1200023,station_wake,0,0.0,0.0,0.0,1,1,0,0,1,0,57,0.25,1,40,0.36189568042755127,0.30746106885456215,0.5989980697631836,0.3966916906739604,2.773304656147957,13.315358385443687,0.1705124302015739,1.1762593694370755,1.263845183971054,0.25,0.12640212036308518,0.18096171887900747,0.03676561415195465,0.059338998049497604,0.03676561415195465,0.5198709070682526,0.694195032119751,61,0.07560605800273022,1.0093465725242667
station_wake_L0,Smooth stage-aware SAC,strict_two_stage_v3_v1,two_stage_v3,0,24,9024,1200024,station_wake,0,0.0,0.0,0.0,1,1,0,0,1,0,53,0.25,1,33,0.7479674816131592,0.598202276240515,1.430855393409729,1.0293259643709884,6.328740119934082,25.281402468681335,0.333458655153758,1.7472296497190396,0.0,0.6000000000000001,0.15751164152321104,0.1765255295874674,0.12206406146287918,0.1640142798423767,0.12206406146287918,0.3841085135936737,0.43443113565444946,57,0.06586669142369289,0.283909752858406
station_wake_L0,Smooth stage-aware SAC,strict_two_stage_v3_v1,two_stage_v3,0,25,9025,1200025,station_wake,0,0.0,0.0,0.0,1,1,0,0,1,0,33,0.25,1,22,0.42574647068977356,0.34689056630119197,0.6266093254089355,0.3749188411964237,2.846159487962723,9.799061119556427,0.37950516237627696,2.2597767430916953,0.0,0.55,0.30946757264525926,0.42858680948886557,0.25512524843215945,0.35623499751091003,0.25512524843215945,0.9900110960006714,1.146014928817749,37,0.035296069420611885,1.3631186751843103
station_wake_L0,Smooth stage-aware SAC,strict_two_stage_v3_v1,two_stage_v3,0,26,9026,1200026,station_wake,0,0.0,0.0,0.0,1,1,0,0,1,0,47,0.25,1,25,0.527982771396637,0.39593256220144646,1.3260483741760254,0.653784047467178,3.3913224935531616,14.700000360608101,0.24764453704706219,1.844273405092895,0.49546298960978274,0.45,0.11759983516581554,0.131292073069135,0.06103542596101761,0.07457909733057022,0.06103542596101761,0.1396230310201645,0.1708252727985382,51,0.07324004791793318,0.49546298960978274
station_wake_L0,Smooth stage-aware SAC,strict_two_stage_v3_v1,two_stage_v3,0,27,9027,1200027,station_wake,0,0.0,0.0,0.0,1,1,0,0,1,0,37,0.25,1,20,0.18761475384235382,0.15812485735342965,0.5890437960624695,0.34048613232949004,4.296730514615774,15.558444857597351,0.4554854652301095,2.050391678193982,0.0,0.55,0.1620335069439444,0.1966865738422371,0.0917215183377266,0.09987311065196991,0.0917215183377266,0.06517836451530457,0.11024415493011475,41,0.06916660625273421,2.0920098897033315
station_wake_L0,Smooth stage-aware SAC,strict_two_stage_v3_v1,two_stage_v3,0,28,9028,1200028,station_wake,0,0.0,0.0,0.0,1,1,0,0,1,0,40,0.25,1,25,0.6923162937164307,0.4869624261637194,1.081782579421997,0.8281546029245688,3.563876785337925,9.116086699068546,0.3532007127147925,1.6392028850516438,0.0,0.4,0.13223599688401927,0.17467352516943965,0.07544188052415848,0.10624092072248459,0.07544188052415848,0.2679889649152756,0.4650448262691498,44,0.07284065932876761,1.1676389813036627
station_wake_L0,Smooth stage-aware SAC,strict_two_stage_v3_v1,two_stage_v3,0,29,9029,1200029,station_wake,0,0.0,0.0,0.0,1,1,0,0,1,0,46,0.25,1,25,0.7976300120353699,0.5772339955951792,1.3290989398956299,1.0106115353464022,2.405822277069092,15.638531297445297,0.38855178153991055,2.0295448723000913,0.0,0.55,0.12325768862656923,0.13509740382875307,0.04155801609158516,0.04734070599079132,0.04155801609158516,0.05486634373664856,0.08207626640796661,50,0.07371892645219029,2.086332935285993
station_wake_L0,Smooth stage-aware SAC,strict_two_stage_v3_v1,two_stage_v3,0,30,9030,1200030,station_wake,0,0.0,0.0,0.0,1,1,0,0,1,0,51,0.25,1,33,0.1839621365070343,0.09601254011556197,0.6265271455049515,0.48401123923089057,1.550704538822174,7.0207297801971436,0.29286890382703273,1.4362723354411,0.0,0.0,0.15133429106724688,0.17605241598556082,0.012349172914400696,0.021661166101694107,0.012349172914400696,0.10468479618430138,0.1681847171857953,55,0.06866700329632151,2.1320023548410485
station_wake_L0,Smooth stage-aware SAC,strict_two_stage_v3_v1,two_stage_v3,0,31,9031,1200031,station_wake,0,0.0,0.0,0.0,1,1,0,0,1,0,53,0.25,1,38,0.33204323053359985,0.20002307049941712,0.9710851311683655,0.6054186406801242,3.0131977796554565,14.698872417211533,0.2960753807773163,1.6875165422138192,0.030206695032313203,0.0,0.15347677013400088,0.19025259313400303,0.047902867943048474,0.06236472353339195,0.047902867943048474,0.14569883048534393,0.20071201026439667,57,0.06881259173585735,0.030206695032313203
station_wake_L0,Smooth stage-aware SAC,strict_two_stage_v3_v1,two_stage_v3,0,32,9032,1200032,station_wake,0,0.0,0.0,0.0,1,1,0,0,1,0,58,0.25,1,44,0.14598317444324493,0.097946882664863,0.8051257580518723,0.4820056214558901,2.379966080188751,15.98349392414093,0.37078276920307646,2.193847128032181,0.5892937271890378,0.0,0.15234651901644156,0.19254179087790577,0.011189485155045985,0.021125249564647675,0.011189485155045985,0.0900883674621582,0.18894171342253685,62,0.07270340552737503,0.11227965215662811
station_wake_L0,Smooth stage-aware SAC,strict_two_stage_v3_v1,two_stage_v3,0,33,9033,1200033,station_wake,0,0.0,0.0,0.0,1,1,0,0,1,0,35,0.25,0,-1,nan,nan,nan,nan,nan,nan,nan,nan,0.0,nan,0.05185742866955213,0.06107345129192379,0.18788931369781495,0.24102461338043213,0.18788931369781495,0.5899479389190674,0.9536629915237427,39,0.02799604430584139,2.957686848130965
station_wake_L0,Smooth stage-aware SAC,strict_two_stage_v3_v1,two_stage_v3,0,34,9034,1200034,station_wake,0,0.0,0.0,0.0,1,1,0,0,1,0,40,0.25,1,19,1.4696389436721802,1.3104131671503114,1.1709237098693848,0.9417485327546129,13.0329030752182,17.280672192573547,0.6628601245769215,3.007110153957187,1.0918930371818674,0.55,0.13188369461309385,0.157481877252681,0.03927092030644417,0.048817917704582214,0.03927092030644417,0.10290707647800446,0.13048097491264343,44,0.07520757668577763,0.12500610884936014
station_wake_L0,Smooth stage-aware SAC,strict_two_stage_v3_v1,two_stage_v3,0,35,9035,1200035,station_wake,0,0.0,0.0,0.0,1,1,0,0,1,0,55,0.25,1,43,0.31667548418045044,0.16403363355450915,1.0924971103668213,0.8597575298944125,2.9761427640914917,11.369785964488983,0.47051883766984437,2.2127172589039295,0.0,0.0,0.1810083938930051,0.2577404746285924,0.02399369515478611,0.03850265219807625,0.02399369515478611,0.22927304357290268,0.6456770747900009,59,0.060855883154354966,1.207732938783578
station_wake_L0,Smooth stage-aware SAC,strict_two_stage_v3_v1,two_stage_v3,0,36,9036,1200036,station_wake,0,0.0,0.0,0.0,1,1,0,0,1,0,35,0.25,1,12,1.2353928089141846,0.9712558691505321,1.5460395812988281,1.263524207195764,0.4687035083770752,0.9474122524261475,0.34529466038611056,2.4950803708779996,0.0,1.1500000000000001,0.09877518052084597,0.12046153358605005,0.21182348430156708,0.26894626021385193,0.21182348430156708,0.5788204073905945,0.7090854644775391,39,0.047820944510928755,2.2210234119449983
station_wake_L0,Smooth stage-aware SAC,strict_two_stage_v3_v1,two_stage_v3,0,37,9037,1200037,station_wake,0,0.0,0.0,0.0,1,1,0,0,1,0,50,0.25,1,31,0.6688314080238342,0.33636633536766025,2.264467477798462,1.503137584173059,3.922486901283264,21.31212867796421,0.2795866745095839,2.14203490735081,0.0,0.9,0.12827003834743952,0.1495391314737687,0.1441895216703415,0.15495803952217102,0.1441895216703415,0.11700588464736938,0.21510958671569824,54,0.07273630825261752,2.802015951332385
station_wake_L0,Smooth stage-aware SAC,strict_two_stage_v3_v1,two_stage_v3,0,38,9038,1200038,station_wake,0,0.0,0.0,0.0,1,1,0,0,1,0,63,0.25,1,48,0.2890075743198395,0.23784099402369813,0.743105411529541,0.4843019162539196,4.329195469617844,14.157784692943096,0.2186137674901242,1.2132302509407895,0.0,0.7000000000000001,0.15984818552463403,0.20000605123449577,0.12293927669525147,0.13622716069221497,0.12293927669525147,0.1651189923286438,0.22275537252426147,67,0.0636344251429502,2.9111442315792058
station_wake_L0,Smooth stage-aware SAC,strict_two_stage_v3_v1,two_stage_v3,0,39,9039,1200039,station_wake,0,0.0,0.0,0.0,1,1,0,0,1,0,60,0.25,1,44,0.28911399841308594,0.15244370485399722,0.8662977814674377,0.5821877948444931,2.1962961554527283,9.928029105067253,0.2031627778930071,1.2808318582894362,0.0,0.0,0.15512949767290724,0.19281186619231433,0.04707120731472969,0.051617927849292755,0.04707120731472969,0.06110726296901703,0.11752165853977203,64,0.0652503308263846,0.8114080639032675
station_wake_L0,Smooth stage-aware SAC,strict_two_stage_v3_v1,two_stage_v3,0,40,9040,1200040,station_wake,0,0.0,0.0,0.0,1,1,0,0,1,0,66,0.25,1,49,0.23837561905384064,0.20574370601593978,0.5542480945587158,0.33665834768389774,3.3068536408245564,19.586604852229357,0.21076573768052115,1.3918692682252407,0.7008296491182883,0.0,0.13931863230483163,0.1643910902089353,0.008183753024786711,0.01414460875093937,0.008183753024786711,0.12118911743164062,0.3497891500592232,70,0.06880836555555149,0.6241273717909855
station_wake_L0,Smooth stage-aware SAC,strict_two_stage_v3_v1,two_stage_v3,0,41,9041,1200041,station_wake,0,0.0,0.0,0.0,1,1,0,0,1,0,53,0.25,1,40,0.26533612608909607,0.14805899551979698,1.0238921642303467,0.8772925528548515,1.917462944984436,6.185300350189209,0.28231449695238486,2.013254965864589,0.0,0.15000000000000002,0.15112728868231914,0.2512190161619633,0.008851215522736312,0.016255632042884827,0.008851215522736312,0.3287036642432213,0.6950569152832031,57,0.06260050852070523,1.093135491280575
station_wake_L0,Smooth stage-aware SAC,strict_two_stage_v3_v1,two_stage_v3,0,42,9042,1200042,station_wake,0,0.0,0.0,0.0,1,1,0,0,1,0,34,0.25,1,5,0.7692596912384033,0.49248504354570294,1.994565725326538,1.6380184764580694,19.61185574531555,20.67214012145996,1.77288641339298,3.2524835553859828,0.0,1.4500000000000002,0.083887971393914,0.10314360010506292,0.17122589349746703,0.2090606838464737,0.17122589349746703,0.4051360487937927,0.6572946906089783,38,0.0540156838146652,2.913004817797799
station_wake_L0,Smooth stage-aware SAC,strict_two_stage_v3_v1,two_stage_v3,0,43,9043,1200043,station_wake,0,0.0,0.0,0.0,1,1,0,0,1,0,57,0.25,1,37,0.1684919148683548,0.12949999779943575,0.5077928304672241,0.34251988527348,2.84012570977211,15.035446435213089,0.18331023678126468,1.1912456282393749,0.0,0.5,0.11838897575160923,0.1386223108987811,0.0815204456448555,0.08479069173336029,0.0815204456448555,0.03731369972229004,0.07201865315437317,61,0.07407510931784653,1.269512106548049
station_wake_L0,Smooth stage-aware SAC,strict_two_stage_v3_v1,two_stage_v3,0,44,9044,1200044,station_wake,0,0.0,0.0,0.0,1,1,0,0,1,0,34,0.25,1,16,1.1955617666244507,1.0542535575614693,1.7674541473388672,1.1753933120593538,11.082060039043427,28.60920786857605,0.5584674552063187,3.1450220900992503,3.6684467918896586,0.35000000000000003,0.15448507015048146,0.19118580459174625,0.11948848515748978,0.15431368350982666,0.11948848515748978,0.3283005356788635,0.4948575794696808,38,0.07058874452763553,1.0840620118550364
station_wake_L0,Smooth stage-aware SAC,strict_two_stage_v3_v1,two_stage_v3,0,45,9045,1200045,station_wake,0,0.0,0.0,0.0,1,1,0,0,1,0,61,0.25,1,43,0.322245717048645,0.2794875023233019,0.3562736511230469,0.21760460191848055,1.2979144230484962,7.893956638872623,0.144856659759354,1.0762437122671806,1.3151615691441234,0.25,0.15397843446791584,0.18127938332381874,0.019525841809809208,0.045914698392152786,0.019525841809809208,0.31300655379891396,0.40714703500270844,65,0.06878062847144294,1.2774327781077366
station_wake_L0,Smooth stage-aware SAC,strict_two_stage_v3_v1,two_stage_v3,0,46,9046,1200046,station_wake,0,0.0,0.0,0.0,1,1,0,0,1,0,48,0.25,1,32,0.262586385011673,0.15879124896527477,0.7057663798332214,0.43874662995600644,1.641211062669754,7.602965086698532,0.38012072988970563,1.520988907085108,0.21103223472396496,0.1,0.1555917518411666,0.18556037762823005,0.06650194227695465,0.08360494673252106,0.06650194227695465,0.1661684662103653,0.22597402334213257,52,0.07007773080949851,0.21103223472396496
station_wake_L0,Smooth stage-aware SAC,strict_two_stage_v3_v1,two_stage_v3,0,47,9047,1200047,station_wake,0,0.0,0.0,0.0,1,1,0,0,1,0,74,0.25,1,56,0.10256505012512207,0.07744551504976165,0.3744126856327057,0.21053569371299105,3.2936345785856247,8.817290365695953,0.17582606965095623,0.8631206744615058,0.0,0.05,0.10747105269436588,0.12266815324068321,0.05271700471639633,0.0618501715362072,0.05271700471639633,0.07977116107940674,0.10111309587955475,78,0.07767796839103334,1.2370106513825434
station_wake_L0,Smooth stage-aware SAC,strict_two_stage_v3_v1,two_stage_v3,0,48,9048,1200048,station_wake,0,0.0,0.0,0.0,1,1,0,0,1,0,56,0.25,1,32,0.19951802492141724,0.11240335337102465,0.9830549359321594,0.7081579167937829,2.4276605248451233,11.677173376083374,0.5534987541349492,2.166619331004786,0.0,0.45,0.0891876016945576,0.09884230574297036,0.04073258116841316,0.04681651294231415,0.04073258116841316,0.05960993468761444,0.07268615067005157,60,0.08104343755373429,0.8154926771094938
station_wake_L0,Smooth stage-aware SAC,strict_two_stage_v3_v1,two_stage_v3,0,49,9049,1200049,station_wake,0,0.0,0.0,0.0,1,1,0,0,1,0,33,0.25,1,18,0.34678176045417786,0.20714976814047903,1.1454689502716064,0.6639632707246279,3.782787434756756,17.978947460651398,0.723153929645426,2.91087762301611,0.0,0.0,0.18327404789026827,0.21029756509309203,0.048248501121997835,0.05373290926218033,0.048248501121997835,0.09609195590019226,0.18925577402114868,37,0.06862325281329694,1.9770580194154284
station_wake_L0,Smooth stage-aware SAC,strict_two_stage_v3_v1,two_stage_v3,0,50,9050,1200050,station_wake,0,0.0,0.0,0.0,1,1,0,0,1,0,39,0.25,1,18,1.2881803512573242,1.0926762594233763,0.9694194793701172,0.8329004227363872,3.6844277381896973,9.497309923171997,0.31659792799999253,1.3779843661393696,0.0,0.65,0.12088632587184074,0.1362640123190477,0.05032503977417946,0.06520731002092361,0.05032503977417946,0.17230987548828125,0.347408652305603,43,0.0749308003151704,0.4503531119581393
station_wake_L0,Smooth stage-aware SAC,strict_two_stage_v3_v1,two_stage_v3,0,51,9051,1200051,station_wake,0,0.0,0.0,0.0,1,1,0,0,1,0,60,0.25,1,39,0.4605462849140167,0.2536940267810288,1.1851781606674194,0.912607703130805,2.7011558413505554,11.359748225659132,0.15844945879920055,0.917409148938013,0.0,0.9,0.11394352855435022,0.14152020627160883,0.1483801230788231,0.18174752593040466,0.1483801230788231,0.36300262808799744,0.47407492995262146,64,0.07638799269150179,1.6550254856633169
station_wake_L0,Smooth stage-aware SAC,strict_two_stage_v3_v1,two_stage_v3,0,52,9052,1200052,station_wake,0,0.0,0.0,0.0,1,1,0,0,1,0,56,0.25,1,41,0.0747692734003067,0.06332175574486029,0.22909216582775116,0.14252571609050244,2.336086928844452,12.5661775842309,0.2240724302350442,1.648840434820483,0.0,0.0,0.13474103302837773,0.16390726971409766,0.052353793382644655,0.056025221943855286,0.052353793382644655,0.0651731789112091,0.10725386440753937,60,0.07207395768033135,2.0026622641796905
station_wake_L0,Smooth stage-aware SAC,strict_two_stage_v3_v1,two_stage_v3,0,53,9053,1200053,station_wake,0,0.0,0.0,0.0,1,1,0,0,1,0,55,0.25,1,35,0.33806708455085754,0.21422246935090802,0.9789413213729858,0.6285131673912361,4.215616919100285,22.012237310409546,0.3175985915096753,1.8604733877214272,0.0,0.2,0.11831293946982435,0.1412027667551192,0.009553465573117138,0.01977037452161312,0.009553465573117138,0.11321093514561653,0.19014615565538406,59,0.07252532966261481,1.195744782851442
station_wake_L0,Smooth stage-aware SAC,strict_two_stage_v3_v1,two_stage_v3,0,54,9054,1200054,station_wake,0,0.0,0.0,0.0,1,1,0,0,1,0,59,0.25,1,36,0.2406987100839615,0.15081713441127007,1.2080135941505432,0.7800597928946359,1.8222379684448242,7.42414653301239,0.2182349113526844,1.6246687009326477,0.0,1.1500000000000001,0.10175020154501516,0.11198853484052385,0.11565864384174347,0.1223360002040863,0.11565864384174347,0.07218274474143982,0.13415932655334473,63,0.07270954843364612,3.5370915819797353
station_wake_L0,Smooth stage-aware SAC,strict_two_stage_v3_v1,two_stage_v3,0,55,9055,1200055,station_wake,0,0.0,0.0,0.0,1,1,0,0,1,0,58,0.25,1,46,0.23028628528118134,0.1874052806804557,0.3921777009963989,0.22268984799871575,2.0932865142822266,9.85716700553894,0.15944136377411203,1.3484993445904354,0.0,0.6000000000000001,0.17825118052453298,0.28537972656204746,0.10799959525465966,0.1785580962896347,0.10799959525465966,0.4808603972196579,1.0266673564910889,62,0.06537292471510066,3.8882555128721856
station_wake_L0,Smooth stage-aware SAC,strict_two_stage_v3_v1,two_stage_v3,0,56,9056,1200056,station_wake,0,0.0,0.0,0.0,1,1,0,0,1,0,60,0.25,1,46,0.8009672164916992,0.559545335942083,1.5192079544067383,1.2433830035849476,10.926750898361206,28.752925395965576,0.5616601337046976,2.417909058884676,0.0,0.1,0.2095316650353126,0.27940798638744035,0.049498768895864485,0.05369514971971512,0.049498768895864485,0.13256676495075226,0.3092268109321594,64,0.059243933103775286,1.4435971933489837
station_wake_L0,Smooth stage-aware SAC,strict_two_stage_v3_v1,two_stage_v3,0,57,9057,1200057,station_wake,0,0.0,0.0,0.0,1,1,0,0,1,0,40,0.25,1,22,1.1131820678710938,0.9209889915594194,1.39937162399292,1.103815470780051,5.937713282182813,21.76342248916626,0.362748496211313,2.3596625484450975,0.0,0.75,0.130980611438192,0.15086548389471396,0.14929086863994598,0.1698618233203888,0.14929086863994598,0.21130698919296265,0.29955774545669556,44,0.08133876221034972,1.7582214264508644
station_wake_L0,Smooth stage-aware SAC,strict_two_stage_v3_v1,two_stage_v3,0,58,9058,1200058,station_wake,0,0.0,0.0,0.0,1,1,0,0,1,0,56,0.25,1,38,0.30621424317359924,0.1749037915494701,1.114407479763031,0.8459271747978233,3.7023624777793884,16.129695773124695,0.2784646285849129,1.8371377338271708,0.068926453802787,0.45,0.12717256595384036,0.14550322364257487,0.061198840290308,0.08586443960666656,0.061198840290308,0.24548038840293884,0.27137309312820435,60,0.0729360946986635,0.068926453802787
station_wake_L0,Smooth stage-aware SAC,strict_two_stage_v3_v1,two_stage_v3,0,59,9059,1200059,station_wake,0,0.0,0.0,0.0,1,1,0,0,1,0,31,0.25,1,15,0.1863015741109848,0.13975168463159668,0.4253390431404114,0.20326379694040833,2.912309914827347,12.54861332476139,0.42974835857559013,2.2202267727364964,0.24480876080950772,0.0,0.1519377513614765,0.18836095473882217,0.008175929449498654,0.014418636448681355,0.008175929449498654,0.14376628026366234,0.21528435871005058,35,0.06714716154086817,0.1820058784225413
station_wake_L0,Smooth stage-aware SAC,strict_two_stage_v3_v1,two_stage_v3,0,60,9060,1200060,station_wake,0,0.0,0.0,0.0,1,1,0,0,1,0,54,0.25,1,35,0.946613609790802,0.6333522859284546,1.7754483222961426,1.421111975593317,6.261056438088417,17.72951453924179,0.3503761256846194,2.4191068044911996,0.0,0.2,0.12446737358938717,0.13911299597174742,0.047765884548425674,0.05651099979877472,0.047765884548425674,0.08851301670074463,0.13409428298473358,58,0.07043667185415906,0.3494962174766303
station_wake_L0,Smooth stage-aware SAC,strict_two_stage_v3_v1,two_stage_v3,0,61,9061,1200061,station_wake,0,0.0,0.0,0.0,1,1,0,0,1,0,70,0.25,1,51,0.25328901410102844,0.22051228209374987,0.9415543079376221,0.46253057008901705,2.2816557437181473,13.716709315776825,0.12438229091701446,0.9258399897337003,0.6278499316103483,0.15000000000000002,0.13836196648908977,0.15671148304408217,0.047084765136241914,0.052415959537029266,0.047084765136241914,0.04691678285598755,0.06482221186161041,74,0.07048557188228737,0.6278499316103483
station_wake_L0,Smooth stage-aware SAC,strict_two_stage_v3_v1,two_stage_v3,0,62,9062,1200062,station_wake,0,0.0,0.0,0.0,1,1,0,0,1,0,47,0.25,1,31,0.5366448163986206,0.3209558981383539,1.327674388885498,0.9497776620487863,2.5748316943645477,10.895617008209229,0.4918688466405697,2.2556328440444493,1.4562179955529921,0.0,0.15004390987019925,0.16452868521587993,0.017517838440835477,0.025183968245983124,0.017517838440835477,0.0795503631234169,0.10928260162472725,51,0.06983127336312986,1.4562179955529921
station_wake_L0,Smooth stage-aware SAC,strict_two_stage_v3_v1,two_stage_v3,0,63,9063,1200063,station_wake,0,0.0,0.0,0.0,1,1,0,0,1,0,41,0.25,1,26,0.17092040181159973,0.09216142918123107,0.5307888984680176,0.3267087504591206,1.429525911808014,9.8213205114007,0.37207101435059753,2.360169387611522,2.2592637201171955,0.0,0.14337669626271546,0.19172151953050598,0.055433464422822,0.09265868365764618,0.055433464422822,0.371029831469059,0.415564589202404,45,0.07438763479615988,2.2592637201171955
station_wake_L0,Smooth stage-aware SAC,strict_two_stage_v3_v1,two_stage_v3,0,64,9064,1200064,station_wake,0,0.0,0.0,0.0,1,1,0,0,1,0,62,0.25,1,43,0.12036927789449692,0.069935760561653,0.5979828909039497,0.4065563280930545,3.466903567314148,14.787547439336777,0.19580224968293095,1.3835163895477558,0.26083833433745496,0.0,0.1391260480179307,0.16151321067015792,0.04368174932897091,0.06467624753713608,0.04368174932897091,0.18495219200849533,0.23615330457687378,66,0.06788445479404051,0.26083833433745496
station_wake_L0,Smooth stage-aware SAC,strict_two_stage_v3_v1,two_stage_v3,0,65,9065,1200065,station_wake,0,0.0,0.0,0.0,1,1,0,0,1,0,45,0.25,1,25,1.288442850112915,0.8774222364605206,2.471449375152588,2.0539029261790884,8.225346058607101,35.27514576911926,0.5514619165891448,2.8492159024240062,0.0,0.8500000000000001,0.11128983931354944,0.1265570473559051,0.10489188432693482,0.1259106993675232,0.10489188432693482,0.21587398648262024,0.26205092668533325,49,0.0742886706074882,2.414431103907899
station_wake_L0,Smooth stage-aware SAC,strict_two_stage_v3_v1,two_stage_v3,0,66,9066,1200066,station_wake,0,0.0,0.0,0.0,1,1,0,0,1,0,33,0.25,1,19,0.9387596249580383,0.5742618035311065,2.0519626140594482,1.4747377818954048,8.650443851947784,33.53010267019272,0.5899032419171903,3.045483089401532,0.0,0.55,0.23079458864361663,0.2908866608532928,0.10950451046228409,0.12307343631982803,0.10950451046228409,0.1507481336593628,0.20682618021965027,37,0.05814612018624934,2.8777926313054447
station_wake_L0,Smooth stage-aware SAC,strict_two_stage_v3_v1,two_stage_v3,0,67,9067,1200067,station_wake,0,0.0,0.0,0.0,1,1,0,0,1,0,73,0.25,1,57,0.14405864477157593,0.1164742335296744,0.4461626708507538,0.18106152658205568,3.7161376769654453,10.335639864206314,0.2708922886563221,1.324018008923198,0.8566138843684085,0.0,0.1540063917775715,0.17879559197626727,0.036230914480984214,0.0501239113509655,0.036230914480984214,0.1640595905482769,0.2637389861047268,77,0.06975814148560465,0.7497558949686763
station_wake_L0,Smooth stage-aware SAC,strict_two_stage_v3_v1,two_stage_v3,0,68,9068,1200068,station_wake,0,0.0,0.0,0.0,1,1,0,0,1,0,51,0.25,1,41,0.20846441388130188,0.10360204565408745,0.8893272280693054,0.6240627804244318,3.844684660434723,15.314428061246872,0.29907300319945124,1.86963668527911,0.0,0.5,0.3549995524024594,0.4779489932414181,0.30438640117645266,0.38871729373931885,0.30438640117645266,0.7753410339355469,1.0515296459197998,55,0.018328841253072523,1.4963061900607952
station_wake_L0,Smooth stage-aware SAC,strict_two_stage_v3_v1,two_stage_v3,0,69,9069,1200069,station_wake,0,0.0,0.0,0.0,1,1,0,0,1,0,49,0.25,1,31,0.5008691549301147,0.44011198992012535,0.7699936628341675,0.4636469431147061,2.873658537864685,17.368911057710648,0.3403765295196571,2.1439094737230344,2.785334921831921,0.35000000000000003,0.1471725377214156,0.1833959478705678,0.038109525293111804,0.06519154459238052,0.038109525293111804,0.6155407130718231,0.8148473501205444,53,0.06512591690485865,2.496258050825121
station_wake_L0,Smooth stage-aware SAC,strict_two_stage_v3_v1,two_stage_v3,0,70,9070,1200070,station_wake,0,0.0,0.0,0.0,1,1,0,0,1,0,45,0.25,1,22,0.04772930219769478,0.032906361131015464,1.1577679216861725,0.39368570488451954,6.00719153881073,16.20591774582863,0.4956777850893295,2.3413282193720635,1.0515568214298283,0.0,0.08828351921708952,0.10160452393913673,0.028049150854349135,0.039924148470163345,0.028049150854349135,0.11703775078058243,0.1734379678964615,49,0.07911788576927202,1.0515568214298283
station_wake_L0,Smooth stage-aware SAC,strict_two_stage_v3_v1,two_stage_v3,0,71,9071,1200071,station_wake,0,0.0,0.0,0.0,1,1,0,0,1,0,35,0.25,1,18,0.3102044463157654,0.17965105609502183,1.0767751932144165,0.7768643657893596,4.80283297598362,21.957810521125793,0.5126309287934797,2.732166526846018,0.1571134140749885,0.35000000000000003,0.13685020959209232,0.1557644011446509,0.01813770355656743,0.03304566070437431,0.01813770355656743,0.16224063001573086,0.24730943143367767,39,0.0739460429532885,0.1571134140749885
station_wake_L0,Smooth stage-aware SAC,strict_two_stage_v3_v1,two_stage_v3,0,72,9072,1200072,station_wake,0,0.0,0.0,0.0,1,1,0,0,1,0,49,0.25,1,29,0.5321798324584961,0.43787126394268616,0.7939070463180542,0.4934482920477959,1.9573680311441422,10.469369236379862,0.3374560013501527,2.0217175005762495,0.06063507105785431,0.25,0.11295884383063508,0.13641974564003412,0.055844864994287494,0.06325960159301758,0.055844864994287494,0.1450718641281128,0.2675989270210266,53,0.07617124294329425,0.9915929898806995
station_wake_L0,Smooth stage-aware SAC,strict_two_stage_v3_v1,two_stage_v3,0,73,9073,1200073,station_wake,0,0.0,0.0,0.0,1,1,0,0,1,0,41,0.25,1,21,0.09304478019475937,0.036415495483121,1.425158828496933,0.6182392544018095,6.620035767555237,18.324463926255703,0.6688062511562441,2.4415383235552692,0.0,0.0,0.11392826043079216,0.13154948461428315,0.03552093058824539,0.04545547813177109,0.03552093058824539,0.10324737429618835,0.1207171380519867,45,0.07830507646757556,0.17672806318482548
station_wake_L0,Smooth stage-aware SAC,strict_two_stage_v3_v1,two_stage_v3,0,74,9074,1200074,station_wake,0,0.0,0.0,0.0,1,1,0,0,1,0,52,0.25,1,38,0.2434314787387848,0.20072753361001047,0.581662654876709,0.3839606374235297,2.9670724272727966,12.972156554460526,0.28271900625755664,1.8819759850135496,2.407446595151326,0.0,0.14440480248078819,0.1934663784859163,0.050374845042824745,0.06866665929555893,0.050374845042824745,0.2006257250905037,0.4087943583726883,56,0.0713515788356209,1.3212766161636949
station_wake_L0,Smooth stage-aware SAC,strict_two_stage_v3_v1,two_stage_v3,0,75,9075,1200075,station_wake,0,0.0,0.0,0.0,1,1,0,0,1,0,74,0.25,1,52,0.2950010597705841,0.2694215583812385,0.4445493221282959,0.29420298834939446,1.9736334681510925,8.415497541427612,0.12374438474452194,0.6952241104527835,0.0,0.2,0.09399156681280615,0.10499572747208848,0.021051403507590292,0.024661032482981682,0.021051403507590292,0.03149911016225815,0.043503716588020325,78,0.0834131625469631,0.29432480416689694
station_wake_L0,Smooth stage-aware SAC,strict_two_stage_v3_v1,two_stage_v3,0,76,9076,1200076,station_wake,0,0.0,0.0,0.0,1,1,0,0,1,0,53,0.25,1,40,0.0958690494298935,0.06685463682711212,0.5637369677424431,0.4087250660950278,2.481241300702095,12.297273874282837,0.30889850408599406,1.8579701689449915,0.0,0.5,0.16129714795144584,0.24504090151976415,0.1415778800845146,0.23751844465732574,0.1415778800845146,0.9376313984394073,0.992596447467804,57,0.06434895346905027,0.6010518978452148
station_wake_L0,Smooth stage-aware SAC,strict_two_stage_v3_v1,two_stage_v3,0,77,9077,1200077,station_wake,0,0.0,0.0,0.0,1,1,0,0,1,0,64,0.25,1,45,0.2668062150478363,0.17164866124468037,0.6707802414894104,0.407715207900708,2.7447575330734253,13.804405801929533,0.1776742974382899,1.2845310606149525,0.1150869532869959,0.0,0.16244547154462372,0.18826586926241884,0.03113112784922123,0.03771118447184563,0.03113112784922123,0.08287131786346436,0.12590959668159485,68,0.06830391786193137,0.1150869532869959
station_wake_L0,Smooth stage-aware SAC,strict_two_stage_v3_v1,two_stage_v3,0,78,9078,1200078,station_wake,0,0.0,0.0,0.0,1,1,0,0,1,0,76,0.25,1,58,0.2049761563539505,0.145083775678629,1.0392820835113525,0.7214069792267678,4.070271849632263,12.452994510531425,0.24886471176169883,1.251296055229795,0.0,0.15000000000000002,0.11194653158867096,0.1306050333278728,0.034153538197278975,0.037301186472177505,0.034153538197278975,0.05545978248119354,0.09239606559276581,80,0.07712013706403359,0.9809210327459662
station_wake_L0,Smooth stage-aware SAC,strict_two_stage_v3_v1,two_stage_v3,0,79,9079,1200079,station_wake,0,0.0,0.0,0.0,1,1,0,0,1,0,40,0.25,1,25,1.3810943365097046,1.0962898618726549,2.09200382232666,1.6736824581777898,13.026609420776367,33.656688928604126,0.6808625483366492,2.4976870087765333,5.336049430579319,0.7000000000000001,0.21968767821628252,0.27636952392269765,0.12206788957118989,0.13134051859378815,0.12206788957118989,0.1994623839855194,0.3396068513393402,44,0.060845965438193574,2.977746900279881
station_wake_L0,Smooth stage-aware SAC,strict_two_stage_v3_v1,two_stage_v3,0,80,9080,1200080,station_wake,0,0.0,0.0,0.0,1,1,0,0,1,0,34,0.25,1,13,0.5424140691757202,0.36870356528735465,1.1782026290893555,0.8928313990806459,6.125136911869049,25.981668829917908,0.4369485000359114,2.5169636522132173,0.0,0.0,0.09999633227755875,0.11582313145478411,0.050154493749141695,0.05103406310081482,0.050154493749141695,0.01792527735233307,0.040184929966926575,38,0.07740503958056785,1.2749157466768812
station_wake_L0,Smooth stage-aware SAC,strict_two_stage_v3_v1,two_stage_v3,0,81,9081,1200081,station_wake,0,0.0,0.0,0.0,1,1,0,0,1,0,53,0.25,1,36,0.4783746600151062,0.44020298770520827,0.7614767551422119,0.5093378077551386,4.873532354831696,14.400100111961365,0.24987834152718755,1.626773621781836,0.9575214449797372,0.4,0.2083131005098978,0.2641736082905168,0.07321897968649864,0.10605865716934204,0.07321897968649864,0.33673959970474243,0.383031964302063,57,0.057602413490519186,0.9575214449797372
station_wake_L0,Smooth stage-aware SAC,strict_two_stage_v3_v1,two_stage_v3,0,82,9082,1200082,station_wake,0,0.0,0.0,0.0,1,1,0,0,1,0,54,0.25,1,32,0.34631988406181335,0.24141963329497984,0.5819085240364075,0.48610795957039915,0.8763173222541809,4.504544213414192,0.1105945984489016,0.7612308579710393,0.4159643901475945,0.05,0.08168768094686038,0.09420116803037462,0.030169381573796273,0.03298288211226463,0.030169381573796273,0.03204067796468735,0.05321331322193146,58,0.0862013957685338,0.4159643901475945
station_wake_L0,Smooth stage-aware SAC,strict_two_stage_v3_v1,two_stage_v3,0,83,9083,1200083,station_wake,0,0.0,0.0,0.0,1,1,0,0,1,0,41,0.25,1,26,1.1075562238693237,0.7752904785735852,1.6802942752838135,1.3143944411676487,5.617051422595978,16.68858766555786,0.4821849716209325,2.205383830838124,0.28579731298813604,0.4,0.14059436588009783,0.1988889166442494,0.05432100221514702,0.09235098958015442,0.05432100221514702,0.3938230723142624,0.5119180679321289,45,0.07443802859010559,0.28579731298813604
station_wake_L0,Smooth stage-aware SAC,strict_two_stage_v3_v1,two_stage_v3,0,84,9084,1200084,station_wake,0,0.0,0.0,0.0,1,1,0,0,1,0,37,0.25,1,21,0.2786801755428314,0.19063032406494673,1.3915131986141205,1.0649442891141188,7.220316529273987,23.073545694351196,0.4149543654223379,2.5801242644864337,0.0,0.25,0.1654461086204952,0.2189675608830323,0.03568959198892117,0.0673874095082283,0.03568959198892117,0.3303430676460266,0.398404598236084,41,0.06065869936966045,3.0665854632669443
station_wake_L0,Smooth stage-aware SAC,strict_two_stage_v3_v1,two_stage_v3,0,85,9085,1200085,station_wake,0,0.0,0.0,0.0,1,1,0,0,1,0,57,0.25,1,42,0.3951247036457062,0.25647386611782935,1.1512485146522522,0.8254242547133908,5.848863571882248,26.046153903007507,0.2989935436274594,1.5913535534270573,0.0,0.0,0.1702977722570502,0.22691455586985346,0.0439811073243618,0.05364447459578514,0.0439811073243618,0.15445680171251297,0.35096142441034317,61,0.06858524940113905,1.2587224353718387
station_wake_L0,Smooth stage-aware SAC,strict_two_stage_v3_v1,two_stage_v3,0,86,9086,1200086,station_wake,0,0.0,0.0,0.0,1,1,0,0,1,0,31,0.25,1,9,1.0783350467681885,0.8060637465009053,1.7274099588394165,1.3915924588748418,1.8098855018615723,3.4885036945343018,0.41220326776908633,2.8842950180106,0.0,1.1,0.11868360091260695,0.14376794754984662,0.1893735945224762,0.22429220378398895,0.1893735945224762,0.38079315423965454,0.4690942168235779,35,0.03218876643399938,2.7154245205822556
station_wake_L0,Smooth stage-aware SAC,strict_two_stage_v3_v1,two_stage_v3,0,87,9087,1200087,station_wake,0,0.0,0.0,0.0,1,1,0,0,1,0,56,0.25,1,37,0.10653313249349594,0.06572741786411443,0.999220609664917,0.7075400769320704,5.089914798736572,21.69619619846344,0.29221247121375604,1.7266387290909773,0.0,0.0,0.13060744350215236,0.15254318772978406,0.06156759113073349,0.0762457326054573,0.06156759113073349,0.1509738266468048,0.23313425481319427,60,0.07763331806920881,2.5776986651674143
station_wake_L0,Smooth stage-aware SAC,strict_two_stage_v3_v1,two_stage_v3,0,88,9088,1200088,station_wake,0,0.0,0.0,0.0,1,1,0,0,1,0,54,0.25,1,33,0.06536170095205307,0.032133849741351646,0.8497898280620575,0.44161862766319204,2.0257988572120667,11.017183661460876,0.3304502505751702,1.3177465443261758,0.0,0.0,0.07768089365246116,0.09372573877830737,0.02065898571163416,0.0320412740111351,0.02065898571163416,0.12505598738789558,0.2621437609195709,58,0.08248911496633299,0.8983740344798367
station_wake_L0,Smooth stage-aware SAC,strict_two_stage_v3_v1,two_stage_v3,0,89,9089,1200089,station_wake,0,0.0,0.0,0.0,1,1,0,0,1,0,58,0.25,1,42,0.519263744354248,0.34851838592777984,1.351878046989441,0.9874659330333213,4.534735232591629,25.592533349990845,0.29193222570232835,1.733287749866962,0.0,0.0,0.18071355250086701,0.23409714354327926,0.05526410862803459,0.0630979910492897,0.05526410862803459,0.08615528047084808,0.11686578392982483,62,0.06270258106132287,0.681170710500552
station_wake_L0,Smooth stage-aware SAC,strict_two_stage_v3_v1,two_stage_v3,0,90,9090,1200090,station_wake,0,0.0,0.0,0.0,1,1,0,0,1,0,31,0.25,0,-1,nan,nan,nan,nan,nan,nan,nan,nan,0.0,nan,0.07081552246214438,0.08091350788173128,0.21696092784404755,0.286004900932312,0.21696092784404755,0.6905167102813721,0.866997241973877,35,0.044307566536934066,2.162977476170468
station_wake_L0,Smooth stage-aware SAC,strict_two_stage_v3_v1,two_stage_v3,0,91,9091,1200091,station_wake,0,0.0,0.0,0.0,1,1,0,0,1,0,58,0.25,1,41,0.3534044027328491,0.16832963431178527,1.7293989658355713,1.1275153048504938,1.9126206636428833,9.890186190605164,0.22329149687410765,1.3373642099175478,0.46624157271061706,0.05,0.1098687757797426,0.1287661481727406,0.019468014035373925,0.039302024990320206,0.019468014035373925,0.1865194607526064,0.27793753892183304,62,0.07415651143417422,0.46624157271061706
station_wake_L0,Smooth stage-aware SAC,strict_two_stage_v3_v1,two_stage_v3,0,92,9092,1200092,station_wake,0,0.0,0.0,0.0,1,1,0,0,1,0,62,0.25,1,45,0.2742134630680084,0.22245389689422773,0.5293291807174683,0.3400779656679693,2.4792316555976868,11.076169610023499,0.14894208622763153,0.91544807153782,0.0,0.05,0.12084172723589952,0.13716564766526085,0.03444599360227585,0.04154185950756073,0.03444599360227585,0.07002460211515427,0.07748313248157501,66,0.07217129917876161,0.7344201459304407
station_wake_L0,Smooth stage-aware SAC,strict_two_stage_v3_v1,two_stage_v3,0,93,9093,1200093,station_wake,0,0.0,0.0,0.0,1,1,0,0,1,0,65,0.25,1,51,0.1966334581375122,0.15810225365938171,1.1060911417007446,0.5539205018103558,2.627463862299919,15.51245629787445,0.274654950554719,1.6720020616103404,0.0,0.5,0.14962569199470746,0.19058880383414561,0.10477252900600434,0.13218311965465546,0.10477252900600434,0.25959938764572144,0.3777565062046051,69,0.071069351953744,2.00499071835643
station_wake_L0,Smooth stage-aware SAC,strict_two_stage_v3_v1,two_stage_v3,0,94,9094,1200094,station_wake,0,0.0,0.0,0.0,1,1,0,0,1,0,64,0.25,1,46,0.2808917462825775,0.22891785860673794,0.9215140342712402,0.6104702616315674,3.832732066512108,15.157423727214336,0.27396122010988955,1.4916936769108708,0.0,0.5,0.1369854209411529,0.1643522633068259,0.07194499298930168,0.09239283204078674,0.07194499298930168,0.23792880773544312,0.42108267545700073,68,0.0680120706050332,0.279285634749028
station_wake_L0,Smooth stage-aware SAC,strict_two_stage_v3_v1,two_stage_v3,0,95,9095,1200095,station_wake,0,0.0,0.0,0.0,1,1,0,0,1,0,56,0.25,1,39,0.17875893414020538,0.1231814066284767,0.4288344085216522,0.3023036290937929,1.6646555066108704,7.669969201087952,0.3665270162871634,2.4648808503419932,0.0,0.55,0.13578300029822038,0.166728511944485,0.08251038491725922,0.09480798244476318,0.08251038491725922,0.11805012822151184,0.1692575216293335,60,0.07536795671925248,1.70008274951401
station_wake_L0,Smooth stage-aware SAC,strict_two_stage_v3_v1,two_stage_v3,0,96,9096,1200096,station_wake,0,0.0,0.0,0.0,1,1,0,0,1,0,48,0.25,1,31,0.02721005491912365,0.01600028370256526,0.31154852360486984,0.15851740138834292,3.661624789237976,16.038968954235315,0.4137197814085173,2.0687891708582726,0.0,0.0,0.11483153798910639,0.13551045792798141,0.007237290730699897,0.01832297444343567,0.007237290730699897,0.14821381494402885,0.3524543344974518,52,0.07912584913107795,0.974783467446475
station_wake_L0,Smooth stage-aware SAC,strict_two_stage_v3_v1,two_stage_v3,0,97,9097,1200097,station_wake,0,0.0,0.0,0.0,1,1,0,0,1,0,62,0.25,1,39,0.13998474180698395,0.09557360183776087,0.5896301567554474,0.41427086401874624,4.071319177746773,19.76591855287552,0.4167981292465214,1.8284468284841655,0.0,0.8500000000000001,0.08692177924216488,0.10157110230293635,0.09242958724498748,0.097678542137146,0.09242958724498748,0.0633263885974884,0.11976674199104309,66,0.084046796469501,1.6689562968057925
station_wake_L0,Smooth stage-aware SAC,strict_two_stage_v3_v1,two_stage_v3,0,98,9098,1200098,station_wake,0,0.0,0.0,0.0,1,1,0,0,1,0,65,0.25,1,54,0.22253336012363434,0.14969152875453984,0.7091576606035233,0.4392685653039023,2.9510197043418884,12.260936200618744,0.17538303345951614,1.3078134044477736,0.0,0.45,0.29273785024026033,0.40104563994959946,0.21183269321918488,0.27682340145111084,0.21183269321918488,0.6841959953308105,0.8543378114700317,69,0.05436551887876269,0.5419455218411872
station_wake_L0,Smooth stage-aware SAC,strict_two_stage_v3_v1,two_stage_v3,0,99,9099,1200099,station_wake,0,0.0,0.0,0.0,1,1,0,0,1,0,41,0.25,1,23,0.7128268480300903,0.5140708280968899,1.0916244983673096,0.8218703789394401,1.5886422991752625,9.928030222654343,0.24946460038234078,1.9849114531619154,0.3801360192064844,0.45,0.09942461222187693,0.11411284272818496,0.05358330607414245,0.07474517822265625,0.05358330607414245,0.2218177318572998,0.3150308132171631,45,0.07684714907451713,0.3801360192064844
station_wake_L0,Smooth stage-aware SAC,strict_two_stage_v3_v1,two_stage_v3,1,0,9000,1200000,station_wake,0,0.0,0.0,0.0,1,1,0,0,1,0,53,0.25,1,35,0.10654273629188538,0.07805354731290726,0.5536554381251335,0.337957763048602,2.3371320962905884,12.998290657997131,0.33015613974756947,1.5899761614578,0.0,0.0,0.12544098338016058,0.1562746497824925,0.044662400335073474,0.049596693366765976,0.044662400335073474,0.049769967794418335,0.10876566171646118,57,0.07684254935375757,1.3714204499553433
station_wake_L0,Smooth stage-aware SAC,strict_two_stage_v3_v1,two_stage_v3,1,1,9001,1200001,station_wake,0,0.0,0.0,0.0,1,1,0,0,1,0,44,0.25,1,30,0.5606554746627808,0.35600266603878,1.252964735031128,0.8620978487496573,3.3648473024368286,17.835977226495743,0.36715077062468526,2.862070206110142,0.0,0.30000000000000004,0.177312210014666,0.2431447200478228,0.07640855982899666,0.10866475850343704,0.07640855982899666,0.3009873777627945,0.4658389091491699,48,0.06411415178012557,0.5559879638879103
station_wake_L0,Smooth stage-aware SAC,strict_two_stage_v3_v1,two_stage_v3,1,2,9002,1200002,station_wake,0,0.0,0.0,0.0,1,1,0,0,1,0,45,0.25,1,25,0.3730143904685974,0.3546015969805779,0.3398621082305908,0.22892961711311824,1.6661053895950317,8.028416112065315,0.1884400539191219,1.4547585244916985,0.0,0.30000000000000004,0.1378894373980148,0.16218328457776418,0.007254615798592568,0.013828917406499386,0.007254615798592568,0.11608892306685448,0.13129711151123047,49,0.06747864976761377,0.05149860915063791
station_wake_L0,Smooth stage-aware SAC,strict_two_stage_v3_v1,two_stage_v3,1,3,9003,1200003,station_wake,0,0.0,0.0,0.0,1,1,0,0,1,0,61,0.25,1,44,0.21297287940979004,0.12626691759664926,0.6752532720565796,0.5409137100300528,7.183080688118935,13.562862649559975,0.3644620646353952,1.0692280446619815,0.0,0.8500000000000001,0.13376296432072385,0.1597911359361559,0.12398910224437713,0.1506541520357132,0.12398910224437713,0.25101998448371887,0.2925635874271393,65,0.06546238412255322,3.273553642053259
station_wake_L0,Smooth stage-aware SAC,strict_two_stage_v3_v1,two_stage_v3,1,4,9004,1200004,station_wake,0,0.0,0.0,0.0,1,1,0,0,1,0,55,0.25,1,37,0.3227118253707886,0.1537253722528255,1.4894872903823853,0.8372186473673402,2.6589947938919067,11.851937472820282,0.20949160711205728,1.6624234353596907,0.0,0.55,0.12424683040357425,0.1470757041209692,0.09239650964736938,0.11195527762174606,0.09239650964736938,0.21541306376457214,0.3593556582927704,59,0.07269012611672243,0.8938979126959511
station_wake_L0,Smooth stage-aware SAC,strict_two_stage_v3_v1,two_stage_v3,1,5,9005,1200005,station_wake,0,0.0,0.0,0.0,1,1,0,0,1,0,56,0.25,1,40,0.13476203382015228,0.10663014746062206,0.48950351774692535,0.2925788534875421,2.709023207426071,10.412960052490234,0.2831294649093299,1.3679818790915863,1.8142698520582832,0.30000000000000004,0.14909598957908776,0.18129180247221877,0.11217158287763596,0.1439032256603241,0.11217158287763596,0.30236491560935974,0.3952251374721527,60,0.07460265281885371,1.8142698520582832
station_wake_L0,Smooth stage-aware SAC,strict_two_stage_v3_v1,two_stage_v3,1,6,9006,1200006,station_wake,0,0.0,0.0,0.0,1,1,0,0,1,0,36,0.25,0,-1,nan,nan,nan,nan,nan,nan,nan,nan,0.6340939518113564,nan,0.09761560795898912,0.11044229954953554,0.002201879979111254,0.0036451476626098156,0.002201879979111254,0.03130467515438795,0.0661975285038352,40,0.07772666338122798,0.6044714213810111
station_wake_L0,Smooth stage-aware SAC,strict_two_stage_v3_v1,two_stage_v3,1,7,9007,1200007,station_wake,0,0.0,0.0,0.0,1,1,0,0,1,0,59,0.25,1,42,0.11747610569000244,0.04931474219438653,1.1872711777687073,0.6617001671392326,3.710780590772629,16.525812447071075,0.19690224567204342,1.3796335703917126,0.10155021204311822,0.0,0.17197880348047306,0.21979644553099162,0.025353586301207542,0.03388006240129471,0.025353586301207542,0.10216203331947327,0.15059001743793488,63,0.06867389429786011,0.10155021204311822
station_wake_L0,Smooth stage-aware SAC,strict_two_stage_v3_v1,two_stage_v3,1,8,9008,1200008,station_wake,0,0.0,0.0,0.0,1,1,0,0,1,0,46,0.25,1,26,0.08309425413608551,0.038469718798008715,0.43523557484149933,0.2533334307476746,3.010610044002533,11.548764407634735,0.44862555785529656,2.066439028784704,0.0,0.55,0.14077480676753504,0.17584912280305803,0.05691345185041428,0.0807131677865982,0.05691345185041428,0.23802371323108673,0.343899130821228,50,0.06749108373986054,0.7789292871002405
station_wake_L0,Smooth stage-aware SAC,strict_two_stage_v3_v1,two_stage_v3,1,9,9009,1200009,station_wake,0,0.0,0.0,0.0,1,1,0,0,1,0,48,0.25,1,26,0.09450438618659973,0.06880347931764341,0.2811155468225479,0.2224487242782629,2.291901409626007,9.202409908175468,0.42467158491192486,1.2863329308887976,0.27777829737657084,0.35000000000000003,0.142157464515964,0.1690359412179194,0.0580279640853405,0.08383649587631226,0.0580279640853405,0.25549860298633575,0.26840850710868835,52,0.07219110302463563,0.27777829737657084
station_wake_L0,Smooth stage-aware SAC,strict_two_stage_v3_v1,two_stage_v3,1,10,9010,1200010,station_wake,0,0.0,0.0,0.0,1,1,0,0,1,0,29,0.25,0,-1,nan,nan,nan,nan,nan,nan,nan,nan,0.0,nan,0.1446827626480332,0.17922854882735526,0.21181513071060182,0.2959611415863037,0.21181513071060182,0.8758249878883362,1.3111275434494019,33,0.06768683103192755,2.600883528861611
station_wake_L0,Smooth stage-aware SAC,strict_two_stage_v3_v1,two_stage_v3,1,11,9011,1200011,station_wake,0,0.0,0.0,0.0,1,1,0,0,1,0,50,0.25,1,35,0.368915319442749,0.33808812898504575,0.5451184511184692,0.29614506917221445,2.3062428715638816,12.763691991567612,0.32316800466693635,1.6125525061872013,0.0,0.7000000000000001,0.1817869048087171,0.23171487727521678,0.09743735492229462,0.11643335968255997,0.09743735492229462,0.17976638674736023,0.20361557602882385,54,0.05953016204986465,3.3113028169354504
station_wake_L0,Smooth stage-aware SAC,strict_two_stage_v3_v1,two_stage_v3,1,12,9012,1200012,station_wake,0,0.0,0.0,0.0,1,1,0,0,1,0,64,0.25,1,48,0.390389084815979,0.3351915119039622,0.6230247020721436,0.43767494051856815,2.4367862939834595,8.167402446269989,0.12622445871187604,0.7303747000898329,5.366888588455573,0.7000000000000001,0.15356192722191053,0.1972013310878355,0.11798392981290817,0.12673792243003845,0.11798392981290817,0.1006837785243988,0.14051824808120728,68,0.06944762459283679,2.936666727516839
station_wake_L0,Smooth stage-aware SAC,strict_two_stage_v3_v1,two_stage_v3,1,13,9013,1200013,station_wake,0,0.0,0.0,0.0,1,1,0,0,1,0,63,0.25,1,46,0.37477582693099976,0.33432625118292675,0.565040111541748,0.3506773362138965,3.724682629108429,17.784942090511322,0.1958937739463289,1.3799083025418508,1.8260143623361202,0.1,0.15538682676347446,0.19743582731933476,0.04696490988135338,0.051996514201164246,0.04696490988135338,0.04714040458202362,0.06849683821201324,67,0.06294154615071426,0.8379864643979028
station_wake_L0,Smooth stage-aware SAC,strict_two_stage_v3_v1,two_stage_v3,1,14,9014,1200014,station_wake,0,0.0,0.0,0.0,1,1,0,0,1,0,60,0.25,1,36,0.14576736092567444,0.07252670570312808,1.1057230830192566,0.6487863352916703,3.9544859528541565,17.885160446166992,0.23187867412067917,1.3745754242495671,0.0,1.2000000000000002,0.053953630933461796,0.06565232136561074,0.09500281661748886,0.1157669797539711,0.09500281661748886,0.20417726039886475,0.2263261377811432,64,0.05195873738302168,3.8854248263480384
station_wake_L0,Smooth stage-aware SAC,strict_two_stage_v3_v1,two_stage_v3,1,15,9015,1200015,station_wake,0,0.0,0.0,0.0,1,1,0,0,1,0,55,0.25,1,37,0.49387550354003906,0.3931634954190929,0.6615561246871948,0.4887104905831203,2.728790305554867,14.945015609264374,0.22492613414814475,1.471776569374324,1.8030154078533946,0.15000000000000002,0.14206152585493909,0.17139636198714775,0.042045377939939496,0.047942303121089935,0.042045377939939496,0.06918571889400482,0.09381435811519623,59,0.06663883696606963,1.8030154078533946
station_wake_L0,Smooth stage-aware SAC,strict_two_stage_v3_v1,two_stage_v3,1,16,9016,1200016,station_wake,0,0.0,0.0,0.0,1,1,0,0,1,0,37,0.25,1,20,1.3357526063919067,1.2285669972179474,1.347649097442627,0.8244908324031212,11.567456722259521,21.24512791633606,0.5879903762617222,2.6033574936766892,0.0,0.6000000000000001,0.12664291857981277,0.19155875771556793,0.053327526897192,0.0984237939119339,0.053327526897192,0.5651672780513763,1.5159699320793152,41,0.0774266195399224,0.5002823283994614
station_wake_L0,Smooth stage-aware SAC,strict_two_stage_v3_v1,two_stage_v3,1,17,9017,1200017,station_wake,0,0.0,0.0,0.0,1,1,0,0,1,0,48,0.25,1,30,0.21734429895877838,0.11204428035685217,0.6872808933258057,0.4533047632610528,2.203803211450577,10.052794441580772,0.24789638676661682,1.4780721337770493,0.0,0.6000000000000001,0.1311813029274803,0.1561702572537539,0.06969559788703919,0.07378372550010681,0.06969559788703919,0.037734806537628174,0.07885485887527466,52,0.075378470382935,2.5933605023776654
station_wake_L0,Smooth stage-aware SAC,strict_two_stage_v3_v1,two_stage_v3,1,18,9018,1200018,station_wake,0,0.0,0.0,0.0,1,1,0,0,1,0,55,0.25,1,33,0.1845381110906601,0.1477357217028981,0.4550611972808838,0.3100064272125717,2.5186260789632797,14.49838359374553,0.21670237059059597,1.3355429889455745,1.197461614932348,0.0,0.10026295953999069,0.12720820446116002,0.01233499739319086,0.013886814936995506,0.01233499739319086,0.041345542296767235,0.09254838339984417,59,0.08121592970172514,0.6543223574511425
station_wake_L0,Smooth stage-aware SAC,strict_two_stage_v3_v1,two_stage_v3,1,19,9019,1200019,station_wake,0,0.0,0.0,0.0,1,1,0,0,1,0,60,0.25,1,32,0.24593140184879303,0.14896469689971936,0.952553004026413,0.7534863332469933,4.328533709049225,14.418703019618988,0.389795427208929,2.184866653490791,6.346284354582511,1.4000000000000001,0.05754912918283006,0.06856558763212428,0.055821742862463,0.05886761471629143,0.055821742862463,0.02781936526298523,0.04491165280342102,64,0.05576046228112191,4.329558304014941
station_wake_L0,Smooth stage-aware SAC,strict_two_stage_v3_v1,two_stage_v3,1,20,9020,1200020,station_wake,0,0.0,0.0,0.0,1,1,0,0,1,0,35,0.25,1,21,1.0323431491851807,0.7825183287027017,1.5723466873168945,1.227876180710463,8.174621611833572,27.85374104976654,0.5514029647210796,2.7328227751841587,0.0,0.5,0.20132218072596358,0.27223511848454024,0.1147377610206604,0.16160264611244202,0.1147377610206604,0.4476699233055115,0.5141100287437439,39,0.057062313419815415,0.965272108862115
station_wake_L0,Smooth stage-aware SAC,strict_two_stage_v3_v1,two_stage_v3,1,21,9021,1200021,station_wake,0,0.0,0.0,0.0,1,1,0,0,1,0,51,0.25,1,38,0.30386021733283997,0.2218013257136793,1.875535249710083,1.241301252512169,5.479804277420044,18.61209824681282,0.42300003581532725,2.100678924616057,0.3055573704221003,0.15000000000000002,0.2575571722430444,0.3165294509209192,0.02166895903646946,0.04151223599910736,0.02166895903646946,0.2677055448293686,0.49262285232543945,55,0.04533200609491041,0.3033142135687064
station_wake_L0,Smooth stage-aware SAC,strict_two_stage_v3_v1,two_stage_v3,1,22,9022,1200022,station_wake,0,0.0,0.0,0.0,1,1,0,0,1,0,38,0.25,1,18,0.4208325445652008,0.22192150973012428,1.2495917081832886,1.0864052828406108,1.9778907299041748,5.83267867565155,0.49921015824979714,2.2015703132686255,0.0,0.65,0.12833366572676128,0.15455623990225476,0.08708614856004715,0.10948843508958817,0.08708614856004715,0.22225919365882874,0.2494625747203827,42,0.07321328078507183,0.8135983134710202
station_wake_L0,Smooth stage-aware SAC,strict_two_stage_v3_v1,two_stage_v3,1,23,9023,1200023,station_wake,0,0.0,0.0,0.0,1,1,0,0,1,0,61,0.25,1,41,0.42861849069595337,0.3847558133368257,0.4215902090072632,0.26397439809352896,2.864166498184204,12.780510783195496,0.20567097815683894,1.198570229985043,0.0,0.45,0.11189543668369309,0.13542944673556664,0.0653495080769062,0.08057339489459991,0.0653495080769062,0.136047825217247,0.17852723598480225,65,0.07677917519081698,0.3056183085161015
station_wake_L0,Smooth stage-aware SAC,strict_two_stage_v3_v1,two_stage_v3,1,24,9024,1200024,station_wake,0,0.0,0.0,0.0,1,1,0,0,1,0,49,0.25,1,34,0.3238176703453064,0.26912651646280106,0.6355708837509155,0.3982613747319445,5.735251605510712,27.266018390655518,0.5501258146366583,2.6661935013202327,0.0,0.1,0.17981144723950154,0.22254203266574876,0.012821759097278118,0.01976645737886429,0.012821759097278118,0.1821453496813774,0.2687183953821659,53,0.05773380487461529,0.6584664146474891
station_wake_L0,Smooth stage-aware SAC,strict_two_stage_v3_v1,two_stage_v3,1,25,9025,1200025,station_wake,0,0.0,0.0,0.0,1,1,0,0,1,0,33,0.25,1,21,0.5221899747848511,0.4893507473089977,0.9990161657333374,0.5568668002881235,4.452075660228729,24.17153239250183,0.9169308804753709,3.9490234868744367,0.0,0.35000000000000003,0.22531579900734555,0.31602701902017827,0.11298678964376449,0.1532903015613556,0.11298678964376449,0.421090304851532,0.5606412887573242,37,0.05189476122805426,0.12578166882548716
station_wake_L0,Smooth stage-aware SAC,strict_two_stage_v3_v1,two_stage_v3,1,26,9026,1200026,station_wake,0,0.0,0.0,0.0,1,1,0,0,1,0,44,0.25,1,26,0.6346886157989502,0.45097727335230686,1.7006361484527588,0.8669291900248383,3.959745168685913,16.20603248476982,0.30302379466152657,2.025416350950565,4.257225746930859,0.0,0.1951533860021315,0.22502466385291905,0.07034385055303574,0.07736466079950333,0.07034385055303574,0.08860716223716736,0.1816748082637787,48,0.060458082652222,2.9568682926476213
station_wake_L0,Smooth stage-aware SAC,strict_two_stage_v3_v1,two_stage_v3,1,27,9027,1200027,station_wake,0,0.0,0.0,0.0,1,1,0,0,1,0,40,0.25,1,21,0.25200408697128296,0.18385597480397067,0.8046865463256836,0.3717215390594001,1.763351857662201,10.416870266199112,0.3824208913355893,1.507757542065756,0.5087789236443987,0.0,0.14879096389393123,0.17799366324409321,0.014267550967633724,0.015676403418183327,0.014267550967633724,0.018151652067899704,0.0612507201731205,44,0.06543708478695412,0.24570567670532148
station_wake_L0,Smooth stage-aware SAC,strict_two_stage_v3_v1,two_stage_v3,1,28,9028,1200028,station_wake,0,0.0,0.0,0.0,1,1,0,0,1,0,45,0.25,1,24,0.5371562242507935,0.361544643096329,1.1474812030792236,0.7615222099173725,2.5856760144233704,12.543996721506119,0.3798073011890237,1.5374727466745353,0.0,1.05,0.08756654180780113,0.10844086057126151,0.17863038182258606,0.2035704255104065,0.17863038182258606,0.24768400192260742,0.36456048488616943,49,0.05263895441608649,2.7181177495493563
station_wake_L0,Smooth stage-aware SAC,strict_two_stage_v3_v1,two_stage_v3,1,29,9029,1200029,station_wake,0,0.0,0.0,0.0,1,1,0,0,1,0,54,0.25,1,27,1.093729019165039,0.6744610304809495,2.290065288543701,1.8580905391382738,3.697853237390518,19.720346480607986,0.45495263529129576,2.82534632603713,0.0,1.2000000000000002,0.06683341317590871,0.07669682026613474,0.040193747729063034,0.040423665195703506,0.040193747729063034,0.005391359329223633,0.009595528244972229,58,0.08611780381904093,4.135969398595623
station_wake_L0,Smooth stage-aware SAC,strict_two_stage_v3_v1,two_stage_v3,1,30,9030,1200030,station_wake,0,0.0,0.0,0.0,1,1,0,0,1,0,49,0.25,1,35,0.11526120454072952,0.06158632247507338,0.4819074273109436,0.27516742462744803,2.587033361196518,10.455198287963867,0.22690584069136563,1.7786675684914852,0.0,0.45,0.1543223538384808,0.22400953752775477,0.06488596349954605,0.09815698862075806,0.06488596349954605,0.28192949295043945,0.4197867214679718,53,0.07110777172561068,2.7642405229105713
station_wake_L0,Smooth stage-aware SAC,strict_two_stage_v3_v1,two_stage_v3,1,31,9031,1200031,station_wake,0,0.0,0.0,0.0,1,1,0,0,1,0,52,0.25,1,39,0.3154459297657013,0.2967838247426002,0.5714884400367737,0.22681689696146118,3.0605338513851166,11.674673408269882,0.28934297143632465,1.748651626952438,0.0,0.25,0.1986863595296932,0.28015992199364786,0.015887704119086264,0.03617515414953232,0.015887704119086264,0.24470650032162666,0.34668948501348495,56,0.0582761878243457,1.9928850618262288
station_wake_L0,Smooth stage-aware SAC,strict_two_stage_v3_v1,two_stage_v3,1,32,9032,1200032,station_wake,0,0.0,0.0,0.0,1,1,0,0,1,0,62,0.25,1,45,0.3047289252281189,0.2462626394635431,0.4657885432243347,0.30624555228221206,1.0913634300231934,4.965709149837494,0.1813549904702348,1.1676274758305945,0.0,0.55,0.1612929859278251,0.19078983392403284,0.10229785740375519,0.12843693792819977,0.10229785740375519,0.2596961557865143,0.28035610914230347,66,0.06409938311473465,0.8117394881605718
station_wake_L0,Smooth stage-aware SAC,strict_two_stage_v3_v1,two_stage_v3,1,33,9033,1200033,station_wake,0,0.0,0.0,0.0,1,1,0,0,1,0,34,0.25,0,-1,nan,nan,nan,nan,nan,nan,nan,nan,0.0,nan,0.026290271022662515,0.03245207326766458,0.20263550877571107,0.2623779773712158,0.20263550877571107,0.6029326915740967,0.7910847663879395,38,0.037337412122835104,2.2846355250062658
station_wake_L0,Smooth stage-aware SAC,strict_two_stage_v3_v1,two_stage_v3,1,34,9034,1200034,station_wake,0,0.0,0.0,0.0,1,1,0,0,1,0,35,0.25,1,17,1.1951372623443604,1.098106764105058,1.1947858333587646,0.7674291185132931,2.06867516040802,10.767858624458313,0.31307362238835,2.219943921641189,0.0,0.9,0.13050891521127608,0.17447189147272335,0.21821825206279755,0.330844521522522,0.21821825206279755,1.1004816889762878,1.429484486579895,39,0.059554001413199595,2.467946489828595
station_wake_L0,Smooth stage-aware SAC,strict_two_stage_v3_v1,two_stage_v3,1,35,9035,1200035,station_wake,0,0.0,0.0,0.0,1,1,0,0,1,0,63,0.25,1,45,0.3803810179233551,0.28854586285149286,0.8223149180412292,0.5505520327316633,2.943911552429199,9.956857478246093,0.16528216663150697,0.9234078248643669,2.2935758157429893,0.0,0.16226414231499886,0.19234943537344598,0.02836303748190403,0.03312140703201294,0.02836303748190403,0.051436640322208405,0.10089382529258728,67,0.06922531492398261,0.5756430071633856
station_wake_L0,Smooth stage-aware SAC,strict_two_stage_v3_v1,two_stage_v3,1,36,9036,1200036,station_wake,0,0.0,0.0,0.0,1,1,0,0,1,0,38,0.25,1,11,1.1890294551849365,0.9114365462749967,1.6099411249160767,1.333604047414241,0.34174323081970215,0.9988999366760254,0.5736613536258266,2.5779604736855917,0.0,1.35,0.08998448249124313,0.10510643683579088,0.15696675330400467,0.19579455256462097,0.15696675330400467,0.3870026171207428,0.4654347896575928,42,0.06206693424171164,2.8934081512953864
station_wake_L0,Smooth stage-aware SAC,strict_two_stage_v3_v1,two_stage_v3,1,37,9037,1200037,station_wake,0,0.0,0.0,0.0,1,1,0,0,1,0,47,0.25,1,33,0.5911585688591003,0.3955421699744505,1.0384058952331543,0.7979763781024827,1.5769532322883606,7.1895041316747665,0.16268005488668433,1.3247985600184242,0.7515690967499031,0.15000000000000002,0.23412124928219707,0.2999856658946694,0.029726377874612808,0.06395543366670609,0.029726377874612808,0.3528019040822983,0.434785857796669,51,0.0517607143432091,0.7410108515926799
station_wake_L0,Smooth stage-aware SAC,strict_two_stage_v3_v1,two_stage_v3,1,38,9038,1200038,station_wake,0,0.0,0.0,0.0,1,1,0,0,1,0,65,0.25,1,50,0.21695764362812042,0.16001306083049485,0.8090236037969589,0.5543110465692264,2.5997745990753174,15.376942753791809,0.19301638629894485,1.2762748772814894,0.0,0.0,0.17870213605419621,0.225420619817404,0.03881162889301777,0.04431997984647751,0.03881162889301777,0.08049578219652176,0.17660308629274368,69,0.06096379483795862,2.213932181482644
station_wake_L0,Smooth stage-aware SAC,strict_two_stage_v3_v1,two_stage_v3,1,39,9039,1200039,station_wake,0,0.0,0.0,0.0,1,1,0,0,1,0,59,0.25,1,47,0.21315953135490417,0.18701800921682432,0.5573582649230957,0.2872169768765678,3.3773962408304214,13.74725230038166,0.4004451596230111,2.642469801980444,0.0,0.0,0.22676542665010646,0.3342678631221896,0.004662816226482391,0.011686747893691063,0.004662816226482391,0.19824249856173992,0.41506264358758926,63,0.07131431643587159,0.458864114633357
station_wake_L0,Smooth stage-aware SAC,strict_two_stage_v3_v1,two_stage_v3,1,40,9040,1200040,station_wake,0,0.0,0.0,0.0,1,1,0,0,1,0,64,0.25,1,49,0.3719933331012726,0.20216958515357494,1.0643762350082397,0.7591336478721641,2.2407032549381256,9.896238297224045,0.2557969543371418,1.7321339836930454,0.0,0.0,0.12364766597513274,0.16392134870509686,0.08066813200712204,0.08899600058794022,0.08066813200712204,0.08333733677864075,0.15119418501853943,68,0.0751458138966411,0.1539065201977485
station_wake_L0,Smooth stage-aware SAC,strict_two_stage_v3_v1,two_stage_v3,1,41,9041,1200041,station_wake,0,0.0,0.0,0.0,1,1,0,0,1,0,58,0.25,1,41,0.2526967525482178,0.1167108240921869,1.2830591201782227,0.7648916940408601,1.5794825553894043,9.704584777355194,0.11189771040095449,0.8241838831865791,0.0,0.7000000000000001,0.13278337889106734,0.1546059300552208,0.12659794688224793,0.16225987672805786,0.12659794688224793,0.3414596617221832,0.4042881727218628,62,0.07116497626777636,1.7743836817395244
station_wake_L0,Smooth stage-aware SAC,strict_two_stage_v3_v1,two_stage_v3,1,42,9042,1200042,station_wake,0,0.0,0.0,0.0,1,1,0,0,1,0,33,0.25,1,5,0.777211606502533,0.4944155157333247,1.9971619546413422,1.6508264820171563,19.637819528579712,20.301159620285034,1.835727414292782,3.657585555372393,0.0,1.4000000000000001,0.14063742542683333,0.17711796077511302,0.18517896980047227,0.2755342721939087,0.18517896980047227,0.9282255470752716,1.491122841835022,37,0.052374799212333616,2.9303500831950466
station_wake_L0,Smooth stage-aware SAC,strict_two_stage_v3_v1,two_stage_v3,1,43,9043,1200043,station_wake,0,0.0,0.0,0.0,1,1,0,0,1,0,54,0.25,1,36,0.494831919670105,0.4238600351927499,0.9233134984970093,0.716417113833238,6.491513401269913,17.59482741355896,0.35130639784026313,1.4746483622247433,0.0,0.35000000000000003,0.17930351825462668,0.21922870352647095,0.04040251448750496,0.051263269037008286,0.04040251448750496,0.09190917015075684,0.16834735870361328,58,0.05601461619381148,0.7749481405877692
station_wake_L0,Smooth stage-aware SAC,strict_two_stage_v3_v1,two_stage_v3,1,44,9044,1200044,station_wake,0,0.0,0.0,0.0,1,1,0,0,1,0,31,0.25,1,17,0.9993118047714233,0.896739809244617,1.7121505737304688,1.1002031262260277,5.596982091665268,29.576799869537354,0.36652198899871063,2.5396849298685065,0.0,0.6000000000000001,0.2304017110293947,0.30979138618326013,0.10964960902929306,0.13284464180469513,0.10964960902929306,0.27242615818977356,0.47339171171188354,35,0.0619103429441849,2.673669012865029
station_wake_L0,Smooth stage-aware SAC,strict_two_stage_v3_v1,two_stage_v3,1,45,9045,1200045,station_wake,0,0.0,0.0,0.0,1,1,0,0,1,0,59,0.25,1,41,0.4597938358783722,0.2327032463174775,1.5049952268600464,1.2409256534518747,5.065343827009201,16.48364409804344,0.3409148576332284,1.4063763128204887,0.0,0.6000000000000001,0.14718275778017711,0.1769615694958632,0.0762893408536911,0.09372864663600922,0.0762893408536911,0.17815184593200684,0.19721657037734985,63,0.06887490535560555,1.822055627381863
station_wake_L0,Smooth stage-aware SAC,strict_two_stage_v3_v1,two_stage_v3,1,46,9046,1200046,station_wake,0,0.0,0.0,0.0,1,1,0,0,1,0,49,0.25,1,32,0.2972624599933624,0.19263357656828226,0.7474648952484131,0.4519189168132865,2.032807469367981,11.706121563911438,0.22959873882258838,1.5878515232346033,0.0,0.55,0.14058845197517664,0.17974297309195653,0.06939563751220704,0.08140586316585541,0.06939563751220704,0.12814107537269592,0.15753015875816345,53,0.07746761356199043,2.4300329635195004
station_wake_L0,Smooth stage-aware SAC,strict_two_stage_v3_v1,two_stage_v3,1,47,9047,1200047,station_wake,0,0.0,0.0,0.0,1,1,0,0,1,0,90,0.25,1,66,0.38316333293914795,0.33301469235667763,0.5961376428604126,0.38396645543733365,2.608123868703842,9.015736505389214,0.16543759828106244,1.0413908026580945,7.978664134609239,1.2000000000000002,0.07076732741465916,0.08583099222816105,0.0742785818874836,0.09021387249231339,0.0742785818874836,0.15603773295879364,0.17195329070091248,94,0.04500940877244163,4.160557225834022
station_wake_L0,Smooth stage-aware SAC,strict_two_stage_v3_v1,two_stage_v3,1,48,9048,1200048,station_wake,0,0.0,0.0,0.0,1,1,0,0,1,0,54,0.25,1,34,0.09876905381679535,0.06674776308610984,0.6420161575078964,0.34429845761616024,2.4095869064331055,13.918496035039425,0.1584717323072688,1.0899036820723922,0.12216306928776878,0.0,0.11858926693783897,0.14063655633479827,0.03939371407032013,0.041165079921483994,0.03939371407032013,0.037142232060432434,0.07690250873565674,58,0.07743022352023908,0.12216306928776878
station_wake_L0,Smooth stage-aware SAC,strict_two_stage_v3_v1,two_stage_v3,1,49,9049,1200049,station_wake,0,0.0,0.0,0.0,1,1,0,0,1,0,35,0.25,1,18,0.41471731662750244,0.20786878988395457,1.8160247802734375,1.382494537501842,3.750569224357605,19.348471462726593,0.44248900888910714,2.2183561666064335,2.935257574113701,0.0,0.1307260435907906,0.14792048016385714,0.012788701057434081,0.013524397276341915,0.012788701057434081,0.015785109251737595,0.030864477157592773,39,0.07470541240862327,2.68717037586344
station_wake_L0,Smooth stage-aware SAC,strict_two_stage_v3_v1,two_stage_v3,1,50,9050,1200050,station_wake,0,0.0,0.0,0.0,1,1,0,0,1,0,37,0.25,1,17,1.2871967554092407,1.082537850863356,1.3085222244262695,1.03403256934663,1.5846073627471924,4.721012115478516,0.36467604431399214,2.289889202743906,0.0,0.75,0.1625922025963204,0.19574882336986954,0.09840203523635864,0.15314029157161713,0.09840203523635864,0.5252498388290405,0.6457018852233887,41,0.06208784314645016,0.3264552680026799
station_wake_L0,Smooth stage-aware SAC,strict_two_stage_v3_v1,two_stage_v3,1,51,9051,1200051,station_wake,0,0.0,0.0,0.0,1,1,0,0,1,0,55,0.25,1,39,0.4706951081752777,0.26514171074647774,1.3706398010253906,1.0998252374637125,6.458481848239899,20.206417441368103,0.47214052742160073,1.6131741187331023,0.021035418503638912,0.0,0.19694463860998815,0.2299914096658598,0.07335512340068817,0.08926070481538773,0.07335512340068817,0.1582741141319275,0.23170307278633118,59,0.06290348231071662,0.021035418503638912
station_wake_L0,Smooth stage-aware SAC,strict_two_stage_v3_v1,two_stage_v3,1,52,9052,1200052,station_wake,0,0.0,0.0,0.0,1,1,0,0,1,0,54,0.25,1,42,0.13295893371105194,0.08366672586352678,0.5036982893943787,0.31923429482839977,2.5807182490825653,14.503386095166206,0.3017031336330589,1.696064669707924,0.0,0.5,0.1860361879859949,0.28708559832676206,0.1890356183052063,0.24030891060829163,0.1890356183052063,0.445926308631897,0.6150534749031067,58,0.0600570978402558,1.3664369731821728
station_wake_L0,Smooth stage-aware SAC,strict_two_stage_v3_v1,two_stage_v3,1,53,9053,1200053,station_wake,0,0.0,0.0,0.0,1,1,0,0,1,0,58,0.25,1,39,0.08620214462280273,0.03850980541239061,0.6771627068519592,0.4601829815790278,2.7411034516990185,15.213662981987,0.20958763471122765,1.2218234628709812,0.0,0.9500000000000001,0.1559478730197361,0.18749936253007196,0.10005523413419723,0.10417409241199493,0.10005523413419723,0.061287105083465576,0.11930346488952637,62,0.052105105550354344,3.7602223362198273
station_wake_L0,Smooth stage-aware SAC,strict_two_stage_v3_v1,two_stage_v3,1,54,9054,1200054,station_wake,0,0.0,0.0,0.0,1,1,0,0,1,0,55,0.25,1,36,0.22742947936058044,0.17803445881544486,0.9022472053766251,0.5871914530465329,2.9462674260139465,16.303028464317322,0.3670439606734505,1.9485997915790851,0.0,0.15000000000000002,0.13693996023234709,0.16619864368737203,0.005836209747940302,0.011044790968298912,0.005836209747940302,0.07095862925052643,0.14814174734055996,59,0.0666969734670929,1.4812031477020162
station_wake_L0,Smooth stage-aware SAC,strict_two_stage_v3_v1,two_stage_v3,1,55,9055,1200055,station_wake,0,0.0,0.0,0.0,1,1,0,0,1,0,68,0.25,1,50,0.5490573644638062,0.5099548123064171,0.47722697257995605,0.34056253667934255,1.970840385183692,10.91649504378438,0.16122369644832027,1.1730783523931403,0.0,0.65,0.15341705633643213,0.1826879483195224,0.1288497805595398,0.14580267667770386,0.1288497805595398,0.15694892406463623,0.23661315441131592,72,0.06466181372825765,1.0623251482648823
station_wake_L0,Smooth stage-aware SAC,strict_two_stage_v3_v1,two_stage_v3,1,56,9056,1200056,station_wake,0,0.0,0.0,0.0,1,1,0,0,1,0,57,0.25,1,42,0.08920127898454666,0.06285596688084101,0.9612839668989182,0.6321367741835371,4.706487953662872,17.55958318710327,0.2556391077155864,1.8097052855828295,0.0,0.75,0.1407394781453151,0.19832225926638786,0.1989003151655197,0.2439310997724533,0.1989003151655197,0.45549941062927246,0.5850046873092651,61,0.05155243670873161,2.7321651007945453
station_wake_L0,Smooth stage-aware SAC,strict_two_stage_v3_v1,two_stage_v3,1,57,9057,1200057,station_wake,0,0.0,0.0,0.0,1,1,0,0,1,0,47,0.25,1,27,0.7378039956092834,0.6300475948443263,0.7913875579833984,0.5302063391780819,2.625853717327118,9.733278304338455,0.24658432295141136,1.8444349098541744,0.0,1.0,0.15807888811536844,0.18323359755859903,0.09542223066091537,0.1208472028374672,0.09542223066091537,0.24911952018737793,0.3363586962223053,51,0.05544697773596319,3.90753414869137
station_wake_L0,Smooth stage-aware SAC,strict_two_stage_v3_v1,two_stage_v3,1,58,9058,1200058,station_wake,0,0.0,0.0,0.0,1,1,0,0,1,0,51,0.25,1,39,0.33298221230506897,0.315419967054454,0.317421555519104,0.18349594500150473,2.297886684536934,6.531442478299141,0.3821330511842519,1.921425231228484,0.0,0.5,0.2734635286520669,0.3867559670366428,0.2314750611782074,0.2598661780357361,0.2314750611782074,0.36106371879577637,0.7835614681243896,55,0.07685950447016905,0.6087234275827557
station_wake_L0,Smooth stage-aware SAC,strict_two_stage_v3_v1,two_stage_v3,1,59,9059,1200059,station_wake,0,0.0,0.0,0.0,1,1,0,0,1,0,29,0.25,1,15,0.25775137543678284,0.12765524983638446,1.112550050020218,0.6970843102574967,5.32701849937439,23.50212663412094,0.5724189307407307,3.740642029052087,0.0,0.0,0.17974020820225964,0.2399549799579482,0.052615892887115476,0.0602605827152729,0.052615892887115476,0.12072029709815979,0.18915660679340363,33,0.061357575355416666,1.7497318214776558
station_wake_L0,Smooth stage-aware SAC,strict_two_stage_v3_v1,two_stage_v3,1,60,9060,1200060,station_wake,0,0.0,0.0,0.0,1,1,0,0,1,0,52,0.25,1,33,0.9007585644721985,0.6802830140860177,1.4657896757125854,1.0796947617066315,2.3924261331558228,14.08698558807373,0.33546710493163023,2.1881587907443123,2.9337722214126347,0.05,0.18223688215027067,0.21630993843630444,0.04988009631633759,0.06110643967986107,0.04988009631633759,0.10594777762889862,0.1322886347770691,56,0.06449002552377651,0.7432123603003925
station_wake_L0,Smooth stage-aware SAC,strict_two_stage_v3_v1,two_stage_v3,1,61,9061,1200061,station_wake,0,0.0,0.0,0.0,1,1,0,0,1,0,62,0.25,1,47,0.5140691995620728,0.4403542982996545,1.3884836435317993,0.7606848983908875,5.934053361415863,21.83901309967041,0.35541937607327156,2.2075380422588644,0.5865137334751369,0.1,0.18604144466759426,0.23705673816720546,0.0444060280919075,0.05071121081709862,0.0444060280919075,0.08919613063335419,0.16956105828285217,66,0.06991818767492822,0.5865137334751369
station_wake_L0,Smooth stage-aware SAC,strict_two_stage_v3_v1,two_stage_v3,1,62,9062,1200062,station_wake,0,0.0,0.0,0.0,1,1,0,0,1,0,45,0.25,1,29,0.8532382249832153,0.45331193195462033,2.329421043395996,1.7878183660185503,5.7458895444869995,26.827391386032104,0.4658459445111897,2.898907064904373,0.0,0.0,0.10315676603255639,0.1330131816415304,0.011002047546207904,0.014290482737123966,0.011002047546207904,0.05249394476413727,0.10290133766829967,49,0.07554317318325507,0.5658880562855794
station_wake_L0,Smooth stage-aware SAC,strict_two_stage_v3_v1,two_stage_v3,1,63,9063,1200063,station_wake,0,0.0,0.0,0.0,1,1,0,0,1,0,74,0.25,1,28,0.2633047103881836,0.1797622055675693,0.49707740545272827,0.3931556966440637,1.839202642440796,7.432502806186676,0.20034474911807656,0.8393570295128989,0.0,2.3000000000000003,0.01937463805078454,0.022011777896616663,0.025852900743484498,0.029515651986002922,0.025852900743484498,0.036745622754096985,0.042333491146564484,78,0.06002568278261159,4.712621352765466
station_wake_L0,Smooth stage-aware SAC,strict_two_stage_v3_v1,two_stage_v3,1,64,9064,1200064,station_wake,0,0.0,0.0,0.0,1,1,0,0,1,0,55,0.25,1,42,0.14578916132450104,0.10728700829876472,0.4508620500564575,0.34973341098848987,3.8405273109674454,13.177495673298836,0.3345962111954789,1.2916826005635307,0.0,0.0,0.26496452558305544,0.36936818844871017,0.04247977882623673,0.05587858706712723,0.04247977882623673,0.15443307161331177,0.23702621459960938,59,0.054635650286434086,2.5465329388714695
station_wake_L0,Smooth stage-aware SAC,strict_two_stage_v3_v1,two_stage_v3,1,65,9065,1200065,station_wake,0,0.0,0.0,0.0,1,1,0,0,1,0,37,0.25,1,24,0.8172603845596313,0.724412257449462,1.4854776859283447,0.9393605526271591,9.20240581035614,25.803499817848206,0.8758067189637466,3.373828265231513,0.7774813937179035,0.30000000000000004,0.20383349985355012,0.2637873265209998,0.061351995915174484,0.11156012117862701,0.061351995915174484,0.5043124407529831,0.7531186938285828,41,0.06137034985603013,0.7774813937179035
station_wake_L0,Smooth stage-aware SAC,strict_two_stage_v3_v1,two_stage_v3,1,66,9066,1200066,station_wake,0,0.0,0.0,0.0,1,1,0,0,1,0,35,0.25,1,20,0.8048645257949829,0.634493684799423,1.2613976001739502,0.9017482129490716,2.7411720156669617,17.3242849111557,0.2692713729750205,1.4503464569703515,0.0,0.30000000000000004,0.2166785564354048,0.2648869350980736,0.0291430888697505,0.05760229751467705,0.0291430888697505,0.2938169874250889,0.4115281254053116,39,0.04981541620851704,0.7462020088053012
station_wake_L0,Smooth stage-aware SAC,strict_two_stage_v3_v1,two_stage_v3,1,67,9067,1200067,station_wake,0,0.0,0.0,0.0,1,1,0,0,1,0,71,0.25,1,56,0.26478278636932373,0.17112999962571826,0.5838298797607422,0.374716136164771,2.147461026906967,9.752423092722893,0.21081932677724846,1.4671623873958057,2.241549837948179,0.0,0.1476935876792403,0.19387325146460063,0.017394592612981798,0.02850067988038063,0.017394592612981798,0.1778426617383957,0.26352409273386,75,0.0669005119523207,2.0007182215871757
station_wake_L0,Smooth stage-aware SAC,strict_two_stage_v3_v1,two_stage_v3,1,68,9068,1200068,station_wake,0,0.0,0.0,0.0,1,1,0,0,1,0,56,0.25,1,40,0.23790425062179565,0.16340744241430702,1.1174153536558151,0.7349727244678304,7.807824611663818,31.487447023391724,0.4728923467823658,2.068477935921971,4.544609371353731,0.0,0.10202874415474517,0.134327284102951,0.12366030663251877,0.1321934163570404,0.12366030663251877,0.16352185606956482,0.25099024176597595,60,0.08041990652585328,1.9190108029804287
station_wake_L0,Smooth stage-aware SAC,strict_two_stage_v3_v1,two_stage_v3,1,69,9069,1200069,station_wake,0,0.0,0.0,0.0,1,1,0,0,1,0,50,0.25,1,32,0.5073164105415344,0.43278936479650604,0.6051158905029297,0.4404949470982441,3.1007185578346252,11.532720476388931,0.3038693205500105,1.5344004640022704,0.0,0.55,0.14959314573209698,0.17792663848812318,0.06862298548221588,0.073037289083004,0.06862298548221588,0.07378405332565308,0.15995696187019348,54,0.06946120412813124,1.8888068526969861
station_wake_L0,Smooth stage-aware SAC,strict_two_stage_v3_v1,two_stage_v3,1,70,9070,1200070,station_wake,0,0.0,0.0,0.0,1,1,0,0,1,0,39,0.25,1,22,0.1443982571363449,0.10764475226098671,0.5108678340911865,0.24787574534732373,4.274844527244568,14.352674949914217,0.4945594810398033,2.769516858485807,0.0,0.4,0.17440675556182206,0.2112468764391969,0.021675343811511993,0.04665975272655487,0.021675343811511993,0.23196301981806755,0.43147310614585876,43,0.06747086091098463,0.5429874992155844
station_wake_L0,Smooth stage-aware SAC,strict_two_stage_v3_v1,two_stage_v3,1,71,9071,1200071,station_wake,0,0.0,0.0,0.0,1,1,0,0,1,0,37,0.25,1,18,0.3798220753669739,0.27751573497828136,0.9873369336128235,0.6555020613424692,3.472575545310974,16.686398833990097,0.5041107555539586,2.9243195345860813,0.0,0.0,0.14175350607248777,0.16291025242718887,0.007910819072276355,0.014288883656263351,0.007910819072276355,0.0665136631578207,0.08720076642930508,41,0.07516524738252507,2.2635887239656944
station_wake_L0,Smooth stage-aware SAC,strict_two_stage_v3_v1,two_stage_v3,1,72,9072,1200072,station_wake,0,0.0,0.0,0.0,1,1,0,0,1,0,44,0.25,1,30,0.589533805847168,0.4634649978552995,0.8931022882461548,0.4883223480998441,2.870468944311142,13.491247072815895,0.46704488430728575,2.487497782555588,0.0,0.55,0.17902175534950632,0.23194909503496614,0.1468503564596176,0.1663975715637207,0.1468503564596176,0.23419147729873657,0.38333505392074585,48,0.06138203612690675,1.3402925031432449
station_wake_L0,Smooth stage-aware SAC,strict_two_stage_v3_v1,two_stage_v3,1,73,9073,1200073,station_wake,0,0.0,0.0,0.0,1,1,0,0,1,0,38,0.25,1,22,0.13263733685016632,0.09926820939415792,0.29706254601478577,0.17158424472545034,1.194593906402588,6.489144191145897,0.6218370315921609,2.4969418019615426,0.0,0.0,0.1776381194384557,0.2337349293602942,0.06475487500429153,0.07119881361722946,0.06475487500429153,0.0860183984041214,0.181499645113945,42,0.06491690556725556,0.6829089402834673
station_wake_L0,Smooth stage-aware SAC,strict_two_stage_v3_v1,two_stage_v3,1,74,9074,1200074,station_wake,0,0.0,0.0,0.0,1,1,0,0,1,0,65,0.25,1,41,0.09931133687496185,0.058911674930877136,0.313834547996521,0.23432749147244283,2.135319858789444,7.529563382267952,0.18002144440008336,1.000627161962337,0.0,0.75,0.09222705720059747,0.10370348068421907,0.06064248383045197,0.07188595086336136,0.06064248383045197,0.10219007730484009,0.12008413672447205,69,0.08163580198126061,2.4112510105190235
station_wake_L0,Smooth stage-aware SAC,strict_two_stage_v3_v1,two_stage_v3,1,75,9075,1200075,station_wake,0,0.0,0.0,0.0,1,1,0,0,1,0,64,0.25,1,50,0.24572241306304932,0.21988082716915183,0.34446775913238525,0.19374733669994923,2.084302008152008,12.284412384033203,0.2559153612125469,1.8082533358152024,0.0050438358185415635,0.30000000000000004,0.14183736062979513,0.22372266001669605,0.09693571478128434,0.13529717922210693,0.09693571478128434,0.31084319949150085,0.5334129929542542,68,0.06811066910209777,0.0050438358185415635
station_wake_L0,Smooth stage-aware SAC,strict_two_stage_v3_v1,two_stage_v3,1,76,9076,1200076,station_wake,0,0.0,0.0,0.0,1,1,0,0,1,0,59,0.25,1,41,0.30881571769714355,0.1961692173114339,1.3531386852264404,1.1595817351276416,5.894209556281567,20.157743096351624,0.3758928253844873,1.6832367851923888,0.32927821720315786,0.5,0.13851555182966524,0.17586549162331583,0.03512959629297256,0.039740871638059616,0.03512959629297256,0.12346945703029633,0.27033358812332153,63,0.0740769864332965,0.32927821720315786
station_wake_L0,Smooth stage-aware SAC,strict_two_stage_v3_v1,two_stage_v3,1,77,9077,1200077,station_wake,0,0.0,0.0,0.0,1,1,0,0,1,0,62,0.25,1,47,0.06473323702812195,0.04311221086352366,0.5297764018177986,0.3749872363343523,4.254400432109833,13.682350516319275,0.23567159708841784,1.4877483985456794,0.0,0.55,0.22455119576329713,0.2940789577683754,0.09940612614154816,0.10627058148384094,0.09940612614154816,0.11330869793891907,0.21240398287773132,66,0.05415552293486244,2.4364742587936457
station_wake_L0,Smooth stage-aware SAC,strict_two_stage_v3_v1,two_stage_v3,1,78,9078,1200078,station_wake,0,0.0,0.0,0.0,1,1,0,0,1,0,67,0.25,1,55,0.11986686289310455,0.08971511161753996,0.5546853691339493,0.3476604889705817,2.6872331649065018,16.265545450150967,0.24364645636259394,1.7548333444416753,0.0,0.0,0.23015457166895312,0.3181215782120068,0.04658058136701584,0.04920058697462082,0.04658058136701584,0.06708042323589325,0.13801366090774536,71,0.048680054275178956,0.8339686056186427
station_wake_L0,Smooth stage-aware SAC,strict_two_stage_v3_v1,two_stage_v3,1,79,9079,1200079,station_wake,0,0.0,0.0,0.0,1,1,0,0,1,0,40,0.25,1,25,1.0329853296279907,0.9645939083318436,1.9404399394989014,0.8193357258680873,7.814890444278717,26.025962233543396,0.4459871372757885,2.253160595292655,0.0,0.5,0.17733952145035944,0.22699029285324135,0.08270494565367699,0.11475726962089539,0.08270494565367699,0.3283953219652176,0.5478763580322266,44,0.0623784191525348,1.1624497450817455
station_wake_L0,Smooth stage-aware SAC,strict_two_stage_v3_v1,two_stage_v3,1,80,9080,1200080,station_wake,0,0.0,0.0,0.0,1,1,0,0,1,0,29,0.25,1,14,0.2699558138847351,0.15972723808520772,0.8390025794506073,0.62166279802394,8.511303812265396,23.488699346780777,0.5118319438564793,2.07596882184073,0.0,0.65,0.14983059165295048,0.2058581775033721,0.08401518613100052,0.09873288124799728,0.08401518613100052,0.11700421571731567,0.18747597932815552,33,0.06766073945737693,3.5608128289671894
station_wake_L0,Smooth stage-aware SAC,strict_two_stage_v3_v1,two_stage_v3,1,81,9081,1200081,station_wake,0,0.0,0.0,0.0,1,1,0,0,1,0,56,0.25,1,39,0.20932312309741974,0.1777619784821287,0.7128185033798218,0.4226508961093497,3.4992630779743195,14.722889438271523,0.32964068332269014,1.910821813806352,0.0,0.25,0.12146961285570339,0.14785982677679696,0.0359328843653202,0.047269754111766815,0.0359328843653202,0.14386241137981415,0.3415614366531372,60,0.07044976798828002,0.2127154094469103
station_wake_L0,Smooth stage-aware SAC,strict_two_stage_v3_v1,two_stage_v3,1,82,9082,1200082,station_wake,0,0.0,0.0,0.0,1,1,0,0,1,0,48,0.25,1,32,0.4397255778312683,0.3018419704940381,0.7921400666236877,0.6386310669920561,2.6203198730945587,10.036064684391022,0.18127209717139667,1.2765688507985868,0.0,0.8,0.1127999216940074,0.16812166933968428,0.10932993292808532,0.1253259927034378,0.10932993292808532,0.3218163251876831,0.4992036521434784,52,0.05938138797850492,3.4923538429161516
station_wake_L0,Smooth stage-aware SAC,strict_two_stage_v3_v1,two_stage_v3,1,83,9083,1200083,station_wake,0,0.0,0.0,0.0,1,1,0,0,1,0,44,0.25,1,26,0.7427328824996948,0.6229049164879065,0.7718503475189209,0.5785130229044592,3.667652904987335,11.176046133041382,0.48739935551713576,2.3599846262782718,0.0,0.9,0.07063488770118773,0.10839829233246104,0.14873676151037216,0.17894068360328674,0.14873676151037216,0.32567766308784485,0.522545576095581,48,0.04994372972986156,3.0024183973356133
station_wake_L0,Smooth stage-aware SAC,strict_two_stage_v3_v1,two_stage_v3,1,84,9084,1200084,station_wake,0,0.0,0.0,0.0,1,1,0,0,1,0,39,0.25,1,21,0.050614193081855774,0.0394002534084459,0.5758525803685188,0.3176222919707991,1.3840621709823608,7.030328251421452,0.2767732538601699,1.6598307100091194,0.0,0.0,0.1460538703636211,0.17788816146266723,0.06520963534712791,0.07640436291694641,0.06520963534712791,0.09529787302017212,0.1477089524269104,43,0.0707576273246431,1.4776622282258933
station_wake_L0,Smooth stage-aware SAC,strict_two_stage_v3_v1,two_stage_v3,1,85,9085,1200085,station_wake,0,0.0,0.0,0.0,1,1,0,0,1,0,57,0.25,1,42,0.06307715177536011,0.03698376863669974,0.5872947722673416,0.33276161416939964,3.659241944551468,15.85590947419405,0.31748100902590476,1.7092679286992774,0.0,0.0,0.18781463466269632,0.24125798317360136,0.04652686528861523,0.06560839712619781,0.04652686528861523,0.19502154737710953,0.28249718248844147,61,0.06122057178338692,1.397081577388787
station_wake_L0,Smooth stage-aware SAC,strict_two_stage_v3_v1,two_stage_v3,1,86,9086,1200086,station_wake,0,0.0,0.0,0.0,1,1,0,0,1,0,27,0.25,1,9,1.005293607711792,0.7397792144510312,1.5589582920074463,1.3096583054566278,0.5706560611724854,2.4439144134521484,0.3761777385870765,1.9350248139621007,0.0,0.9,0.19268936032819106,0.26496722476929174,0.31772838830947875,0.5179250836372375,0.31772838830947875,1.9184046983718872,2.1820068359375,31,0.06537195729952398,1.6711318187781474
station_wake_L0,Smooth stage-aware SAC,strict_two_stage_v3_v1,two_stage_v3,1,87,9087,1200087,station_wake,0,0.0,0.0,0.0,1,1,0,0,1,0,57,0.25,1,37,0.13068056106567383,0.07618201855546754,0.6800746917724609,0.5269236913759578,1.2958735227584839,5.300968885421753,0.31201880751491723,1.3233003549221358,4.362511405439314,0.0,0.1262345740334032,0.14875786100338778,0.031796299107372764,0.04433520883321762,0.031796299107372764,0.17921467870473862,0.27525389567017555,61,0.07325179613519404,3.907062865638639
station_wake_L0,Smooth stage-aware SAC,strict_two_stage_v3_v1,two_stage_v3,1,88,9088,1200088,station_wake,0,0.0,0.0,0.0,1,1,0,0,1,0,54,0.25,1,36,0.0926288515329361,0.08021692559517798,0.1287028193473816,0.07044069172405913,1.0180190205574036,4.656046740710735,0.16733270035909123,1.2051173004415672,0.0,0.75,0.1467963120552785,0.17818900941570703,0.13288452327251435,0.14807666838169098,0.13288452327251435,0.1846722662448883,0.3089749813079834,58,0.07224636535111474,2.261991740360381
station_wake_L0,Smooth stage-aware SAC,strict_two_stage_v3_v1,two_stage_v3,1,89,9089,1200089,station_wake,0,0.0,0.0,0.0,1,1,0,0,1,0,53,0.25,1,40,0.16063299775123596,0.09753705029067437,1.3614073395729065,0.821019330077046,3.0925196409225464,18.15565399825573,0.3273939741529583,1.9981010740391083,0.0,0.0,0.19483434588711734,0.25285139123475514,0.013986104633659124,0.026681724935770035,0.013986104633659124,0.11341295205056667,0.18499746918678284,57,0.059051246517878145,0.6666802507329583
station_wake_L0,Smooth stage-aware SAC,strict_two_stage_v3_v1,two_stage_v3,1,90,9090,1200090,station_wake,0,0.0,0.0,0.0,1,1,0,0,1,0,28,0.25,0,-1,nan,nan,nan,nan,nan,nan,nan,nan,0.0,nan,0.09374705626607041,0.1231522232209349,0.28773767352104185,0.46135902404785156,0.28773767352104185,1.690171241760254,2.2860097885131836,32,0.036728574627268855,2.1266722459675
station_wake_L0,Smooth stage-aware SAC,strict_two_stage_v3_v1,two_stage_v3,1,91,9091,1200091,station_wake,0,0.0,0.0,0.0,1,1,0,0,1,0,72,0.25,1,46,0.2635294198989868,0.18579970547629862,0.5600142478942871,0.3357212316429838,2.1106689423322678,8.833510987460613,0.20788503392928695,1.1702772288365664,0.0,0.7000000000000001,0.11819827937297422,0.13497560824919205,0.03255602978169918,0.04273252189159393,0.03255602978169918,0.09695201367139816,0.11145509779453278,76,0.07122214453919386,1.4165509248962027
station_wake_L0,Smooth stage-aware SAC,strict_two_stage_v3_v1,two_stage_v3,1,92,9092,1200092,station_wake,0,0.0,0.0,0.0,1,1,0,0,1,0,69,0.25,1,50,0.2848440408706665,0.268121996387407,0.36802202463150024,0.1997506416850059,1.5292811393737793,6.659071370959282,0.10970989511369206,0.6666769301827741,0.0,0.9500000000000001,0.13011537678310425,0.15599161270596246,0.08242520689964294,0.0890621542930603,0.08242520689964294,0.07312354445457458,0.1171518862247467,73,0.06803016209897546,3.9805838756383025
station_wake_L0,Smooth stage-aware SAC,strict_two_stage_v3_v1,two_stage_v3,1,93,9093,1200093,station_wake,0,0.0,0.0,0.0,1,1,0,0,1,0,65,0.25,1,52,0.16494785249233246,0.11091018645955919,0.5355912819504738,0.359054248522153,3.59091579914093,13.324435371905565,0.42530589113670536,1.8865126205791887,3.01542884048743,0.0,0.21632756099808895,0.2974032396816223,0.03450261279940605,0.04633248969912529,0.03450261279940605,0.23535718023777008,0.42657628655433655,69,0.06329042941567029,2.521215348608936
station_wake_L0,Smooth stage-aware SAC,strict_two_stage_v3_v1,two_stage_v3,1,94,9094,1200094,station_wake,0,0.0,0.0,0.0,1,1,0,0,1,0,56,0.25,1,43,0.42714452743530273,0.35084669189676465,0.8433997631072998,0.6597767006212795,6.911071240901947,19.0736386179924,0.4711190701454416,2.4201586740739236,1.2287255251976121,0.25,0.16770731949569628,0.2568978893394685,0.09841268062591553,0.15901508927345276,0.09841268062591553,0.5513648688793182,0.7792681455612183,60,0.06504651726699945,1.2287255251976121
station_wake_L0,Smooth stage-aware SAC,strict_two_stage_v3_v1,two_stage_v3,1,95,9095,1200095,station_wake,0,0.0,0.0,0.0,1,1,0,0,1,0,49,0.25,1,39,0.18364539742469788,0.12142692385166708,1.0872246325016022,0.7803494342820575,3.226480185985565,16.248465813696384,0.3669317614869717,2.38216481859005,0.5399192501743677,0.0,0.3477816590293952,0.4596037311958468,0.03436452783644199,0.059304140508174896,0.03436452783644199,0.3101062774658203,0.5520684644579887,53,0.03548031257657532,0.5135998098988112
station_wake_L0,Smooth stage-aware SAC,strict_two_stage_v3_v1,two_stage_v3,1,96,9096,1200096,station_wake,0,0.0,0.0,0.0,1,1,0,0,1,0,43,0.25,1,29,0.356938898563385,0.31281024058299467,1.0730808973312378,0.5463279836581955,2.9777991771698,14.070255607366562,0.34895971206849485,1.9918341071861891,0.0,0.5,0.15641740340418359,0.23813198924291204,0.16437089592218398,0.19751285016536713,0.16437089592218398,0.33531126379966736,0.5688244104385376,47,0.0675378173012279,0.6812318086771119
station_wake_L0,Smooth stage-aware SAC,strict_two_stage_v3_v1,two_stage_v3,1,97,9097,1200097,station_wake,0,0.0,0.0,0.0,1,1,0,0,1,0,56,0.25,1,38,0.30614256858825684,0.23738720414206205,1.620914787054062,0.9624474371674999,2.497929334640503,16.597585901618004,0.19344119696594653,1.4856416964423451,0.0,0.8500000000000001,0.19837843676778272,0.23404154339463762,0.11319833248853683,0.15019728243350983,0.11319833248853683,0.34407275915145874,0.4628640413284302,60,0.05903584549662721,3.1233242715890634
station_wake_L0,Smooth stage-aware SAC,strict_two_stage_v3_v1,two_stage_v3,1,98,9098,1200098,station_wake,0,0.0,0.0,0.0,1,1,0,0,1,0,71,0.25,1,54,0.2886166572570801,0.1515447884120095,1.174098402261734,0.9092060258051643,6.194746196269989,20.85210233926773,0.4046356981207082,1.4080685363832608,2.527738819596533,0.0,0.1153073418586539,0.13418916243921242,0.005775746703147888,0.012638751417398453,0.005775746703147888,0.07658123597502708,0.09492280893027782,75,0.07922065163197747,2.3676238175258018
station_wake_L0,Smooth stage-aware SAC,strict_two_stage_v3_v1,two_stage_v3,1,99,9099,1200099,station_wake,0,0.0,0.0,0.0,1,1,0,0,1,0,47,0.25,1,24,0.803353488445282,0.5429263090350915,1.454768180847168,0.99748508242572,5.235120132565498,24.9245086312294,0.31364734031508495,2.2361074698988817,0.262406049514958,0.35000000000000003,0.0815360932138472,0.09435183512686118,0.01888861507177353,0.028603365644812584,0.01888861507177353,0.08342358469963074,0.13891998678445816,51,0.08220381985586285,0.5134510932018047
station_wake_L0,Smooth stage-aware SAC,strict_two_stage_v3_v1,two_stage_v3,2,0,9000,1200000,station_wake,0,0.0,0.0,0.0,1,1,0,0,1,0,50,0.25,1,34,0.0982399433851242,0.06306323555213059,0.7274194806814194,0.4981317302638649,2.84144030418247,15.253966450691223,0.3544719163257579,2.1798014204120566,0.0,0.7000000000000001,0.16870660375229124,0.19585059043387773,0.14927658885717393,0.19767950475215912,0.14927658885717393,0.4600527584552765,0.5657652020454407,54,0.06283296188388476,1.7546785859840377
station_wake_L0,Smooth stage-aware SAC,strict_two_stage_v3_v1,two_stage_v3,2,1,9001,1200001,station_wake,0,0.0,0.0,0.0,1,1,0,0,1,0,41,0.25,1,29,0.9232679605484009,0.572815867624381,1.9937419891357422,1.5363802350464553,8.035747855901718,25.305103957653046,0.5345875154540259,3.0846406689809953,0.0,0.1,0.20790637369772128,0.2689761426836069,0.022358670085668563,0.052934788167476654,0.022358670085668563,0.3156809061765671,0.5213086679577827,45,0.05737364135067188,1.2714925412422353
station_wake_L0,Smooth stage-aware SAC,strict_two_stage_v3_v1,two_stage_v3,2,2,9002,1200002,station_wake,0,0.0,0.0,0.0,1,1,0,0,1,0,38,0.25,1,25,0.7173789143562317,0.43298288369255483,1.492617130279541,1.3254684656065352,2.6439809799194336,12.625616788864136,0.4020597884816015,2.078514318975496,0.0,0.65,0.19952830893908075,0.3025506441267369,0.13399302661418916,0.18585824966430664,0.13399302661418916,0.4752505421638489,0.6437063217163086,42,0.049692245543517255,3.3617947769313576
station_wake_L0,Smooth stage-aware SAC,strict_two_stage_v3_v1,two_stage_v3,2,3,9003,1200003,station_wake,0,0.0,0.0,0.0,1,1,0,0,1,0,55,0.25,1,40,0.3133111596107483,0.285696483519573,0.37391483783721924,0.27960645031155734,2.0917433500289917,7.580256760120392,0.26381429160839404,1.2942153231677158,0.0,0.4,0.16021581373127644,0.2127737777671938,0.04070672318339348,0.06385847181081772,0.04070672318339348,0.24028612673282623,0.45215219259262085,59,0.06513359468069099,1.7324376757774778
station_wake_L0,Smooth stage-aware SAC,strict_two_stage_v3_v1,two_stage_v3,2,4,9004,1200004,station_wake,0,0.0,0.0,0.0,1,1,0,0,1,0,54,0.25,1,38,0.1231817975640297,0.10093126791074648,1.4763395488262177,0.6581307887373754,3.2111161947250366,16.443712823092937,0.21207098198632343,1.7376366929219262,2.614979331761225,0.0,0.12715768644363956,0.18071477502903133,0.12022117078304291,0.15965043008327484,0.12022117078304291,0.38534003496170044,0.5531831085681915,58,0.07583043510385333,0.31568157840191036
station_wake_L0,Smooth stage-aware SAC,strict_two_stage_v3_v1,two_stage_v3,2,5,9005,1200005,station_wake,0,0.0,0.0,0.0,1,1,0,0,1,0,56,0.25,1,40,0.10479702055454254,0.07866633243785792,0.6830080598592758,0.31204962830968314,3.1724849343299866,14.84541803598404,0.19966686325548066,1.2486548081473727,0.0,0.0,0.14295669420614512,0.1794754529656778,0.06526404470205308,0.07682773470878601,0.06526404470205308,0.1353786289691925,0.3255985677242279,60,0.06655915714161867,1.340696764964745
station_wake_L0,Smooth stage-aware SAC,strict_two_stage_v3_v1,two_stage_v3,2,6,9006,1200006,station_wake,0,0.0,0.0,0.0,1,1,0,0,1,0,27,0.25,0,-1,nan,nan,nan,nan,nan,nan,nan,nan,0.0,nan,0.17901271149856082,0.22119667040743557,0.0677161131054163,0.1432144045829773,0.0677161131054163,0.6952826455235481,1.0775232315063477,31,0.06185630950856539,2.8659663722009796
station_wake_L0,Smooth stage-aware SAC,strict_two_stage_v3_v1,two_stage_v3,2,7,9007,1200007,station_wake,0,0.0,0.0,0.0,1,1,0,0,1,0,59,0.25,1,41,0.19995994865894318,0.140748328285849,1.4897578954696655,0.9555122641363756,3.2334911823272705,10.279631912708282,0.18308731414315646,1.0313822254421334,2.063444544490457,0.0,0.13051362391350002,0.15915058323540004,0.014854069240391255,0.024901604279875755,0.014854069240391255,0.08989470452070236,0.17210830003023148,63,0.06905490708773104,1.5653893913689487
station_wake_L0,Smooth stage-aware SAC,strict_two_stage_v3_v1,two_stage_v3,2,8,9008,1200008,station_wake,0,0.0,0.0,0.0,1,1,0,0,1,0,40,0.25,1,26,0.09514325857162476,0.05397577245723218,0.7149506360292435,0.37304208031258357,3.7694942951202393,17.086959462612867,0.35261747803915594,2.2908534188458924,0.28453810358162074,0.0,0.16313786453806628,0.23280881641288723,0.030191879719495773,0.03921126946806908,0.030191879719495773,0.14731961488723755,0.30298713594675064,44,0.06303796820602421,0.15475082229261197
station_wake_L0,Smooth stage-aware SAC,strict_two_stage_v3_v1,two_stage_v3,2,9,9009,1200009,station_wake,0,0.0,0.0,0.0,1,1,0,0,1,0,39,0.25,1,23,0.2249148190021515,0.16849891871617723,0.7147809863090515,0.4642405676875788,2.4940702319145203,12.033216208219528,0.316963269745618,1.9741326553115588,0.0,0.30000000000000004,0.1563777270978901,0.22245409329673596,0.03901769183576107,0.053287506103515625,0.03901769183576107,0.3338044360280037,0.7488320767879486,43,0.06891175320577833,1.5941268786932485
station_wake_L0,Smooth stage-aware SAC,strict_two_stage_v3_v1,two_stage_v3,2,10,9010,1200010,station_wake,0,0.0,0.0,0.0,1,1,0,0,1,0,30,0.25,0,-1,nan,nan,nan,nan,nan,nan,nan,nan,0.0,nan,0.11696816494787114,0.1335560161650506,0.193936887383461,0.24953509867191315,0.193936887383461,0.5539665222167969,0.9025099873542786,34,0.0660059686854406,2.5088840823927128
station_wake_L0,Smooth stage-aware SAC,strict_two_stage_v3_v1,two_stage_v3,2,11,9011,1200011,station_wake,0,0.0,0.0,0.0,1,1,0,0,1,0,47,0.25,1,35,0.34628424048423767,0.2087191822944182,0.9869086742401123,0.6146039401967837,1.73506498336792,6.805152744054794,0.22199676927438042,1.4512329825583539,0.0,0.25,0.2508670342385884,0.3508026787752194,0.10254166573286057,0.10611631721258163,0.10254166573286057,0.1145089864730835,0.2011166512966156,51,0.054414641003244016,2.245116477355395
station_wake_L0,Smooth stage-aware SAC,strict_two_stage_v3_v1,two_stage_v3,2,12,9012,1200012,station_wake,0,0.0,0.0,0.0,1,1,0,0,1,0,61,0.25,1,44,0.04632273688912392,0.034404471152503134,0.35609643906354904,0.20750479636240762,2.386189326643944,8.332462348043919,0.2310224970527411,1.1072097516275445,0.0,0.0,0.13559233731242804,0.1676838026867892,0.061975293606519696,0.07408680021762848,0.061975293606519696,0.1140468418598175,0.20199239253997803,65,0.0756632349063909,0.11549022793271756
station_wake_L0,Smooth stage-aware SAC,strict_two_stage_v3_v1,two_stage_v3,2,13,9013,1200013,station_wake,0,0.0,0.0,0.0,1,1,0,0,1,0,55,0.25,1,42,0.2840651273727417,0.1550370265947352,1.0939226299524307,0.8515148687558994,4.748063087463379,18.346263766288757,0.3363721973572418,1.797675372165382,0.0,0.0,0.2629230659477662,0.36883972933205567,0.04308549277484417,0.06717787683010101,0.04308549277484417,0.34113170951604843,0.5336880683898926,59,0.06883294193013868,1.6740895041321746
station_wake_L0,Smooth stage-aware SAC,strict_two_stage_v3_v1,two_stage_v3,2,14,9014,1200014,station_wake,0,0.0,0.0,0.0,1,1,0,0,1,0,47,0.25,1,34,0.3450748324394226,0.3117102106096651,0.4237872362136841,0.2946783191340286,2.663414180278778,9.27990347146988,0.21870358357827957,1.2736355762674987,0.0,0.4,0.20507146749011035,0.2667756176969564,0.08385570868849754,0.12774543464183807,0.08385570868849754,0.3864172250032425,0.580599308013916,51,0.06076731222043678,1.520528175291776
station_wake_L0,Smooth stage-aware SAC,strict_two_stage_v3_v1,two_stage_v3,2,15,9015,1200015,station_wake,0,0.0,0.0,0.0,1,1,0,0,1,0,48,0.25,1,34,0.62070232629776,0.48732769415902716,1.6721296310424805,1.1192469579622928,5.649695247411728,23.826994597911835,0.8670567852940562,2.809724596272807,3.3662098538995364,0.0,0.19514732906885854,0.2574265737716168,0.004485169844701886,0.008252192288637161,0.004485169844701886,0.0950252115726471,0.16938040498644114,52,0.05918945402170602,2.93728549996696
station_wake_L0,Smooth stage-aware SAC,strict_two_stage_v3_v1,two_stage_v3,2,16,9016,1200016,station_wake,0,0.0,0.0,0.0,1,1,0,0,1,0,39,0.25,1,19,1.2878059148788452,1.1657370227751311,1.8298768997192383,1.1518960727325984,8.619170188903809,29.252535104751587,0.632647735656657,3.490705853111983,0.0,1.0,0.1440108503826441,0.16421508735182097,0.1752145379781723,0.21413445472717285,0.1752145379781723,0.3960552215576172,0.4794231057167053,43,0.07184634498952168,2.9434435558339613
station_wake_L0,Smooth stage-aware SAC,strict_two_stage_v3_v1,two_stage_v3,2,17,9017,1200017,station_wake,0,0.0,0.0,0.0,1,1,0,0,1,0,44,0.25,1,29,0.2729666531085968,0.17504882428997154,0.8087333291769028,0.5464574822914134,2.8085874766111374,16.493698358535767,0.5522776786624496,2.4245931517394066,0.0,0.0,0.14714588502500212,0.176905242550429,0.05474044159054756,0.0574684739112854,0.05474044159054756,0.03712761402130127,0.07641084492206573,48,0.06751905788145902,0.29062572312280616
station_wake_L0,Smooth stage-aware SAC,strict_two_stage_v3_v1,two_stage_v3,2,18,9018,1200018,station_wake,0,0.0,0.0,0.0,1,1,0,0,1,0,50,0.25,1,32,0.18499347567558289,0.13319106013526144,1.040244922041893,0.6422379094908317,3.732619732618332,18.55396032333374,0.48168275174628616,2.5524355768005553,0.0,0.0,0.11755592424348385,0.1471693599685784,0.0641364187002182,0.08038943260908127,0.0641364187002182,0.16677989065647125,0.2017734944820404,54,0.07627084567148834,1.7219532286798025
station_wake_L0,Smooth stage-aware SAC,strict_two_stage_v3_v1,two_stage_v3,2,19,9019,1200019,station_wake,0,0.0,0.0,0.0,1,1,0,0,1,0,42,0.25,1,31,0.19672594964504242,0.1352062396736537,1.071964055299759,0.643005933671825,3.1568050384521484,24.02494564652443,0.4284374265812494,2.569340842620833,0.0,0.0,0.27335938204144117,0.38222158935557643,0.028446395695209504,0.06781444698572159,0.028446395695209504,0.4081529825925827,0.6188927590847015,46,0.04045728210223857,2.155261069955646
station_wake_L0,Smooth stage-aware SAC,strict_two_stage_v3_v1,two_stage_v3,2,20,9020,1200020,station_wake,0,0.0,0.0,0.0,1,1,0,0,1,0,38,0.25,1,21,1.0178241729736328,0.7938216321730078,1.5756750106811523,1.2044095669387858,4.280785024166107,21.081956028938293,0.28444225867350387,2.1419843080954064,0.0,0.45,0.14302411865724834,0.17329813792944318,0.03645157925784588,0.05505074933171272,0.03645157925784588,0.19887246191501617,0.3333062678575516,42,0.06776134702338324,1.3067867967263358
station_wake_L0,Smooth stage-aware SAC,strict_two_stage_v3_v1,two_stage_v3,2,21,9021,1200021,station_wake,0,0.0,0.0,0.0,1,1,0,0,1,0,54,0.25,1,37,0.5710732340812683,0.3004701035587201,1.606382131576538,1.386932459949057,1.8544560670852661,6.7751336097717285,0.3281540540036956,1.6059636872249259,0.0,0.8500000000000001,0.15571785959554033,0.2105216273382829,0.11321562826633454,0.13467739522457123,0.11321562826633454,0.3100011944770813,0.6195521354675293,58,0.051844344018727534,3.4211661962916935
station_wake_L0,Smooth stage-aware SAC,strict_two_stage_v3_v1,two_stage_v3,2,22,9022,1200022,station_wake,0,0.0,0.0,0.0,1,1,0,0,1,0,30,0.25,1,18,0.3474210202693939,0.20781008913658586,1.6938930749893188,1.1837627795501307,5.9590210020542145,32.48448610305786,0.40462443639363493,3.0357115688757674,0.23563421592859388,0.2,0.17991814449468208,0.27830793056965114,0.07122315168380737,0.11202825605869293,0.07122315168380737,0.3973429501056671,0.4973404109477997,34,0.060573583010063325,0.23563421592859388
station_wake_L0,Smooth stage-aware SAC,strict_two_stage_v3_v1,two_stage_v3,2,23,9023,1200023,station_wake,0,0.0,0.0,0.0,1,1,0,0,1,0,55,0.25,1,39,0.2512419819831848,0.13036107945876077,0.8225572109222412,0.6444640911804246,4.315658360719681,16.495171785354614,0.22701984984484044,1.152891687679805,0.0,0.8,0.137537231307492,0.1805571520730141,0.1448134958744049,0.15094530582427979,0.1448134958744049,0.15917736291885376,0.4536104202270508,59,0.0720584745365675,3.266033603777075
station_wake_L0,Smooth stage-aware SAC,strict_two_stage_v3_v1,two_stage_v3,2,24,9024,1200024,station_wake,0,0.0,0.0,0.0,1,1,0,0,1,0,49,0.25,1,34,0.3767551779747009,0.2085312899705266,1.3360871374607086,0.984186532397854,3.3281856775283813,21.68640971183777,0.4098776754885548,2.12808889423326,0.0,0.35000000000000003,0.14540291788606652,0.2253168326780263,0.0638928934931755,0.09967198967933655,0.0638928934931755,0.3201489746570587,0.49889951944351196,53,0.07598434114263751,1.1461814084175386
station_wake_L0,Smooth stage-aware SAC,strict_two_stage_v3_v1,two_stage_v3,2,25,9025,1200025,station_wake,0,0.0,0.0,0.0,1,1,0,0,1,0,37,0.25,1,23,0.5481824278831482,0.43106732910126166,0.9287267923355103,0.591255673157887,3.190597891807556,10.31502403318882,0.23732155205319197,1.9324723556207555,0.5233733303534234,0.1,0.16679128300997664,0.20491683068025607,0.013493994250893593,0.0179284680634737,0.013493994250893593,0.0979405902326107,0.18168961629271507,41,0.06620119342868601,0.3300861271963499
station_wake_L0,Smooth stage-aware SAC,strict_two_stage_v3_v1,two_stage_v3,2,26,9026,1200026,station_wake,0,0.0,0.0,0.0,1,1,0,0,1,0,38,0.25,1,24,0.5866990685462952,0.4825415917723523,1.0610377788543701,0.5130447564434323,2.520008385181427,10.321963056921959,0.4429383518682392,2.0330249134417118,0.0,0.65,0.16067596912687404,0.22067370380535645,0.11837995499372482,0.1312493532896042,0.11837995499372482,0.19199103116989136,0.3277255594730377,42,0.06484028832612511,3.2275380172846484
station_wake_L0,Smooth stage-aware SAC,strict_two_stage_v3_v1,two_stage_v3,2,27,9027,1200027,station_wake,0,0.0,0.0,0.0,1,1,0,0,1,0,35,0.25,1,19,0.2639855742454529,0.2260189140480055,0.47698795795440674,0.36559095773073313,6.680753231048584,24.01248663663864,0.42155384319113515,3.032599808750915,0.0,0.35000000000000003,0.1904294327168164,0.2212383889642512,0.05519943088293076,0.07383852452039719,0.05519943088293076,0.19472242891788483,0.3311215341091156,39,0.05635684917459236,0.7439443644803475
station_wake_L0,Smooth stage-aware SAC,strict_two_stage_v3_v1,two_stage_v3,2,28,9028,1200028,station_wake,0,0.0,0.0,0.0,1,1,0,0,1,0,38,0.25,1,24,0.6804786920547485,0.5339559600644362,0.86883544921875,0.6873165164269565,3.6889131367206573,14.388359636068344,0.5151905807945273,2.462168469748257,0.0,0.30000000000000004,0.16493008161163578,0.24896211256325396,0.02510236408561468,0.05817030370235443,0.02510236408561468,0.2466544285416603,0.5207110941410065,42,0.07370416989182724,0.9314461306061558
station_wake_L0,Smooth stage-aware SAC,strict_two_stage_v3_v1,two_stage_v3,2,29,9029,1200029,station_wake,0,0.0,0.0,0.0,1,1,0,0,1,0,40,0.25,1,24,0.9320371747016907,0.6287298223721225,1.5091300010681152,1.349996880308097,2.339968681335449,12.261439561843872,0.3632003131673827,2.2149940879083165,0.0,0.2,0.17080911039319974,0.21516040571776768,0.018712541460990904,0.021249879151582718,0.018712541460990904,0.04537351429462433,0.09445589035749435,44,0.06959300188444449,1.2120209102001709
station_wake_L0,Smooth stage-aware SAC,strict_two_stage_v3_v1,two_stage_v3,2,30,9030,1200030,station_wake,0,0.0,0.0,0.0,1,1,0,0,1,0,53,0.25,1,33,0.16826021671295166,0.12974764841649167,0.813489556312561,0.479226200162163,3.1708157062530518,17.625293731689453,0.4734226820340668,1.5175771904961008,0.0,0.35000000000000003,0.13996732374549897,0.1570912684356041,0.04669481217861175,0.06467332690954208,0.04669481217861175,0.17395371198654175,0.21446719765663147,57,0.06913644524431177,0.549038886737657
station_wake_L0,Smooth stage-aware SAC,strict_two_stage_v3_v1,two_stage_v3,2,31,9031,1200031,station_wake,0,0.0,0.0,0.0,1,1,0,0,1,0,52,0.25,1,38,0.21827688813209534,0.10041261205805972,1.148729920387268,0.6036713378470716,2.30292409658432,11.126639544963837,0.1846099099614717,1.1166028245448785,0.0,0.0,0.1894162300671086,0.2685842113240183,0.08990117758512498,0.10107778757810593,0.08990117758512498,0.12095600366592407,0.16730770468711853,56,0.06814934175372397,1.594726868123152
station_wake_L0,Smooth stage-aware SAC,strict_two_stage_v3_v1,two_stage_v3,2,32,9032,1200032,station_wake,0,0.0,0.0,0.0,1,1,0,0,1,0,59,0.25,1,44,0.2311042845249176,0.19878716521673157,0.38658857345581055,0.22717926988609843,3.081585578620434,11.528644412755966,0.2545384385450673,1.760431361185918,0.36952798837351414,0.0,0.1474084963300572,0.19089083262713094,0.03315023574978113,0.05739555135369301,0.03315023574978113,0.2210576795041561,0.3398014232516289,63,0.06980629364267729,0.870777188746929
station_wake_L0,Smooth stage-aware SAC,strict_two_stage_v3_v1,two_stage_v3,2,33,9033,1200033,station_wake,0,0.0,0.0,0.0,1,1,0,0,1,0,34,0.25,0,-1,nan,nan,nan,nan,nan,nan,nan,nan,0.0,nan,0.016000518302276043,0.017813250556045487,0.21365915834903718,0.2602936923503876,0.21365915834903718,0.4909977316856384,0.6588923931121826,38,0.04400707465076857,2.612156329199894
station_wake_L0,Smooth stage-aware SAC,strict_two_stage_v3_v1,two_stage_v3,2,34,9034,1200034,station_wake,0,0.0,0.0,0.0,1,1,0,0,1,0,40,0.25,1,19,1.3193117380142212,1.2056285998144978,2.062859535217285,1.1611688267683289,9.796102344989777,31.19333028793335,0.49715379389261516,2.481896850526043,0.0,1.05,0.1410014376518322,0.16827669519181332,0.10571453720331192,0.12348082661628723,0.10571453720331192,0.1892746090888977,0.2409258484840393,44,0.06369768541870029,3.572848049171575
station_wake_L0,Smooth stage-aware SAC,strict_two_stage_v3_v1,two_stage_v3,2,35,9035,1200035,station_wake,0,0.0,0.0,0.0,1,1,0,0,1,0,61,0.25,1,46,0.09750212728977203,0.07028386388922542,0.7027142494916916,0.32919416766826454,2.6475902553647757,12.926762402057648,0.22637848513537664,1.423306476266499,0.593604483689815,0.0,0.14894110984848574,0.18433390099491118,0.09340989738702773,0.1041477769613266,0.09340989738702773,0.23723867535591125,0.49291089177131653,65,0.07005177565092353,0.593604483689815
station_wake_L0,Smooth stage-aware SAC,strict_two_stage_v3_v1,two_stage_v3,2,36,9036,1200036,station_wake,0,0.0,0.0,0.0,1,1,0,0,1,0,35,0.25,1,12,1.2342445850372314,0.9610772134060869,1.5040671825408936,1.273152058635099,0.1288890838623047,0.5481171607971191,0.4508192853795643,2.2269316391454788,0.0,1.1500000000000001,0.06486973412420435,0.0805698546342306,0.16488584727048874,0.21173587441444397,0.16488584727048874,0.484423965215683,0.6221610307693481,39,0.04362269513748766,2.8502782814511063
station_wake_L0,Smooth stage-aware SAC,strict_two_stage_v3_v1,two_stage_v3,2,37,9037,1200037,station_wake,0,0.0,0.0,0.0,1,1,0,0,1,0,48,0.25,1,30,0.8955902457237244,0.5003688065769947,2.189507484436035,1.748451341273217,3.1667381525039673,16.310186684131622,0.24498751774581445,1.9546333543155865,0.0,0.65,0.11565717822557495,0.13837382287450048,0.07996715530753136,0.11267031729221344,0.07996715530753136,0.29830679297447205,0.368155837059021,52,0.07632719366890722,1.8165735467992816
station_wake_L0,Smooth stage-aware SAC,strict_two_stage_v3_v1,two_stage_v3,2,38,9038,1200038,station_wake,0,0.0,0.0,0.0,1,1,0,0,1,0,67,0.25,1,51,0.3395195007324219,0.3052660027279679,0.6769710779190063,0.370938485234657,3.0488745868206024,13.038051724433899,0.21049743229070852,1.8099669261017384,5.014627558427689,0.5,0.15020150107840827,0.19439712543852813,0.13214826434850693,0.16931822896003723,0.13214826434850693,0.34881827235221863,0.394500195980072,71,0.07140835979453573,0.866630943755614
station_wake_L0,Smooth stage-aware SAC,strict_two_stage_v3_v1,two_stage_v3,2,39,9039,1200039,station_wake,0,0.0,0.0,0.0,1,1,0,0,1,0,59,0.25,1,44,0.243925541639328,0.10259590576971457,1.4319366216659546,0.8275079940650585,2.4705135822296143,14.130080230534077,0.13739267007579647,1.1551698795336136,0.0,0.0,0.16756378106757278,0.2166883807241828,0.07467146143317223,0.09280689805746078,0.07467146143317223,0.16714945435523987,0.35416916012763977,63,0.06384927306264773,1.9234346311284813
station_wake_L0,Smooth stage-aware SAC,strict_two_stage_v3_v1,two_stage_v3,2,40,9040,1200040,station_wake,0,0.0,0.0,0.0,1,1,0,0,1,0,66,0.25,1,50,0.16865243017673492,0.09953417041484104,0.6379419192671776,0.4281780836331703,1.652950644493103,7.069091200828552,0.18229725631306476,1.1949968362855479,0.0,0.45,0.14895725413766767,0.16937067871708347,0.06668160408735276,0.0700712651014328,0.06668160408735276,0.049458444118499756,0.08090957999229431,70,0.0685708368551394,2.1531332525857754
station_wake_L0,Smooth stage-aware SAC,strict_two_stage_v3_v1,two_stage_v3,2,41,9041,1200041,station_wake,0,0.0,0.0,0.0,1,1,0,0,1,0,58,0.25,1,42,0.05457018315792084,0.025063562368943606,0.4402284324169159,0.24776188932340576,2.9202761501073837,13.25723446905613,0.20415457041261892,1.4907797400333247,0.0,0.0,0.12476298325984485,0.1566822181077586,0.07142695188522338,0.10762379318475723,0.07142695188522338,0.3720354735851288,0.47164514660835266,62,0.07019116834479344,0.13968796065605957
station_wake_L0,Smooth stage-aware SAC,strict_two_stage_v3_v1,two_stage_v3,2,42,9042,1200042,station_wake,0,0.0,0.0,0.0,1,1,0,0,1,0,35,0.25,1,5,0.7842432260513306,0.4979754114735457,1.9720050692558289,1.6633902029170888,19.38624858856201,19.651761054992676,1.4293130463501746,2.055285440939169,0.0,1.5,0.07771205668952695,0.09128432723176966,0.14338188171386718,0.18706545233726501,0.14338188171386718,0.4420745372772217,0.5710756778717041,39,0.0322074448495906,3.449628875223606
station_wake_L0,Smooth stage-aware SAC,strict_two_stage_v3_v1,two_stage_v3,2,43,9043,1200043,station_wake,0,0.0,0.0,0.0,1,1,0,0,1,0,53,0.25,1,36,0.3759312629699707,0.34564050812525265,0.560150146484375,0.3305798356382085,1.6582253575325012,9.683941900730133,0.19320306534641407,1.1568486638790414,0.7103645398387731,0.25,0.12287360933851074,0.1524378462122104,0.003726174356415868,0.00942850299179554,0.003726174356415868,0.1009194627404213,0.1733899489045143,57,0.07478171334360766,0.7103645398387731
station_wake_L0,Smooth stage-aware SAC,strict_two_stage_v3_v1,two_stage_v3,2,44,9044,1200044,station_wake,0,0.0,0.0,0.0,1,1,0,0,1,0,33,0.25,1,17,1.0224283933639526,0.8525392864466469,1.8269360065460205,1.356205469638764,9.460131227970123,34.56840634346008,0.4809452152190558,2.581752658155336,0.0,0.75,0.11500464480503567,0.16190950185601793,0.1281140148639679,0.14034093916416168,0.1281140148639679,0.18749260902404785,0.3732767701148987,37,0.0768132593163052,2.815977711769537
station_wake_L0,Smooth stage-aware SAC,strict_two_stage_v3_v1,two_stage_v3,2,45,9045,1200045,station_wake,0,0.0,0.0,0.0,1,1,0,0,1,0,54,0.25,1,41,0.1887502372264862,0.11119528602520845,0.6494277715682983,0.38230116408608816,2.1987037360668182,7.769262939691544,0.14937292919509515,0.9966515430759331,0.7456514315251747,0.0,0.19422159997544658,0.2567719111011239,0.05062958300113678,0.0642530769109726,0.05062958300113678,0.12749189138412476,0.20170427858829498,58,0.05787694211856495,0.7456514315251747
station_wake_L0,Smooth stage-aware SAC,strict_two_stage_v3_v1,two_stage_v3,2,46,9046,1200046,station_wake,0,0.0,0.0,0.0,1,1,0,0,1,0,44,0.25,1,31,0.43242308497428894,0.37846848336980077,0.4788464307785034,0.34200502929464766,3.13199944794178,13.57544980943203,0.5195719292219626,1.9819989159358606,0.0,0.30000000000000004,0.1755263332164037,0.24146591282298438,0.07685736715793609,0.10859532654285431,0.07685736715793609,0.3044177293777466,0.38248032331466675,48,0.06961876193902902,0.8646952254561501
station_wake_L0,Smooth stage-aware SAC,strict_two_stage_v3_v1,two_stage_v3,2,47,9047,1200047,station_wake,0,0.0,0.0,0.0,1,1,0,0,1,0,77,0.25,1,60,0.09323477745056152,0.06257935023698041,0.47935307025909424,0.22295880649381733,1.4273940958082676,7.133057340979576,0.1421996574765109,0.837216059922595,0.9723821223446867,0.0,0.1498146616961898,0.18348644478446613,0.03906914666295051,0.039855681359767914,0.03906914666295051,0.05302676558494568,0.1786288619041443,81,0.067011022074916,0.0590363799052482
station_wake_L0,Smooth stage-aware SAC,strict_two_stage_v3_v1,two_stage_v3,2,48,9048,1200048,station_wake,0,0.0,0.0,0.0,1,1,0,0,1,0,48,0.25,1,32,0.4529481530189514,0.30274954421319356,0.9384185075759888,0.6109190940810723,6.488467752933502,14.628234505653381,0.4574672355785445,2.239790116776185,0.0,0.25,0.1864257582472346,0.23711041400819088,0.029983439296483994,0.03447100892663002,0.029983439296483994,0.10119853168725967,0.2469126507639885,52,0.06772388780182555,2.5431590388648946
station_wake_L0,Smooth stage-aware SAC,strict_two_stage_v3_v1,two_stage_v3,2,49,9049,1200049,station_wake,0,0.0,0.0,0.0,1,1,0,0,1,0,34,0.25,1,17,0.3336106240749359,0.14567273218431653,1.4918285608291626,0.9771357113234732,5.237317085266113,20.248922929167747,0.3330672579279807,2.30910065683096,0.0,0.0,0.15170122139191966,0.18356963942712445,0.025547266751527787,0.02707039564847946,0.025547266751527787,0.012701809406280518,0.02744719386100769,38,0.07003940177604244,0.173900471590146
station_wake_L0,Smooth stage-aware SAC,strict_two_stage_v3_v1,two_stage_v3,2,50,9050,1200050,station_wake,0,0.0,0.0,0.0,1,1,0,0,1,0,35,0.25,1,17,1.1902642250061035,1.0883323355412424,1.714324951171875,0.9817378556403795,12.88824051618576,26.770360469818115,0.6523437401263527,2.7414541837460544,0.0,0.9,0.13132413404034682,0.19924764564952444,0.12507616430521012,0.19990849494934082,0.12507616430521012,0.7460980117321014,1.3816982507705688,39,0.0411336754431201,3.2719284839176193
station_wake_L0,Smooth stage-aware SAC,strict_two_stage_v3_v1,two_stage_v3,2,51,9051,1200051,station_wake,0,0.0,0.0,0.0,1,1,0,0,1,0,58,0.25,1,41,0.17521074414253235,0.17006259585819286,0.357285737991333,0.12459313412186214,2.8768381476402283,10.609850436449051,0.15600521630388425,0.9182911407692728,0.0,0.6000000000000001,0.1140935084351123,0.14196315802731882,0.09363299906253815,0.12137078493833542,0.09363299906253815,0.3079128563404083,0.5281509459018707,62,0.08034743895123125,1.5572218725037887
station_wake_L0,Smooth stage-aware SAC,strict_two_stage_v3_v1,two_stage_v3,2,52,9052,1200052,station_wake,0,0.0,0.0,0.0,1,1,0,0,1,0,59,0.25,1,43,0.25390899181365967,0.22916334474049888,0.27711689472198486,0.1302179994175116,1.0173746896907687,6.319899559020996,0.202628077972052,1.061582607351154,3.182387265219691,0.0,0.120428545031147,0.16689945670595724,0.10749713331460953,0.15476346015930176,0.10749713331460953,0.37157684564590454,0.5326274037361145,63,0.07647459938453009,0.47757296326537396
station_wake_L0,Smooth stage-aware SAC,strict_two_stage_v3_v1,two_stage_v3,2,53,9053,1200053,station_wake,0,0.0,0.0,0.0,1,1,0,0,1,0,53,0.25,1,37,0.3357270658016205,0.1647351076558715,1.2038439512252808,0.7891241462043276,1.6586053371429443,9.768288433551788,0.14526120810340631,0.9637538142012612,0.23210060688931722,0.0,0.12898222066355974,0.18337814668272676,0.048804859071969985,0.05713881179690361,0.048804859071969985,0.24894673377275467,0.6148975715041161,57,0.06813704031673627,0.46807030250003506
station_wake_L0,Smooth stage-aware SAC,strict_two_stage_v3_v1,two_stage_v3,2,54,9054,1200054,station_wake,0,0.0,0.0,0.0,1,1,0,0,1,0,54,0.25,1,36,0.16102337837219238,0.13380777801587693,0.3216513991355896,0.20180979996107204,2.6842574775218964,10.79349935054779,0.22703482458260357,1.4127456535480218,2.9308958579984132,0.0,0.099857776806375,0.13524781713217454,0.1359575167298317,0.1586940884590149,0.1359575167298317,0.2391868531703949,0.34984350204467773,58,0.08373309600429264,1.0491214321038955
station_wake_L0,Smooth stage-aware SAC,strict_two_stage_v3_v1,two_stage_v3,2,55,9055,1200055,station_wake,0,0.0,0.0,0.0,1,1,0,0,1,0,65,0.25,1,50,0.27117687463760376,0.1306922677283387,0.974818766117096,0.6800503193564628,3.076995015144348,13.643366545438766,0.16986388116702014,1.2530289112842354,0.0,0.55,0.17158814811404158,0.23166294393208192,0.10423711389303207,0.11559160053730011,0.10423711389303207,0.08399790525436401,0.26850149035453796,69,0.06796191136752205,2.5043003851293997
station_wake_L0,Smooth stage-aware SAC,strict_two_stage_v3_v1,two_stage_v3,2,56,9056,1200056,station_wake,0,0.0,0.0,0.0,1,1,0,0,1,0,58,0.25,1,42,0.3103039562702179,0.24000457974337014,0.42852461338043213,0.2815276980642086,2.847398817539215,8.07553082704544,0.19353021052870317,1.0057324694977936,0.0,0.4,0.12423699506734887,0.1522646305128739,0.0309071060270071,0.050305623561143875,0.0309071060270071,0.17466654628515244,0.28876617550849915,62,0.06985605790483025,1.781402981772182
station_wake_L0,Smooth stage-aware SAC,strict_two_stage_v3_v1,two_stage_v3,2,57,9057,1200057,station_wake,0,0.0,0.0,0.0,1,1,0,0,1,0,37,0.25,1,22,1.1850115060806274,0.9807425017134996,1.9696295261383057,1.3988201997930685,5.959302484989166,31.381654739379883,0.7011598163098873,3.1294876518543604,0.0,0.7000000000000001,0.18812634561695515,0.24791240171086545,0.15445397347211837,0.19548657536506653,0.15445397347211837,0.4440481960773468,0.5146060883998871,41,0.05836526968803058,2.3034050982888723
station_wake_L0,Smooth stage-aware SAC,strict_two_stage_v3_v1,two_stage_v3,2,58,9058,1200058,station_wake,0,0.0,0.0,0.0,1,1,0,0,1,0,56,0.25,1,40,0.29523181915283203,0.16885026855628238,1.2204265594482422,1.0122859097172896,1.6716092824935913,7.2222453355789185,0.4026996573338969,1.633660925986014,0.0,0.5,0.17428110311322992,0.227429609431666,0.11494612991809845,0.12967242300510406,0.11494612991809845,0.13993412256240845,0.2446189522743225,60,0.06968895841540478,0.827891391443771
station_wake_L0,Smooth stage-aware SAC,strict_two_stage_v3_v1,two_stage_v3,2,59,9059,1200059,station_wake,0,0.0,0.0,0.0,1,1,0,0,1,0,28,0.25,1,15,0.2582894563674927,0.16597815772192653,1.1301761865615845,0.6619322561738324,7.9007139801979065,22.711867094039917,0.6996472284116091,3.010765613899848,0.0,0.0,0.21882423002249624,0.2891336791590886,0.051332926750183104,0.06205970421433449,0.051332926750183104,0.0994863510131836,0.18169142305850983,32,0.05840691738324427,0.16950376409557508
station_wake_L0,Smooth stage-aware SAC,strict_two_stage_v3_v1,two_stage_v3,2,60,9060,1200060,station_wake,0,0.0,0.0,0.0,1,1,0,0,1,0,48,0.25,1,32,0.7725249528884888,0.5868513219614052,0.9933042526245117,0.7638868929643348,1.7247369885444641,10.55540718138218,0.4939633813049046,1.9306104262309498,0.0,0.35000000000000003,0.16394653861953773,0.2139414002533928,0.06412955075502395,0.07945358753204346,0.06412955075502395,0.40162916481494904,0.8655697852373123,52,0.07067980516005705,1.0479066189269854
station_wake_L0,Smooth stage-aware SAC,strict_two_stage_v3_v1,two_stage_v3,2,61,9061,1200061,station_wake,0,0.0,0.0,0.0,1,1,0,0,1,0,69,0.25,1,52,0.4743984043598175,0.38925081922782084,0.7086747884750366,0.447071618633806,1.8579387664794922,13.258693516254425,0.16905783378360772,1.1687618269781264,0.0,0.15000000000000002,0.13803494188569423,0.169895466011201,0.02813602015376091,0.02990395575761795,0.02813602015376091,0.05532441288232803,0.14206402003765106,73,0.06961806275210335,0.1990715596310677
station_wake_L0,Smooth stage-aware SAC,strict_two_stage_v3_v1,two_stage_v3,2,62,9062,1200062,station_wake,0,0.0,0.0,0.0,1,1,0,0,1,0,47,0.25,1,31,0.3655927777290344,0.17408931352823062,2.0253020524978638,1.0148113803002698,6.145224571228027,16.100324392318726,0.5406473295953741,2.0984108091169142,0.0,0.25,0.16147909460134408,0.19079609326125738,0.08189469426870347,0.11791643500328064,0.08189469426870347,0.369005024433136,0.460074245929718,51,0.06959870894329116,0.807375797693727
station_wake_L0,Smooth stage-aware SAC,strict_two_stage_v3_v1,two_stage_v3,2,63,9063,1200063,station_wake,0,0.0,0.0,0.0,1,1,0,0,1,0,41,0.25,1,26,0.1177360936999321,0.0766285632167719,1.0589699447154999,0.5851362661171023,3.432753086090088,17.47232735157013,0.4007305235599634,2.5215531007691125,0.0,0.0,0.14964340601527126,0.20858876065820614,0.008170429058372975,0.014804251492023468,0.008170429058372975,0.1359538994729519,0.19999828189611435,45,0.07117688674247155,0.2595190939714376
station_wake_L0,Smooth stage-aware SAC,strict_two_stage_v3_v1,two_stage_v3,2,64,9064,1200064,station_wake,0,0.0,0.0,0.0,1,1,0,0,1,0,57,0.25,1,42,0.2379624992609024,0.22397925674944758,0.2408134937286377,0.13627453634723277,1.31882905960083,7.417636588215828,0.1454714121774316,0.744299874978322,3.2115814147230295,0.0,0.15942310332351023,0.22062732818540834,0.09820360839366912,0.11774680763483047,0.09820360839366912,0.27918970584869385,0.43582484126091003,61,0.06965845990334522,1.259904484985074
station_wake_L0,Smooth stage-aware SAC,strict_two_stage_v3_v1,two_stage_v3,2,65,9065,1200065,station_wake,0,0.0,0.0,0.0,1,1,0,0,1,0,46,0.25,1,26,0.7197420597076416,0.4430527189958584,1.4789628982543945,1.1316704425270045,3.1414830684661865,15.271334052085876,0.2186547752982782,1.4964981701138214,0.0,0.8,0.11771869519183542,0.13917678641021192,0.04540671706199646,0.05437847226858139,0.04540671706199646,0.09729413688182831,0.16435310244560242,50,0.07447370311780338,3.52071492278416
station_wake_L0,Smooth stage-aware SAC,strict_two_stage_v3_v1,two_stage_v3,2,66,9066,1200066,station_wake,0,0.0,0.0,0.0,1,1,0,0,1,0,33,0.25,1,19,0.5943955779075623,0.5295906587721668,0.9331238269805908,0.4562838692771768,3.3843522518873215,16.274861693382263,0.44465760576926383,2.544978910843044,0.0,0.6000000000000001,0.19749866604305139,0.24721247466922766,0.10866952538490296,0.14234773814678192,0.10866952538490296,0.34645041823387146,0.4567059874534607,37,0.06381687425332373,2.6778076806152336
station_wake_L0,Smooth stage-aware SAC,strict_two_stage_v3_v1,two_stage_v3,2,67,9067,1200067,station_wake,0,0.0,0.0,0.0,1,1,0,0,1,0,74,0.25,1,58,0.26928821206092834,0.22578560733577654,0.7823590934276581,0.44340656416231367,2.0935869216918945,11.629960834980011,0.2345848415282959,1.2796887764273017,0.0,0.0,0.16361437265312428,0.1956299091353278,0.07206482067704201,0.09414852410554886,0.07206482067704201,0.23941703140735626,0.37290066480636597,78,0.0699458676986099,1.4037635301094693
station_wake_L0,Smooth stage-aware SAC,strict_two_stage_v3_v1,two_stage_v3,2,68,9068,1200068,station_wake,0,0.0,0.0,0.0,1,1,0,0,1,0,56,0.25,1,41,0.0313216932117939,0.014498771849008333,0.1987972855567932,0.11479869476500267,1.3318746164441109,7.894659154117107,0.1736208517238404,1.1027362214776504,0.0,0.0,0.1527008954535102,0.1868038651589937,0.035645581781864166,0.03841609135270119,0.035645581781864166,0.07849806547164917,0.1496368646621704,60,0.06284941457603349,0.24600497772918553
station_wake_L0,Smooth stage-aware SAC,strict_two_stage_v3_v1,two_stage_v3,2,69,9069,1200069,station_wake,0,0.0,0.0,0.0,1,1,0,0,1,0,43,0.25,1,30,0.2831345498561859,0.21420144132084426,0.9193664789199829,0.5689051757409533,3.476943075656891,17.771444022655487,0.3501239897809786,1.9111634492272325,0.0,0.65,0.23601811394544675,0.33058014383786016,0.18790831863880159,0.23567841947078705,0.18790831863880159,0.46534478664398193,0.5689641833305359,47,0.047817262328935295,2.831042120870823
station_wake_L0,Smooth stage-aware SAC,strict_two_stage_v3_v1,two_stage_v3,2,70,9070,1200070,station_wake,0,0.0,0.0,0.0,1,1,0,0,1,0,40,0.25,1,22,0.14474651217460632,0.09339364018502366,0.7821584492921829,0.49710177076366635,2.474711984395981,16.60665661096573,0.48242320825674634,2.7374656140970464,0.0,0.0,0.13010383788904759,0.1493684232658203,0.05829067230224609,0.07157368212938309,0.05829067230224609,0.12180578708648682,0.16599245369434357,44,0.07440904181614018,3.0015985611918
station_wake_L0,Smooth stage-aware SAC,strict_two_stage_v3_v1,two_stage_v3,2,71,9071,1200071,station_wake,0,0.0,0.0,0.0,1,1,0,0,1,0,32,0.25,1,18,0.16549475491046906,0.12317032581930189,1.0283589363098145,0.4621326725399126,4.327639043331146,16.363233625888824,0.5443122043069069,2.5492564158241153,0.0,0.7000000000000001,0.1497220341784909,0.20317349126133066,0.13094966113567352,0.1592884063720703,0.13094966113567352,0.282693088054657,0.3849524259567261,36,0.04364640775410226,3.2745418850487953
station_wake_L0,Smooth stage-aware SAC,strict_two_stage_v3_v1,two_stage_v3,2,72,9072,1200072,station_wake,0,0.0,0.0,0.0,1,1,0,0,1,0,43,0.25,1,28,0.4829334318637848,0.35451566969474463,0.9014397859573364,0.5329819927489344,1.2737268209457397,7.147770524024963,0.2620052333065939,1.661567427541898,0.0,0.6000000000000001,0.19483029140220628,0.2712192438498773,0.15085214376449585,0.18025502562522888,0.15085214376449585,0.2889353632926941,0.3613901138305664,47,0.06192890655889839,1.2387666503294714
station_wake_L0,Smooth stage-aware SAC,strict_two_stage_v3_v1,two_stage_v3,2,73,9073,1200073,station_wake,0,0.0,0.0,0.0,1,1,0,0,1,0,40,0.25,1,21,0.13367843627929688,0.072936339459073,1.256358027458191,0.64119330429574,3.307177498936653,13.677007928490639,0.5353541182307183,2.541365611457025,0.0,0.0,0.12441045711360457,0.1501681031251064,0.03347606174647808,0.053658999502658844,0.03347606174647808,0.17567002028226852,0.2792419493198395,44,0.07032432603292343,1.5863192254199834
station_wake_L0,Smooth stage-aware SAC,strict_two_stage_v3_v1,two_stage_v3,2,74,9074,1200074,station_wake,0,0.0,0.0,0.0,1,1,0,0,1,0,52,0.25,1,38,0.26971468329429626,0.24035224112779766,0.3798180818557739,0.19187725896374738,2.65164315700531,10.778786316514015,0.22426200740353017,1.2604514111059069,0.0,0.7000000000000001,0.1310721069946391,0.20572448646912017,0.12005392909049988,0.17328643798828125,0.12005392909049988,0.49035632610321045,0.9235170483589172,56,0.05721093331441832,3.4620920494681755
station_wake_L0,Smooth stage-aware SAC,strict_two_stage_v3_v1,two_stage_v3,2,75,9075,1200075,station_wake,0,0.0,0.0,0.0,1,1,0,0,1,0,62,0.25,1,48,0.26110008358955383,0.1296830014953515,0.9007483720779419,0.5671808072096856,3.973686695098877,15.222740471363068,0.4313331633492896,2.322441270235023,0.03947653239132996,0.0,0.15637087078175174,0.21704328184491445,0.014581575989723206,0.021490948274731636,0.014581575989723206,0.18874520063400269,0.3656567260622978,66,0.06494879968032076,0.06222769908355071
station_wake_L0,Smooth stage-aware SAC,strict_two_stage_v3_v1,two_stage_v3,2,76,9076,1200076,station_wake,0,0.0,0.0,0.0,1,1,0,0,1,0,51,0.25,1,39,0.16044148802757263,0.11016688489449977,0.6796002388000488,0.39890660304902276,5.10561291128397,14.661402702331543,0.27359928132217265,1.4246315282349475,0.0,0.0,0.25984395531794063,0.3664310133766558,0.0074634984601289036,0.018251242116093636,0.0074634984601289036,0.10714746546000242,0.18717972561717033,55,0.05345010030667254,0.22557097272321147
station_wake_L0,Smooth stage-aware SAC,strict_two_stage_v3_v1,two_stage_v3,2,77,9077,1200077,station_wake,0,0.0,0.0,0.0,1,1,0,0,1,0,59,0.25,1,44,0.16724024713039398,0.09511078016541989,0.6349416077136993,0.46868383625496424,2.371247559785843,9.267603904008865,0.1987899593529076,1.2717294915749036,0.0,0.0,0.18891827119176474,0.23382839407923792,0.061365791410207746,0.08681106567382812,0.061365791410207746,0.21022072434425354,0.2804151177406311,63,0.05853154204820727,0.7021081751535501
station_wake_L0,Smooth stage-aware SAC,strict_two_stage_v3_v1,two_stage_v3,2,78,9078,1200078,station_wake,0,0.0,0.0,0.0,1,1,0,0,1,0,71,0.25,1,54,0.18144117295742035,0.13494210715315985,1.1116045713424683,0.7126345258541015,1.8033844232559204,12.897499268874526,0.10786215332112958,0.9450849971957502,0.0,0.30000000000000004,0.12541467358031153,0.1463210251914808,0.01205661203712225,0.027148323133587837,0.01205661203712225,0.22390075400471687,0.3471047803759575,75,0.07457261737809855,1.2230472901198044
station_wake_L0,Smooth stage-aware SAC,strict_two_stage_v3_v1,two_stage_v3,2,79,9079,1200079,station_wake,0,0.0,0.0,0.0,1,1,0,0,1,0,45,0.25,1,27,1.0828323364257812,0.7784889896157986,1.5081727504730225,1.3349208086845579,3.9334124326705933,17.08280324935913,0.22365838030667845,1.2784465479113152,0.0,0.35000000000000003,0.14846343780206317,0.18194924225677053,0.07345656901597977,0.0768502950668335,0.07345656901597977,0.05734911561012268,0.0626140832901001,49,0.06505212875612629,0.8370457659222922
station_wake_L0,Smooth stage-aware SAC,strict_two_stage_v3_v1,two_stage_v3,2,80,9080,1200080,station_wake,0,0.0,0.0,0.0,1,1,0,0,1,0,27,0.25,1,13,0.3802841603755951,0.3398161170714418,1.4964735507965088,0.6984894872827728,7.47694157063961,21.53725504875183,0.4407599662567334,2.495262229360315,2.3053401762581016,0.0,0.1532297755244444,0.2181379198909018,0.06625985503196716,0.07954856008291245,0.06625985503196716,0.10922050476074219,0.18742457032203674,31,0.0692452358455574,0.06357602778450015
station_wake_L0,Smooth stage-aware SAC,strict_two_stage_v3_v1,two_stage_v3,2,81,9081,1200081,station_wake,0,0.0,0.0,0.0,1,1,0,0,1,0,52,0.25,1,39,0.5835261344909668,0.3110670165968336,1.7474573850631714,1.3149887146352217,6.994514837861061,28.301204442977905,0.6402826601156677,2.907384380790731,0.0,0.45,0.2230599046303896,0.31443389987946063,0.13029602617025376,0.14158210158348083,0.13029602617025376,0.1461024284362793,0.2822135388851166,56,0.061318372533185714,1.5362054871493651
station_wake_L0,Smooth stage-aware SAC,strict_two_stage_v3_v1,two_stage_v3,2,82,9082,1200082,station_wake,0,0.0,0.0,0.0,1,1,0,0,1,0,44,0.25,1,30,0.4087449014186859,0.288021605719126,0.6357091665267944,0.5308869053143894,2.0290666818618774,7.585317492485046,0.3348581958716272,1.7026598033665914,0.0,0.5,0.18039734363602494,0.23662610306346152,0.10101823061704636,0.13702599704265594,0.10101823061704636,0.3877648413181305,0.5686652660369873,48,0.06029284181625653,1.5795332190361642
station_wake_L0,Smooth stage-aware SAC,strict_two_stage_v3_v1,two_stage_v3,2,83,9083,1200083,station_wake,0,0.0,0.0,0.0,1,1,0,0,1,0,41,0.25,1,26,0.8695712089538574,0.6284651742144337,1.4196336269378662,0.9597773410241234,2.4146178364753723,11.616139337420464,0.2842545208844825,2.078667302765458,0.0,0.65,0.15185326440268457,0.22080710411272625,0.16460631936788558,0.22256672382354736,0.16460631936788558,0.6216696202754974,0.7897099852561951,45,0.07136521387167921,1.8469992647873381
station_wake_L0,Smooth stage-aware SAC,strict_two_stage_v3_v1,two_stage_v3,2,84,9084,1200084,station_wake,0,0.0,0.0,0.0,1,1,0,0,1,0,35,0.25,1,20,0.1649809330701828,0.1107575137201697,0.8238959312438965,0.6064370178510499,3.310706987977028,18.09962034225464,0.42176685845945017,2.408779340189986,0.0,0.65,0.15848707365383025,0.239947801386886,0.13609082102775574,0.18116284906864166,0.13609082102775574,0.5114017128944397,0.6602206826210022,39,0.06517424978925311,2.236310655967956
station_wake_L0,Smooth stage-aware SAC,strict_two_stage_v3_v1,two_stage_v3,2,85,9085,1200085,station_wake,0,0.0,0.0,0.0,1,1,0,0,1,0,52,0.25,1,40,0.296989768743515,0.1694796651579285,1.1172250658273697,0.8320761194001466,4.085199609398842,18.61691266298294,0.3505552842839462,2.0399056446436434,1.7537416761289824,0.0,0.29774698965037244,0.4091265349780706,0.012557941861450672,0.01960335485637188,0.012557941861450672,0.24007945135235786,0.37355780601501465,56,0.05770955694882021,1.611954953087451
station_wake_L0,Smooth stage-aware SAC,strict_two_stage_v3_v1,two_stage_v3,2,86,9086,1200086,station_wake,0,0.0,0.0,0.0,1,1,0,0,1,0,32,0.25,1,10,1.1428202390670776,0.8660852102560127,1.650804877281189,1.3419208875536235,0.20511507987976074,0.8745300769805908,0.16945042019786324,1.3103182332829084,0.0,1.1,0.11240857020859032,0.13409110602097624,0.12638975828886032,0.16477526724338531,0.12638975828886032,0.3874751031398773,0.5201828479766846,36,0.053554823959299176,3.2442284382952207
station_wake_L0,Smooth stage-aware SAC,strict_two_stage_v3_v1,two_stage_v3,2,87,9087,1200087,station_wake,0,0.0,0.0,0.0,1,1,0,0,1,0,49,0.25,1,35,0.2089470624923706,0.14899476903050682,0.8088493347167969,0.6370442599952203,3.7995904684066772,16.01946234703064,0.5107480953450524,2.208357804793494,0.0,0.7000000000000001,0.15294799937853767,0.23490786794357824,0.06194666177034378,0.08051058650016785,0.06194666177034378,0.3044286519289017,0.9100213646888733,53,0.05706932505930621,4.120916942325384
station_wake_L0,Smooth stage-aware SAC,strict_two_stage_v3_v1,two_stage_v3,2,88,9088,1200088,station_wake,0,0.0,0.0,0.0,1,1,0,0,1,0,47,0.25,1,33,0.2741925120353699,0.14219888616129508,0.8907181024551392,0.7878221378172642,1.8581360578536987,7.366748750209808,0.3174670576091647,1.482471050270527,0.0,0.4,0.12365783624544471,0.17698318562253793,0.08402092903852462,0.08583830296993256,0.08402092903852462,0.060365498065948486,0.12257620692253113,51,0.07778955523292627,2.266649289044095
station_wake_L0,Smooth stage-aware SAC,strict_two_stage_v3_v1,two_stage_v3,2,89,9089,1200089,station_wake,0,0.0,0.0,0.0,1,1,0,0,1,0,54,0.25,1,40,0.14461110532283783,0.10251254020169452,0.5655962228775024,0.34542630671738517,5.535060986876488,20.40971152484417,0.39310607055875313,1.8478502830038575,0.0,0.6000000000000001,0.17860305065528292,0.25944841902578625,0.1325740784406662,0.14861544966697693,0.1325740784406662,0.19650068879127502,0.34375935792922974,58,0.06068358315001586,2.1688503716396212
station_wake_L0,Smooth stage-aware SAC,strict_two_stage_v3_v1,two_stage_v3,2,90,9090,1200090,station_wake,0,0.0,0.0,0.0,1,1,0,0,1,0,36,0.25,0,-1,nan,nan,nan,nan,nan,nan,nan,nan,0.0,nan,0.048191538597991225,0.05414283817845259,0.11926204115152358,0.15014657378196716,0.11926204115152358,0.3157658874988556,0.40166735649108887,40,0.04540174386611434,3.5444244303839785
station_wake_L0,Smooth stage-aware SAC,strict_two_stage_v3_v1,two_stage_v3,2,91,9091,1200091,station_wake,0,0.0,0.0,0.0,1,1,0,0,1,0,56,0.25,1,43,0.24408948421478271,0.10697343625818811,1.4428520202636719,0.918738759459045,4.474049583077431,17.208961844444275,0.2945358599509736,2.5298409612761943,0.0,0.0,0.15059244798665605,0.24766618494138049,0.02548794336616993,0.03882613033056259,0.02548794336616993,0.2737290859222412,0.5260131508111954,60,0.07021820564403787,1.9511519656672163
station_wake_L0,Smooth stage-aware SAC,strict_two_stage_v3_v1,two_stage_v3,2,92,9092,1200092,station_wake,0,0.0,0.0,0.0,1,1,0,0,1,0,61,0.25,1,46,0.09405394643545151,0.06341571338371653,0.38783691823482513,0.2630215688609854,3.4377960860729218,14.362799413502216,0.18982605656197807,0.9858501144321562,0.0,0.0,0.16924590300956135,0.20935368530402185,0.01492474153637886,0.0171249620616436,0.01492474153637886,0.04717381298542023,0.10770341381430626,65,0.06628704095873893,0.6209323373633006
station_wake_L0,Smooth stage-aware SAC,strict_two_stage_v3_v1,two_stage_v3,2,93,9093,1200093,station_wake,0,0.0,0.0,0.0,1,1,0,0,1,0,71,0.25,1,55,0.1897450089454651,0.16585027374655112,0.25541871786117554,0.1739849536345006,2.3430850729346275,8.750570341944695,0.18455088048945048,0.9775912479284925,3.4563549040087764,0.0,0.14397195367179688,0.19157119187107227,0.11689239293336869,0.14286820590496063,0.11689239293336869,0.32069388031959534,0.40261492133140564,75,0.07557002022603485,0.768018059901145
station_wake_L0,Smooth stage-aware SAC,strict_two_stage_v3_v1,two_stage_v3,2,94,9094,1200094,station_wake,0,0.0,0.0,0.0,1,1,0,0,1,0,58,0.25,1,44,0.2880067825317383,0.22345658914779462,0.7568502426147461,0.48840275857204785,3.9163997769355774,14.206722378730774,0.3123304953845086,2.0963651928493867,0.0,0.2,0.14880003366515754,0.20910319416671944,0.07776541188359261,0.08941113948822021,0.07776541188359261,0.2319934368133545,0.5343808978796005,62,0.06816425641858612,2.068290136819758
station_wake_L0,Smooth stage-aware SAC,strict_two_stage_v3_v1,two_stage_v3,2,95,9095,1200095,station_wake,0,0.0,0.0,0.0,1,1,0,0,1,0,56,0.25,1,40,0.18878315389156342,0.12897819059111992,1.0386519879102707,0.7411554912719259,3.712456077337265,17.102571427822113,0.35858939053351147,1.6306170855198865,0.0,0.5,0.14959564924619934,0.17137076974640442,0.07537690028548241,0.09463487565517426,0.07537690028548241,0.1953524798154831,0.23480340838432312,60,0.06780971536523306,1.859446857662863
station_wake_L0,Smooth stage-aware SAC,strict_two_stage_v3_v1,two_stage_v3,2,96,9096,1200096,station_wake,0,0.0,0.0,0.0,1,1,0,0,1,0,43,0.25,1,31,0.06714093685150146,0.036592149235672895,0.5612526834011078,0.33071432916420945,3.065616153180599,14.746995568275452,0.7358375764223117,2.4739910112554946,0.0,0.0,0.22787547531626168,0.3343489443654593,0.03812245652079582,0.04056795686483383,0.03812245652079582,0.053992047905921936,0.114373117685318,47,0.05266112373373202,1.083834161013193
station_wake_L0,Smooth stage-aware SAC,strict_two_stage_v3_v1,two_stage_v3,2,97,9097,1200097,station_wake,0,0.0,0.0,0.0,1,1,0,0,1,0,58,0.25,1,38,0.3776693046092987,0.2642463159992315,1.4109712839126587,1.0493552544528013,2.928471863269806,13.391598761081696,0.17975579536522474,1.266683433924023,0.4707221768061454,0.30000000000000004,0.10268651606526627,0.12557251105533515,0.026758617907762527,0.03953012824058533,0.026758617907762527,0.12413828074932098,0.18912643194198608,62,0.07791506505787521,0.09708568290452319
station_wake_L0,Smooth stage-aware SAC,strict_two_stage_v3_v1,two_stage_v3,2,98,9098,1200098,station_wake,0,0.0,0.0,0.0,1,1,0,0,1,0,70,0.25,1,55,0.15488964319229126,0.07412774691652377,0.6463834643363953,0.3557103249613742,2.573881447315216,8.70838213711977,0.18011637739590045,1.1154348723590601,0.07694728368335048,0.15000000000000002,0.17086937401788205,0.20558185154466088,0.05057627037167549,0.07601430267095566,0.05057627037167549,0.2292126715183258,0.29160618782043457,74,0.067112855373347,0.07694728368335048
station_wake_L0,Smooth stage-aware SAC,strict_two_stage_v3_v1,two_stage_v3,2,99,9099,1200099,station_wake,0,0.0,0.0,0.0,1,1,0,0,1,0,36,0.25,1,22,0.6001669764518738,0.5262034441437657,1.1432576179504395,0.6739370689768928,6.209598332643509,38.52242171764374,0.5245913167958773,3.6531634443990892,0.0,0.65,0.1536543075892358,0.2065790605641748,0.12111308574676513,0.14930319786071777,0.12111308574676513,0.279519259929657,0.3307327628135681,40,0.06371397082635256,3.023492732576276
station_wake_L0,Smooth stage-aware SAC,strict_two_stage_v3_v1,two_stage_v3,3,0,9000,1200000,station_wake,0,0.0,0.0,0.0,1,1,0,0,1,0,48,0.25,1,34,0.4154808819293976,0.288203466499322,1.326773464679718,0.9721705687340678,5.221537798643112,24.841095209121704,0.39952151913140893,2.448576476080415,0.0,0.35000000000000003,0.1550621771228459,0.21086175096489432,0.04430225417017937,0.07037204504013062,0.04430225417017937,0.2477024346590042,0.44095292687416077,52,0.07220516348013191,2.388843294286327
station_wake_L0,Smooth stage-aware SAC,strict_two_stage_v3_v1,two_stage_v3,3,1,9001,1200001,station_wake,0,0.0,0.0,0.0,1,1,0,0,1,0,48,0.25,1,30,0.6271023154258728,0.47557768251900984,1.5139979124069214,1.003279654638653,3.647169917821884,20.90701550245285,0.3647306332212348,2.4641665839279936,0.19180406493140226,0.1,0.12450148631403661,0.15077356953930673,0.06185932829976082,0.07482751458883286,0.06185932829976082,0.1184142529964447,0.17470955848693848,52,0.06953176827653466,0.19180406493140226
station_wake_L0,Smooth stage-aware SAC,strict_two_stage_v3_v1,two_stage_v3,3,2,9002,1200002,station_wake,0,0.0,0.0,0.0,1,1,0,0,1,0,41,0.25,1,25,0.4187077581882477,0.27285216566985976,0.9797483682632446,0.6948203442154973,1.7755001783370972,9.30474579334259,0.21062483865103346,1.3062824567898497,0.0,0.0,0.15388194702641847,0.21149009459103343,0.014420031011104584,0.030215447768568993,0.014420031011104584,0.13070965558290482,0.23660223931074142,45,0.06676979170778392,0.73696364434433
station_wake_L0,Smooth stage-aware SAC,strict_two_stage_v3_v1,two_stage_v3,3,3,9003,1200003,station_wake,0,0.0,0.0,0.0,1,1,0,0,1,0,57,0.25,1,44,0.23618343472480774,0.20290133528334753,0.3126668930053711,0.16296419494302405,1.2871652096509933,6.0903423791751266,0.1674313633965006,1.0894526858625,0.0,0.25,0.21067244678078026,0.28516095569076044,0.0715596430003643,0.1135508343577385,0.0715596430003643,0.39895255863666534,0.48573046922683716,61,0.0618603784035469,0.23284600464334773
station_wake_L0,Smooth stage-aware SAC,strict_two_stage_v3_v1,two_stage_v3,3,4,9004,1200004,station_wake,0,0.0,0.0,0.0,1,1,0,0,1,0,48,0.25,1,36,0.2647671699523926,0.14046680814244844,1.0980403423309326,0.5902430175981114,2.5292234867811203,12.464463487267494,0.3770623631728142,1.5325584567224968,0.3579392117448388,0.0,0.2301884865795749,0.3289620862925832,0.020476865768432616,0.02953490801155567,0.020476865768432616,0.12843111157417297,0.22339466959238052,52,0.05713325755014867,0.17116398031156418
station_wake_L0,Smooth stage-aware SAC,strict_two_stage_v3_v1,two_stage_v3,3,5,9005,1200005,station_wake,0,0.0,0.0,0.0,1,1,0,0,1,0,59,0.25,1,40,0.3867896795272827,0.30510913324474814,0.8910787105560303,0.6110926464982952,7.1754758059978485,25.926162004470825,0.4252452234706897,2.3739504119357684,1.8803068957183169,0.1,0.1645257039611657,0.19767644037909718,0.026224534213542938,0.043230243027210236,0.026224534213542938,0.24971743673086166,0.4428136721253395,63,0.07493812292219974,1.5046681558738892
station_wake_L0,Smooth stage-aware SAC,strict_two_stage_v3_v1,two_stage_v3,3,6,9006,1200006,station_wake,0,0.0,0.0,0.0,1,1,0,0,1,0,26,0.25,0,-1,nan,nan,nan,nan,nan,nan,nan,nan,0.0,nan,0.16154368701769672,0.22271536879010992,0.16798015981912612,0.21645487844944,0.16798015981912612,0.448568195104599,0.5940362811088562,30,0.07259276318097747,2.7091919729646188
station_wake_L0,Smooth stage-aware SAC,strict_two_stage_v3_v1,two_stage_v3,3,7,9007,1200007,station_wake,0,0.0,0.0,0.0,1,1,0,0,1,0,56,0.25,1,43,0.3758428692817688,0.2580118561438382,0.6579989194869995,0.5298228293204348,2.105771079659462,11.764365285634995,0.16897800356642056,1.0903159131441629,1.8216216969261556,0.0,0.17615816731825212,0.22743160636009413,0.019335157610476016,0.02693823352456093,0.019335157610476016,0.12645121850073338,0.2806120179593563,60,0.06703862417618141,1.5446660638186012
station_wake_L0,Smooth stage-aware SAC,strict_two_stage_v3_v1,two_stage_v3,3,8,9008,1200008,station_wake,0,0.0,0.0,0.0,1,1,0,0,1,0,40,0.25,1,26,0.2944592237472534,0.17751501403235512,1.1507894843816757,0.7746171370857745,4.1954609751701355,24.59621697664261,0.2345437954459159,1.9352377707580062,2.2446560799166537,0.05,0.26363365513297815,0.34207855088668165,0.020506424829363823,0.03598512336611748,0.020506424829363823,0.33543115854263306,0.5746008083224297,44,0.04340420055581077,2.0057627431760534
station_wake_L0,Smooth stage-aware SAC,strict_two_stage_v3_v1,two_stage_v3,3,9,9009,1200009,station_wake,0,0.0,0.0,0.0,1,1,0,0,1,0,37,0.25,1,23,0.06537242233753204,0.048732514925732266,0.5330489948391914,0.2578595428569071,3.351645842194557,17.897096276283264,0.3851648342824866,2.0756050812676334,0.0,0.0,0.16413917217666504,0.2433400367335104,0.04332239404320717,0.05958970636129379,0.04332239404320717,0.1686922013759613,0.2323409914970398,41,0.06191244330763004,1.1793817840342071
station_wake_L0,Smooth stage-aware SAC,strict_two_stage_v3_v1,two_stage_v3,3,10,9010,1200010,station_wake,0,0.0,0.0,0.0,1,1,0,0,1,0,35,0.25,0,-1,nan,nan,nan,nan,nan,nan,nan,nan,0.0,nan,0.06131971147265669,0.07384723942778554,0.14928673654794694,0.17945629358291626,0.14928673654794694,0.3015076816082001,0.3486505150794983,39,0.021949161350006675,3.3128852863887777
station_wake_L0,Smooth stage-aware SAC,strict_two_stage_v3_v1,two_stage_v3,3,11,9011,1200011,station_wake,0,0.0,0.0,0.0,1,1,0,0,1,0,49,0.25,1,32,0.5279161930084229,0.40916285942931147,0.8812183141708374,0.49333700566114486,2.7372828125953674,13.974973931908607,0.41236085136068623,2.148866140324685,0.0,0.7000000000000001,0.14374858292116677,0.18684233402992312,0.13899702727794647,0.18782714009284973,0.13899702727794647,0.4618672728538513,0.570937991142273,53,0.0735741478097783,1.4315240869390458
station_wake_L0,Smooth stage-aware SAC,strict_two_stage_v3_v1,two_stage_v3,3,12,9012,1200012,station_wake,0,0.0,0.0,0.0,1,1,0,0,1,0,58,0.25,1,44,0.06923124194145203,0.047808936287620264,0.4070460796356201,0.27833798872311205,2.1740593016147614,8.090045154094696,0.18230337693313736,1.5652143757776276,0.0,0.0,0.15572885815422371,0.21152472964011873,0.06396731063723564,0.0803193673491478,0.06396731063723564,0.17744626104831696,0.34616559743881226,62,0.06721632997513818,0.2295828017260948
station_wake_L0,Smooth stage-aware SAC,strict_two_stage_v3_v1,two_stage_v3,3,13,9013,1200013,station_wake,0,0.0,0.0,0.0,1,1,0,0,1,0,58,0.25,1,42,0.1839824914932251,0.11046417996537225,0.6860606372356415,0.46452052281618805,1.6813001036643982,9.757069647312164,0.2473257056708243,1.303251291481885,0.028798065232543937,0.0,0.12281852316037131,0.16131893722445106,0.05889435634016991,0.07189057767391205,0.05889435634016991,0.16912738978862762,0.27368754148483276,62,0.07110012620752032,0.028798065232543937
station_wake_L0,Smooth stage-aware SAC,strict_two_stage_v3_v1,two_stage_v3,3,14,9014,1200014,station_wake,0,0.0,0.0,0.0,1,1,0,0,1,0,52,0.25,1,38,0.33018481731414795,0.2638401186583639,0.6068998575210571,0.3144319433381875,2.6821479480713606,12.31866872869432,0.2449133147387535,1.3219097701217148,0.0,0.5,0.16910470099931416,0.21990086310943993,0.06872124522924423,0.08425015956163406,0.06872124522924423,0.1476588398218155,0.17524555325508118,56,0.06603304027147605,2.950404585815262
station_wake_L0,Smooth stage-aware SAC,strict_two_stage_v3_v1,two_stage_v3,3,15,9015,1200015,station_wake,0,0.0,0.0,0.0,1,1,0,0,1,0,49,0.25,1,35,0.5460438132286072,0.27882729560272923,1.8717259168624878,1.5458737979584483,4.0635353326797485,15.667415261268616,0.2906050053156406,1.9843553684631763,2.1052788128265507,0.0,0.14585934140854387,0.2268439801928265,0.04209557101130486,0.06624072790145874,0.04209557101130486,0.6494857966899872,0.7408907264471054,53,0.07281016376555158,1.7420672820118437
station_wake_L0,Smooth stage-aware SAC,strict_two_stage_v3_v1,two_stage_v3,3,16,9016,1200016,station_wake,0,0.0,0.0,0.0,1,1,0,0,1,0,38,0.25,1,16,1.3328800201416016,1.1565808428516877,1.336444616317749,1.0266818506708022,6.792104244232178,10.749596357345581,0.3802482248618277,1.8224642698176954,0.0,1.1,0.06487539308760075,0.07710900204968123,0.18867211937904357,0.23035776615142822,0.18867211937904357,0.41914790868759155,0.5315238237380981,42,0.034980607508362536,2.7126862550553152
station_wake_L0,Smooth stage-aware SAC,strict_two_stage_v3_v1,two_stage_v3,3,17,9017,1200017,station_wake,0,0.0,0.0,0.0,1,1,0,0,1,0,46,0.25,1,31,0.24033740162849426,0.2027780890005504,0.3751671314239502,0.2063450700885925,4.618852585554123,14.691200405359268,0.37209658837502324,1.9862611709253923,0.0,0.45,0.14387220206441168,0.18544314792266062,0.10185571014881134,0.12132293730974197,0.10185571014881134,0.1772676408290863,0.2021518349647522,50,0.06461292078967248,1.5401461861353452
station_wake_L0,Smooth stage-aware SAC,strict_two_stage_v3_v1,two_stage_v3,3,18,9018,1200018,station_wake,0,0.0,0.0,0.0,1,1,0,0,1,0,47,0.25,1,32,0.0997043326497078,0.04714866134409767,0.6072871387004852,0.3505820331386896,3.937366008758545,14.942501112818718,0.3046853610859342,2.098921428284473,0.0,0.0,0.1258207675591704,0.18220545119281042,0.05274603590369224,0.06266558915376663,0.05274603590369224,0.13101863861083984,0.25843650102615356,51,0.07767778501822048,0.8963453615746371
station_wake_L0,Smooth stage-aware SAC,strict_two_stage_v3_v1,two_stage_v3,3,19,9019,1200019,station_wake,0,0.0,0.0,0.0,1,1,0,0,1,0,46,0.25,1,32,0.20651406049728394,0.13588540814879538,1.1066179722547531,0.7435038363615039,2.86917045712471,17.446860894560814,0.25252392203506513,1.9079704169830978,0.0,0.55,0.1707989057760674,0.21433984939950343,0.0963329553604126,0.12311017513275146,0.0963329553604126,0.27188819646835327,0.3931039571762085,50,0.06944588438766887,2.653451226034968
station_wake_L0,Smooth stage-aware SAC,strict_two_stage_v3_v1,two_stage_v3,3,20,9020,1200020,station_wake,0,0.0,0.0,0.0,1,1,0,0,1,0,36,0.25,1,19,0.8880817294120789,0.7711003193487829,0.8088338375091553,0.5001714690441293,4.55123245716095,25.979682579636574,0.39080889326028095,2.7941554248683715,0.0,0.65,0.16168915564272057,0.20181791814957914,0.08988097906112671,0.12357178330421448,0.08988097906112671,0.3302231729030609,0.4693549871444702,40,0.06117385441353283,1.5009128324908516
station_wake_L0,Smooth stage-aware SAC,strict_two_stage_v3_v1,two_stage_v3,3,21,9021,1200021,station_wake,0,0.0,0.0,0.0,1,1,0,0,1,0,54,0.25,1,36,0.23204883933067322,0.18222489504904713,0.5633997917175293,0.3763106849950644,3.152570426464081,14.227160513401031,0.39008773976578787,1.7686814720690047,0.0,0.05,0.15644265764321016,0.18927426913917292,0.05013213530182838,0.07596709579229355,0.05013213530182838,0.2425212413072586,0.3025074303150177,58,0.06471654454643398,1.2965217694557472
station_wake_L0,Smooth stage-aware SAC,strict_two_stage_v3_v1,two_stage_v3,3,22,9022,1200022,station_wake,0,0.0,0.0,0.0,1,1,0,0,1,0,32,0.25,1,18,0.3066166043281555,0.2241036272853496,0.7788336277008057,0.5456476110124651,4.028339385986328,15.998952090740204,0.4020315889751282,2.7188180001541697,0.0,0.0,0.17475904724383753,0.22951286200473628,0.012399755045771598,0.01910189725458622,0.012399755045771598,0.17288638651371002,0.27548639103770256,36,0.06611167100124231,3.238072089975512
station_wake_L0,Smooth stage-aware SAC,strict_two_stage_v3_v1,two_stage_v3,3,23,9023,1200023,station_wake,0,0.0,0.0,0.0,1,1,0,0,1,0,65,0.25,1,42,0.31146439909935,0.23725476796523656,0.44540464878082275,0.2928346827465018,1.38210978358984,6.216206010431051,0.10426239515999836,0.7389603683187732,0.0,0.55,0.06628831600241847,0.07318317842893463,0.07431846037507057,0.09190636873245239,0.07431846037507057,0.17755208909511566,0.22960036993026733,69,0.09009164603509275,1.372153094465533
station_wake_L0,Smooth stage-aware SAC,strict_two_stage_v3_v1,two_stage_v3,3,24,9024,1200024,station_wake,0,0.0,0.0,0.0,1,1,0,0,1,0,49,0.25,1,35,0.17364205420017242,0.1131774402661458,0.6610417366027832,0.43547334388821424,1.9930125772953033,11.395028533879668,0.21156580790301543,1.2153301309642628,0.26630456674672787,0.0,0.19896559430186217,0.2726369973621231,0.07682831510901451,0.09283161163330078,0.07682831510901451,0.28454582393169403,0.49067452549934387,53,0.06591239863809961,0.26630456674672787
station_wake_L0,Smooth stage-aware SAC,strict_two_stage_v3_v1,two_stage_v3,3,25,9025,1200025,station_wake,0,0.0,0.0,0.0,1,1,0,0,1,0,35,0.25,1,21,0.708219051361084,0.3692558629214429,2.087888717651367,1.518802388341254,2.5498437881469727,17.341335713863373,0.5127297345942585,2.569910830954335,0.0,0.7000000000000001,0.1581382730109365,0.24750660277726608,0.11831514090299607,0.13623636960983276,0.11831514090299607,0.19749152660369873,0.3257128596305847,39,0.061303936445898544,3.5724546729640645
station_wake_L0,Smooth stage-aware SAC,strict_two_stage_v3_v1,two_stage_v3,3,26,9026,1200026,station_wake,0,0.0,0.0,0.0,1,1,0,0,1,0,36,0.25,1,24,0.7025349736213684,0.46704686170472415,1.4717233180999756,0.9766820384570934,3.6417850852012634,14.054579064249992,0.33002714364012864,2.2521513910829114,0.0,0.5,0.17689551665471698,0.29029580227272384,0.05839603245258331,0.08618181943893433,0.05839603245258331,0.30481676757335663,0.6182295083999634,40,0.05766637989742316,3.7917590271650687
station_wake_L0,Smooth stage-aware SAC,strict_two_stage_v3_v1,two_stage_v3,3,27,9027,1200027,station_wake,0,0.0,0.0,0.0,1,1,0,0,1,0,36,0.25,1,20,0.31465572118759155,0.24123436684422614,0.8319303393363953,0.44539509176826303,3.5510343313217163,21.094284653663635,0.413987137784854,2.4813332815533644,0.0,0.4,0.15995740404467781,0.1940285191987352,0.07191342860460281,0.07606101781129837,0.07191342860460281,0.034906983375549316,0.06386905908584595,40,0.06452597887178171,1.5087761944945344
station_wake_L0,Smooth stage-aware SAC,strict_two_stage_v3_v1,two_stage_v3,3,28,9028,1200028,station_wake,0,0.0,0.0,0.0,1,1,0,0,1,0,39,0.25,1,26,0.47257792949676514,0.38854584442230167,0.5580556392669678,0.3440047508390281,1.7876334488391876,7.750951908528805,0.2835142180046553,1.9132637748141565,0.0,0.55,0.16305081097396834,0.22229973813315512,0.1477241575717926,0.1939830482006073,0.1477241575717926,0.4699203372001648,0.7788106799125671,43,0.06766337388160353,1.5134963888195423
station_wake_L0,Smooth stage-aware SAC,strict_two_stage_v3_v1,two_stage_v3,3,29,9029,1200029,station_wake,0,0.0,0.0,0.0,1,1,0,0,1,0,42,0.25,1,25,0.6785195469856262,0.5652453842728546,1.7229396104812622,0.7847606212627076,6.058719158172607,25.6478238850832,0.5051941734200563,2.431022961439601,0.0,0.4,0.17543754448525123,0.20434178157608263,0.02263060547411442,0.023929622024297714,0.02263060547411442,0.020180493593215942,0.034576207399368286,46,0.0749322081320406,3.3804629645934723
station_wake_L0,Smooth stage-aware SAC,strict_two_stage_v3_v1,two_stage_v3,3,30,9030,1200030,station_wake,0,0.0,0.0,0.0,1,1,0,0,1,0,49,0.25,1,33,0.09305638819932938,0.05465574576170106,1.330244392156601,0.7022846222168226,4.28244948387146,19.633449614048004,0.4634313429070524,1.9945581897993898,0.0,0.0,0.12913478579111665,0.15650512272522074,0.027009746804833413,0.03229567036032677,0.027009746804833413,0.058250702917575836,0.12220103293657303,53,0.0681966442924199,0.400888881988907
station_wake_L0,Smooth stage-aware SAC,strict_two_stage_v3_v1,two_stage_v3,3,31,9031,1200031,station_wake,0,0.0,0.0,0.0,1,1,0,0,1,0,53,0.25,1,38,0.26225435733795166,0.19064532969692177,0.6929805874824524,0.5115833294772347,3.319362550973892,16.67747735977173,0.2940723808055742,1.7309538970763307,0.0,0.7000000000000001,0.16971755651455026,0.2269185412856559,0.15807624608278276,0.20863527059555054,0.15807624608278276,0.5119209587574005,0.7807773351669312,57,0.06721226598788574,2.271646212752194
station_wake_L0,Smooth stage-aware SAC,strict_two_stage_v3_v1,two_stage_v3,3,32,9032,1200032,station_wake,0,0.0,0.0,0.0,1,1,0,0,1,0,54,0.25,1,42,0.5085471868515015,0.4063761690714426,1.4878267049789429,0.9828835025300107,5.914989709854126,28.986077904701233,0.5939754391103905,3.329031106936805,0.0,0.6000000000000001,0.2091159717554513,0.32211427392243736,0.16214388608932495,0.23427505791187286,0.16214388608932495,0.7535635232925415,1.109372079372406,58,0.046228850270084984,3.0271645995853924
station_wake_L0,Smooth stage-aware SAC,strict_two_stage_v3_v1,two_stage_v3,3,33,9033,1200033,station_wake,0,0.0,0.0,0.0,1,1,0,0,1,0,40,0.25,0,-1,nan,nan,nan,nan,nan,nan,nan,nan,0.0,nan,0.018557446078893893,0.024432808518422125,0.12365317046642303,0.15363545715808868,0.12365317046642303,0.29874467849731445,0.37060320377349854,44,0.017774147509501608,3.5411023971264135
station_wake_L0,Smooth stage-aware SAC,strict_two_stage_v3_v1,two_stage_v3,3,34,9034,1200034,station_wake,0,0.0,0.0,0.0,1,1,0,0,1,0,43,0.25,1,17,1.1896499395370483,1.0688141665549122,1.1932873725891113,0.9876859328844471,7.306971242651343,23.352311551570892,0.4301529174168812,3.5204814187548363,0.0,1.3,0.08378433301617998,0.10493226847202863,0.1329007089138031,0.16691268980503082,0.1329007089138031,0.3406394422054291,0.40908485651016235,47,0.03860690728091146,3.370289397824738
station_wake_L0,Smooth stage-aware SAC,strict_two_stage_v3_v1,two_stage_v3,3,35,9035,1200035,station_wake,0,0.0,0.0,0.0,1,1,0,0,1,0,58,0.25,1,45,0.16435156762599945,0.10436431468709428,1.011187732219696,0.6220290629478337,2.046028971672058,11.068705320358276,0.2533580867128637,1.6020999155053575,0.0,0.25,0.17091566230262728,0.26014803256659647,0.02792367823421955,0.04241672158241272,0.02792367823421955,0.21582923829555511,0.544806718826294,62,0.06145888072233919,1.2758258693837854
station_wake_L0,Smooth stage-aware SAC,strict_two_stage_v3_v1,two_stage_v3,3,36,9036,1200036,station_wake,0,0.0,0.0,0.0,1,1,0,0,1,0,39,0.25,1,14,1.3046005964279175,1.0597941919934633,1.3846445083618164,1.1426451236997164,0.183258056640625,0.7141387462615967,0.30533826402947567,1.5841099837508128,0.0,1.25,0.08377967314697211,0.09521191111365164,0.13708415925502776,0.1719450205564499,0.13708415925502776,0.3454246520996094,0.41372835636138916,43,0.038526421520019345,3.099553719173538
station_wake_L0,Smooth stage-aware SAC,strict_two_stage_v3_v1,two_stage_v3,3,37,9037,1200037,station_wake,0,0.0,0.0,0.0,1,1,0,0,1,0,46,0.25,1,30,0.6003039479255676,0.5390690536685695,1.090705394744873,0.5938767931906147,8.958335518836975,35.7438799738884,0.46710969641928546,2.7468522906418076,0.0,0.55,0.15754575050817538,0.20692048005440622,0.09950335472822189,0.12544603645801544,0.09950335472822189,0.29400402307510376,0.4572126269340515,50,0.07356978396920284,0.97725877069037
station_wake_L0,Smooth stage-aware SAC,strict_two_stage_v3_v1,two_stage_v3,3,38,9038,1200038,station_wake,0,0.0,0.0,0.0,1,1,0,0,1,0,63,0.25,1,48,0.3419156074523926,0.20113741463445892,0.8687809109687805,0.5816127015701354,2.546713314950466,14.984785579144955,0.1599599469851228,1.1600493054100915,0.36606985826065136,0.0,0.14551597842707803,0.18853917678834503,0.03849697299301624,0.04299447685480118,0.03849697299301624,0.08945345133543015,0.19464470446109772,67,0.06606820838025561,0.36606985826065136
station_wake_L0,Smooth stage-aware SAC,strict_two_stage_v3_v1,two_stage_v3,3,39,9039,1200039,station_wake,0,0.0,0.0,0.0,1,1,0,0,1,0,59,0.25,1,45,0.20895440876483917,0.10618230877298455,1.1724801361560822,0.6411089424507985,5.16340509057045,19.771424531936646,0.3628522497300459,1.8754311881342318,0.0,0.6000000000000001,0.16392205729604653,0.2163174691866084,0.1465652048587799,0.20600764453411102,0.1465652048587799,0.5817508101463318,0.8137121796607971,63,0.0657398640897647,1.412783862125529
station_wake_L0,Smooth stage-aware SAC,strict_two_stage_v3_v1,two_stage_v3,3,40,9040,1200040,station_wake,0,0.0,0.0,0.0,1,1,0,0,1,0,59,0.25,1,46,0.27100077271461487,0.19622538374375967,0.5902466177940369,0.3626436465611039,2.7622395008802414,12.798161506652832,0.8194982143265559,2.3928290014460707,0.0,0.25,0.20880101145824925,0.2611889166955769,0.0795098826289177,0.08320192992687225,0.0795098826289177,0.04599124193191528,0.07884293794631958,63,0.05359047932443511,2.017378333633306
station_wake_L0,Smooth stage-aware SAC,strict_two_stage_v3_v1,two_stage_v3,3,41,9041,1200041,station_wake,0,0.0,0.0,0.0,1,1,0,0,1,0,51,0.25,1,40,0.271729975938797,0.19932354138828443,1.8000581860542297,1.1689675229713934,4.547052979469299,19.607061743736267,0.39243058876621345,2.525411729173355,0.0,0.35000000000000003,0.24381739240610512,0.3597358217530403,0.14004928469657899,0.20384377241134644,0.14004928469657899,0.6347143650054932,0.8247008919715881,55,0.054621673823854085,0.8668074614569765
station_wake_L0,Smooth stage-aware SAC,strict_two_stage_v3_v1,two_stage_v3,3,42,9042,1200042,station_wake,0,0.0,0.0,0.0,1,1,0,0,1,0,38,0.25,1,5,0.7845451235771179,0.5014986769935122,2.0090265572071075,1.6675207814448325,19.756464958190918,20.527808666229248,1.6074108697374956,2.5270519262808335,0.0,1.6500000000000001,0.06416638849712764,0.07429427365405301,0.15375120490789412,0.19694045186042786,0.15375120490789412,0.44271227717399597,0.6293267011642456,42,0.04940231057661247,2.806358457540632
station_wake_L0,Smooth stage-aware SAC,strict_two_stage_v3_v1,two_stage_v3,3,43,9043,1200043,station_wake,0,0.0,0.0,0.0,1,1,0,0,1,0,53,0.25,1,35,0.2177417278289795,0.11408190710442924,0.6910008192062378,0.48862266147453426,1.3130691647529602,7.540750354528427,0.19245665061693368,0.9428185172550044,0.0,0.9,0.12184067160019843,0.15290951688777538,0.14499519467353822,0.1636122465133667,0.14499519467353822,0.19196796417236328,0.2526327967643738,57,0.04562079770634764,3.2934474217845673
station_wake_L0,Smooth stage-aware SAC,strict_two_stage_v3_v1,two_stage_v3,3,44,9044,1200044,station_wake,0,0.0,0.0,0.0,1,1,0,0,1,0,35,0.25,1,15,0.7779679298400879,0.6958541787177216,1.1855518817901611,0.7434381753724306,8.980355709791183,21.12005539238453,0.5140364725630153,2.6624846002505036,0.0,1.0,0.18706085359808214,0.22981149011242313,0.15446096658706665,0.20161600410938263,0.15446096658706665,0.4619346261024475,0.5990400910377502,39,0.05841987709100951,3.052093295952058
station_wake_L0,Smooth stage-aware SAC,strict_two_stage_v3_v1,two_stage_v3,3,45,9045,1200045,station_wake,0,0.0,0.0,0.0,1,1,0,0,1,0,53,0.25,1,40,0.359884113073349,0.2519145529940242,1.9226056337356567,1.4129847925670194,6.206903159618378,25.465957522392273,0.3220796593570437,1.9119633111474632,0.7605412439158025,0.15000000000000002,0.2885193621164063,0.3650615678393698,0.029997630417346953,0.05806220322847366,0.029997630417346953,0.25418030470609665,0.40296923369169235,57,0.03593995429542036,0.7605412439158025
station_wake_L0,Smooth stage-aware SAC,strict_two_stage_v3_v1,two_stage_v3,3,46,9046,1200046,station_wake,0,0.0,0.0,0.0,1,1,0,0,1,0,45,0.25,1,31,0.25992363691329956,0.13395441678067113,0.9859669208526611,0.6482129042592443,3.6763357371091843,19.592871069908142,0.6070394540118689,2.8766672761200676,0.0,0.55,0.1805178395565657,0.22988746405907323,0.10295479148626327,0.140951469540596,0.10295479148626327,0.30019980669021606,0.5092501640319824,49,0.06564518254857021,2.334097833984794
station_wake_L0,Smooth stage-aware SAC,strict_two_stage_v3_v1,two_stage_v3,3,47,9047,1200047,station_wake,0,0.0,0.0,0.0,1,1,0,0,1,0,73,0.25,1,58,0.0862879529595375,0.04579179374224849,0.33294595777988434,0.1737761095654431,1.2943153642117977,7.503371872007847,0.19140119047316084,1.1534099285718573,0.134998448821464,0.0,0.13993488399452442,0.16847445575815218,0.011212437972426414,0.013094333931803703,0.011212437972426414,0.03165164589881897,0.07388886064291,77,0.07093470145047208,0.134998448821464
station_wake_L0,Smooth stage-aware SAC,strict_two_stage_v3_v1,two_stage_v3,3,48,9048,1200048,station_wake,0,0.0,0.0,0.0,1,1,0,0,1,0,48,0.25,1,32,0.252799928188324,0.14109828113737852,0.7042732834815979,0.5282590113511755,3.637525364756584,12.452255189418793,0.29280736022408255,1.8220189992819615,0.6824396849431463,0.0,0.15737572790987492,0.1892232465375927,0.04546975418925285,0.06063919514417648,0.04546975418925285,0.1410035341978073,0.17668947577476501,52,0.072221226606475,0.6824396849431463
station_wake_L0,Smooth stage-aware SAC,strict_two_stage_v3_v1,two_stage_v3,3,49,9049,1200049,station_wake,0,0.0,0.0,0.0,1,1,0,0,1,0,35,0.25,1,18,0.4247860610485077,0.23034325222772448,1.2802064418792725,0.887426426398025,3.061109185218811,19.21258643269539,0.3636181617506675,2.2298793771484076,0.0,0.0,0.12201273067562665,0.1556153171263223,0.014393359050154686,0.02168131433427334,0.014393359050154686,0.11056873202323914,0.18108736723661423,39,0.07076486924404653,2.884650995005784
station_wake_L0,Smooth stage-aware SAC,strict_two_stage_v3_v1,two_stage_v3,3,50,9050,1200050,station_wake,0,0.0,0.0,0.0,1,1,0,0,1,0,35,0.25,1,17,1.1957188844680786,1.083707520927824,1.5263080596923828,0.9953096256332626,8.56330543756485,24.781335592269897,0.49306832993045724,3.5955791299502393,0.0,0.9,0.13575552586137313,0.17445534173921273,0.16314320862293244,0.21668198704719543,0.16314320862293244,0.5890320539474487,0.9244722127914429,39,0.070625331097257,3.2555417928817008
station_wake_L0,Smooth stage-aware SAC,strict_two_stage_v3_v1,two_stage_v3,3,51,9051,1200051,station_wake,0,0.0,0.0,0.0,1,1,0,0,1,0,56,0.25,1,42,0.07251947373151779,0.04431978558901557,0.27905717492103577,0.1998599683831286,2.7207130193710327,9.968143701553345,0.18543712359448103,1.2097749145464893,0.0,0.0,0.14394378614481468,0.20596033052008747,0.040466754138469695,0.06374827027320862,0.040466754138469695,0.1923077404499054,0.3399941325187683,60,0.072611457838669,1.228403332367858
station_wake_L0,Smooth stage-aware SAC,strict_two_stage_v3_v1,two_stage_v3,3,52,9052,1200052,station_wake,0,0.0,0.0,0.0,1,1,0,0,1,0,52,0.25,1,40,0.15280677378177643,0.11334762810655961,0.47428831458091736,0.24185889073184566,2.2700833901762962,11.708658039569855,0.38658160804993363,1.9210917750677061,0.0,0.25,0.2350247985400448,0.3402529623694547,0.05711320415139198,0.08785011619329453,0.05711320415139198,0.35803835093975067,0.602041631937027,56,0.057713916177283546,1.72960143972463
station_wake_L0,Smooth stage-aware SAC,strict_two_stage_v3_v1,two_stage_v3,3,53,9053,1200053,station_wake,0,0.0,0.0,0.0,1,1,0,0,1,0,43,0.25,1,33,0.5943411588668823,0.3735979993632719,1.3921916484832764,1.1361473802133673,3.289133310317993,17.06496298313141,0.588266547505526,2.676490320124893,2.0790754324060314,0.0,0.21656768306454302,0.3455111334856216,0.024065667763352394,0.031498849391937256,0.024065667763352394,0.17945129983127117,0.3272660728543997,47,0.04970841385245306,2.0790754324060314
station_wake_L0,Smooth stage-aware SAC,strict_two_stage_v3_v1,two_stage_v3,3,54,9054,1200054,station_wake,0,0.0,0.0,0.0,1,1,0,0,1,0,51,0.25,1,35,0.4403396248817444,0.3506691158267369,1.6266810894012451,0.9690915136431584,5.701768100261688,25.178322196006775,0.28679651685087276,1.9922834791143058,0.0,0.1,0.1641448656009387,0.2074616713310712,0.016907675331458448,0.027195604518055916,0.016907675331458448,0.09631209820508957,0.18428715411573648,55,0.0649938760972097,0.38396372658646827
station_wake_L0,Smooth stage-aware SAC,strict_two_stage_v3_v1,two_stage_v3,3,55,9055,1200055,station_wake,0,0.0,0.0,0.0,1,1,0,0,1,0,69,0.25,1,50,0.6205693483352661,0.5417473289999406,1.1889034509658813,0.7805298953316048,6.093539595603943,21.933409869670868,0.31367897848342335,1.5411664855242266,0.0,0.9500000000000001,0.08773736454756459,0.11051919242262637,0.03886349722743034,0.03923895210027695,0.03886349722743034,0.03299333155155182,0.13522595167160034,73,0.054552292476460575,4.538531356766066
station_wake_L0,Smooth stage-aware SAC,strict_two_stage_v3_v1,two_stage_v3,3,56,9056,1200056,station_wake,0,0.0,0.0,0.0,1,1,0,0,1,0,55,0.25,1,43,0.18853691220283508,0.16317506865361459,0.20343124866485596,0.1422987405737062,0.861532986164093,4.4506145268678665,0.2172805037532163,1.252377361303344,0.057702985573001554,0.0,0.2258037890137193,0.31781325481111167,0.012101598829030991,0.018835602328181267,0.012101598829030991,0.22215427830815315,0.38926955312490463,59,0.058894438588351535,0.08581074813212462
station_wake_L0,Smooth stage-aware SAC,strict_two_stage_v3_v1,two_stage_v3,3,57,9057,1200057,station_wake,0,0.0,0.0,0.0,1,1,0,0,1,0,42,0.25,1,24,1.2462830543518066,0.9121750333255688,1.778188943862915,1.4684325703484105,7.852347642183304,29.936482906341553,0.39604959920604577,2.6502587165603586,1.4731594260155625,0.4,0.08678203255037523,0.10915486851319749,0.038760357163846494,0.07279381155967712,0.038760357163846494,0.35070115700364113,0.55254727602005,46,0.08160936910206634,1.4731594260155625
station_wake_L0,Smooth stage-aware SAC,strict_two_stage_v3_v1,two_stage_v3,3,58,9058,1200058,station_wake,0,0.0,0.0,0.0,1,1,0,0,1,0,57,0.25,1,43,0.06476656347513199,0.04161928510434373,0.754828006029129,0.5251584384409027,4.538482092320919,18.48635882139206,0.3124700309425157,1.8822962123674636,0.0,0.0,0.2719113793055518,0.32620164650524935,0.04927816316485405,0.060148123651742935,0.04927816316485405,0.12926217913627625,0.23081667721271515,61,0.047922840455692665,0.011767753098087468
station_wake_L0,Smooth stage-aware SAC,strict_two_stage_v3_v1,two_stage_v3,3,59,9059,1200059,station_wake,0,0.0,0.0,0.0,1,1,0,0,1,0,33,0.25,1,17,0.19188295304775238,0.1399187843188199,0.8094092458486557,0.4883443798088995,3.7708673626184464,19.455947056412697,0.2636158602211749,1.874878198915649,1.0780941340677377,0.0,0.15055492820298638,0.1805851176093327,0.03543093390762806,0.0377427414059639,0.03543093390762806,0.061328381299972534,0.11427517980337143,37,0.06786202114441076,1.0780941340677377
station_wake_L0,Smooth stage-aware SAC,strict_two_stage_v3_v1,two_stage_v3,3,60,9060,1200060,station_wake,0,0.0,0.0,0.0,1,1,0,0,1,0,48,0.25,1,31,0.9128345251083374,0.5693619851819793,2.0280051231384277,1.4290772752048324,3.2614630460739136,12.730278074741364,0.2489311854043849,2.1065455438096277,0.0,0.35000000000000003,0.131504230944948,0.15513103968867717,0.029611914604902267,0.04403592646121979,0.029611914604902267,0.140409454703331,0.16983389854431152,52,0.07221103738169903,0.7489821092409079
station_wake_L0,Smooth stage-aware SAC,strict_two_stage_v3_v1,two_stage_v3,3,61,9061,1200061,station_wake,0,0.0,0.0,0.0,1,1,0,0,1,0,63,0.25,1,48,0.24810008704662323,0.19246113028705747,0.5479425191879272,0.27055141904057145,3.071211241185665,11.958738882094622,0.2300483715121717,1.1419907722004292,0.0,0.4,0.15853663239547272,0.20188160759147938,0.09582972675561904,0.11496876925230026,0.09582972675561904,0.19975951313972473,0.2460332214832306,67,0.06723461361497353,0.8179741702123241
station_wake_L0,Smooth stage-aware SAC,strict_two_stage_v3_v1,two_stage_v3,3,62,9062,1200062,station_wake,0,0.0,0.0,0.0,1,1,0,0,1,0,41,0.25,1,28,0.6303743124008179,0.39949806531571413,1.7127656936645508,1.010852582981582,1.9719815254211426,11.792434453964233,0.3240360007871756,1.755389809210382,0.0,0.2,0.189886580359269,0.28861920279111214,0.08432330787181855,0.09685157239437103,0.08432330787181855,0.20425820350646973,0.2511967718601227,45,0.06605502644171796,0.1936523914940444
station_wake_L0,Smooth stage-aware SAC,strict_two_stage_v3_v1,two_stage_v3,3,63,9063,1200063,station_wake,0,0.0,0.0,0.0,1,1,0,0,1,0,40,0.25,1,27,0.2110517919063568,0.12629287124365546,1.1157239973545074,0.6007806691555019,4.992992281913757,18.148764669895172,0.3130263172975035,2.115622463229173,0.0,0.65,0.2104181058974944,0.2677699845543581,0.09687153697013855,0.12274471670389175,0.09687153697013855,0.22292941808700562,0.3141424059867859,44,0.06268609481363155,3.6586975506231116
station_wake_L0,Smooth stage-aware SAC,strict_two_stage_v3_v1,two_stage_v3,3,64,9064,1200064,station_wake,0,0.0,0.0,0.0,1,1,0,0,1,0,52,0.25,1,41,0.09203583002090454,0.06291528642407936,0.7604745030403137,0.5478773477685627,4.234159141778946,24.65016096830368,0.6102487031788764,2.6652476741630258,0.0,0.0,0.22919572638423552,0.33192541212223764,0.07924559861421585,0.09143877029418945,0.07924559861421585,0.17861714959144592,0.32518431544303894,56,0.05705703852421805,0.48191317495694685
station_wake_L0,Smooth stage-aware SAC,strict_two_stage_v3_v1,two_stage_v3,3,65,9065,1200065,station_wake,0,0.0,0.0,0.0,1,1,0,0,1,0,43,0.25,1,26,0.6476525664329529,0.514107057887259,0.9355539083480835,0.688212793295428,2.737153172492981,12.884442955255508,0.27856464524365204,1.879583364558188,0.0,0.30000000000000004,0.18208729613830976,0.22639230300509794,0.012950250506401062,0.018377792090177536,0.012950250506401062,0.0532037615776062,0.09246412664651871,47,0.06674879736278476,1.1898534245271886
station_wake_L0,Smooth stage-aware SAC,strict_two_stage_v3_v1,two_stage_v3,3,66,9066,1200066,station_wake,0,0.0,0.0,0.0,1,1,0,0,1,0,34,0.25,1,20,0.7000689506530762,0.47900302131656086,1.347806453704834,0.9287374962922764,2.5557204335927963,12.219726294279099,0.2665920142731678,1.747147222811148,0.0,0.55,0.18590396162344958,0.24843777120900143,0.06481588780879974,0.07818762958049774,0.06481588780879974,0.1529305875301361,0.2911221981048584,38,0.06178141613538783,3.2383660015532345
station_wake_L0,Smooth stage-aware SAC,strict_two_stage_v3_v1,two_stage_v3,3,67,9067,1200067,station_wake,0,0.0,0.0,0.0,1,1,0,0,1,0,65,0.25,1,53,0.47085145115852356,0.3387926410313673,0.8860841393470764,0.7097048282100381,6.538597792387009,13.435403108596802,0.5040241621745462,2.0056458699901936,1.8986363486862807,0.0,0.20599120541272584,0.29858585246731156,0.06152029186487198,0.08052630722522736,0.06152029186487198,0.14647087454795837,0.34460678696632385,69,0.06577831323799287,0.8483825459231911
station_wake_L0,Smooth stage-aware SAC,strict_two_stage_v3_v1,two_stage_v3,3,68,9068,1200068,station_wake,0,0.0,0.0,0.0,1,1,0,0,1,0,54,0.25,1,40,0.36580654978752136,0.28713820986228583,1.0211056470870972,0.7795907641586435,5.027861595153809,21.171228289604187,0.464814538865197,2.5040758490565764,2.0366554753486095,0.0,0.23861111658292228,0.3231085788387393,0.022271047905087472,0.027530841529369354,0.022271047905087472,0.08792206645011902,0.12727070599794388,58,0.05377077113788078,1.4875289700905057
station_wake_L0,Smooth stage-aware SAC,strict_two_stage_v3_v1,two_stage_v3,3,69,9069,1200069,station_wake,0,0.0,0.0,0.0,1,1,0,0,1,0,46,0.25,1,31,0.2487764209508896,0.1463350284708978,1.1212339997291565,0.5506463832731677,2.8046461939811707,14.871891867369413,0.22954586030559915,1.2028977537640368,0.0,0.25,0.17337808931703816,0.26599185561754224,0.03510933667421341,0.04962901771068573,0.03510933667421341,0.16505549103021622,0.298130065202713,50,0.0673237750730939,1.7550982157311703
station_wake_L0,Smooth stage-aware SAC,strict_two_stage_v3_v1,two_stage_v3,3,70,9070,1200070,station_wake,0,0.0,0.0,0.0,1,1,0,0,1,0,35,0.25,1,22,0.16955342888832092,0.13979318604860091,0.715222954750061,0.34785299600055014,3.2643869519233704,15.942510887980461,0.3696040419219767,2.2024245349057154,0.0,0.05,0.19573721428629315,0.26302412886083626,0.0427084282040596,0.05922222137451172,0.0427084282040596,0.18538078665733337,0.2650493383407593,39,0.06080324172587955,0.2335831848260331
station_wake_L0,Smooth stage-aware SAC,strict_two_stage_v3_v1,two_stage_v3,3,71,9071,1200071,station_wake,0,0.0,0.0,0.0,1,1,0,0,1,0,31,0.25,1,18,0.2653149962425232,0.16763824964256147,0.8522188663482666,0.45765731978338553,3.287970721721649,9.712917804718018,0.3792690213893214,2.5729324940740734,0.0,0.6000000000000001,0.21324341423095494,0.29690687997852266,0.1188432976603508,0.1285206377506256,0.1188432976603508,0.10453873872756958,0.19747018814086914,35,0.05792571151866806,3.1538340862812757
station_wake_L0,Smooth stage-aware SAC,strict_two_stage_v3_v1,two_stage_v3,3,72,9072,1200072,station_wake,0,0.0,0.0,0.0,1,1,0,0,1,0,47,0.25,1,30,0.4787573218345642,0.2547165011692327,1.473156213760376,1.0111000001824644,4.3403360247612,11.174574084579945,0.22919533451691576,1.390779159389487,0.0,0.0,0.10553613537419,0.15080842339639447,0.018671447411179543,0.025108711794018745,0.018671447411179543,0.07575199380517006,0.12511583045125008,51,0.08012613216089383,2.967211333485136
station_wake_L0,Smooth stage-aware SAC,strict_two_stage_v3_v1,two_stage_v3,3,73,9073,1200073,station_wake,0,0.0,0.0,0.0,1,1,0,0,1,0,34,0.25,1,21,0.26203402876853943,0.21864189220742564,0.509478747844696,0.3732389731359292,2.8575293719768524,14.870142042636871,0.3885798428954861,2.2703438737592867,0.5573932219487875,0.05,0.19686033352252444,0.27009236007521714,0.020910959411412477,0.04569639265537262,0.020910959411412477,0.23776544444262981,0.3558838367462158,38,0.06354506912815697,0.5573932219487875
station_wake_L0,Smooth stage-aware SAC,strict_two_stage_v3_v1,two_stage_v3,3,74,9074,1200074,station_wake,0,0.0,0.0,0.0,1,1,0,0,1,0,52,0.25,1,39,0.3864063620567322,0.29537226475195194,1.0523608326911926,0.6375695515964076,2.4197323620319366,18.03151711821556,0.3668988551101765,2.228724140680992,0.9339982734782133,0.35000000000000003,0.22039567799342966,0.3033602346038113,0.11607270985841751,0.15313979983329773,0.11607270985841751,0.4252440333366394,0.8226391673088074,56,0.05949564241941971,0.9339982734782133
station_wake_L0,Smooth stage-aware SAC,strict_two_stage_v3_v1,two_stage_v3,3,75,9075,1200075,station_wake,0,0.0,0.0,0.0,1,1,0,0,1,0,67,0.25,1,50,0.2714552581310272,0.16513112738102217,1.0794347524642944,0.7854097065914438,4.165294263511896,21.379261016845703,0.293899253866884,1.5491807311741839,0.0,0.45,0.15152411939971452,0.1862059424520788,0.054590733349323274,0.058707304298877716,0.054590733349323274,0.06420816481113434,0.10228700935840607,71,0.06344036017350128,1.9796524240829754
station_wake_L0,Smooth stage-aware SAC,strict_two_stage_v3_v1,two_stage_v3,3,76,9076,1200076,station_wake,0,0.0,0.0,0.0,1,1,0,0,1,0,55,0.25,1,39,0.5100433826446533,0.3632952843806107,1.5082567930221558,1.238034283874956,12.808225452899933,35.612319111824036,0.6938341978790608,2.573931033517122,0.0,0.15000000000000002,0.16770029656352778,0.23179029487715921,0.017135612666606903,0.0233272984623909,0.017135612666606903,0.11058583855628967,0.16463615000247955,59,0.0665172384123844,0.6154837673963344
station_wake_L0,Smooth stage-aware SAC,strict_two_stage_v3_v1,two_stage_v3,3,77,9077,1200077,station_wake,0,0.0,0.0,0.0,1,1,0,0,1,0,59,0.25,1,44,0.29694920778274536,0.194374371711462,0.7448232173919678,0.44467218099667927,1.958412230014801,10.247577726840973,0.215577138762096,1.4050310373120793,0.23823715833260342,0.30000000000000004,0.17227929830300778,0.21296308619135773,0.09083891212940216,0.12341383844614029,0.09083891212940216,0.3135059177875519,0.37573307752609253,63,0.0629654268636038,0.23823715833260342
station_wake_L0,Smooth stage-aware SAC,strict_two_stage_v3_v1,two_stage_v3,3,78,9078,1200078,station_wake,0,0.0,0.0,0.0,1,1,0,0,1,0,69,0.25,1,56,0.18914946913719177,0.09624949374958139,0.6889840215444565,0.4960122464984171,2.0514554530382156,9.766302481293678,0.22946967219984532,1.2951535987264904,0.2791037809623764,0.0,0.213816404258555,0.3181902684090852,0.012537760566920042,0.02526439167559147,0.012537760566920042,0.31179230473935604,0.5725159123539925,73,0.05047311135728582,0.175057161458045
station_wake_L0,Smooth stage-aware SAC,strict_two_stage_v3_v1,two_stage_v3,3,79,9079,1200079,station_wake,0,0.0,0.0,0.0,1,1,0,0,1,0,40,0.25,1,25,0.9106349349021912,0.8035667190591211,0.9466552734375,0.6496170685532713,2.872396558523178,10.974283516407013,0.38662573654732807,1.7173225775777838,0.0,0.65,0.2056277369988701,0.2571327790997613,0.1635298401117325,0.2009078860282898,0.1635298401117325,0.39439404010772705,0.5474337935447693,44,0.05794259051946805,1.4471335237917577
station_wake_L0,Smooth stage-aware SAC,strict_two_stage_v3_v1,two_stage_v3,3,80,9080,1200080,station_wake,0,0.0,0.0,0.0,1,1,0,0,1,0,29,0.25,1,13,0.3567088544368744,0.21145962799587562,0.9858733415603638,0.6081297416134398,5.948337614536285,19.833717048168182,0.476904648243937,2.274484534750594,0.9118921527860555,0.0,0.13463830208726363,0.16261477952849518,0.015797288715839387,0.03145222365856171,0.015797288715839387,0.1611250787973404,0.2545212209224701,33,0.068621502129787,0.9118921527860555
station_wake_L0,Smooth stage-aware SAC,strict_two_stage_v3_v1,two_stage_v3,3,81,9081,1200081,station_wake,0,0.0,0.0,0.0,1,1,0,0,1,0,53,0.25,1,39,0.23336707055568695,0.1778086357376004,0.8372373878955841,0.49169903657225644,2.709375023841858,16.236401391215622,0.3979397435018178,1.8576371216196899,0.5628793579561887,0.0,0.1801512721373713,0.24706864535552595,0.025276418030261993,0.04174141213297844,0.025276418030261993,0.15886002779006958,0.29333434998989105,57,0.06810882337715396,0.5628793579561887
station_wake_L0,Smooth stage-aware SAC,strict_two_stage_v3_v1,two_stage_v3,3,82,9082,1200082,station_wake,0,0.0,0.0,0.0,1,1,0,0,1,0,47,0.25,1,31,0.17891599237918854,0.12488561387853483,1.0660195350646973,0.6297388336882842,4.248467236757278,18.119422793388367,0.33071851180598316,1.9691941286874286,0.0,0.45,0.1260064197280885,0.17302004873306903,0.08761783614754677,0.11628518253564835,0.08761783614754677,0.2721003443002701,0.39396703243255615,51,0.0698311743482968,1.2479169693831729
station_wake_L0,Smooth stage-aware SAC,strict_two_stage_v3_v1,two_stage_v3,3,83,9083,1200083,station_wake,0,0.0,0.0,0.0,1,1,0,0,1,0,42,0.25,1,28,0.7989640235900879,0.571837319744841,1.3837993144989014,0.9626332556310939,2.4779315292835236,7.7668870985507965,0.34578254188351176,1.4615540322327796,0.0,0.55,0.19850573212052722,0.2818038981625552,0.1243800476193428,0.1467294543981552,0.1243800476193428,0.2805168628692627,0.5225753784179688,46,0.0513552979688227,1.7480457252480148
station_wake_L0,Smooth stage-aware SAC,strict_two_stage_v3_v1,two_stage_v3,3,84,9084,1200084,station_wake,0,0.0,0.0,0.0,1,1,0,0,1,0,37,0.25,1,21,0.052029602229595184,0.030327060507888172,0.35847827792167664,0.23094004127599205,2.8035226929932833,13.425002098083496,0.2952969947658196,1.5639372241441958,0.0,0.0,0.17982550893933227,0.2421172095314351,0.034588778391480446,0.04350445047020912,0.034588778391480446,0.10493451356887817,0.15342656522989273,41,0.07229756495364244,0.5921264414255949
station_wake_L0,Smooth stage-aware SAC,strict_two_stage_v3_v1,two_stage_v3,3,85,9085,1200085,station_wake,0,0.0,0.0,0.0,1,1,0,0,1,0,58,0.25,1,43,0.05851166695356369,0.03189770145000726,0.31527336686849594,0.24123305453485097,2.1750637888908386,10.126433670520782,0.30879789998961493,1.4264987646180147,0.0,0.0,0.16603857050925125,0.21272554013388112,0.007014928059652448,0.014357858337461948,0.007014928059652448,0.08342545758932829,0.16861574724316597,62,0.06110165127664981,3.0138867118388877
station_wake_L0,Smooth stage-aware SAC,strict_two_stage_v3_v1,two_stage_v3,3,86,9086,1200086,station_wake,0,0.0,0.0,0.0,1,1,0,0,1,0,30,0.25,1,9,1.0955842733383179,0.8019518538465169,1.6874867677688599,1.4170368990548015,0.13838648796081543,0.2932167053222656,0.21486749404576808,1.6141399269579364,0.0,1.05,0.08873761532864222,0.12590519581380138,0.17377717792987823,0.2175433486700058,0.17377717792987823,0.42301517724990845,0.4546484351158142,34,0.031636258811187284,2.974291464890089
station_wake_L0,Smooth stage-aware SAC,strict_two_stage_v3_v1,two_stage_v3,3,87,9087,1200087,station_wake,0,0.0,0.0,0.0,1,1,0,0,1,0,50,0.25,1,35,0.3006870150566101,0.17415618758264473,1.0327162593603134,0.7188789210703216,4.6905568381771445,16.90243810415268,0.2459855385849271,1.8138259839169566,0.6199985757985658,0.0,0.17713912050558916,0.2517197396730837,0.025330635905265807,0.054721999913454056,0.025330635905265807,0.3836233392357826,0.45506082475185394,54,0.06695806563176983,0.5573335645152557
station_wake_L0,Smooth stage-aware SAC,strict_two_stage_v3_v1,two_stage_v3,3,88,9088,1200088,station_wake,0,0.0,0.0,0.0,1,1,0,0,1,0,53,0.25,1,36,0.1789376437664032,0.09800624502776556,0.902579203248024,0.6025268846729985,2.8967200592160225,20.01503624022007,0.18142901157420493,1.3418249096021075,0.0,0.65,0.16035647945918807,0.20187571406167418,0.07671439051628112,0.08835819363594055,0.07671439051628112,0.09611159563064575,0.13139665126800537,57,0.0666910079278469,2.8778884673972365
station_wake_L0,Smooth stage-aware SAC,strict_two_stage_v3_v1,two_stage_v3,3,89,9089,1200089,station_wake,0,0.0,0.0,0.0,1,1,0,0,1,0,58,0.25,1,43,0.10992005467414856,0.06233546392531193,0.46107009053230286,0.344626703862947,0.9903788566589355,6.3650596141815186,0.12832766707549137,0.746524681096151,0.007721373776720701,0.0,0.16835027431480412,0.22610930467357487,0.034448067471385,0.042043689638376236,0.034448067471385,0.14661653339862823,0.3279697522521019,62,0.06515738380389242,0.5024988848676892
station_wake_L0,Smooth stage-aware SAC,strict_two_stage_v3_v1,two_stage_v3,3,90,9090,1200090,station_wake,0,0.0,0.0,0.0,1,1,0,0,1,0,34,0.25,0,-1,nan,nan,nan,nan,nan,nan,nan,nan,0.0,nan,0.028567026035944233,0.030560684097815132,0.1681933358311653,0.2203955054283142,0.1681933358311653,0.5186760723590851,0.6500613689422607,38,0.01859534044482225,2.920539797112793
station_wake_L0,Smooth stage-aware SAC,strict_two_stage_v3_v1,two_stage_v3,3,91,9091,1200091,station_wake,0,0.0,0.0,0.0,1,1,0,0,1,0,68,0.25,1,53,0.28495728969573975,0.22160215154603952,1.0755538195371628,0.6861187059147654,2.6977723836898804,20.142120122909546,0.488750402537422,2.468890407885949,0.0,0.55,0.16624008544099178,0.20384622513311995,0.08261711895465851,0.09453524649143219,0.08261711895465851,0.10846930742263794,0.1253800094127655,72,0.06358580285775252,2.877920057022148
station_wake_L0,Smooth stage-aware SAC,strict_two_stage_v3_v1,two_stage_v3,3,92,9092,1200092,station_wake,0,0.0,0.0,0.0,1,1,0,0,1,0,60,0.25,1,46,0.15258845686912537,0.10373711019398386,0.4541538655757904,0.22317508876624215,2.7493221405893564,11.992036998271942,0.18985750338433466,1.4051639684881825,0.0,0.25,0.16785843838836936,0.22308780092228692,0.06327376067638397,0.08575493842363358,0.06327376067638397,0.23306216299533844,0.279817134141922,64,0.06856597730566215,0.7116867684125524
station_wake_L0,Smooth stage-aware SAC,strict_two_stage_v3_v1,two_stage_v3,3,93,9093,1200093,station_wake,0,0.0,0.0,0.0,1,1,0,0,1,0,64,0.25,1,50,0.40791741013526917,0.34875508459995674,1.5446698665618896,0.7527664723212527,7.59971410036087,29.713949859142303,0.43707680404515414,2.876378007280459,0.6678901013505497,0.2,0.17261440632732367,0.21969346642469303,0.06096303015947342,0.09090542048215866,0.06096303015947342,0.28310197591781616,0.396014004945755,68,0.06531172300513295,0.6678901013505497
station_wake_L0,Smooth stage-aware SAC,strict_two_stage_v3_v1,two_stage_v3,3,94,9094,1200094,station_wake,0,0.0,0.0,0.0,1,1,0,0,1,0,60,0.25,1,46,0.31614914536476135,0.2280258464007798,1.2551222741603851,0.7776429738107142,4.893109360709786,28.466714695096016,0.2666614033871838,2.0713728369477105,0.0,0.4,0.2505600486264511,0.3388925549859329,0.0695158887654543,0.12632887065410614,0.0695158887654543,0.5310829803347588,0.7646748423576355,64,0.0629534187932543,1.2319634617510213
station_wake_L0,Smooth stage-aware SAC,strict_two_stage_v3_v1,two_stage_v3,3,95,9095,1200095,station_wake,0,0.0,0.0,0.0,1,1,0,0,1,0,57,0.25,1,40,0.18745878338813782,0.13544660802857478,1.2379038333892822,0.8398456791214904,4.33719277381897,17.110718227922916,0.38989909856267757,1.9791312580298726,0.3168194185485257,0.0,0.14290810256929537,0.17079343569305994,0.005152054643258452,0.00992355402559042,0.005152054643258452,0.03317134361714125,0.06762145087122917,61,0.07343841334292757,0.21150175686855044
station_wake_L0,Smooth stage-aware SAC,strict_two_stage_v3_v1,two_stage_v3,3,96,9096,1200096,station_wake,0,0.0,0.0,0.0,1,1,0,0,1,0,46,0.25,1,31,0.2348586469888687,0.17058321851116484,0.9428778290748596,0.7319283396817493,4.04848575592041,21.424599289894104,0.6045644344875255,2.358866470111966,0.0,0.0,0.22311527327747732,0.29389395069431995,0.07574787735939026,0.1173483282327652,0.07574787735939026,0.3764631748199463,0.5229365825653076,50,0.05596911583423675,0.9843997334676183
station_wake_L0,Smooth stage-aware SAC,strict_two_stage_v3_v1,two_stage_v3,3,97,9097,1200097,station_wake,0,0.0,0.0,0.0,1,1,0,0,1,0,54,0.25,1,38,0.33007848262786865,0.19814240314230747,0.6967273354530334,0.5993929299219127,3.179323226213455,9.692632853984833,0.33388793694723345,1.206552988061257,0.0,0.65,0.156273268943021,0.1970835476009782,0.14274804890155793,0.14673295617103577,0.14274804890155793,0.06100964546203613,0.19610315561294556,58,0.0725538077390956,2.0067482114072392
station_wake_L0,Smooth stage-aware SAC,strict_two_stage_v3_v1,two_stage_v3,3,98,9098,1200098,station_wake,0,0.0,0.0,0.0,1,1,0,0,1,0,70,0.25,1,58,0.19549688696861267,0.10233399910206835,0.8629834651947021,0.5507657621445514,4.654805660247803,20.564605854451656,0.31753783997088364,1.7629685542944653,0.4740291623031952,0.0,0.2538327002191424,0.34323924233184244,0.022069007530808447,0.0281145628541708,0.022069007530808447,0.23102394491434097,0.6552261859178543,74,0.05377302190283381,0.1579139069096287
station_wake_L0,Smooth stage-aware SAC,strict_two_stage_v3_v1,two_stage_v3,3,99,9099,1200099,station_wake,0,0.0,0.0,0.0,1,1,0,0,1,0,39,0.25,1,22,0.755625307559967,0.5439751980479416,1.0489511489868164,0.8401967013750355,3.183535411953926,13.508558869361877,0.2363385010134213,1.7083688201448932,0.0,0.55,0.13065579746929173,0.16088387290333245,0.09152208268642426,0.1141766682267189,0.09152208268642426,0.2331492304801941,0.284871906042099,43,0.07009826028953332,1.139112909678516
station_wake_L0,Smooth stage-aware SAC,strict_two_stage_v3_v1,two_stage_v3,4,0,9000,1200000,station_wake,0,0.0,0.0,0.0,1,1,0,0,1,0,45,0.25,1,33,0.1904015690088272,0.16014593885981493,0.4301804304122925,0.21290645170327888,2.528407499194145,11.633698213845491,0.29674304934149087,2.0468449983995174,0.0,0.15000000000000002,0.269960763127502,0.3723416231955363,0.023060278594493867,0.04272353649139404,0.023060278594493867,0.43767502903938293,0.6940868496894836,49,0.051342284502830016,1.2275264001114519
station_wake_L0,Smooth stage-aware SAC,strict_two_stage_v3_v1,two_stage_v3,4,1,9001,1200001,station_wake,0,0.0,0.0,0.0,1,1,0,0,1,0,46,0.25,1,30,0.8145605325698853,0.44972264957493907,2.107219696044922,1.5961386906730277,2.5450092554092407,13.865787982940674,0.4403826185502122,2.2775149521436084,0.0,0.0,0.13799234611568434,0.18230074133001545,0.11064415276050568,0.11936947703361511,0.11064415276050568,0.16611695289611816,0.2922484278678894,50,0.07211569413290217,2.1087404380752774
station_wake_L0,Smooth stage-aware SAC,strict_two_stage_v3_v1,two_stage_v3,4,2,9002,1200002,station_wake,0,0.0,0.0,0.0,1,1,0,0,1,0,41,0.25,1,26,0.43713825941085815,0.2621400463698243,1.0682517290115356,0.7442971502274052,1.094205379486084,5.351418554782867,0.24247128854292727,1.6220400452708053,0.0,0.0,0.24611745363712223,0.3316760707396004,0.11006817817687989,0.11506148427724838,0.11006817817687989,0.18096554279327393,0.4902218282222748,45,0.04617217482797168,1.697463478689016
station_wake_L0,Smooth stage-aware SAC,strict_two_stage_v3_v1,two_stage_v3,4,3,9003,1200003,station_wake,0,0.0,0.0,0.0,1,1,0,0,1,0,55,0.25,1,40,0.20370474457740784,0.09529496081399966,1.2565761804580688,0.6451644584561244,3.1170910596847534,14.89627368748188,0.3306288152846204,2.2248623352627663,0.0,0.5,0.1575643560243321,0.21092283649498234,0.13505073338747026,0.1517726331949234,0.13505073338747026,0.165764719247818,0.2225746214389801,59,0.07490317645579068,1.2117469555814298
station_wake_L0,Smooth stage-aware SAC,strict_two_stage_v3_v1,two_stage_v3,4,4,9004,1200004,station_wake,0,0.0,0.0,0.0,1,1,0,0,1,0,51,0.25,1,38,0.5433789491653442,0.41955784780646616,1.051892638206482,0.7824924700484968,4.788094311952591,16.575751304626465,0.35692444203740065,2.382401607240217,0.0,0.15000000000000002,0.17292873601713007,0.25813276979286937,0.02476709634065628,0.04796072840690613,0.02476709634065628,0.5112256780266762,0.7776941359043121,55,0.061669106658877204,1.5155180180921601
station_wake_L0,Smooth stage-aware SAC,strict_two_stage_v3_v1,two_stage_v3,4,5,9005,1200005,station_wake,0,0.0,0.0,0.0,1,1,0,0,1,0,58,0.25,1,40,0.1312372088432312,0.09367098846380373,0.6044799089431763,0.3432094423141211,3.0235836235806346,14.397332891821861,0.20979949591455022,1.3727903201000489,0.0,0.5,0.12494335044327212,0.1485332508183451,0.08739840090274811,0.11322923749685287,0.08739840090274811,0.24793949723243713,0.3102491796016693,62,0.07099009849013584,0.6718727953277548
station_wake_L0,Smooth stage-aware SAC,strict_two_stage_v3_v1,two_stage_v3,4,6,9006,1200006,station_wake,0,0.0,0.0,0.0,1,1,0,0,1,0,24,0.25,0,-1,nan,nan,nan,nan,nan,nan,nan,nan,0.0,nan,0.218845669709395,0.3136908053992596,0.20165852904319764,0.24782662093639374,0.20165852904319764,0.5036300420761108,0.641838014125824,28,0.05259717786117115,0.9833559951850758
station_wake_L0,Smooth stage-aware SAC,strict_two_stage_v3_v1,two_stage_v3,4,7,9007,1200007,station_wake,0,0.0,0.0,0.0,1,1,0,0,1,0,61,0.25,1,43,0.348922461271286,0.2402669428568857,1.0494354367256165,0.779702837296136,3.310934901237488,14.151880741119385,0.19256574841112495,1.2657386469827387,0.0,0.75,0.1281658983370875,0.15406511530815917,0.11702052354812623,0.1368868052959442,0.11702052354812623,0.20169121026992798,0.2175167202949524,65,0.06959025941999931,2.2462906295624028
station_wake_L0,Smooth stage-aware SAC,strict_two_stage_v3_v1,two_stage_v3,4,8,9008,1200008,station_wake,0,0.0,0.0,0.0,1,1,0,0,1,0,38,0.25,1,26,0.300784170627594,0.20947680735057697,1.1178001761436462,0.6876532085240582,6.097396612167358,22.523180842399597,0.3365334615328535,2.163722573132047,0.0,0.0,0.24641718080202352,0.35702140671984484,0.12251164764165878,0.1270686239004135,0.12251164764165878,0.15405508875846863,0.45457422733306885,42,0.0497458587866181,1.5676730224292603
station_wake_L0,Smooth stage-aware SAC,strict_two_stage_v3_v1,two_stage_v3,4,9,9009,1200009,station_wake,0,0.0,0.0,0.0,1,1,0,0,1,0,35,0.25,1,23,0.14403313398361206,0.1045141383004075,0.8750279247760773,0.5206372360719541,3.5980212688446045,15.803898982703686,0.4961547476726449,2.2279888678447564,0.8278522779386022,0.0,0.24244069733314427,0.3512190525447604,0.05132090821862221,0.10288158804178238,0.05132090821862221,0.518718384206295,0.8372976258397102,39,0.05422659098645167,0.15468151988492015
station_wake_L0,Smooth stage-aware SAC,strict_two_stage_v3_v1,two_stage_v3,4,10,9010,1200010,station_wake,0,0.0,0.0,0.0,1,1,0,0,1,0,28,0.25,0,-1,nan,nan,nan,nan,nan,nan,nan,nan,0.0,nan,0.12146461733162842,0.18178357437185486,0.2167492389678955,0.324449360370636,0.2167492389678955,1.0916185975074768,1.6374200582504272,32,0.04949768806113165,2.538817386430294
station_wake_L0,Smooth stage-aware SAC,strict_two_stage_v3_v1,two_stage_v3,4,11,9011,1200011,station_wake,0,0.0,0.0,0.0,1,1,0,0,1,0,47,0.25,1,34,0.37691158056259155,0.24266461954764848,0.9863239526748657,0.5799543183956516,1.8876933306455612,8.268640041351318,0.14658288660562205,1.0225133109741045,0.0,0.6000000000000001,0.21123423800547103,0.29780036193965675,0.120138618350029,0.1494983434677124,0.120138618350029,0.2195115089416504,0.4057297110557556,51,0.06056875608675182,2.9306241445354937
station_wake_L0,Smooth stage-aware SAC,strict_two_stage_v3_v1,two_stage_v3,4,12,9012,1200012,station_wake,0,0.0,0.0,0.0,1,1,0,0,1,0,63,0.25,1,44,0.10887221246957779,0.06623976768864244,1.0290902853012085,0.5165293857536714,1.754772663116455,11.660376489162445,0.13242444915817053,1.016668280605034,0.0,0.6000000000000001,0.11903760168529429,0.14085687682777065,0.09493585228919983,0.11014482378959656,0.09493585228919983,0.16593345999717712,0.23248597979545593,67,0.07329421231482108,0.8045580244959795
station_wake_L0,Smooth stage-aware SAC,strict_two_stage_v3_v1,two_stage_v3,4,13,9013,1200013,station_wake,0,0.0,0.0,0.0,1,1,0,0,1,0,62,0.25,1,44,0.1944829225540161,0.08560825707842033,1.05941504240036,0.5965359890084562,1.4464813470840454,7.567479461431503,0.10589517547759658,0.7379564659100235,0.0,0.8,0.1383218820362632,0.17205487782216547,0.13991059064865113,0.15926745533943176,0.13991059064865113,0.20331716537475586,0.22462427616119385,66,0.07192162473075048,2.30919667181822
station_wake_L0,Smooth stage-aware SAC,strict_two_stage_v3_v1,two_stage_v3,4,14,9014,1200014,station_wake,0,0.0,0.0,0.0,1,1,0,0,1,0,50,0.25,1,35,0.17067742347717285,0.13013225538285828,0.3692072629928589,0.25269701374414877,1.9904643669724464,6.309511065483093,0.19858519232095465,1.3431449876938375,0.0,0.7000000000000001,0.1784582243847061,0.21718599640980318,0.19305841028690338,0.23726025223731995,0.19305841028690338,0.38807541131973267,0.48452138900756836,54,0.05982926969376789,1.9057179741951147
station_wake_L0,Smooth stage-aware SAC,strict_two_stage_v3_v1,two_stage_v3,4,15,9015,1200015,station_wake,0,0.0,0.0,0.0,1,1,0,0,1,0,52,0.25,1,37,0.37098100781440735,0.24659697233974825,0.815369188785553,0.6317985529155209,1.5924473106861115,10.882656574249268,0.24063106995262815,1.4147419640935786,0.0,0.0,0.13846386147970324,0.1791094502550872,0.08014788031578064,0.10143735259771347,0.08014788031578064,0.16846227645874023,0.2888946235179901,56,0.0723796379102997,0.09976991389780514
station_wake_L0,Smooth stage-aware SAC,strict_two_stage_v3_v1,two_stage_v3,4,16,9016,1200016,station_wake,0,0.0,0.0,0.0,1,1,0,0,1,0,38,0.25,1,19,1.365071415901184,1.2529055006317085,1.5472722053527832,0.9788817396742253,7.198662608861923,24.82001632452011,0.5145271205782439,3.332793956435946,0.0,0.7000000000000001,0.1356472797435731,0.15803311408695345,0.05261760950088501,0.07204771786928177,0.05261760950088501,0.21489371359348297,0.2934454381465912,42,0.07278425899817492,1.7586101069033204
station_wake_L0,Smooth stage-aware SAC,strict_two_stage_v3_v1,two_stage_v3,4,17,9017,1200017,station_wake,0,0.0,0.0,0.0,1,1,0,0,1,0,49,0.25,1,30,0.1651315987110138,0.08643014902949077,0.8129894733428955,0.48438212627693933,4.503847509622574,22.493990063667297,0.33919748168294944,1.92962468028578,0.0,0.7000000000000001,0.13407187136788232,0.15827029378670923,0.10965589284896851,0.1329645961523056,0.10965589284896851,0.2276260256767273,0.26020437479019165,53,0.06705474794461075,1.361533217523221
station_wake_L0,Smooth stage-aware SAC,strict_two_stage_v3_v1,two_stage_v3,4,18,9018,1200018,station_wake,0,0.0,0.0,0.0,1,1,0,0,1,0,50,0.25,1,33,0.3232133090496063,0.20269620961577275,1.0372760891914368,0.6792533600253643,7.187766581773758,25.579597130417824,0.41500112634158765,2.5639442564162884,0.0,0.0,0.10558191692850756,0.12764093199476179,0.004027964035049081,0.006536087952554226,0.004027964035049081,0.04939997009932995,0.0651156110689044,54,0.07924171287749811,1.1495906333087271
station_wake_L0,Smooth stage-aware SAC,strict_two_stage_v3_v1,two_stage_v3,4,19,9019,1200019,station_wake,0,0.0,0.0,0.0,1,1,0,0,1,0,48,0.25,1,31,0.15249775350093842,0.1226778205230026,0.5398570001125336,0.3534921737490458,2.259559817612171,10.264387428760529,0.3516965664868129,1.709011060473438,0.0,0.0,0.15062575779913795,0.19295669265064438,0.06712061166763306,0.08090142905712128,0.06712061166763306,0.10490924119949341,0.15544727444648743,52,0.07433310669750644,0.7920889271967393
station_wake_L0,Smooth stage-aware SAC,strict_two_stage_v3_v1,two_stage_v3,4,20,9020,1200020,station_wake,0,0.0,0.0,0.0,1,1,0,0,1,0,40,0.25,1,20,1.060260534286499,0.7857242574872012,1.6139841079711914,1.1835421775455692,6.938725709915161,31.910537481307983,0.5379494447416151,3.283481931801248,0.0,0.55,0.12844855822412315,0.14799230825627854,0.07200335711240768,0.07832294702529907,0.07200335711240768,0.05657932162284851,0.09067058563232422,44,0.07359711754138137,1.5216497136978333
station_wake_L0,Smooth stage-aware SAC,strict_two_stage_v3_v1,two_stage_v3,4,21,9021,1200021,station_wake,0,0.0,0.0,0.0,1,1,0,0,1,0,50,0.25,1,35,0.3648608326911926,0.293275172783246,0.4475390911102295,0.31120114101885915,3.0060967803001404,8.4933802485466,0.22664615914395325,1.6336993732480711,0.0,0.75,0.15665406123564612,0.24827374267554936,0.13973262161016464,0.17056378722190857,0.13973262161016464,0.3041653037071228,0.38915932178497314,54,0.043629767386319296,3.3620669172811004
station_wake_L0,Smooth stage-aware SAC,strict_two_stage_v3_v1,two_stage_v3,4,22,9022,1200022,station_wake,0,0.0,0.0,0.0,1,1,0,0,1,0,30,0.25,1,18,0.2452213317155838,0.16764221630790663,1.6588906943798065,1.135962528269722,9.665603190660477,25.503821074962616,0.6978848385263852,2.7392905445454674,2.610831485944323,0.0,0.2312753921985689,0.31317416358457256,0.05658305585384369,0.08833687007427216,0.05658305585384369,0.5500820130109787,0.8385560661554337,34,0.06406794318014591,1.8086112537743393
station_wake_L0,Smooth stage-aware SAC,strict_two_stage_v3_v1,two_stage_v3,4,23,9023,1200023,station_wake,0,0.0,0.0,0.0,1,1,0,0,1,0,61,0.25,1,39,0.38484078645706177,0.22739293975506555,1.5282335877418518,1.3498298481037974,2.7304625511169434,11.748352646827698,0.5695460165312058,2.1768396680433058,0.0,0.75,0.08480027669726617,0.09716332529859764,0.08555220365524292,0.10198962688446045,0.08555220365524292,0.16622692346572876,0.19333109259605408,65,0.08658380351910512,1.012573730185392
station_wake_L0,Smooth stage-aware SAC,strict_two_stage_v3_v1,two_stage_v3,4,24,9024,1200024,station_wake,0,0.0,0.0,0.0,1,1,0,0,1,0,51,0.25,1,36,0.17298170924186707,0.11723322213649384,0.7738315314054489,0.5170949024610729,3.4012283384799957,18.68585765361786,0.24654209446423608,1.8630063085048212,0.0,0.0,0.1816107117457189,0.2507514666331367,0.004434862593188882,0.006680691614747047,0.004434862593188882,0.04010424669831991,0.06298377644270658,55,0.06572941903861206,0.20797683230808173
station_wake_L0,Smooth stage-aware SAC,strict_two_stage_v3_v1,two_stage_v3,4,25,9025,1200025,station_wake,0,0.0,0.0,0.0,1,1,0,0,1,0,37,0.25,1,22,0.4379165470600128,0.3375715740796264,1.1629289388656616,0.523398819917143,2.1932178735733032,12.320709628984332,0.446189562306688,2.0745124935325063,0.0,0.45,0.15119992416657047,0.18658424952116917,0.06025190725922584,0.0791894793510437,0.06025190725922584,0.21649308502674103,0.4616452753543854,41,0.06472177889473112,1.7108866146770894
station_wake_L0,Smooth stage-aware SAC,strict_two_stage_v3_v1,two_stage_v3,4,26,9026,1200026,station_wake,0,0.0,0.0,0.0,1,1,0,0,1,0,41,0.25,1,24,0.8219906091690063,0.5574080830369585,1.3860034942626953,1.1485702123757555,2.057821750640869,11.208111643791199,0.2512907737838883,2.101526459875452,2.178019046826717,0.15000000000000002,0.16036092775454253,0.1866221430610191,0.0551273200660944,0.09563449025154114,0.0551273200660944,0.3823523595929146,0.4545861482620239,45,0.06317341977796394,2.178019046826717
station_wake_L0,Smooth stage-aware SAC,strict_two_stage_v3_v1,two_stage_v3,4,27,9027,1200027,station_wake,0,0.0,0.0,0.0,1,1,0,0,1,0,37,0.25,1,19,0.5165314674377441,0.4026055738226661,1.5008026361465454,1.08230457800833,5.132158324122429,26.75541400909424,0.47616481412141615,2.634151949859388,0.0,0.7000000000000001,0.13504808964146528,0.1618550458281649,0.08999286592006683,0.11608944833278656,0.08999286592006683,0.24785742163658142,0.302712619304657,41,0.07326409909309589,2.4091268216871495
station_wake_L0,Smooth stage-aware SAC,strict_two_stage_v3_v1,two_stage_v3,4,28,9028,1200028,station_wake,0,0.0,0.0,0.0,1,1,0,0,1,0,44,0.25,1,25,0.39671358466148376,0.3009853438125349,1.1724531650543213,0.5042580450845743,3.304314613342285,14.258558377623558,0.31961697210814594,1.761097840592231,0.0,0.8,0.1268600873129365,0.1425118323380695,0.12460207939147949,0.14620687067508698,0.12460207939147949,0.22476547956466675,0.2708461880683899,48,0.0751902892490027,2.217361149889402
station_wake_L0,Smooth stage-aware SAC,strict_two_stage_v3_v1,two_stage_v3,4,29,9029,1200029,station_wake,0,0.0,0.0,0.0,1,1,0,0,1,0,47,0.25,1,24,0.7056218385696411,0.5984820339908188,1.1745679378509521,0.7201055167354761,7.36058309674263,30.017509311437607,0.423047954323433,2.7012071892953275,1.4423618896045634,0.35000000000000003,0.10905619786082492,0.1276544248997109,0.018925778940320014,0.020054860040545464,0.018925778940320014,0.01731818914413452,0.0249321386218071,51,0.07835688673916603,1.0784366040215903
station_wake_L0,Smooth stage-aware SAC,strict_two_stage_v3_v1,two_stage_v3,4,30,9030,1200030,station_wake,0,0.0,0.0,0.0,1,1,0,0,1,0,48,0.25,1,34,0.201871857047081,0.15711753066069575,0.6500715017318726,0.422271962812251,4.230244681239128,15.685399398207664,0.27826607798100994,1.637777818408355,0.32342594570364697,0.0,0.1615792356356885,0.2129219498404321,0.013594190217554569,0.01652805507183075,0.013594190217554569,0.03909230977296829,0.06511082872748375,52,0.06790527578847545,0.32342594570364697
station_wake_L0,Smooth stage-aware SAC,strict_two_stage_v3_v1,two_stage_v3,4,31,9031,1200031,station_wake,0,0.0,0.0,0.0,1,1,0,0,1,0,54,0.25,1,39,0.2539234459400177,0.17465985823365035,0.6502646207809448,0.42227598933510185,2.8461044281721115,13.121077567338943,0.21415456860653798,1.3293997534895705,0.0,0.75,0.13982512050879298,0.18774735167046175,0.12206547409296035,0.13995325565338135,0.12206547409296035,0.17853987216949463,0.24647265672683716,58,0.0605151754177586,3.597484541507811
station_wake_L0,Smooth stage-aware SAC,strict_two_stage_v3_v1,two_stage_v3,4,32,9032,1200032,station_wake,0,0.0,0.0,0.0,1,1,0,0,1,0,56,0.25,1,44,0.16346177458763123,0.10657079191308425,0.9030244499444962,0.4851799873101466,3.38668555021286,18.55817211791873,0.23325364002019033,2.1953474914654283,0.0,0.0,0.2285355918280622,0.3317437887160764,0.05465349033474922,0.0802488848567009,0.05465349033474922,0.40353282541036606,0.6519188731908798,60,0.05967739117877596,0.5305746976161441
station_wake_L0,Smooth stage-aware SAC,strict_two_stage_v3_v1,two_stage_v3,4,33,9033,1200033,station_wake,0,0.0,0.0,0.0,1,1,0,0,1,0,35,0.25,0,-1,nan,nan,nan,nan,nan,nan,nan,nan,0.0,nan,0.0581841554349878,0.06577307463748627,0.1661574810743332,0.21144628524780273,0.1661574810743332,0.4680171012878418,0.6259340047836304,39,0.0545384864556499,2.9570520674249767
station_wake_L0,Smooth stage-aware SAC,strict_two_stage_v3_v1,two_stage_v3,4,34,9034,1200034,station_wake,0,0.0,0.0,0.0,1,1,0,0,1,0,36,0.25,1,18,1.3634960651397705,1.2336140818415422,1.9048666954040527,1.1050548289503925,11.059080343693495,28.531161546707153,0.6394060026818633,2.6355786479011827,0.0,0.9,0.05281858264106398,0.07397770084801789,0.16458947509527205,0.2169501632452011,0.16458947509527205,0.5278975069522858,0.6981876492500305,40,0.02644372701843206,2.7528821317642516
station_wake_L0,Smooth stage-aware SAC,strict_two_stage_v3_v1,two_stage_v3,4,35,9035,1200035,station_wake,0,0.0,0.0,0.0,1,1,0,0,1,0,57,0.25,1,45,0.20636776089668274,0.09123494032206994,0.8963295817375183,0.6492710586139304,3.3575606904923916,13.732812106609344,0.24188312667483303,1.6391462633578062,0.0,0.0,0.19634337907137084,0.3090980888412378,0.05064476951956749,0.09934324026107788,0.05064476951956749,0.7834031581878662,1.0739091783761978,61,0.06061938279500963,1.2415864512396289
station_wake_L0,Smooth stage-aware SAC,strict_two_stage_v3_v1,two_stage_v3,4,36,9036,1200036,station_wake,0,0.0,0.0,0.0,1,1,0,0,1,0,38,0.25,1,13,1.2646547555923462,1.0133065650591846,1.4611554145812988,1.191814666140777,0.2230989933013916,0.7504415512084961,0.2817400266965956,2.0671405824219025,0.0,1.25,0.07411513966186636,0.08686558191988447,0.14644406139850616,0.1835654228925705,0.14644406139850616,0.3699583411216736,0.4622858762741089,42,0.0406377746682986,3.0166698004822563
station_wake_L0,Smooth stage-aware SAC,strict_two_stage_v3_v1,two_stage_v3,4,37,9037,1200037,station_wake,0,0.0,0.0,0.0,1,1,0,0,1,0,47,0.25,1,30,0.4662865996360779,0.35881942173193176,1.6389203071594238,0.7450837030572193,4.003315567970276,22.16071456670761,0.4420389694195341,1.6950608940200729,0.0,0.8500000000000001,0.09539265060114668,0.12616692381125577,0.15174690037965774,0.19577626883983612,0.15174690037965774,0.44489750266075134,0.6573629379272461,51,0.06256477483763519,3.347446043589042
station_wake_L0,Smooth stage-aware SAC,strict_two_stage_v3_v1,two_stage_v3,4,38,9038,1200038,station_wake,0,0.0,0.0,0.0,1,1,0,0,1,0,64,0.25,1,47,0.25218746066093445,0.16320762511209705,0.5804690718650818,0.37019437723057125,2.9845884442329407,11.054983884096146,0.20282777480494757,1.2514726460235854,0.0,0.4,0.11032390037877712,0.1467456959521674,0.014352802466601134,0.03277860954403877,0.014352802466601134,0.1607059594243765,0.3009179048240185,68,0.0777855786930789,2.541137302870571
station_wake_L0,Smooth stage-aware SAC,strict_two_stage_v3_v1,two_stage_v3,4,39,9039,1200039,station_wake,0,0.0,0.0,0.0,1,1,0,0,1,0,63,0.25,1,46,0.16735762357711792,0.09026878176536644,0.49893423914909363,0.36175038198445936,1.7359712719917297,10.191278755664825,0.2141177610739913,1.2570390270218579,0.0,0.8500000000000001,0.1037596132957154,0.1303177120418305,0.15133482366800308,0.1886340081691742,0.15133482366800308,0.34503528475761414,0.40260523557662964,67,0.04951157106487741,2.890494648727553
station_wake_L0,Smooth stage-aware SAC,strict_two_stage_v3_v1,two_stage_v3,4,40,9040,1200040,station_wake,0,0.0,0.0,0.0,1,1,0,0,1,0,64,0.25,1,49,0.20441140234470367,0.12394449419574469,0.5279541015625,0.35965623167711863,2.5132959755137563,12.915628403425217,0.15536902066711855,1.1065971979319045,0.0,0.05,0.1485743237770286,0.19625585578063998,0.03687363676726818,0.047195665538311005,0.03687363676726818,0.124210886657238,0.23744076490402222,68,0.06660382963035728,1.2138023089130747
station_wake_L0,Smooth stage-aware SAC,strict_two_stage_v3_v1,two_stage_v3,4,41,9041,1200041,station_wake,0,0.0,0.0,0.0,1,1,0,0,1,0,55,0.25,1,42,0.2112118899822235,0.12287856192863462,0.5702760815620422,0.41769514947248837,2.515711635351181,8.315676115453243,0.214930499115963,1.3459287999836669,0.7194498653736537,0.0,0.21912927294167034,0.3099550330635054,0.04219255149364472,0.05344342440366745,0.04219255149364472,0.2862081788480282,0.6011171638965607,59,0.05517859822171309,0.11508611285356288
station_wake_L0,Smooth stage-aware SAC,strict_two_stage_v3_v1,two_stage_v3,4,42,9042,1200042,station_wake,0,0.0,0.0,0.0,1,1,0,0,1,0,32,0.25,1,5,0.786000669002533,0.499524119239321,1.991446614265442,1.6674351468156259,19.580665826797485,19.94569182395935,1.80418618426297,3.089504225856816,0.0,1.35,0.07711530322892218,0.08767470429867454,0.250470295548439,0.3335549235343933,0.250470295548439,0.845760703086853,1.1228185892105103,36,0.028529108612727033,2.080739650685987
station_wake_L0,Smooth stage-aware SAC,strict_two_stage_v3_v1,two_stage_v3,4,43,9043,1200043,station_wake,0,0.0,0.0,0.0,1,1,0,0,1,0,53,0.25,1,38,0.09153248369693756,0.05318515929775148,0.5881637334823608,0.3583676987438342,4.916384406387806,18.402240513823926,0.4235685610701531,2.042268222644196,0.0,0.0,0.12700835031576355,0.17444745009088888,0.06527791097760201,0.07851269096136093,0.06527791097760201,0.11711390316486359,0.23506760597229004,57,0.06884448260304502,1.8939280004706147
station_wake_L0,Smooth stage-aware SAC,strict_two_stage_v3_v1,two_stage_v3,4,44,9044,1200044,station_wake,0,0.0,0.0,0.0,1,1,0,0,1,0,33,0.25,1,16,1.0413415431976318,0.9527944575517759,1.6106069087982178,1.0596256039903236,7.773855924606323,28.336361050605774,0.4889409959665641,2.816871814261077,0.0,0.45,0.12522270434686122,0.16620806122485965,0.06866146996617317,0.07521557062864304,0.06866146996617317,0.1210784763097763,0.16840294003486633,37,0.07805224115943496,0.23751665341644643
station_wake_L0,Smooth stage-aware SAC,strict_two_stage_v3_v1,two_stage_v3,4,45,9045,1200045,station_wake,0,0.0,0.0,0.0,1,1,0,0,1,0,55,0.25,1,42,0.1949605792760849,0.16936284402559745,0.4911336302757263,0.271754210599681,3.3143196627497673,17.03599028289318,0.1931730222977472,1.5635983362047012,0.0,0.4,0.18188195186746853,0.26819200584611264,0.08306367844343185,0.08833632618188858,0.08306367844343185,0.06318116188049316,0.1055675745010376,59,0.07046996431883795,2.446596385700193
station_wake_L0,Smooth stage-aware SAC,strict_two_stage_v3_v1,two_stage_v3,4,46,9046,1200046,station_wake,0,0.0,0.0,0.0,1,1,0,0,1,0,47,0.25,1,32,0.41955626010894775,0.24986829092264595,1.2839561700820923,0.8296905416526644,5.07111057639122,30.348423421382904,0.4595131642639246,2.3286234346970756,0.0,0.55,0.15419096677001945,0.20482012355249563,0.12321844846010208,0.1356230229139328,0.12321844846010208,0.14595821499824524,0.21961018443107605,51,0.0633065880511566,1.7285302739637016
station_wake_L0,Smooth stage-aware SAC,strict_two_stage_v3_v1,two_stage_v3,4,47,9047,1200047,station_wake,0,0.0,0.0,0.0,1,1,0,0,1,0,80,0.25,1,59,0.1765209138393402,0.13423043056511058,0.7989867031574249,0.43782047988340755,1.8782255053520203,6.04794904589653,0.11896932520151526,0.7835892312548571,0.0,0.65,0.12494334629412081,0.13808334438700492,0.08742636293172837,0.10367114841938019,0.08742636293172837,0.15877723693847656,0.19850656390190125,84,0.0738826706596404,0.9158700976473533
station_wake_L0,Smooth stage-aware SAC,strict_two_stage_v3_v1,two_stage_v3,4,48,9048,1200048,station_wake,0,0.0,0.0,0.0,1,1,0,0,1,0,46,0.25,1,32,0.12658128142356873,0.07456131960435725,0.5718633159995079,0.3574980086341109,1.6518723219633102,9.925182089209557,0.3107176802574292,1.7447907354990342,0.0,0.0,0.18158683979695706,0.2341059809288,0.024441574793308975,0.05119311809539795,0.024441574793308975,0.2738210614770651,0.4398497939109802,50,0.06201435578934558,1.147619803568061
station_wake_L0,Smooth stage-aware SAC,strict_two_stage_v3_v1,two_stage_v3,4,49,9049,1200049,station_wake,0,0.0,0.0,0.0,1,1,0,0,1,0,30,0.25,1,17,0.45413434505462646,0.21795888008862532,1.8259817361831665,1.434585031332998,10.472820699214935,30.40699005126953,0.7755525260472788,3.183914076636766,0.3079928131088858,0.0,0.16859333361099943,0.23969914492779035,0.0299734428524971,0.039926927536726,0.0299734428524971,0.2916746735572815,0.7342361658811569,34,0.06656721283531201,0.2061783848026792
station_wake_L0,Smooth stage-aware SAC,strict_two_stage_v3_v1,two_stage_v3,4,50,9050,1200050,station_wake,0,0.0,0.0,0.0,1,1,0,0,1,0,38,0.25,1,19,1.2128403186798096,1.132221935645891,1.4363694190979004,0.8032742994816184,7.064560651779175,23.32409977912903,0.407432769727987,3.251333785723265,0.7256250500744328,0.65,0.10987520233382045,0.13172583798235132,0.09834796786308289,0.14144004881381989,0.09834796786308289,0.42978453636169434,0.5685225129127502,42,0.0757731356815872,0.7256250500744328
station_wake_L0,Smooth stage-aware SAC,strict_two_stage_v3_v1,two_stage_v3,4,51,9051,1200051,station_wake,0,0.0,0.0,0.0,1,1,0,0,1,0,55,0.25,1,41,0.14717353880405426,0.12131096012355942,0.41277915239334106,0.2518509600593746,1.6361096501350403,9.240726754069328,0.20145308583729857,1.2825886880309552,0.0,0.0,0.2210943661953114,0.29710983430426247,0.014951275289058685,0.022301722317934036,0.014951275289058685,0.11391600593924522,0.29202573001384735,59,0.06054662006035861,0.33490509246005834
station_wake_L0,Smooth stage-aware SAC,strict_two_stage_v3_v1,two_stage_v3,4,52,9052,1200052,station_wake,0,0.0,0.0,0.0,1,1,0,0,1,0,54,0.25,1,40,0.2250107079744339,0.16965005050361867,1.2881527841091156,0.6723237252704652,4.118092060089111,22.422999143600464,0.4344703305148155,2.5364065637255844,0.0,0.1,0.14831720420155498,0.21513758435522368,0.015198646113276482,0.03822467476129532,0.015198646113276482,0.4503243789076805,0.6861727684736252,58,0.06468930857780877,1.262115118398631
station_wake_L0,Smooth stage-aware SAC,strict_two_stage_v3_v1,two_stage_v3,4,53,9053,1200053,station_wake,0,0.0,0.0,0.0,1,1,0,0,1,0,47,0.25,1,33,0.7910088300704956,0.6680893941188208,0.914924144744873,0.6762057931263581,9.385100156068802,22.521321922540665,0.4723436938012993,3.203597098794155,0.0,0.7000000000000001,0.14981177927456366,0.20572506534070562,0.16433345377445222,0.19660882651805878,0.16433345377445222,0.3420512080192566,0.5357536673545837,51,0.02642643993207321,3.040222854061399
station_wake_L0,Smooth stage-aware SAC,strict_two_stage_v3_v1,two_stage_v3,4,54,9054,1200054,station_wake,0,0.0,0.0,0.0,1,1,0,0,1,0,51,0.25,1,35,0.07296174764633179,0.05692191486590386,0.18433250486850739,0.11955577500445858,1.8587648030370474,8.11533504165709,0.2923557795850699,2.304501045272952,0.9736912775095078,0.0,0.12076082267089042,0.15948834516157326,0.06913976222276688,0.10829655826091766,0.06913976222276688,0.34057942032814026,0.4629501700401306,55,0.0704621667439023,1.0231455823601023
station_wake_L0,Smooth stage-aware SAC,strict_two_stage_v3_v1,two_stage_v3,4,55,9055,1200055,station_wake,0,0.0,0.0,0.0,1,1,0,0,1,0,61,0.25,1,47,0.37828412652015686,0.26329981372343025,1.5528583526611328,1.1182075040581168,6.204605912789702,22.114838361740112,0.4323295125533059,2.389270139610418,0.0,0.4,0.12518277474612677,0.18628385947632764,0.07492182478308677,0.12090127915143967,0.07492182478308677,0.4632556289434433,0.653034895658493,65,0.07688321407626533,0.4459365142056534
station_wake_L0,Smooth stage-aware SAC,strict_two_stage_v3_v1,two_stage_v3,4,56,9056,1200056,station_wake,0,0.0,0.0,0.0,1,1,0,0,1,0,59,0.25,1,42,0.21403884887695312,0.12921938840657504,0.5229604244232178,0.375643764756374,2.50280000269413,6.799511909484863,0.19966602252827423,1.2731531376829768,0.0,0.65,0.11367746718347486,0.13838202316516543,0.11659438908100128,0.13450181484222412,0.11659438908100128,0.18537789583206177,0.1973581314086914,63,0.07684427449630231,1.9521957039497588
station_wake_L0,Smooth stage-aware SAC,strict_two_stage_v3_v1,two_stage_v3,4,57,9057,1200057,station_wake,0,0.0,0.0,0.0,1,1,0,0,1,0,41,0.25,1,23,1.0282479524612427,0.9462947763427377,0.6145370006561279,0.46831563595784786,7.706244587898254,17.31635093688965,0.42671807627483993,1.8221955148417346,0.0,0.65,0.1300226978465609,0.16565891835898391,0.0910649448633194,0.13253341615200043,0.0910649448633194,0.41201847791671753,0.6110468506813049,45,0.07446470418836502,0.09915339594371893
station_wake_L0,Smooth stage-aware SAC,strict_two_stage_v3_v1,two_stage_v3,4,58,9058,1200058,station_wake,0,0.0,0.0,0.0,1,1,0,0,1,0,54,0.25,1,38,0.13536179065704346,0.09879433546750326,0.544988363981247,0.3594820351547282,3.8680513203144073,23.09334486722946,0.360173623616113,1.9322376127581908,0.0,0.0,0.1259285071327712,0.15098149817765716,0.08190382942557335,0.10607089102268219,0.08190382942557335,0.20791028439998627,0.27373626828193665,58,0.07593261222106745,1.5491998153236086
station_wake_L0,Smooth stage-aware SAC,strict_two_stage_v3_v1,two_stage_v3,4,59,9059,1200059,station_wake,0,0.0,0.0,0.0,1,1,0,0,1,0,34,0.25,1,15,0.4136570394039154,0.30765685663534403,0.9458774328231812,0.7535989514991975,8.059905804693699,21.527048349380493,0.472699086930754,2.7899560407799417,0.0,0.7000000000000001,0.10832122956429266,0.13361214675444572,0.09715203791856766,0.1056424155831337,0.09715203791856766,0.08853572607040405,0.1108705997467041,38,0.08040702475901051,2.298207110887081
station_wake_L0,Smooth stage-aware SAC,strict_two_stage_v3_v1,two_stage_v3,4,60,9060,1200060,station_wake,0,0.0,0.0,0.0,1,1,0,0,1,0,48,0.25,1,34,0.9448958039283752,0.5719321525507809,1.9326603412628174,1.8343602630621207,1.8530309200286865,8.154091238975525,0.19161649496729916,1.3963106613667,0.0,0.4,0.14449891962630673,0.20589444382449137,0.018359065987169743,0.052984438836574554,0.018359065987169743,0.46444669738411903,0.9427075088024139,52,0.068910473368021,2.1286696494129056
station_wake_L0,Smooth stage-aware SAC,strict_two_stage_v3_v1,two_stage_v3,4,61,9061,1200061,station_wake,0,0.0,0.0,0.0,1,1,0,0,1,0,71,0.25,1,50,0.19683517515659332,0.147271323774375,0.6341336667537689,0.35220136843279554,3.3001668751239777,18.95589066669345,0.274455436904027,1.8372366120171881,0.15304495586697486,0.05,0.08746550185716433,0.10170320564522363,0.020014601573348046,0.02231110818684101,0.020014601573348046,0.041546232998371124,0.0876525416970253,75,0.07919816899410882,0.1852099174941516
station_wake_L0,Smooth stage-aware SAC,strict_two_stage_v3_v1,two_stage_v3,4,62,9062,1200062,station_wake,0,0.0,0.0,0.0,1,1,0,0,1,0,43,0.25,1,30,0.6182295083999634,0.449357618319884,1.5721416473388672,0.9282375487995852,5.931818783283234,24.534621741622686,0.8256347605475107,3.2244024385972905,0.08682426416161122,0.1,0.21724962137660012,0.314773749817222,0.025153102353215218,0.03990922123193741,0.025153102353215218,0.49809566885232925,0.6732426211237907,47,0.05827460961266432,0.19456355473757997
station_wake_L0,Smooth stage-aware SAC,strict_two_stage_v3_v1,two_stage_v3,4,63,9063,1200063,station_wake,0,0.0,0.0,0.0,1,1,0,0,1,0,41,0.25,1,26,0.09859534353017807,0.05682736119639412,0.5239163339138031,0.36666218499516234,2.0577427744865417,10.721703097224236,0.40238383109483505,2.3053959619448223,0.0,0.75,0.1849220938178664,0.23726308732849283,0.15204037427902223,0.18153592944145203,0.15204037427902223,0.26264381408691406,0.33703744411468506,45,0.05628978662762232,3.0756279933978066
station_wake_L0,Smooth stage-aware SAC,strict_two_stage_v3_v1,two_stage_v3,4,64,9064,1200064,station_wake,0,0.0,0.0,0.0,1,1,0,0,1,0,56,0.25,1,43,0.22582389414310455,0.16087572540095124,1.0592088103294373,0.6100157233146215,4.513648748397827,20.748899094760418,0.2760855253187409,1.5666798988548485,0.0,0.65,0.18055076502043996,0.28540651008120327,0.15592181086540222,0.16287750005722046,0.15592181086540222,0.12189799547195435,0.2493453025817871,60,0.03487884416207474,3.1010397122048388
station_wake_L0,Smooth stage-aware SAC,strict_two_stage_v3_v1,two_stage_v3,4,65,9065,1200065,station_wake,0,0.0,0.0,0.0,1,1,0,0,1,0,35,0.25,1,24,0.9905411005020142,0.6744766695271148,1.8298959732055664,1.3771539524482317,5.944980606436729,22.27476179599762,0.4362690008720485,3.160282164496081,1.0070375416979793,0.05,0.3436501626067457,0.4544120716032655,0.0670500211417675,0.08387778699398041,0.0670500211417675,0.3716743588447571,0.7664123922586441,39,0.029529269935956347,0.04661674144653122
station_wake_L0,Smooth stage-aware SAC,strict_two_stage_v3_v1,two_stage_v3,4,66,9066,1200066,station_wake,0,0.0,0.0,0.0,1,1,0,0,1,0,35,0.25,1,19,0.6947992444038391,0.44699078832986394,1.3996350765228271,1.03605354769381,5.231480598449707,24.145567258819938,0.28960728635672184,2.3558105566527017,0.0,0.8,0.17724805443189384,0.20987974325586803,0.2332266628742218,0.28435513377189636,0.2332266628742218,0.502885639667511,0.5360099673271179,39,0.052940314419452295,2.410532986882526
station_wake_L0,Smooth stage-aware SAC,strict_two_stage_v3_v1,two_stage_v3,4,67,9067,1200067,station_wake,0,0.0,0.0,0.0,1,1,0,0,1,0,71,0.25,1,57,0.2931896150112152,0.1786951471903948,1.2832289934158325,0.9857810731295247,3.79096657037735,17.139462307095528,0.22593040650955967,1.4333894090608692,0.0,0.0,0.14760928975473425,0.2081482873641948,0.008400119235739112,0.015204310417175293,0.008400119235739112,0.10425003990530968,0.1818077126517892,75,0.07368443258422788,0.48168078844260775
station_wake_L0,Smooth stage-aware SAC,strict_two_stage_v3_v1,two_stage_v3,4,68,9068,1200068,station_wake,0,0.0,0.0,0.0,1,1,0,0,1,0,56,0.25,1,42,0.1431499421596527,0.08856135790832385,0.7168594375252724,0.4911491000581765,1.9897913932800293,12.885785724502057,0.18383760013745912,1.1930282666301284,0.0,0.4,0.17251566783447492,0.23137530973813125,0.08186759054660797,0.10579591244459152,0.08186759054660797,0.2443007230758667,0.35560593008995056,60,0.06156033056995368,1.7518767143204514
station_wake_L0,Smooth stage-aware SAC,strict_two_stage_v3_v1,two_stage_v3,4,69,9069,1200069,station_wake,0,0.0,0.0,0.0,1,1,0,0,1,0,46,0.25,1,30,0.5689271092414856,0.34125322354661874,1.1778795719146729,1.0378262651192374,2.041184902191162,9.149748682975769,0.20402110230177833,1.4507419480783719,0.9152555940654636,0.0,0.180204933778186,0.23269549778562093,0.00827025743201375,0.011157240718603134,0.00827025743201375,0.08996652252972126,0.18286269158124924,50,0.068824209340235,0.7147960519496421
station_wake_L0,Smooth stage-aware SAC,strict_two_stage_v3_v1,two_stage_v3,4,70,9070,1200070,station_wake,0,0.0,0.0,0.0,1,1,0,0,1,0,40,0.25,1,22,0.2446536272764206,0.17488472604465122,1.3555508852005005,1.0327131958987983,5.554463863372803,24.619388580322266,0.44649778405413376,2.8024186528051347,0.0,0.8500000000000001,0.1134376568932867,0.1405922999496795,0.11776705235242843,0.13314023613929749,0.11776705235242843,0.1569812297821045,0.1989443600177765,44,0.07724498287798694,3.1538541499619623
station_wake_L0,Smooth stage-aware SAC,strict_two_stage_v3_v1,two_stage_v3,4,71,9071,1200071,station_wake,0,0.0,0.0,0.0,1,1,0,0,1,0,32,0.25,1,18,0.2514053285121918,0.13884054896904707,0.7848703861236572,0.5067508919492986,2.824425734579563,12.971278429031372,0.5505754635465344,2.437728081688162,0.0,0.7000000000000001,0.15748124281926215,0.21057461440869504,0.19196111857891082,0.21481627225875854,0.19196111857891082,0.2620953917503357,0.41900932788848877,36,0.05788879180432589,2.3912953321983617
station_wake_L0,Smooth stage-aware SAC,strict_two_stage_v3_v1,two_stage_v3,4,72,9072,1200072,station_wake,0,0.0,0.0,0.0,1,1,0,0,1,0,45,0.25,1,30,0.5960888862609863,0.3805464304702107,1.1240005493164062,0.9164226077921962,1.3035225868225098,6.335783004760742,0.28121477144286017,1.7907257033377633,0.0,0.1,0.200187123833537,0.2730976203629269,0.013285465724766254,0.03857564926147461,0.013285465724766254,0.2893020212650299,0.5565736815333366,49,0.05832491537151992,0.35714288105672404
station_wake_L0,Smooth stage-aware SAC,strict_two_stage_v3_v1,two_stage_v3,4,73,9073,1200073,station_wake,0,0.0,0.0,0.0,1,1,0,0,1,0,40,0.25,1,22,0.195294588804245,0.14187564636093228,1.2359758466482162,0.9153184188700099,5.166462659835815,23.76010000705719,0.44168027437673646,2.411752554623579,0.0,0.8,0.11294949402716406,0.13532658375292686,0.12732652723789215,0.14831022918224335,0.12732652723789215,0.204721599817276,0.2534422278404236,44,0.07274207204273363,2.5938042512303046
station_wake_L0,Smooth stage-aware SAC,strict_two_stage_v3_v1,two_stage_v3,4,74,9074,1200074,station_wake,0,0.0,0.0,0.0,1,1,0,0,1,0,57,0.25,1,40,0.36157745122909546,0.22444678425816034,0.7013466954231262,0.6308383789426163,3.2286783307790756,8.36287796497345,0.21463781886465996,1.398376045735739,0.9892522627077951,0.0,0.1613156568734067,0.1953260364884221,0.010412280075252056,0.01894759014248848,0.010412280075252056,0.09791503846645355,0.21829718723893166,61,0.0700501837844997,0.6534579649951657
station_wake_L0,Smooth stage-aware SAC,strict_two_stage_v3_v1,two_stage_v3,4,75,9075,1200075,station_wake,0,0.0,0.0,0.0,1,1,0,0,1,0,68,0.25,1,50,0.17705321311950684,0.10996109061593756,0.5996999144554138,0.445463602431798,3.2415298372507095,13.77657175064087,0.2947179169277098,1.5342033338518766,0.0,0.0,0.11682229176576195,0.12774925379979932,0.020595137402415274,0.02308478206396103,0.020595137402415274,0.027248911559581757,0.04422340542078018,72,0.07173988220521298,0.19974342612981483
station_wake_L0,Smooth stage-aware SAC,strict_two_stage_v3_v1,two_stage_v3,4,76,9076,1200076,station_wake,0,0.0,0.0,0.0,1,1,0,0,1,0,53,0.25,1,40,0.18348142504692078,0.13454917921954013,0.8752098679542542,0.5593646118623429,4.561181962490082,15.462343245744705,0.2452572368943798,1.2803972026239394,0.0,0.55,0.22380103883107388,0.30877853141894196,0.11448743939399719,0.13275876641273499,0.11448743939399719,0.19054123759269714,0.44860392808914185,57,0.05849022379395182,2.723951798317605
station_wake_L0,Smooth stage-aware SAC,strict_two_stage_v3_v1,two_stage_v3,4,77,9077,1200077,station_wake,0,0.0,0.0,0.0,1,1,0,0,1,0,55,0.25,1,43,0.4535304307937622,0.35589068723623113,1.2055683135986328,0.8027578852070572,7.795380651950836,39.02840852737427,0.5338303621509839,2.8552096239349574,0.0,0.35000000000000003,0.21181902175684475,0.2791678317989817,0.09161594063043595,0.09655456990003586,0.09161594063043595,0.053163379430770874,0.13317808508872986,59,0.06183696732398014,2.352238602976936
station_wake_L0,Smooth stage-aware SAC,strict_two_stage_v3_v1,two_stage_v3,4,78,9078,1200078,station_wake,0,0.0,0.0,0.0,1,1,0,0,1,0,73,0.25,1,57,0.042243871837854385,0.031734554330991406,0.4302889481186867,0.19325478486113232,0.9510606527328491,4.357428289949894,0.145566003474062,1.0667664584106828,0.0,0.0,0.1380005775009896,0.17588699658611967,0.009962324798107148,0.012859679758548737,0.009962324798107148,0.043252184987068176,0.0975971668958664,77,0.0796373590248531,0.00818877482740378
station_wake_L0,Smooth stage-aware SAC,strict_two_stage_v3_v1,two_stage_v3,4,79,9079,1200079,station_wake,0,0.0,0.0,0.0,1,1,0,0,1,0,36,0.25,1,24,1.282066822052002,1.023081880961388,2.3858582973480225,1.777939072460924,9.544893950223923,33.73450517654419,0.7397589055153071,3.485965409261209,0.0,0.30000000000000004,0.22993744866574853,0.30180036375819075,0.04470568858087063,0.07750162482261658,0.04470568858087063,0.3585696518421173,0.6761318445205688,40,0.05168163129704654,1.2258169318282446
station_wake_L0,Smooth stage-aware SAC,strict_two_stage_v3_v1,two_stage_v3,4,80,9080,1200080,station_wake,0,0.0,0.0,0.0,1,1,0,0,1,0,32,0.25,1,13,0.16315871477127075,0.09388139861404812,0.5794374644756317,0.3551337646944796,2.9158228635787964,15.10471910238266,0.38670097477098025,2.1428022057282146,0.0,0.6000000000000001,0.12326629939409846,0.14542395662682955,0.07130965515971184,0.08119352161884308,0.07130965515971184,0.11262352764606476,0.15763550996780396,36,0.069886442043235,1.8278792174229452
station_wake_L0,Smooth stage-aware SAC,strict_two_stage_v3_v1,two_stage_v3,4,81,9081,1200081,station_wake,0,0.0,0.0,0.0,1,1,0,0,1,0,57,0.25,1,43,0.2152831107378006,0.13155354415328235,0.4460720717906952,0.39535323268880945,1.0347899794578552,5.091158151626587,0.11209218898541705,0.8166694084761206,0.6630030476385528,0.15000000000000002,0.17794009563344768,0.2580633472850417,0.023969542235136032,0.04084281623363495,0.023969542235136032,0.40606245398521423,0.7748620957136154,61,0.06637475292752382,0.3196646459050856
station_wake_L0,Smooth stage-aware SAC,strict_two_stage_v3_v1,two_stage_v3,4,82,9082,1200082,station_wake,0,0.0,0.0,0.0,1,1,0,0,1,0,46,0.25,1,29,0.1829133778810501,0.09828967228607016,0.5550806224346161,0.42273711849828755,3.8206537067890167,12.704464346170425,0.40425858228264117,2.2244495263521364,0.0,0.8500000000000001,0.12324399139751396,0.17795601392728955,0.18732593059539795,0.21605531871318817,0.18732593059539795,0.26937127113342285,0.3298899531364441,50,0.048826032231874435,2.444526411494856
station_wake_L0,Smooth stage-aware SAC,strict_two_stage_v3_v1,two_stage_v3,4,83,9083,1200083,station_wake,0,0.0,0.0,0.0,1,1,0,0,1,0,46,0.25,1,27,0.7448272109031677,0.5290041795957654,1.333533525466919,0.9102511574928212,1.9340938329696655,10.630901455879211,0.25933719478522615,1.2950894752500788,0.0,0.9500000000000001,0.0870361676896764,0.11045982763038018,0.16170027554035188,0.1934722661972046,0.16170027554035188,0.3112490177154541,0.346752405166626,50,0.06310230911074238,3.126816419245644
station_wake_L0,Smooth stage-aware SAC,strict_two_stage_v3_v1,two_stage_v3,4,84,9084,1200084,station_wake,0,0.0,0.0,0.0,1,1,0,0,1,0,35,0.25,1,21,0.08446794003248215,0.0637499191305597,0.5194012075662613,0.2727388439409792,1.508646309375763,9.770818054676056,0.3485893466902035,2.4015462204230604,0.0,0.6000000000000001,0.24723549000131212,0.334621904449473,0.14339725524187089,0.1664963811635971,0.14339725524187089,0.41128823161125183,0.6087014079093933,39,0.05033653720681679,2.5137655332151563
station_wake_L0,Smooth stage-aware SAC,strict_two_stage_v3_v1,two_stage_v3,4,85,9085,1200085,station_wake,0,0.0,0.0,0.0,1,1,0,0,1,0,58,0.25,1,42,0.03271057456731796,0.015362669869296738,0.22411763668060303,0.13292295154770986,1.1680801957845688,6.228313893079758,0.09800370519184441,0.5748031959516806,0.0,0.55,0.16110718644668326,0.21045406316172133,0.1122206911444664,0.11768875271081924,0.1122206911444664,0.16335159540176392,0.3496690094470978,62,0.0680463316577889,2.555258718979572
station_wake_L0,Smooth stage-aware SAC,strict_two_stage_v3_v1,two_stage_v3,4,86,9086,1200086,station_wake,0,0.0,0.0,0.0,1,1,0,0,1,0,33,0.25,1,10,1.1087576150894165,0.8444064630667406,1.6023379564285278,1.2954999987572424,0.6401026248931885,1.4104318618774414,0.200924991543356,1.5008692920573314,0.0,1.1500000000000001,0.10525421079374923,0.1260097067786972,0.1845409244298935,0.23210330307483673,0.1845409244298935,0.468997061252594,0.5169352889060974,37,0.04908237619093378,2.693044765436474
station_wake_L0,Smooth stage-aware SAC,strict_two_stage_v3_v1,two_stage_v3,4,87,9087,1200087,station_wake,0,0.0,0.0,0.0,1,1,0,0,1,0,50,0.25,1,36,0.1520462930202484,0.11662615987640781,0.30997902154922485,0.19348183456703016,0.9180381335318089,5.097300745546818,0.2681792468236861,1.1709518781201724,0.0,0.0,0.18973041073646313,0.25488272472408235,0.12228849083185196,0.1367187649011612,0.12228849083185196,0.3882575035095215,0.8947736024856567,54,0.07035551738369378,0.20567565886738245
station_wake_L0,Smooth stage-aware SAC,strict_two_stage_v3_v1,two_stage_v3,4,88,9088,1200088,station_wake,0,0.0,0.0,0.0,1,1,0,0,1,0,46,0.25,1,32,0.16293516755104065,0.11504551458431783,0.9527359902858734,0.47387711612086947,5.182041525840759,21.08763301745057,0.5387723840363479,2.1467369003899988,1.7312461279324278,0.0,0.18281662698353657,0.2579374452321704,0.04894280061125755,0.06358679383993149,0.04894280061125755,0.12819963693618774,0.179084911942482,50,0.0660946332193251,0.4076837729547325
station_wake_L0,Smooth stage-aware SAC,strict_two_stage_v3_v1,two_stage_v3,4,89,9089,1200089,station_wake,0,0.0,0.0,0.0,1,1,0,0,1,0,55,0.25,1,41,0.19582882523536682,0.13932311251901922,0.5334247648715973,0.43489192881872446,2.870419528335333,9.135341942310333,0.20744649192847095,1.3019775718512374,3.167693820767701,0.0,0.1911749690955268,0.26512340120927275,0.05348687209188938,0.07353579998016357,0.05348687209188938,0.2793436646461487,0.48016507178545,59,0.062430981701242144,2.3909516883057456
station_wake_L0,Smooth stage-aware SAC,strict_two_stage_v3_v1,two_stage_v3,4,90,9090,1200090,station_wake,0,0.0,0.0,0.0,1,1,0,0,1,0,31,0.25,0,-1,nan,nan,nan,nan,nan,nan,nan,nan,0.0,nan,0.056102375544229144,0.06642487603186653,0.22145339250564575,0.2908821403980255,0.22145339250564575,0.7053338289260864,0.9483087062835693,35,0.04258077431722924,1.9174688877752983
station_wake_L0,Smooth stage-aware SAC,strict_two_stage_v3_v1,two_stage_v3,4,91,9091,1200091,station_wake,0,0.0,0.0,0.0,1,1,0,0,1,0,54,0.25,1,41,0.2652421295642853,0.1422713033677944,1.455875039100647,0.6534256392064295,3.1466037034988403,13.219306319952011,0.3252229867835219,1.2703273313725383,0.0,0.0,0.20595988262956885,0.2937598791626659,0.08020369559526444,0.09419077634811401,0.08020369559526444,0.11795729398727417,0.2264726161956787,58,0.06630926567437072,1.1088200602141574
station_wake_L0,Smooth stage-aware SAC,strict_two_stage_v3_v1,two_stage_v3,4,92,9092,1200092,station_wake,0,0.0,0.0,0.0,1,1,0,0,1,0,62,0.25,1,45,0.18612883985042572,0.09524068505257281,0.7859086990356445,0.5893255714401913,2.6002275943756104,10.092472434043884,0.16444106231797584,1.0393095223734412,0.0,0.7000000000000001,0.1365234306804592,0.1669570263169902,0.14107797890901566,0.17719502747058868,0.14107797890901566,0.3245179057121277,0.3948381543159485,66,0.07418064573545906,1.5765143821447243
station_wake_L0,Smooth stage-aware SAC,strict_two_stage_v3_v1,two_stage_v3,4,93,9093,1200093,station_wake,0,0.0,0.0,0.0,1,1,0,0,1,0,67,0.25,1,50,0.5740724802017212,0.3333742593671276,1.292632818222046,1.1681189639170715,1.7315113544464111,8.009658455848694,0.19728404034172847,0.9709930166071178,0.0,0.45,0.13887471917165015,0.17035468656448283,0.030661772936582565,0.04699196293950081,0.030661772936582565,0.17146402597427368,0.28001338243484497,71,0.06947337069470924,0.5670457199890436
station_wake_L0,Smooth stage-aware SAC,strict_two_stage_v3_v1,two_stage_v3,4,94,9094,1200094,station_wake,0,0.0,0.0,0.0,1,1,0,0,1,0,58,0.25,1,45,0.051166243851184845,0.02784650843790628,0.6135040521621704,0.31301843266582463,3.3098164200782776,11.838910169899464,0.35977268795340744,1.8785347418444125,0.0,0.0,0.16176756770912953,0.24495643287361996,0.054587119817733766,0.07631410658359528,0.054587119817733766,0.194449320435524,0.34039951860904694,62,0.06918593014079163,1.8005704135739418
station_wake_L0,Smooth stage-aware SAC,strict_two_stage_v3_v1,two_stage_v3,4,95,9095,1200095,station_wake,0,0.0,0.0,0.0,1,1,0,0,1,0,51,0.25,1,39,0.10089840739965439,0.08030731637545499,0.19511252641677856,0.12685472415505983,2.153918147087097,7.151582986116409,0.2483056682516236,1.9498323235763613,0.8799415417049408,0.0,0.25401131769865115,0.35828517288739614,0.03891067467629909,0.0638195350766182,0.03891067467629909,0.3173217177391052,0.4316026344895363,55,0.04919782978677388,0.3225871664570577
station_wake_L0,Smooth stage-aware SAC,strict_two_stage_v3_v1,two_stage_v3,4,96,9096,1200096,station_wake,0,0.0,0.0,0.0,1,1,0,0,1,0,46,0.25,1,32,0.11625856906175613,0.0886954024384895,0.84025539457798,0.5044951132220632,3.0030785501003265,13.744642287492752,0.42517285802971744,2.216848680317739,0.0,0.4,0.15660106398756168,0.21311143558554793,0.07748831659555436,0.08854474872350693,0.07748831659555436,0.15010854601860046,0.33610835671424866,50,0.06737941720402128,2.219109464873514
station_wake_L0,Smooth stage-aware SAC,strict_two_stage_v3_v1,two_stage_v3,4,97,9097,1200097,station_wake,0,0.0,0.0,0.0,1,1,0,0,1,0,55,0.25,1,40,0.18746718764305115,0.16119137821728202,0.61613529920578,0.3769280629863981,1.5382570028305054,8.085732609033585,0.19922816149776276,1.1629968722456117,0.0,0.7000000000000001,0.14508145005371156,0.19437436396048788,0.14665312170982361,0.16665473580360413,0.14665312170982361,0.21966177225112915,0.25319159030914307,59,0.06751242180792039,2.7899371886720403
station_wake_L0,Smooth stage-aware SAC,strict_two_stage_v3_v1,two_stage_v3,4,98,9098,1200098,station_wake,0,0.0,0.0,0.0,1,1,0,0,1,0,72,0.25,1,57,0.1576399952173233,0.10712216121255524,0.5840601027011871,0.3962518715641706,3.9612589683383703,16.261797361075878,0.20680402187037333,1.57582398523555,0.0,0.6000000000000001,0.14561740424870742,0.17817397871148893,0.11896141320466995,0.15127603709697723,0.11896141320466995,0.30350393056869507,0.39909571409225464,76,0.07050519329555958,1.7716075300070315
station_wake_L0,Smooth stage-aware SAC,strict_two_stage_v3_v1,two_stage_v3,4,99,9099,1200099,station_wake,0,0.0,0.0,0.0,1,1,0,0,1,0,39,0.25,1,23,0.648674488067627,0.48899758734301485,0.9461712837219238,0.7407671829384916,1.878608912229538,11.92966278642416,0.2986428453685816,1.947259375072919,0.0,0.8,0.14667085916786463,0.19226394890300005,0.17368138432502747,0.2060316652059555,0.17368138432502747,0.30198538303375244,0.36914974451065063,43,0.05442000669725352,2.587839575094179
station_wake_L5,Hard-switch stage-aware SAC,strict_hard_switch_v1,hard_switch_v1,0,0,9000,1250000,station_wake,5,0.0,0.0,0.1,1,1,0,0,1,0,48,0.25,1,34,0.1539272665977478,0.10884378746158486,0.6915023922920227,0.4719211636557066,2.7190354466438293,11.63157282397151,0.298279081286945,1.9319455723283163,0.0,0.7000000000000001,0.16015267403884137,0.21466929636212212,0.18867941200733185,0.23528152704238892,0.18867941200733185,0.4362184405326843,0.5509912967681885,52,0.05248114763076763,2.300661923563466
station_wake_L5,Hard-switch stage-aware SAC,strict_hard_switch_v1,hard_switch_v1,0,1,9001,1250001,station_wake,5,0.0,0.0,0.1,1,1,0,0,1,0,44,0.25,1,28,0.8996909856796265,0.5148935070744609,2.3282629251480103,1.8164993985040985,8.743088841438293,31.187222450971603,0.7565827057543139,2.9220798513762554,0.0,0.0,0.16426528832701628,0.19824616667875358,0.06164510697126389,0.07231443375349045,0.06164510697126389,0.1121511161327362,0.1355944573879242,48,0.07058191725142243,0.8897721582721461
station_wake_L5,Hard-switch stage-aware SAC,strict_hard_switch_v1,hard_switch_v1,0,2,9002,1250002,station_wake,5,0.0,0.0,0.1,1,1,0,0,1,0,43,0.25,1,28,0.44668272137641907,0.2465386426586202,1.1881065368652344,0.8620317131368573,2.3873786628246307,9.698635190725327,0.2522237747386028,1.7415928570018153,0.0,0.0,0.14986866171297286,0.20030779267736443,0.026549556106328965,0.03141340613365173,0.026549556106328965,0.10199881345033646,0.22132664918899536,47,0.07117069501890061,2.05380181148628
station_wake_L5,Hard-switch stage-aware SAC,strict_hard_switch_v1,hard_switch_v1,0,3,9003,1250003,station_wake,5,0.0,0.0,0.1,1,1,0,0,1,0,53,0.25,1,40,0.24540141224861145,0.2394500351632755,0.15354901552200317,0.0749331963212544,0.834413543343544,3.9020606130361557,0.21758411955133888,1.5750750946681569,0.0,0.30000000000000004,0.16955739378192522,0.22928501801293386,0.05889757350087166,0.07122978568077087,0.05889757350087166,0.10104802250862122,0.21116763353347778,57,0.05479517350519595,2.175940321441506
station_wake_L5,Hard-switch stage-aware SAC,strict_hard_switch_v1,hard_switch_v1,0,4,9004,1250004,station_wake,5,0.0,0.0,0.1,1,1,0,0,1,0,60,0.25,1,40,0.15186269581317902,0.12557521932327306,0.6095370650291443,0.2990469786166436,5.124648264609277,23.585196137428284,0.42614629980764696,1.9741841892603857,0.0,0.55,0.1413564739987156,0.16487873054987862,0.07950036823749543,0.09626483172178268,0.07950036823749543,0.16127076745033264,0.17824560403823853,64,0.08156290164533724,0.6906559222669956
station_wake_L5,Hard-switch stage-aware SAC,strict_hard_switch_v1,hard_switch_v1,0,5,9005,1250005,station_wake,5,0.0,0.0,0.1,1,1,0,0,1,0,61,0.25,1,39,0.30444416403770447,0.2272734595344554,1.404302567243576,0.835813396668451,2.9495131969451904,13.601098209619522,0.17753814361710038,1.1197522717720696,0.6851730412716207,0.5,0.14428990611637463,0.16583405831870865,0.03865383751690388,0.05527999997138977,0.03865383751690388,0.16266215592622757,0.1801195740699768,65,0.08636092713436913,0.6851730412716207
station_wake_L5,Hard-switch stage-aware SAC,strict_hard_switch_v1,hard_switch_v1,0,6,9006,1250006,station_wake,5,0.0,0.0,0.1,1,1,0,0,1,0,30,0.25,0,-1,nan,nan,nan,nan,nan,nan,nan,nan,0.0,nan,0.14773342483753954,0.1836086163478312,0.2072896808385849,0.2540953755378723,0.2072896808385849,0.46135228872299194,0.5491888523101807,34,0.07010638018560178,2.4002236701040376
station_wake_L5,Hard-switch stage-aware SAC,strict_hard_switch_v1,hard_switch_v1,0,7,9007,1250007,station_wake,5,0.0,0.0,0.1,1,1,0,0,1,0,61,0.25,1,45,0.21396417915821075,0.11747326160091923,0.7396023347973824,0.5157092944338797,3.207620158791542,16.043056845664978,0.524167824798183,2.1600822450027346,0.0,0.8,0.2058668259997633,0.25599873473055107,0.1706191211938858,0.24251921474933624,0.1706191211938858,0.6523716449737549,0.8261498808860779,65,0.06651854336972118,2.6095664068439897
station_wake_L5,Hard-switch stage-aware SAC,strict_hard_switch_v1,hard_switch_v1,0,8,9008,1250008,station_wake,5,0.0,0.0,0.1,1,1,0,0,1,0,38,0.25,1,24,0.10156869888305664,0.07503736700888641,0.5611325427889824,0.29486444247006643,2.8821473568677902,13.14921960234642,0.5208020243057072,2.6735268108021946,0.0,0.05,0.13612356842312773,0.19676884498388947,0.02840975485742092,0.04414643719792366,0.02840975485742092,0.13378384709358215,0.23192092776298523,42,0.055301560792763785,1.549976109011463
station_wake_L5,Hard-switch stage-aware SAC,strict_hard_switch_v1,hard_switch_v1,0,9,9009,1250009,station_wake,5,0.0,0.0,0.1,1,1,0,0,1,0,44,0.25,1,25,0.25980451703071594,0.21208705491886898,0.7419249415397644,0.4604235358863512,3.34242582321167,17.68014505505562,0.30767114095515374,1.8710617211755336,2.1544388859343058,0.0,0.16465431326717123,0.1922484332553634,0.04357830360531807,0.046633053570985794,0.04357830360531807,0.045147448778152466,0.06116732954978943,48,0.07727358828399325,1.1377775009740727
station_wake_L5,Hard-switch stage-aware SAC,strict_hard_switch_v1,hard_switch_v1,0,10,9010,1250010,station_wake,5,0.0,0.0,0.1,1,1,0,0,1,0,35,0.25,0,-1,nan,nan,nan,nan,nan,nan,nan,nan,0.0,nan,0.08395190603927823,0.08745714597736548,0.14964529275894164,0.20360177755355835,0.14964529275894164,0.5438170433044434,0.6843006610870361,39,0.030987383628737895,3.150836273565875
station_wake_L5,Hard-switch stage-aware SAC,strict_hard_switch_v1,hard_switch_v1,0,11,9011,1250011,station_wake,5,0.0,0.0,0.1,1,1,0,0,1,0,54,0.25,1,31,0.5733305811882019,0.3249513631439517,2.0052409172058105,1.1412311302830722,4.1377196460962296,17.486629718914628,0.465256318523253,2.609093592520007,0.0,0.30000000000000004,0.12726462235991956,0.14203110604598246,0.030972811952233316,0.03999036177992821,0.030972811952233316,0.08082928508520126,0.12330248951911926,58,0.08793712915317117,0.5718953143823113
station_wake_L5,Hard-switch stage-aware SAC,strict_hard_switch_v1,hard_switch_v1,0,12,9012,1250012,station_wake,5,0.0,0.0,0.1,1,1,0,0,1,0,55,0.25,1,39,0.4786921739578247,0.2747094458346832,1.7456650733947754,1.6232713707947521,2.403966188430786,10.134000182151794,0.5150921482561843,2.447432844913279,0.0,0.6000000000000001,0.17774688526406282,0.21718583721516874,0.06456225626170635,0.16473114490509033,0.06456225626170635,1.060837559401989,1.382330060005188,59,0.06644558380526976,1.177565700766924
station_wake_L5,Hard-switch stage-aware SAC,strict_hard_switch_v1,hard_switch_v1,0,13,9013,1250013,station_wake,5,0.0,0.0,0.1,1,1,0,0,1,0,61,0.25,1,42,0.3806907534599304,0.24609222792111493,1.9408106803894043,1.5492645846149182,3.204367160797119,14.34668481349945,0.47098988936093766,2.3496162642683713,0.0,0.7000000000000001,0.1577229897686076,0.1821917314876273,0.10887914299964904,0.14136411249637604,0.10887914299964904,0.34641873836517334,0.5683615803718567,65,0.08238210967305191,0.2599765032024169
station_wake_L5,Hard-switch stage-aware SAC,strict_hard_switch_v1,hard_switch_v1,0,14,9014,1250014,station_wake,5,0.0,0.0,0.1,1,1,0,0,1,0,52,0.25,1,34,0.3760428726673126,0.21459460822335225,1.1789536476135254,0.8865375443481298,5.928593575954437,21.94507122039795,0.38695760909863347,2.69362922860155,0.0,0.9,0.10659219497805214,0.13934400164902483,0.20122404396533966,0.2474299520254135,0.20122404396533966,0.4229274392127991,0.4975053668022156,56,0.06635826483239181,2.61278812169812
station_wake_L5,Hard-switch stage-aware SAC,strict_hard_switch_v1,hard_switch_v1,0,15,9015,1250015,station_wake,5,0.0,0.0,0.1,1,1,0,0,1,0,56,0.25,1,36,0.37371230125427246,0.2369959495226046,0.8146840333938599,0.5769945967464841,1.2934774160385132,7.145486623048782,0.3680349974970874,1.464400631976899,0.46363873702831326,0.0,0.14818632452545907,0.17344884405707792,0.004378978814929724,0.008797364309430122,0.004378978814929724,0.08156784437596798,0.12006089091300964,60,0.08388444034844769,0.4364914031201571
station_wake_L5,Hard-switch stage-aware SAC,strict_hard_switch_v1,hard_switch_v1,0,16,9016,1250016,station_wake,5,0.0,0.0,0.1,1,1,0,0,1,0,35,0.25,1,16,1.3943839073181152,1.1751985355653822,1.347583532333374,1.079686768770855,2.552313804626465,3.6292660236358643,0.2777027681604169,1.8783879733628128,0.0,0.9500000000000001,0.14609777676080998,0.18111050627192027,0.20643407702445984,0.25617778301239014,0.20643407702445984,0.5085926055908203,0.6605637073516846,39,0.07258131685979738,2.659868615647018
station_wake_L5,Hard-switch stage-aware SAC,strict_hard_switch_v1,hard_switch_v1,0,17,9017,1250017,station_wake,5,0.0,0.0,0.1,1,1,0,0,1,0,51,0.25,1,32,0.43022504448890686,0.295841114461912,1.0229650139808655,0.7484058716230311,2.812259793281555,11.759377717971802,0.4202936945193294,1.772865102554224,0.0,0.8500000000000001,0.16323268818295372,0.1973525039593101,0.1223115012049675,0.17624735832214355,0.1223115012049675,0.5366115868091583,0.8375656604766846,55,0.07731595154025982,2.445475167459253
station_wake_L5,Hard-switch stage-aware SAC,strict_hard_switch_v1,hard_switch_v1,0,18,9018,1250018,station_wake,5,0.0,0.0,0.1,1,1,0,0,1,0,61,0.25,1,33,0.315624475479126,0.29843175295271746,0.7274538278579712,0.3011351571679996,4.223716109991074,21.19017732795328,0.32312023486292474,1.6777571563628713,2.8274543505658625,0.35000000000000003,0.14301269544831188,0.1581212849486371,0.008647620398551225,0.014008449390530586,0.008647620398551225,0.05839561112225056,0.08811146020889282,65,0.08363384994932728,2.8274543505658625
station_wake_L5,Hard-switch stage-aware SAC,strict_hard_switch_v1,hard_switch_v1,0,19,9019,1250019,station_wake,5,0.0,0.0,0.1,1,1,0,0,1,0,40,0.25,1,28,0.08836495131254196,0.04997423269711522,0.7802971452474594,0.45149719273824296,4.738116264343262,25.453690886497498,0.34780732781836426,2.9475050312928266,0.0,0.0,0.23025409118205015,0.32238491498162164,0.02061310298740864,0.03289046883583069,0.02061310298740864,0.3154993951320648,0.5116612464189529,44,0.061899220160755886,0.42709498381292366
station_wake_L5,Hard-switch stage-aware SAC,strict_hard_switch_v1,hard_switch_v1,0,20,9020,1250020,station_wake,5,0.0,0.0,0.1,1,1,0,0,1,0,38,0.25,1,18,1.1280847787857056,0.9314522308638112,1.7866361141204834,1.3761170392813966,14.822403490543365,31.643452644348145,1.1194101490968018,3.8952498640129125,0.0,0.55,0.13533473199040705,0.14791476101193973,0.07185953035950661,0.08486271649599075,0.07185953035950661,0.1356060951948166,0.1561690866947174,42,0.07598643536113794,0.4281207128076156
station_wake_L5,Hard-switch stage-aware SAC,strict_hard_switch_v1,hard_switch_v1,0,21,9021,1250021,station_wake,5,0.0,0.0,0.1,1,1,0,0,1,0,65,0.25,1,41,0.29253271222114563,0.16586156400995353,1.339225172996521,1.0851270058414664,0.993126630783081,5.8357954025268555,0.2921484112811438,1.9340996503220953,5.57932668155001,0.9,0.1336126846334483,0.1504992449418884,0.05100329592823982,0.06643522530794144,0.05100329592823982,0.15786601603031158,0.2279151976108551,69,0.08839734174530865,2.718291279042957
station_wake_L5,Hard-switch stage-aware SAC,strict_hard_switch_v1,hard_switch_v1,0,22,9022,1250022,station_wake,5,0.0,0.0,0.1,1,1,0,0,1,0,38,0.25,1,20,0.17870807647705078,0.1261350134006741,0.95833420753479,0.500564649733312,4.906787946820259,23.207474276423454,0.3058316515773169,2.5120569275372415,1.901113999807703,0.0,0.19993748146987386,0.22243624092182063,0.040019065141677856,0.05618696287274361,0.040019065141677856,0.16332601010799408,0.17832502722740173,42,0.06930301466569491,1.901113999807703
station_wake_L5,Hard-switch stage-aware SAC,strict_hard_switch_v1,hard_switch_v1,0,23,9023,1250023,station_wake,5,0.0,0.0,0.1,1,1,0,0,1,0,60,0.25,1,43,0.04659837484359741,0.026939618800105185,0.38751333951950073,0.2923122899168287,2.9092053323984146,8.718203753232956,0.17313850532161504,1.0268701541542364,0.0,0.0,0.15164698170880497,0.16584085102063467,0.04538131952285766,0.06620258837938309,0.04538131952285766,0.2047467678785324,0.24347104132175446,64,0.07711744112017879,2.2967087381379097
station_wake_L5,Hard-switch stage-aware SAC,strict_hard_switch_v1,hard_switch_v1,0,24,9024,1250024,station_wake,5,0.0,0.0,0.1,1,1,0,0,1,0,54,0.25,1,37,0.12884074449539185,0.09666944510222966,0.7006075233221054,0.38784945034726653,2.4678880721330643,15.357847809791565,0.38928182341174383,2.496137349334713,0.0,0.05,0.15219197101524534,0.17035439662444876,0.06467183828353881,0.08440017700195312,0.06467183828353881,0.2044690102338791,0.2986477315425873,58,0.07600754119966135,0.8186301885377626
station_wake_L5,Hard-switch stage-aware SAC,strict_hard_switch_v1,hard_switch_v1,0,25,9025,1250025,station_wake,5,0.0,0.0,0.1,1,1,0,0,1,0,39,0.25,1,22,0.5098350048065186,0.3853416850037581,0.9192019701004028,0.5616587302920653,4.607078582048416,19.154530689120293,0.6297532593682186,2.573185203043531,0.0,0.4,0.12836913466248434,0.15686252640992854,0.028249098919332027,0.05070645362138748,0.028249098919332027,0.23345519974827766,0.3360198438167572,43,0.0602238046264822,1.5837896008278458
station_wake_L5,Hard-switch stage-aware SAC,strict_hard_switch_v1,hard_switch_v1,0,26,9026,1250026,station_wake,5,0.0,0.0,0.1,1,1,0,0,1,0,35,0.25,1,22,0.8757015466690063,0.7888216469759695,1.7719388008117676,0.8266702717519646,7.4243817664682865,25.7177222520113,0.5604679364670686,3.190046232133887,0.9073965009300119,0.30000000000000004,0.17787136621445487,0.23134372414340282,0.08898291289806366,0.12564614415168762,0.08898291289806366,0.40191230177879333,0.5941915512084961,39,0.05779091110661405,0.9073965009300119
station_wake_L5,Hard-switch stage-aware SAC,strict_hard_switch_v1,hard_switch_v1,0,27,9027,1250027,station_wake,5,0.0,0.0,0.1,1,1,0,0,1,0,37,0.25,1,20,0.41347965598106384,0.3863967130823883,0.612483024597168,0.37370221727693165,3.267310857772827,16.220023930072784,0.4029226762735147,2.2335160643817256,2.095293930033638,0.15000000000000002,0.16174098048178556,0.18687583308525607,0.03344992958009243,0.0382627435028553,0.03344992958009243,0.07858385145664215,0.14372672885656357,41,0.07621893850475787,1.5367194588844086
station_wake_L5,Hard-switch stage-aware SAC,strict_hard_switch_v1,hard_switch_v1,0,28,9028,1250028,station_wake,5,0.0,0.0,0.1,1,1,0,0,1,0,46,0.25,1,26,0.33841022849082947,0.2563234111557161,0.46316295862197876,0.3394432564192013,2.542998641729355,11.19627982378006,0.4029744226711355,2.4487253126907214,0.0,1.0,0.11106255936297434,0.1273819008644542,0.16131172478199005,0.19156858325004578,0.16131172478199005,0.3245883584022522,0.4619750380516052,50,0.05788027127555671,2.9018415139296483
station_wake_L5,Hard-switch stage-aware SAC,strict_hard_switch_v1,hard_switch_v1,0,29,9029,1250029,station_wake,5,0.0,0.0,0.1,1,1,0,0,1,0,44,0.25,1,24,0.728277862071991,0.6429987445454501,0.9212398529052734,0.5707502376214796,3.8207130134105682,11.993253231048584,0.37585044675722545,2.139465035755512,0.5378589342834039,0.5,0.13308110397869605,0.15387894234178282,0.05551858544349671,0.07181467115879059,0.05551858544349671,0.16050824522972107,0.20749732851982117,48,0.08183219351041007,0.5378589342834039
station_wake_L5,Hard-switch stage-aware SAC,strict_hard_switch_v1,hard_switch_v1,0,30,9030,1250030,station_wake,5,0.0,0.0,0.1,1,1,0,0,1,0,47,0.25,1,31,0.4361720383167267,0.23248610488360114,1.3940167427062988,1.0925563637329507,5.472084283828735,16.150816828012466,0.5615403736359951,2.734879064519336,0.0,0.0,0.15570425538760482,0.18324935009688317,0.02152106575667858,0.026197178289294243,0.02152106575667858,0.12447032332420349,0.34431640058755875,51,0.06512772114702733,1.2391292906857168
station_wake_L5,Hard-switch stage-aware SAC,strict_hard_switch_v1,hard_switch_v1,0,31,9031,1250031,station_wake,5,0.0,0.0,0.1,1,1,0,0,1,0,51,0.25,1,39,0.2722330391407013,0.13237267199122268,1.0848033428192139,0.8104195535335539,4.184676259756088,13.068924667313695,0.43039827996259444,1.9905421557086664,0.0,0.0,0.20014708069693396,0.29609912480011835,0.02407875619828701,0.045736610889434814,0.02407875619828701,0.2732086777687073,0.4820443317294121,55,0.05821812357686042,1.307722852807745
station_wake_L5,Hard-switch stage-aware SAC,strict_hard_switch_v1,hard_switch_v1,0,32,9032,1250032,station_wake,5,0.0,0.0,0.1,1,1,0,0,1,0,59,0.25,1,40,0.5263084769248962,0.45697525321722576,0.9371620416641235,0.71162181702555,3.972165286540985,19.047128558158875,0.2921081276551405,2.030664985577225,1.741260039029313,0.15000000000000002,0.14843991283513072,0.1656449898855268,0.03677968643605709,0.046475037932395935,0.03677968643605709,0.11816034466028214,0.2116546779870987,63,0.08232767693551311,0.5553738871928439
station_wake_L5,Hard-switch stage-aware SAC,strict_hard_switch_v1,hard_switch_v1,0,33,9033,1250033,station_wake,5,0.0,0.0,0.1,1,1,0,0,1,0,38,0.25,0,-1,nan,nan,nan,nan,nan,nan,nan,nan,0.0,nan,0.08649320850501155,0.09049708660284515,0.2058332234621048,0.25717076659202576,0.2058332234621048,0.5350750684738159,0.7232034206390381,42,0.055546204459007126,2.666599980517477
station_wake_L5,Hard-switch stage-aware SAC,strict_hard_switch_v1,hard_switch_v1,0,34,9034,1250034,station_wake,5,0.0,0.0,0.1,1,1,0,0,1,0,37,0.25,1,22,1.2309163808822632,1.043229687834606,1.7133724689483643,1.2273770139928113,9.822502881288528,29.140546917915344,0.5746393271350341,3.3249826952257995,0.0,0.75,0.1752164758758652,0.24467683923435551,0.265339595079422,0.35629329085350037,0.265339595079422,0.8592484593391418,1.0014936327934265,41,0.044164503944470884,2.2074531067246523
station_wake_L5,Hard-switch stage-aware SAC,strict_hard_switch_v1,hard_switch_v1,0,35,9035,1250035,station_wake,5,0.0,0.0,0.1,1,1,0,0,1,0,60,0.25,1,43,0.2451658695936203,0.1776209229900941,1.6318386793136597,1.1541980444204807,2.6763999462127686,13.487769663333893,0.21969264534133578,1.8606446333996527,0.0,0.45,0.17641757505857839,0.21437936043641995,0.04682649224996567,0.051935482770204544,0.04682649224996567,0.07112585008144379,0.13165518641471863,64,0.07597302710081001,2.3001152949864534
station_wake_L5,Hard-switch stage-aware SAC,strict_hard_switch_v1,hard_switch_v1,0,36,9036,1250036,station_wake,5,0.0,0.0,0.1,1,1,0,0,1,0,37,0.25,1,13,1.1523510217666626,0.9431660355213431,1.3599205017089844,1.0363303260735213,0.6787800788879395,3.294215202331543,0.26257174301299985,1.754662513202871,0.0,1.2000000000000002,0.05521477130776611,0.06476112517408739,0.20623323321342468,0.26504260301589966,0.20623323321342468,0.5857276916503906,0.6789612770080566,41,0.03710937305035744,2.7439130261669673
station_wake_L5,Hard-switch stage-aware SAC,strict_hard_switch_v1,hard_switch_v1,0,37,9037,1250037,station_wake,5,0.0,0.0,0.1,1,1,0,0,1,0,44,0.25,1,28,1.2041817903518677,0.8021319223257566,2.119476795196533,1.6542585189427095,5.643755346536636,21.46494448184967,0.37386599840648377,2.6389333617453032,0.0,0.2,0.19929776927666507,0.2464479566376502,0.03543869294226169,0.04571313410997391,0.03543869294226169,0.26781613379716873,0.6695564836263657,48,0.06931696839757642,1.0181907070040812
station_wake_L5,Hard-switch stage-aware SAC,strict_hard_switch_v1,hard_switch_v1,0,38,9038,1250038,station_wake,5,0.0,0.0,0.1,1,1,0,0,1,0,65,0.25,1,47,0.1662491261959076,0.07540314127740337,0.7066690921783447,0.43242724613518174,2.4829839169979095,12.76101253926754,0.3294167467532043,1.7885556520968007,0.0,0.4,0.1318907075945218,0.1503908725967768,0.04387898594141006,0.05633699521422386,0.04387898594141006,0.12346312403678894,0.13992272317409515,69,0.0756054991989527,0.03932149910336258
station_wake_L5,Hard-switch stage-aware SAC,strict_hard_switch_v1,hard_switch_v1,0,39,9039,1250039,station_wake,5,0.0,0.0,0.1,1,1,0,0,1,0,61,0.25,1,46,0.39105144143104553,0.19290979113343948,1.3763833045959473,1.1004808231366396,1.0452139377593994,5.653020143508911,0.2611145811013103,1.151165020247752,0.3711123788175455,0.0,0.1652973511867292,0.21124223885828547,0.01026085065677762,0.016240742057561874,0.01026085065677762,0.08425580710172653,0.11390103958547115,65,0.07699298636184089,0.1752238340820492
station_wake_L5,Hard-switch stage-aware SAC,strict_hard_switch_v1,hard_switch_v1,0,40,9040,1250040,station_wake,5,0.0,0.0,0.1,1,1,0,0,1,0,65,0.25,1,46,0.7339616417884827,0.6258010723820828,0.5984306335449219,0.48599489959970615,6.315755844116211,17.411753023043275,0.3671296105280193,1.7818379279926588,0.0,0.7000000000000001,0.1405019215323739,0.1718190900008555,0.007187713123857975,0.018655603751540184,0.007187713123857975,0.15401333570480347,0.3052068129181862,69,0.0803246387584964,3.7504201609872125
station_wake_L5,Hard-switch stage-aware SAC,strict_hard_switch_v1,hard_switch_v1,0,41,9041,1250041,station_wake,5,0.0,0.0,0.1,1,1,0,0,1,0,53,0.25,1,39,0.09231770038604736,0.054505025516339345,1.2455666065216064,0.6074050011090503,2.5033366680145264,13.542810196522623,0.2539828863436651,1.5558437996561474,0.0,0.0,0.17281426825404478,0.229756398342658,0.0698927991092205,0.08122362941503525,0.0698927991092205,0.16186441481113434,0.27650609612464905,57,0.05956684092923465,1.5423899032776944
station_wake_L5,Hard-switch stage-aware SAC,strict_hard_switch_v1,hard_switch_v1,0,42,9042,1250042,station_wake,5,0.0,0.0,0.1,1,1,0,0,1,0,36,0.25,1,5,0.8047927618026733,0.5122958333246229,2.030961811542511,1.705752571925997,19.97581720352173,20.313000679016113,1.68898697679501,2.9627311612744283,0.0,1.55,0.1099240086034281,0.12252791567098752,0.17274764478206633,0.22087183594703674,0.17274764478206633,0.4848793148994446,0.6076949834823608,40,0.04293861448039929,2.833911654095875
station_wake_L5,Hard-switch stage-aware SAC,strict_hard_switch_v1,hard_switch_v1,0,43,9043,1250043,station_wake,5,0.0,0.0,0.1,1,1,0,0,1,0,51,0.25,1,37,0.451031893491745,0.35939759675704147,0.6253480911254883,0.4789673437481002,3.710011839866638,14.133966565132141,0.44830440900257895,1.9700540546166732,0.0,0.65,0.19463033329260132,0.25720907251513164,0.15841206163167953,0.17924895882606506,0.15841206163167953,0.292325884103775,0.4317142069339752,55,0.059928886496471476,2.275254687068076
station_wake_L5,Hard-switch stage-aware SAC,strict_hard_switch_v1,hard_switch_v1,0,44,9044,1250044,station_wake,5,0.0,0.0,0.1,1,1,0,0,1,0,34,0.25,1,20,1.0920394659042358,0.8351874893391704,2.018846273422241,1.5755875879071612,10.062802135944366,35.75345516204834,0.7036559062111992,3.7570107004946776,0.0,0.35000000000000003,0.23864244238503166,0.30711328220641254,0.0684546872973442,0.08043009042739868,0.0684546872973442,0.17372941970825195,0.3431117534637451,38,0.06509959238266923,1.278887821844361
station_wake_L5,Hard-switch stage-aware SAC,strict_hard_switch_v1,hard_switch_v1,0,45,9045,1250045,station_wake,5,0.0,0.0,0.1,1,1,0,0,1,0,67,0.25,1,40,0.6690625548362732,0.4122521977183536,1.4286816120147705,1.190168509663573,5.642442107200623,17.69572302699089,0.45075577627457003,2.2884091176601675,0.5417958446488287,0.0,0.09802799693025592,0.10296847931113864,0.004159687878564,0.005998389329761267,0.004159687878564,0.026836921460926533,0.044465018436312675,71,0.09364087469835511,0.48221268942422246
station_wake_L5,Hard-switch stage-aware SAC,strict_hard_switch_v1,hard_switch_v1,0,46,9046,1250046,station_wake,5,0.0,0.0,0.1,1,1,0,0,1,0,49,0.25,1,34,0.5852625966072083,0.4962026201899954,0.698171854019165,0.45963941973140543,3.5454554855823517,19.550384283065796,0.2635038525342332,2.1573596040403906,0.48027211528714553,0.35000000000000003,0.15660226943304434,0.21701749380186494,0.056401900947093964,0.08834396302700043,0.056401900947093964,0.33349747955799103,0.5695827305316925,53,0.06355758773954262,0.48027211528714553
station_wake_L5,Hard-switch stage-aware SAC,strict_hard_switch_v1,hard_switch_v1,0,47,9047,1250047,station_wake,5,0.0,0.0,0.1,1,1,0,0,1,0,67,0.25,1,52,0.43972718715667725,0.2834545782169509,1.619897037744522,1.2564340061265888,3.9591383934020996,18.35267961025238,0.5703328521203018,2.143888143548247,0.0,0.75,0.15290779763382928,0.2014753615926312,0.18454473316669465,0.24093268811702728,0.18454473316669465,0.5777980089187622,0.7666638493537903,71,0.06012506673163925,2.7885521543744085
station_wake_L5,Hard-switch stage-aware SAC,strict_hard_switch_v1,hard_switch_v1,0,48,9048,1250048,station_wake,5,0.0,0.0,0.1,1,1,0,0,1,0,51,0.25,1,34,0.20471368730068207,0.1382450996089995,0.5472248792648315,0.39581960049697756,1.9498461484909058,10.410146713256836,0.2555315086433206,1.4108514491544928,0.0,0.55,0.18063218700486208,0.2218894828683776,0.06951266378164292,0.09803974628448486,0.06951266378164292,0.2843528240919113,0.38815587759017944,55,0.07448887921339105,1.0476031023957428
station_wake_L5,Hard-switch stage-aware SAC,strict_hard_switch_v1,hard_switch_v1,0,49,9049,1250049,station_wake,5,0.0,0.0,0.1,1,1,0,0,1,0,36,0.25,1,17,0.3179488480091095,0.22460169792918452,1.2495926767587662,0.6648249575046584,2.7042293548583984,16.22083507478237,0.3526355693620469,2.448574525090813,0.3086381325833198,0.0,0.16753603608052864,0.19247777982254585,0.0028761798748746514,0.007537337951362133,0.0028761798748746514,0.0618277108296752,0.18579209223389626,40,0.08030214783277456,0.9008402663787402
station_wake_L5,Hard-switch stage-aware SAC,strict_hard_switch_v1,hard_switch_v1,0,50,9050,1250050,station_wake,5,0.0,0.0,0.1,1,1,0,0,1,0,36,0.25,1,20,1.1448537111282349,1.0647647336851416,1.2099039554595947,0.8369497759446766,5.08431077003479,22.44529664516449,0.4381453296209696,2.791802940463072,0.0,0.75,0.1377410066938942,0.1638808311911155,0.19626011848449706,0.25524988770484924,0.19626011848449706,0.6581518650054932,1.036725640296936,40,0.06630667987371291,2.0003553677875185
station_wake_L5,Hard-switch stage-aware SAC,strict_hard_switch_v1,hard_switch_v1,0,51,9051,1250051,station_wake,5,0.0,0.0,0.1,1,1,0,0,1,0,57,0.25,1,43,0.31694820523262024,0.2591084823556272,0.8983501046895981,0.6213146324376541,3.6943697929382324,11.72878310084343,0.22598744490076297,1.9327982848917504,0.0,0.35000000000000003,0.1543666302786735,0.2195414152214102,0.03171761780977249,0.05235796421766281,0.03171761780977249,0.23442675173282623,0.3437484800815582,61,0.07815076176277701,0.9850712264403952
station_wake_L5,Hard-switch stage-aware SAC,strict_hard_switch_v1,hard_switch_v1,0,52,9052,1250052,station_wake,5,0.0,0.0,0.1,1,1,0,0,1,0,62,0.25,1,43,0.30746737122535706,0.1543745420874059,1.2456339597702026,0.9748351852709639,1.8642395734786987,9.969563484191895,0.2601905901665188,1.3562799619617598,0.0,0.6000000000000001,0.15918520227545288,0.1959763139770425,0.09418163299560547,0.11112508177757263,0.09418163299560547,0.1914355456829071,0.26982247829437256,66,0.07099121664202634,0.8547096489721501
station_wake_L5,Hard-switch stage-aware SAC,strict_hard_switch_v1,hard_switch_v1,0,53,9053,1250053,station_wake,5,0.0,0.0,0.1,1,1,0,0,1,0,50,0.25,1,34,0.4250772297382355,0.29823207208586017,0.8135038614273071,0.5731229411861158,2.1415629982948303,11.964476630091667,0.2134430031120052,1.5796641849222235,0.0,0.35000000000000003,0.20092508091511796,0.2433648849146036,0.06957846283912658,0.07148604840040207,0.06957846283912658,0.018520772457122803,0.03966033458709717,54,0.07459855894614575,1.810926474459562
station_wake_L5,Hard-switch stage-aware SAC,strict_hard_switch_v1,hard_switch_v1,0,54,9054,1250054,station_wake,5,0.0,0.0,0.1,1,1,0,0,1,0,51,0.25,1,34,0.11253995448350906,0.07903894161773868,0.9358952939510345,0.49668363656873515,2.404499650001526,13.408489227294922,0.5482148548300159,2.4130354478141385,0.0,0.2,0.14167617317719272,0.1646671015114288,0.013084178231656552,0.019335012882947922,0.013084178231656552,0.0800965428352356,0.18851760774850845,55,0.07422092334386889,0.3140054072909069
station_wake_L5,Hard-switch stage-aware SAC,strict_hard_switch_v1,hard_switch_v1,0,55,9055,1250055,station_wake,5,0.0,0.0,0.1,1,1,0,0,1,0,65,0.25,1,46,0.3572424054145813,0.21449955398503587,0.7534486055374146,0.6008576400946509,1.9089925289154053,6.7964936047792435,0.2144045967418929,1.1880746839161473,1.6092490242373625,0.0,0.16991616300690326,0.1893560397942922,0.045630990713834765,0.05639716237783432,0.045630990713834765,0.10617765784263611,0.14123260974884033,69,0.0758316913731257,0.6807852850601223
station_wake_L5,Hard-switch stage-aware SAC,strict_hard_switch_v1,hard_switch_v1,0,56,9056,1250056,station_wake,5,0.0,0.0,0.1,1,1,0,0,1,0,52,0.25,1,41,0.1307022124528885,0.08892147767045994,0.7477891445159912,0.43635141841619524,5.926528386771679,21.63457863032818,0.4413987196209724,2.6894486433549987,0.0,0.0,0.3029162517640028,0.4140195589243099,0.04583706483244896,0.0726766511797905,0.04583706483244896,0.25672604888677597,0.6011952459812164,56,0.059034979835709274,0.5888530732658662
station_wake_L5,Hard-switch stage-aware SAC,strict_hard_switch_v1,hard_switch_v1,0,57,9057,1250057,station_wake,5,0.0,0.0,0.1,1,1,0,0,1,0,38,0.25,1,22,1.1944079399108887,0.9980407659145896,1.8011045455932617,1.3037511651945166,5.498861521482468,29.459402561187744,0.6214920670331301,3.027183182529916,0.0,0.65,0.10143017944379731,0.11483235740149038,0.09826463907957077,0.1112789437174797,0.09826463907957077,0.13841742277145386,0.1815854012966156,42,0.07083201971140267,2.4997011064970422
station_wake_L5,Hard-switch stage-aware SAC,strict_hard_switch_v1,hard_switch_v1,0,58,9058,1250058,station_wake,5,0.0,0.0,0.1,1,1,0,0,1,0,57,0.25,1,39,0.1601049154996872,0.07002574928709375,1.1171513795852661,0.6300395012408629,2.003895938396454,10.32596841454506,0.2517276513371674,1.3191888785362582,0.0,0.9,0.07744747070094907,0.12376041061615793,0.1206427738070488,0.13750645518302917,0.1206427738070488,0.1797753870487213,0.23988604545593262,61,0.03949212862999993,3.5944826733675903
station_wake_L5,Hard-switch stage-aware SAC,strict_hard_switch_v1,hard_switch_v1,0,59,9059,1250059,station_wake,5,0.0,0.0,0.1,1,1,0,0,1,0,30,0.25,1,14,0.1146250069141388,0.05658302396279607,0.4332488775253296,0.30237740477270036,2.8145548701286316,12.477932572364807,0.3521013465244981,2.5408323130411588,0.0,0.0,0.1566983438284071,0.18662901206099108,0.0610956996679306,0.08116967231035233,0.0610956996679306,0.21556483209133148,0.31606361269950867,34,0.0672766211451562,0.79662993577774
station_wake_L5,Hard-switch stage-aware SAC,strict_hard_switch_v1,hard_switch_v1,0,60,9060,1250060,station_wake,5,0.0,0.0,0.1,1,1,0,0,1,0,54,0.25,1,35,0.7653982043266296,0.45698267903057815,1.7653560638427734,1.281891056496431,4.386326819658279,21.339055355638266,0.42889369275744343,2.3429177199113176,0.8135200330998295,0.2,0.15781071807205582,0.18053711368333417,0.020796182006597518,0.024420982226729393,0.020796182006597518,0.03924977779388428,0.059166811406612396,58,0.07768345288829785,0.8135200330998295
station_wake_L5,Hard-switch stage-aware SAC,strict_hard_switch_v1,hard_switch_v1,0,61,9061,1250061,station_wake,5,0.0,0.0,0.1,1,1,0,0,1,0,59,0.25,1,47,0.3260321021080017,0.17838328936992673,0.9619218111038208,0.7097071106421672,2.187463343143463,9.854939579963684,0.25184156264856494,1.4252621435006851,1.0765086764066485,0.0,0.20676121171188605,0.2941913224550084,0.10599204301834106,0.17400288581848145,0.10599204301834106,0.6291733682155609,0.7598784565925598,63,0.04940586919535149,1.0765086764066485
station_wake_L5,Hard-switch stage-aware SAC,strict_hard_switch_v1,hard_switch_v1,0,62,9062,1250062,station_wake,5,0.0,0.0,0.1,1,1,0,0,1,0,41,0.25,1,27,0.7287737131118774,0.44268657385568083,1.6197365522384644,1.250493869640017,3.5373476147651672,16.402054131031036,0.35865049461736725,2.410622242258078,0.0,0.5,0.174922082924054,0.22333515709444382,0.11857623308897018,0.14939408004283905,0.11857623308897018,0.3015569746494293,0.323285311460495,45,0.06794487615104822,1.786217304641689
station_wake_L5,Hard-switch stage-aware SAC,strict_hard_switch_v1,hard_switch_v1,0,63,9063,1250063,station_wake,5,0.0,0.0,0.1,1,1,0,0,1,0,44,0.25,1,27,0.3547193109989166,0.2579293187925492,1.3233201205730438,0.9497970639943554,5.851006507873535,23.251569271087646,0.5034430511645617,2.8603465270153134,0.0,0.8500000000000001,0.1412861107774646,0.1440039727820966,0.21126505732536316,0.26926714181900024,0.21126505732536316,0.5997588634490967,0.791856050491333,48,0.06943807297129478,2.4106283960874944
station_wake_L5,Hard-switch stage-aware SAC,strict_hard_switch_v1,hard_switch_v1,0,64,9064,1250064,station_wake,5,0.0,0.0,0.1,1,1,0,0,1,0,54,0.25,1,38,0.1616341471672058,0.11478024376074118,0.40106505155563354,0.260270343119726,2.194919064640999,11.935545280575752,0.2759975639684182,1.6329577763367327,0.7020365648889707,0.0,0.16682947821117275,0.20347722693622428,0.03933482319116592,0.048599060624837875,0.03933482319116592,0.27683399617671967,0.9665502607822418,58,0.06772741399603599,0.13782878850006738
station_wake_L5,Hard-switch stage-aware SAC,strict_hard_switch_v1,hard_switch_v1,0,65,9065,1250065,station_wake,5,0.0,0.0,0.1,1,1,0,0,1,0,40,0.25,1,25,0.8233451843261719,0.6181891796565553,1.216505765914917,0.969431072444046,2.187533974647522,9.802505522966385,0.3700678092239101,2.476966174131162,2.6835187859784218,0.15000000000000002,0.2665601479803813,0.3292435655957087,0.02005308624356985,0.048572517931461334,0.02005308624356985,0.35065503790974617,0.4896038770675659,44,0.05240005337434345,2.629116969569505
station_wake_L5,Hard-switch stage-aware SAC,strict_hard_switch_v1,hard_switch_v1,0,66,9066,1250066,station_wake,5,0.0,0.0,0.1,1,1,0,0,1,0,38,0.25,1,23,0.4656444191932678,0.3559546426907195,0.8432698249816895,0.46822483619640004,1.7236382514238358,8.134332150220871,0.24678255125687723,2.0624887284812448,0.0,0.7000000000000001,0.165909125107966,0.1997074521381177,0.1354598119854927,0.15836988389492035,0.1354598119854927,0.21739986538887024,0.26696205139160156,42,0.06997479297145155,2.8430013552206925
station_wake_L5,Hard-switch stage-aware SAC,strict_hard_switch_v1,hard_switch_v1,0,67,9067,1250067,station_wake,5,0.0,0.0,0.1,1,1,0,0,1,0,74,0.25,1,56,0.8302620649337769,0.7611595832166947,1.1030793190002441,0.5476995687996391,3.76187801361084,21.053428649902344,0.26375839631541115,2.0348758612023943,0.0,0.4,0.15024443246179042,0.18516008022701463,0.0336925033479929,0.04035463184118271,0.0336925033479929,0.08440753817558289,0.13855721801519394,78,0.059855709176304235,0.9234174566802174
station_wake_L5,Hard-switch stage-aware SAC,strict_hard_switch_v1,hard_switch_v1,0,68,9068,1250068,station_wake,5,0.0,0.0,0.1,1,1,0,0,1,0,58,0.25,1,41,0.15449783205986023,0.11601500172113512,0.8454802632331848,0.4803724253862586,3.8486552238464355,16.849719267338514,0.2931165283892114,1.509785928027286,0.0,0.0,0.1386537131239452,0.16516596997488497,0.009744647424668074,0.02020980417728424,0.009744647424668074,0.16950194910168648,0.2632954716682434,62,0.07013984586760202,0.804368753550776
station_wake_L5,Hard-switch stage-aware SAC,strict_hard_switch_v1,hard_switch_v1,0,69,9069,1250069,station_wake,5,0.0,0.0,0.1,1,1,0,0,1,0,50,0.25,1,31,0.289430171251297,0.187328235552211,0.9940248727798462,0.5211915780347798,2.0155525766313076,11.693058013916016,0.25534592477078527,1.4627056815513797,0.0,0.15000000000000002,0.14406584182893564,0.16006877275731857,0.004185042716562748,0.005646524019539356,0.004185042716562748,0.015583740547299385,0.021572858095169067,54,0.08226987838038242,1.3089232585543746
station_wake_L5,Hard-switch stage-aware SAC,strict_hard_switch_v1,hard_switch_v1,0,70,9070,1250070,station_wake,5,0.0,0.0,0.1,1,1,0,0,1,0,39,0.25,1,23,0.2912183701992035,0.228716826206918,0.8259868621826172,0.6006326203478651,3.301498293876648,18.34314525127411,0.4978115288260383,2.885213797788421,0.0,0.8,0.16294135849436878,0.1904803639339042,0.18117429316043854,0.2178172618150711,0.18117429316043854,0.34852075576782227,0.406394898891449,43,0.07504054139517036,2.709918107450756
station_wake_L5,Hard-switch stage-aware SAC,strict_hard_switch_v1,hard_switch_v1,0,71,9071,1250071,station_wake,5,0.0,0.0,0.1,1,1,0,0,1,0,34,0.25,1,19,0.2096678614616394,0.19719900072533314,0.5576348304748535,0.19413426503894116,3.9111971110105515,11.956807598471642,0.5393469534909858,2.2352744400570894,0.0,0.55,0.16554325982421964,0.21364329108376937,0.1319332405924797,0.15667405724525452,0.1319332405924797,0.24680876731872559,0.31191006302833557,38,0.05402183655432243,1.2222321497310455
station_wake_L5,Hard-switch stage-aware SAC,strict_hard_switch_v1,hard_switch_v1,0,72,9072,1250072,station_wake,5,0.0,0.0,0.1,1,1,0,0,1,0,47,0.25,1,28,0.4968027174472809,0.3831243809887681,1.0927850008010864,0.5570941240602675,2.652571201324463,13.959781378507614,0.2695716504385948,1.8775812098698383,0.0,0.6000000000000001,0.17446212482617468,0.1981424290512009,0.04727693721652031,0.06450750678777695,0.04727693721652031,0.15353178977966309,0.21725289523601532,51,0.07553493646050095,2.242532317971603
station_wake_L5,Hard-switch stage-aware SAC,strict_hard_switch_v1,hard_switch_v1,0,73,9073,1250073,station_wake,5,0.0,0.0,0.1,1,1,0,0,1,0,35,0.25,1,23,0.21659386157989502,0.17109226726767843,1.254713088274002,0.6930664157219986,2.9742181301116943,16.57400816679001,0.4753036412828214,2.8938603810887313,0.0,0.6000000000000001,0.21100331039597853,0.2983458273674,0.15968652367591857,0.18462523818016052,0.15968652367591857,0.3350977897644043,0.6126609444618225,39,0.0677233450514834,2.7265218704362337
station_wake_L5,Hard-switch stage-aware SAC,strict_hard_switch_v1,hard_switch_v1,0,74,9074,1250074,station_wake,5,0.0,0.0,0.1,1,1,0,0,1,0,55,0.25,1,40,0.3278774321079254,0.22140850173641388,0.6595483422279358,0.40912202845970863,5.287342369556427,19.26004085689783,0.31858434197838104,1.5642417874681456,0.0,0.4,0.1532564747394539,0.20670869839860187,0.0833895668387413,0.10610441863536835,0.0833895668387413,0.20905250310897827,0.2558334171772003,59,0.05877149537474862,1.2628043271745677
station_wake_L5,Hard-switch stage-aware SAC,strict_hard_switch_v1,hard_switch_v1,0,75,9075,1250075,station_wake,5,0.0,0.0,0.1,1,1,0,0,1,0,63,0.25,1,48,0.13514463603496552,0.0774192484088403,0.6501626968383789,0.48591865486954594,1.5902313590049744,7.143961191177368,0.2100585532340585,1.24574671015418,0.7833271818737881,0.25,0.165109563067035,0.2093272405701557,0.0709218680858612,0.10368456691503525,0.0709218680858612,0.3207603394985199,0.36848053336143494,67,0.06905696749054419,0.7833271818737881
station_wake_L5,Hard-switch stage-aware SAC,strict_hard_switch_v1,hard_switch_v1,0,76,9076,1250076,station_wake,5,0.0,0.0,0.1,1,1,0,0,1,0,52,0.25,1,37,0.10685469955205917,0.07434135658844263,0.46385377645492554,0.28366524142709765,2.9820144176483154,10.202756375074387,0.18782621192248194,1.1670566395804003,0.5111004942711154,0.0,0.14516473353669762,0.17822009427851154,0.0022729027783498167,0.008587250486016273,0.0022729027783498167,0.06421035947278142,0.1603415049612522,56,0.06834035619150172,0.5074552543275913
station_wake_L5,Hard-switch stage-aware SAC,strict_hard_switch_v1,hard_switch_v1,0,77,9077,1250077,station_wake,5,0.0,0.0,0.1,1,1,0,0,1,0,59,0.25,1,45,0.24577194452285767,0.1679242331220875,0.5603083968162537,0.39918162225852616,2.9321922874078155,9.981859885156155,0.18184653398931327,1.0594655735434455,0.0,0.0,0.16784048572623297,0.23017202827272162,0.052698627859354016,0.058580219745635986,0.052698627859354016,0.15675674378871918,0.25616563856601715,63,0.05599988722297636,1.015147644285429
station_wake_L5,Hard-switch stage-aware SAC,strict_hard_switch_v1,hard_switch_v1,0,78,9078,1250078,station_wake,5,0.0,0.0,0.1,1,1,0,0,1,0,71,0.25,1,57,0.17931333184242249,0.12651744461299122,0.9088513255119324,0.5714907505916861,1.4739567041397095,9.058491736650467,0.2379227413712203,1.606106427194092,3.0175487604510725,0.0,0.18276900173780564,0.24955540558869607,0.06251268237829208,0.07522507756948471,0.06251268237829208,0.2940624952316284,0.5587838590145111,75,0.06704133327281538,2.1010607441272446
station_wake_L5,Hard-switch stage-aware SAC,strict_hard_switch_v1,hard_switch_v1,0,79,9079,1250079,station_wake,5,0.0,0.0,0.1,1,1,0,0,1,0,34,0.25,1,23,1.3296838998794556,1.1181679558193187,2.320159673690796,1.6738878109397706,10.22055372595787,36.26535177230835,0.5564975796454676,3.2213208337492945,0.0,0.30000000000000004,0.24893522645276903,0.35763596927522817,0.07269626185297966,0.09856577217578888,0.07269626185297966,0.4192821532487869,1.0588714480400085,38,0.05169316646724104,0.39466268431276436
station_wake_L5,Hard-switch stage-aware SAC,strict_hard_switch_v1,hard_switch_v1,0,80,9080,1250080,station_wake,5,0.0,0.0,0.1,1,1,0,0,1,0,29,0.25,1,14,0.1322304904460907,0.09087462474940076,0.31275510787963867,0.1913062870383142,2.6461560279130936,8.684111090842634,0.26154090214207054,1.8161407450550948,0.0,0.6000000000000001,0.2138441958867266,0.27937820757261433,0.1623218536376953,0.189027339220047,0.1623218536376953,0.30241328477859497,0.5212312936782837,33,0.06001707076098308,1.1334535643426316
station_wake_L5,Hard-switch stage-aware SAC,strict_hard_switch_v1,hard_switch_v1,0,81,9081,1250081,station_wake,5,0.0,0.0,0.1,1,1,0,0,1,0,52,0.25,1,39,0.4697427749633789,0.28965307235457194,0.9657055139541626,0.8316377016485417,3.9291274547576904,14.697199761867523,0.27975521474762705,1.459339111125181,0.0,0.25,0.16290051955734555,0.21460546262098204,0.11612962782382966,0.1315876543521881,0.11612962782382966,0.15588706731796265,0.29611513018608093,56,0.048027471913782614,1.6888204079028937
station_wake_L5,Hard-switch stage-aware SAC,strict_hard_switch_v1,hard_switch_v1,0,82,9082,1250082,station_wake,5,0.0,0.0,0.1,1,1,0,0,1,0,46,0.25,1,30,0.6153010129928589,0.48545607439121724,1.1059582233428955,0.7935413280043483,5.348019301891327,19.926864951848984,0.30786256199148493,2.1950321337303897,0.1783193371788798,0.5,0.10948453982411095,0.14271062232478973,0.12313141822814941,0.16570250689983368,0.12313141822814941,0.3987152874469757,0.44999197125434875,50,0.07665665748768871,0.1783193371788798
station_wake_L5,Hard-switch stage-aware SAC,strict_hard_switch_v1,hard_switch_v1,0,83,9083,1250083,station_wake,5,0.0,0.0,0.1,1,1,0,0,1,0,44,0.25,1,27,0.7403250336647034,0.4404847377084786,2.0516717433929443,1.3200482291452575,4.103633016347885,20.016988515853882,0.7301464021016767,2.9198851524711946,0.0,0.8500000000000001,0.10894590805903863,0.11093086218319266,0.18901817202568055,0.2531956136226654,0.18901817202568055,0.6546014547348022,0.906333327293396,48,0.06993449442845727,2.8891055590051016
station_wake_L5,Hard-switch stage-aware SAC,strict_hard_switch_v1,hard_switch_v1,0,84,9084,1250084,station_wake,5,0.0,0.0,0.1,1,1,0,0,1,0,37,0.25,1,21,0.11990760266780853,0.07996072490633677,0.5918745324015617,0.3717845454992703,2.917112410068512,13.58042761683464,0.4004745536272168,2.095702471050929,0.0,0.4,0.17183661077957024,0.22433902537275466,0.03799339681863785,0.05457931011915207,0.03799339681863785,0.15659937262535095,0.2512728422880173,41,0.08204965751332048,3.2001128867763433
station_wake_L5,Hard-switch stage-aware SAC,strict_hard_switch_v1,hard_switch_v1,0,85,9085,1250085,station_wake,5,0.0,0.0,0.1,1,1,0,0,1,0,60,0.25,1,41,0.36389434337615967,0.23830736359160531,0.7527366280555725,0.6037293960062464,2.4132073298096657,9.083752185106277,0.29334556059628053,1.7326877395715388,0.0,0.0,0.1429060348539647,0.16795504751759063,0.044882870838046075,0.06127289682626724,0.044882870838046075,0.16998394578695297,0.20179405808448792,64,0.07399714038763254,0.4528191304136313
station_wake_L5,Hard-switch stage-aware SAC,strict_hard_switch_v1,hard_switch_v1,0,86,9086,1250086,station_wake,5,0.0,0.0,0.1,1,1,0,0,1,0,32,0.25,1,11,1.1085004806518555,0.8549841653367097,1.44575834274292,1.1921367580556195,0.8503222465515137,2.3580920696258545,0.17538853779340793,1.0529261593652794,0.0,1.05,0.13769701334343493,0.15698945252345162,0.2131337583065033,0.26134249567985535,0.2131337583065033,0.48302018642425537,0.6039732694625854,36,0.05737658415771817,2.5661851006608885
station_wake_L5,Hard-switch stage-aware SAC,strict_hard_switch_v1,hard_switch_v1,0,87,9087,1250087,station_wake,5,0.0,0.0,0.1,1,1,0,0,1,0,58,0.25,1,41,0.32580795884132385,0.16764399015107284,1.0814803838729858,0.7075430051568815,3.059367835521698,10.542709231376648,0.2648284455321395,1.5341686349496155,0.0,0.0,0.1793559123692022,0.21884470066330527,0.047076189517974855,0.053775571286678314,0.047076189517974855,0.06797878444194794,0.11403858661651611,62,0.0684784871099064,0.2730381994534349
station_wake_L5,Hard-switch stage-aware SAC,strict_hard_switch_v1,hard_switch_v1,0,88,9088,1250088,station_wake,5,0.0,0.0,0.1,1,1,0,0,1,0,48,0.25,1,33,0.2119782418012619,0.15734861817406592,1.5648314356803894,1.0114376836600865,2.8231438994407654,15.90002991259098,0.30905697152622363,1.7186929746519197,0.0,0.4,0.10862674153962046,0.1530696998565306,0.11444595456123352,0.13871343433856964,0.11444595456123352,0.2353980839252472,0.28791770339012146,52,0.06448941625286767,0.3432055332097692
station_wake_L5,Hard-switch stage-aware SAC,strict_hard_switch_v1,hard_switch_v1,0,89,9089,1250089,station_wake,5,0.0,0.0,0.1,1,1,0,0,1,0,53,0.25,1,37,0.19809892773628235,0.14454816863942488,1.3664518296718597,0.6408067514630327,5.5048926174640656,20.84497720003128,0.28232467217106116,1.8765744652606353,0.0,0.45,0.15497358136974995,0.19058319323098896,0.0868216648697853,0.11135823279619217,0.0868216648697853,0.20388394594192505,0.26721999049186707,57,0.07986893275263937,1.456068691886604
station_wake_L5,Hard-switch stage-aware SAC,strict_hard_switch_v1,hard_switch_v1,0,90,9090,1250090,station_wake,5,0.0,0.0,0.1,1,1,0,0,1,0,34,0.25,0,-1,nan,nan,nan,nan,nan,nan,nan,nan,0.0,nan,0.09622910608980262,0.10938299783108332,0.17834297716617584,0.2286292463541031,0.17834297716617584,0.5065405964851379,0.6359532475471497,38,0.045770433980032985,2.590665138976449
station_wake_L5,Hard-switch stage-aware SAC,strict_hard_switch_v1,hard_switch_v1,0,91,9091,1250091,station_wake,5,0.0,0.0,0.1,1,1,0,0,1,0,55,0.25,1,40,0.5131406784057617,0.308395274618782,1.1840617656707764,0.8737114584568102,1.542183756828308,5.916564762592316,0.15852298264085793,0.802820159204499,1.505113612273821,0.0,0.17724718523747207,0.22881951570391876,0.05457633212208748,0.07540637999773026,0.05457633212208748,0.1687033623456955,0.23521296679973602,59,0.06159467485751537,0.39898075125038757
station_wake_L5,Hard-switch stage-aware SAC,strict_hard_switch_v1,hard_switch_v1,0,92,9092,1250092,station_wake,5,0.0,0.0,0.1,1,1,0,0,1,0,60,0.25,1,41,0.3983560800552368,0.2421992978275204,1.6400033235549927,1.4728200081413254,6.425341963768005,16.051155626773834,0.6345516739458068,2.8045122683761465,0.0,0.65,0.17266232503520856,0.19697372133981428,0.07871831804513932,0.08664069324731827,0.07871831804513932,0.0855385959148407,0.15503153204917908,64,0.06193087882302571,0.4775301678613556
station_wake_L5,Hard-switch stage-aware SAC,strict_hard_switch_v1,hard_switch_v1,0,93,9093,1250093,station_wake,5,0.0,0.0,0.1,1,1,0,0,1,0,67,0.25,1,50,0.16869135200977325,0.101488411249868,1.027703881263733,0.7059657810156604,2.0901381969451904,9.432337880134583,0.2731649607947062,1.3118164122363865,0.0,0.55,0.13890557199873418,0.19251233933300638,0.12635763436555864,0.15677331387996674,0.12635763436555864,0.2829866409301758,0.3564918041229248,71,0.063799125783004,0.42004692228055807
station_wake_L5,Hard-switch stage-aware SAC,strict_hard_switch_v1,hard_switch_v1,0,94,9094,1250094,station_wake,5,0.0,0.0,0.1,1,1,0,0,1,0,54,0.25,1,43,0.1153375431895256,0.0926616229481402,1.151844635605812,0.5644177452898007,3.1657931208610535,13.906607180833817,0.3074240529190563,1.7749424653357082,1.184389913521413,0.0,0.26742363587927004,0.37094841180725935,0.004628966562449932,0.007749184034764767,0.004628966562449932,0.08910086750984192,0.16701435670256615,58,0.03217004850711496,1.159461537319865
station_wake_L5,Hard-switch stage-aware SAC,strict_hard_switch_v1,hard_switch_v1,0,95,9095,1250095,station_wake,5,0.0,0.0,0.1,1,1,0,0,1,0,56,0.25,1,42,0.25990062952041626,0.15071156828378515,0.777742862701416,0.5498451955960177,1.9886282086372375,7.949492633342743,0.3330308909253118,1.9511659492407374,0.0,0.0,0.1258300038008427,0.19611276688230464,0.02240728251636028,0.027944467961788177,0.02240728251636028,0.12162139639258385,0.23115456104278564,60,0.07123104688305903,1.4956916864789056
station_wake_L5,Hard-switch stage-aware SAC,strict_hard_switch_v1,hard_switch_v1,0,96,9096,1250096,station_wake,5,0.0,0.0,0.1,1,1,0,0,1,0,48,0.25,1,32,0.2678995728492737,0.2317846646557156,0.461733341217041,0.28111832297411815,2.9556602239608765,13.210393413901329,0.2419320490227745,1.6778527509110084,0.0,0.7000000000000001,0.17015779925010238,0.22010270378899047,0.10273532122373581,0.11034799367189407,0.10273532122373581,0.1656295657157898,0.26321694254875183,52,0.07425574321435409,3.1662853076947974
station_wake_L5,Hard-switch stage-aware SAC,strict_hard_switch_v1,hard_switch_v1,0,97,9097,1250097,station_wake,5,0.0,0.0,0.1,1,1,0,0,1,0,50,0.25,1,35,0.24286867678165436,0.15565618939300785,1.1832377314567566,0.9160713841843381,1.9989952445030212,8.60884815454483,0.5185624170505125,2.761768264996318,0.0,0.2,0.1473549684694851,0.18624413610794613,0.01681648604571819,0.01942124217748642,0.01681648604571819,0.06474367529153824,0.1294955238699913,54,0.0736876383688358,0.602069435948988
station_wake_L5,Hard-switch stage-aware SAC,strict_hard_switch_v1,hard_switch_v1,0,98,9098,1250098,station_wake,5,0.0,0.0,0.1,1,1,0,0,1,0,84,0.25,1,57,0.35412687063217163,0.25981557949515915,0.773269534111023,0.5843050132904215,3.9830489829182625,16.391634345054626,0.4563035193427577,1.7822321428717087,0.0,0.0,0.1129609533436883,0.11998664242211354,0.004338848311454058,0.005497246980667114,0.004338848311454058,0.011162091046571732,0.016484316438436508,88,0.09019248653749425,0.9792848822746308
station_wake_L5,Hard-switch stage-aware SAC,strict_hard_switch_v1,hard_switch_v1,0,99,9099,1250099,station_wake,5,0.0,0.0,0.1,1,1,0,0,1,0,42,0.25,1,22,0.6525638103485107,0.6210328375698503,0.6356930732727051,0.32504135472185497,3.836481086909771,14.10831805318594,0.5111138367255329,2.3052531480443452,1.377255992827473,0.5,0.1558592057261402,0.1787584553470075,0.03243041113018989,0.05311420559883118,0.03243041113018989,0.2189427614212036,0.3274357318878174,46,0.08277125160549961,1.377255992827473
station_wake_L5,Hard-switch stage-aware SAC,strict_hard_switch_v1,hard_switch_v1,1,0,9000,1250000,station_wake,5,0.0,0.0,0.1,1,1,0,0,1,0,47,0.25,1,32,0.27584096789360046,0.21271056313048006,0.5468583106994629,0.3894014214391988,2.673976495862007,8.597227931022644,0.36376959474503373,2.08553803654487,0.31752458221947666,0.0,0.1261510453934002,0.16882022148922943,0.006284615863114596,0.011765125207602978,0.006284615863114596,0.1068764366209507,0.2732467092573643,51,0.06410980941583956,0.23490466634787188
station_wake_L5,Hard-switch stage-aware SAC,strict_hard_switch_v1,hard_switch_v1,1,1,9001,1250001,station_wake,5,0.0,0.0,0.1,1,1,0,0,1,0,39,0.25,1,29,0.7594082951545715,0.48251622409873374,1.5722966194152832,1.1411588571754194,5.526961982250214,18.871714919805527,0.4264675808953921,2.852687044550669,3.6039856009371936,0.05,0.42852664630384246,0.5219051790483373,0.12714484110474586,0.2354356050491333,0.12714484110474586,1.0507050305604935,1.2627385556697845,43,0.05756786904536677,3.6039856009371936
station_wake_L5,Hard-switch stage-aware SAC,strict_hard_switch_v1,hard_switch_v1,1,2,9002,1250002,station_wake,5,0.0,0.0,0.1,1,1,0,0,1,0,43,0.25,1,27,0.15591491758823395,0.13837892506738694,0.5586302280426025,0.18780928565774307,4.4257766008377075,13.434287756681442,0.28841143828650356,1.8328569779318222,0.4656337925961917,0.25,0.15002404507066658,0.1857903566511257,0.07622073069214821,0.0918520838022232,0.07622073069214821,0.17858420312404633,0.24760812520980835,47,0.07441064235271927,0.4656337925961917
station_wake_L5,Hard-switch stage-aware SAC,strict_hard_switch_v1,hard_switch_v1,1,3,9003,1250003,station_wake,5,0.0,0.0,0.1,1,1,0,0,1,0,57,0.25,1,43,0.24531812965869904,0.22089096459904883,0.32483547925949097,0.1845339039669019,1.7044326663017273,7.107917340472341,0.16914110690484171,1.159496683636128,0.07579892477860903,0.1,0.177644827596677,0.24425164342138866,0.05057053789496422,0.06383593380451202,0.05057053789496422,0.12813153862953186,0.29412783682346344,61,0.05138166098008901,0.07579892477860903
station_wake_L5,Hard-switch stage-aware SAC,strict_hard_switch_v1,hard_switch_v1,1,4,9004,1250004,station_wake,5,0.0,0.0,0.1,1,1,0,0,1,0,58,0.25,1,40,0.45892924070358276,0.31243249755416813,0.7977139949798584,0.6455334247417156,2.9807043075561523,12.44138389825821,0.2770363159156317,1.0659802872793267,2.6657566655983924,0.0,0.13066746115223174,0.17040325446113894,0.0652652032673359,0.0829647108912468,0.0652652032673359,0.1941586285829544,0.3129000961780548,62,0.07332810981648794,0.7512217709584375
station_wake_L5,Hard-switch stage-aware SAC,strict_hard_switch_v1,hard_switch_v1,1,5,9005,1250005,station_wake,5,0.0,0.0,0.1,1,1,0,0,1,0,56,0.25,1,39,0.0433153361082077,0.023815775849167966,0.47494761645793915,0.28464164017756255,2.7761521842330694,13.572589447721839,0.2513402469239062,1.589903688510635,0.0,0.8500000000000001,0.20768121830635078,0.25098590189974945,0.08975022435188293,0.11222769320011139,0.08975022435188293,0.2214031219482422,0.28625860810279846,60,0.06838005910385501,3.9681644572931036
station_wake_L5,Hard-switch stage-aware SAC,strict_hard_switch_v1,hard_switch_v1,1,6,9006,1250006,station_wake,5,0.0,0.0,0.1,1,1,0,0,1,0,28,0.25,0,-1,nan,nan,nan,nan,nan,nan,nan,nan,0.0,nan,0.15470800963792414,0.2004788039593269,0.15795016586780547,0.190832257270813,0.15795016586780547,0.3456965684890747,0.4170474410057068,32,0.07295793141699562,1.4902081117924433
station_wake_L5,Hard-switch stage-aware SAC,strict_hard_switch_v1,hard_switch_v1,1,7,9007,1250007,station_wake,5,0.0,0.0,0.1,1,1,0,0,1,0,59,0.25,1,42,0.19483280181884766,0.1403363945326528,1.3647551834583282,0.9479250986874164,5.768822804093361,27.025359869003296,0.3123075994876456,1.899550627648407,3.7705179926199754,0.0,0.1496014357082242,0.17546151798036272,0.09200658649206161,0.10718236863613129,0.09200658649206161,0.3879019618034363,0.9826058149337769,63,0.08171768575387395,2.331554655736022
station_wake_L5,Hard-switch stage-aware SAC,strict_hard_switch_v1,hard_switch_v1,1,8,9008,1250008,station_wake,5,0.0,0.0,0.1,1,1,0,0,1,0,37,0.25,1,25,0.21528512239456177,0.18448159864939256,0.8532679080963135,0.44085111034686364,3.0912137031555176,15.982423424720764,0.46853485247993104,2.5078491080321803,0.0,0.6000000000000001,0.18693062990305817,0.2708064959534174,0.07565772831439972,0.08036014437675476,0.07565772831439972,0.13418427109718323,0.3157162666320801,41,0.058123767001520284,4.081931930090244
station_wake_L5,Hard-switch stage-aware SAC,strict_hard_switch_v1,hard_switch_v1,1,9,9009,1250009,station_wake,5,0.0,0.0,0.1,1,1,0,0,1,0,47,0.25,1,24,0.04642369970679283,0.035253823923844727,0.3632361441850662,0.1314117384985501,2.4633027613162994,5.378116108477116,0.3253623329670163,1.6457644694725957,0.0,0.0,0.12385166560567233,0.1425183330062666,0.041436437517404556,0.05506674200296402,0.041436437517404556,0.1288510113954544,0.17387256026268005,51,0.08641668544045283,0.42597517963458537
station_wake_L5,Hard-switch stage-aware SAC,strict_hard_switch_v1,hard_switch_v1,1,10,9010,1250010,station_wake,5,0.0,0.0,0.1,1,1,0,0,1,0,32,0.25,0,-1,nan,nan,nan,nan,nan,nan,nan,nan,0.0,nan,0.11394094476362711,0.15409643096639924,0.17585583925247192,0.22782748937606812,0.17585583925247192,0.5195684432983398,0.7071322202682495,36,0.03966338703297912,2.9736940367811244
station_wake_L5,Hard-switch stage-aware SAC,strict_hard_switch_v1,hard_switch_v1,1,11,9011,1250011,station_wake,5,0.0,0.0,0.1,1,1,0,0,1,0,50,0.25,1,31,0.7261762022972107,0.6512142641781886,1.314256191253662,0.6909196412211427,3.4270936250686646,20.26491105556488,0.35029831330260003,2.314779355456168,4.163533907651679,0.1,0.1820891643173734,0.221211095159478,0.05382838994264603,0.06864433735609055,0.05382838994264603,0.15068963170051575,0.17947480082511902,54,0.07678971664380106,2.179595966751344
station_wake_L5,Hard-switch stage-aware SAC,strict_hard_switch_v1,hard_switch_v1,1,12,9012,1250012,station_wake,5,0.0,0.0,0.1,1,1,0,0,1,0,53,0.25,1,41,0.17721399664878845,0.1307154503192554,1.427152156829834,0.7493190502895062,3.478182405233383,24.261586889624596,0.33820993734798044,2.2551277853821894,0.0,0.15000000000000002,0.2566549228019873,0.3564193965779831,0.07227891683578491,0.07801497727632523,0.07227891683578491,0.0664457380771637,0.1441742479801178,57,0.06365819287341712,1.606080563514417
station_wake_L5,Hard-switch stage-aware SAC,strict_hard_switch_v1,hard_switch_v1,1,13,9013,1250013,station_wake,5,0.0,0.0,0.1,1,1,0,0,1,0,52,0.25,1,41,0.19382968544960022,0.1504317512320977,1.5485195815563202,0.9349783008689031,3.5589325428009033,16.54975175857544,0.5944309882551704,2.962145236100476,0.0,0.25,0.2655347174966042,0.38622787244470586,0.07055286318063736,0.08699487149715424,0.07055286318063736,0.1998395025730133,0.40956199169158936,56,0.08665915210185886,1.4671262345443257
station_wake_L5,Hard-switch stage-aware SAC,strict_hard_switch_v1,hard_switch_v1,1,14,9014,1250014,station_wake,5,0.0,0.0,0.1,1,1,0,0,1,0,54,0.25,1,37,0.3885470926761627,0.33408419168036624,0.8154821395874023,0.4149713652879675,3.8866041600704193,15.975725948810577,0.19719081663079926,1.3252439849362811,0.0,0.35000000000000003,0.1773098557695309,0.2089462473688791,0.04578075483441353,0.047278884798288345,0.04578075483441353,0.03119581937789917,0.047772377729415894,58,0.07105647232336657,2.380729883325998
station_wake_L5,Hard-switch stage-aware SAC,strict_hard_switch_v1,hard_switch_v1,1,15,9015,1250015,station_wake,5,0.0,0.0,0.1,1,1,0,0,1,0,50,0.25,1,35,0.31304094195365906,0.27782750328401923,0.517081618309021,0.2601495016625927,2.511574551463127,8.769929558038712,0.23101106859115672,1.3046327567284839,0.0,0.4,0.20584412720077636,0.2758567663541369,0.05331112332642078,0.09995116293430328,0.05331112332642078,0.46985286474227905,0.6912654638290405,54,0.06804550068277362,0.30452569169231103
station_wake_L5,Hard-switch stage-aware SAC,strict_hard_switch_v1,hard_switch_v1,1,16,9016,1250016,station_wake,5,0.0,0.0,0.1,1,1,0,0,1,0,44,0.25,1,17,1.2368216514587402,1.053980947464325,1.0561740398406982,0.8416727612347266,0.9494912624359131,3.649303913116455,0.35835681512953604,2.0049244932033226,0.0,0.9,0.09570280813505463,0.10351332500394818,0.059168197214603424,0.07607495039701462,0.059168197214603424,0.17095565795898438,0.2215920388698578,48,0.09090203696006575,0.18678504983020647
station_wake_L5,Hard-switch stage-aware SAC,strict_hard_switch_v1,hard_switch_v1,1,17,9017,1250017,station_wake,5,0.0,0.0,0.1,1,1,0,0,1,0,47,0.25,1,31,0.13600513339042664,0.07638695486578574,0.9208882600069046,0.5032899035279733,6.070487350225449,29.87710729241371,0.3405995262384693,1.9749506092456883,1.0236667044494332,0.0,0.18277016661891787,0.22482626159023206,0.019628655165433884,0.021637361496686935,0.019628655165433884,0.03050946444272995,0.06423577666282654,51,0.07143799038865625,1.0236667044494332
station_wake_L5,Hard-switch stage-aware SAC,strict_hard_switch_v1,hard_switch_v1,1,18,9018,1250018,station_wake,5,0.0,0.0,0.1,1,1,0,0,1,0,47,0.25,1,31,0.46950599551200867,0.38951831169761403,0.993657112121582,0.6310117339777008,5.300661027431488,21.536194682121277,0.35077483390734643,2.0447037784154776,3.27525542637365,0.0,0.2279500918676538,0.2807929917143408,0.0858851507306099,0.09188399463891983,0.0858851507306099,0.09104982018470764,0.15554890036582947,51,0.0681337108333699,1.529995777976766
station_wake_L5,Hard-switch stage-aware SAC,strict_hard_switch_v1,hard_switch_v1,1,19,9019,1250019,station_wake,5,0.0,0.0,0.1,1,1,0,0,1,0,39,0.25,1,29,0.12202942371368408,0.07655587679511264,0.6081301718950272,0.42469594665908406,3.8740019500255585,18.283040365204215,0.3428550102749765,2.42140230186261,0.0,0.0,0.366897428106343,0.5062581098777406,0.03820260651409626,0.06451249867677689,0.03820260651409626,0.19224201142787933,0.3958277404308319,43,0.04536039532780453,3.390365671672933
station_wake_L5,Hard-switch stage-aware SAC,strict_hard_switch_v1,hard_switch_v1,1,20,9020,1250020,station_wake,5,0.0,0.0,0.1,1,1,0,0,1,0,35,0.25,1,20,0.9164398312568665,0.7574865328345024,1.0808193683624268,0.7579724913093531,5.970406234264374,23.880798819009215,0.4301611624083569,3.3361629912119426,0.0,0.65,0.19358220071278942,0.234797149371941,0.16277510821819305,0.1995318979024887,0.16277510821819305,0.36740654706954956,0.42398601770401,39,0.06748082983979777,1.6378509749953198
station_wake_L5,Hard-switch stage-aware SAC,strict_hard_switch_v1,hard_switch_v1,1,21,9021,1250021,station_wake,5,0.0,0.0,0.1,1,1,0,0,1,0,73,0.25,1,43,0.2231396585702896,0.17312050422608546,0.8346512913703918,0.5159683702234311,2.645769864320755,15.561736822128296,0.3156416140170505,1.7838478537341453,0.0,1.5,0.1012958914701072,0.10991002867783824,0.08485234379768372,0.09797728806734085,0.08485234379768372,0.13136035203933716,0.16851380467414856,77,0.052448427012653204,3.9586418929296365
station_wake_L5,Hard-switch stage-aware SAC,strict_hard_switch_v1,hard_switch_v1,1,22,9022,1250022,station_wake,5,0.0,0.0,0.1,1,1,0,0,1,0,39,0.25,1,22,0.19111713767051697,0.13225091451159907,0.7053200155496597,0.4664371677495723,1.7658628523349762,12.20297783613205,0.16464422718119584,1.3867101057154894,0.0,0.0,0.14877580629696638,0.18065154535845432,0.026117299497127534,0.03987162187695503,0.026117299497127534,0.1059669591486454,0.17220627516508102,43,0.07540025761529141,2.872669562541112
station_wake_L5,Hard-switch stage-aware SAC,strict_hard_switch_v1,hard_switch_v1,1,23,9023,1250023,station_wake,5,0.0,0.0,0.1,1,1,0,0,1,0,56,0.25,1,40,0.14236052334308624,0.06154740663479514,0.866054892539978,0.5370176668138169,2.91753888130188,18.11629295349121,0.24082564623837086,1.7025094661191575,2.7976508201225117,0.0,0.12533592430351567,0.15557920111209747,0.011186732165515422,0.025517873466014862,0.011186732165515422,0.16593922302126884,0.20052602514624596,60,0.07371741800126025,2.7723001461311862
station_wake_L5,Hard-switch stage-aware SAC,strict_hard_switch_v1,hard_switch_v1,1,24,9024,1250024,station_wake,5,0.0,0.0,0.1,1,1,0,0,1,0,58,0.25,1,37,0.16140244901180267,0.11408292355023437,0.6567937135696411,0.4271701274683257,3.6424078047275543,18.168456554412842,0.4343934666323076,2.5804626399527755,0.0,0.9500000000000001,0.1427458648671888,0.1553370919108707,0.1524828404188156,0.20397134125232697,0.1524828404188156,0.4728829860687256,0.6419259309768677,62,0.08287017187382147,1.963715885202043
station_wake_L5,Hard-switch stage-aware SAC,strict_hard_switch_v1,hard_switch_v1,1,25,9025,1250025,station_wake,5,0.0,0.0,0.1,1,1,0,0,1,0,36,0.25,1,23,0.6185800433158875,0.3643723766214737,1.5311485528945923,1.0445640932939684,2.9652321338653564,16.356498301029205,0.25050735020175374,1.6156279832148857,0.33472782770675535,0.1,0.19298797572434195,0.26853756578960386,0.07170363813638687,0.08418245613574982,0.07170363813638687,0.15040069818496704,0.34145042300224304,40,0.04489046789352985,0.33472782770675535
station_wake_L5,Hard-switch stage-aware SAC,strict_hard_switch_v1,hard_switch_v1,1,26,9026,1250026,station_wake,5,0.0,0.0,0.1,1,1,0,0,1,0,42,0.25,1,23,1.093476414680481,0.6986107821984394,2.1955549716949463,1.670975237941867,6.659442484378815,31.309381127357483,0.6164917470581824,3.075277252437112,3.1842762394120223,0.0,0.1650460053877901,0.18152631096981933,0.07997382134199142,0.08147117495536804,0.07997382134199142,0.03731688857078552,0.07972642779350281,46,0.07868635095945707,1.2758516960365844
station_wake_L5,Hard-switch stage-aware SAC,strict_hard_switch_v1,hard_switch_v1,1,27,9027,1250027,station_wake,5,0.0,0.0,0.1,1,1,0,0,1,0,39,0.25,1,20,0.5974343419075012,0.41028404809134933,1.4677029848098755,1.121892846479341,7.5808365643024445,21.183220148086548,0.5767510718568055,2.8103277693401987,0.0,0.5,0.11856897147928377,0.1394300768849875,0.053015579283237454,0.06810683757066727,0.053015579283237454,0.15043239295482635,0.19967779517173767,43,0.09224148369819744,1.9444120630602946
station_wake_L5,Hard-switch stage-aware SAC,strict_hard_switch_v1,hard_switch_v1,1,28,9028,1250028,station_wake,5,0.0,0.0,0.1,1,1,0,0,1,0,39,0.25,1,26,0.6813772320747375,0.49768710293259427,0.981365442276001,0.7887043475483901,1.9045017659664154,12.743885358795524,0.2903796805572739,2.0281005816671565,0.0,0.35000000000000003,0.21790974395907908,0.2888017587032265,0.0717410109937191,0.08043857663869858,0.0717410109937191,0.14561210572719574,0.22247746586799622,43,0.06939221598019983,1.367818805828631
station_wake_L5,Hard-switch stage-aware SAC,strict_hard_switch_v1,hard_switch_v1,1,29,9029,1250029,station_wake,5,0.0,0.0,0.1,1,1,0,0,1,0,43,0.25,1,25,0.9011577367782593,0.6291221771021885,1.3889849185943604,1.2340373132558249,3.9663179963827133,16.45228646695614,0.3018825752445448,2.147166574104337,1.0968795021628,0.2,0.1544474185936246,0.18393384776153648,0.018718386255204677,0.03811445087194443,0.018718386255204677,0.205104511231184,0.2384530007839203,47,0.07562233299017995,1.0933299382285089
station_wake_L5,Hard-switch stage-aware SAC,strict_hard_switch_v1,hard_switch_v1,1,30,9030,1250030,station_wake,5,0.0,0.0,0.1,1,1,0,0,1,0,46,0.25,1,32,0.3835327625274658,0.31403193948632585,0.8174258470535278,0.5292304813346894,4.42336767911911,17.81235620379448,0.44565063329726584,2.198275550436105,3.0040444092448992,0.0,0.0984819270243901,0.1482471998742251,0.04573413953185081,0.07946696877479553,0.04573413953185081,0.2731199413537979,0.4555860161781311,50,0.06535489501750076,1.1417704935958857
station_wake_L5,Hard-switch stage-aware SAC,strict_hard_switch_v1,hard_switch_v1,1,31,9031,1250031,station_wake,5,0.0,0.0,0.1,1,1,0,0,1,0,61,0.25,1,41,0.7897425889968872,0.6431411676526843,2.0693913102149963,1.376858676761775,6.519547253847122,33.426451683044434,0.33157006030144087,2.4368895977083604,0.0,1.0,0.09398015371842593,0.11343318637499374,0.15151321291923522,0.19630470871925354,0.15151321291923522,0.43493443727493286,0.4803881049156189,65,0.07316443291575266,3.1069416359779645
station_wake_L5,Hard-switch stage-aware SAC,strict_hard_switch_v1,hard_switch_v1,1,32,9032,1250032,station_wake,5,0.0,0.0,0.1,1,1,0,0,1,0,62,0.25,1,41,0.2811233401298523,0.19506150210039602,0.500151515007019,0.33209841895841863,3.053280934691429,12.395170778036118,0.3561530626246832,1.866440259947566,0.0,0.25,0.1344186344034827,0.1467774463924471,0.006043252255767584,0.01395568996667862,0.006043252255767584,0.0659751957282424,0.1362539827823639,66,0.08765576910342816,0.24561338911024697
station_wake_L5,Hard-switch stage-aware SAC,strict_hard_switch_v1,hard_switch_v1,1,33,9033,1250033,station_wake,5,0.0,0.0,0.1,1,1,0,0,1,0,41,0.25,0,-1,nan,nan,nan,nan,nan,nan,nan,nan,0.0,nan,0.08748076846645303,0.08914352567462759,0.11792423725128173,0.14574512839317322,0.11792423725128173,0.2806820869445801,0.34659653902053833,45,0.09579329908813804,2.2432275031630633
station_wake_L5,Hard-switch stage-aware SAC,strict_hard_switch_v1,hard_switch_v1,1,34,9034,1250034,station_wake,5,0.0,0.0,0.1,1,1,0,0,1,0,37,0.25,1,22,1.3359920978546143,1.2326699508141963,2.1235013008117676,1.0840950167327343,7.186368703842163,31.30261778831482,0.5969491480416247,2.411849864810856,0.0,0.55,0.17830230311421966,0.24431748354759705,0.09305369108915329,0.13287843763828278,0.09305369108915329,0.3732607364654541,0.5449491739273071,41,0.05369681507180777,1.108653681074844
station_wake_L5,Hard-switch stage-aware SAC,strict_hard_switch_v1,hard_switch_v1,1,35,9035,1250035,station_wake,5,0.0,0.0,0.1,1,1,0,0,1,0,65,0.25,1,42,0.25735190510749817,0.17683613024536193,1.2726561725139618,1.092116517991526,4.6539899706840515,12.846856415271759,0.288212121434993,1.9343669402389547,2.0421040453155754,0.0,0.13447587732639552,0.14713809520919258,0.008380447886884213,0.009135778062045574,0.008380447886884213,0.012537654489278793,0.01965722069144249,69,0.08529640255053107,1.881800572712434
station_wake_L5,Hard-switch stage-aware SAC,strict_hard_switch_v1,hard_switch_v1,1,36,9036,1250036,station_wake,5,0.0,0.0,0.1,1,1,0,0,1,0,30,0.25,1,12,1.2401202917099,0.9686034107658255,1.5385019779205322,1.2787709380952665,0.026428699493408203,0.18030881881713867,0.5188332183481,2.205323791851447,0.0,0.9,0.14951263317146837,0.1884408013905137,0.320220011472702,0.5325866341590881,0.320220011472702,2.094264030456543,2.36242413520813,34,0.045808945363032726,1.8608523825280048
station_wake_L5,Hard-switch stage-aware SAC,strict_hard_switch_v1,hard_switch_v1,1,37,9037,1250037,station_wake,5,0.0,0.0,0.1,1,1,0,0,1,0,45,0.25,1,28,0.851203441619873,0.6139876276503253,1.3201045989990234,0.9945630618484019,1.7568323761224747,11.266149953007698,0.38928748117586387,2.4070539547239735,0.0,0.55,0.17253800739309472,0.20912215533075734,0.04929245375096798,0.0931834727525711,0.04929245375096798,0.43611570447683334,0.7978898286819458,49,0.0743411322844495,1.0670634852798728
station_wake_L5,Hard-switch stage-aware SAC,strict_hard_switch_v1,hard_switch_v1,1,38,9038,1250038,station_wake,5,0.0,0.0,0.1,1,1,0,0,1,0,61,0.25,1,45,0.4378262758255005,0.29767962473801673,0.9659403562545776,0.8021939740238142,6.214052885770798,19.575576782226562,0.34590635052465346,1.6138792942152953,0.0,0.0,0.13144545260555776,0.16859619983156837,0.06664163768291473,0.09186741709709167,0.06664163768291473,0.183533176779747,0.2993813157081604,65,0.07300326458336542,1.3927631902860464
station_wake_L5,Hard-switch stage-aware SAC,strict_hard_switch_v1,hard_switch_v1,1,39,9039,1250039,station_wake,5,0.0,0.0,0.1,1,1,0,0,1,0,69,0.25,1,47,0.6293686628341675,0.534269964076961,1.7030823230743408,1.0554463266501344,6.9032122194767,27.43872880935669,0.3799153992892789,1.9877837839582804,0.0,0.8500000000000001,0.10206233346575896,0.10975668293189603,0.08114461004734039,0.09699006378650665,0.08114461004734039,0.16014805436134338,0.19021302461624146,73,0.08922665619624197,2.4033973601905663
station_wake_L5,Hard-switch stage-aware SAC,strict_hard_switch_v1,hard_switch_v1,1,40,9040,1250040,station_wake,5,0.0,0.0,0.1,1,1,0,0,1,0,69,0.25,1,46,0.022849105298519135,0.015416633832859027,0.29673708602786064,0.1393425052250662,1.3899828493595123,6.8292054533958435,0.2820977070322351,1.6057235365525055,0.0050832694888278095,0.75,0.08810670424247842,0.09480824270276678,0.09473749995231628,0.11436694115400314,0.09473749995231628,0.19875863194465637,0.24879023432731628,73,0.08681067013881873,0.0050832694888278095
station_wake_L5,Hard-switch stage-aware SAC,strict_hard_switch_v1,hard_switch_v1,1,41,9041,1250041,station_wake,5,0.0,0.0,0.1,1,1,0,0,1,0,55,0.25,1,38,0.21723663806915283,0.11581657884303913,1.5690189599990845,0.9067258520082906,2.135014533996582,13.096768260002136,0.49261783940275106,2.333013008375943,0.7966136607176083,0.25,0.14966091203248122,0.18813366315765104,0.02811543121933937,0.05331282317638397,0.02811543121933937,0.24533631652593613,0.4517245292663574,59,0.07675620217909937,0.7966136607176083
station_wake_L5,Hard-switch stage-aware SAC,strict_hard_switch_v1,hard_switch_v1,1,42,9042,1250042,station_wake,5,0.0,0.0,0.1,1,1,0,0,1,0,30,0.25,1,5,0.7911089658737183,0.5035597013277572,2.007008045911789,1.6785435166187281,19.73628044128418,20.06908655166626,1.7414720099069785,2.682683408310468,0.0,1.25,0.1927013103483839,0.24379211690442665,0.2705456972122192,0.4560224711894989,0.2705456972122192,1.7694200277328491,2.238665223121643,34,0.045238166210647135,1.5459897331354084
station_wake_L5,Hard-switch stage-aware SAC,strict_hard_switch_v1,hard_switch_v1,1,43,9043,1250043,station_wake,5,0.0,0.0,0.1,1,1,0,0,1,0,53,0.25,1,38,0.45472970604896545,0.27784543018962,1.5625298023223877,1.1791682207908176,2.847815752029419,17.19917356967926,0.2318814926160127,1.7342229526401967,0.6211844140323562,0.0,0.15223299715579688,0.19372921784487332,0.012584723625332117,0.020677484571933746,0.012584723625332117,0.34398712404072285,0.8467684686183929,57,0.06754589763005252,0.4644738343760531
station_wake_L5,Hard-switch stage-aware SAC,strict_hard_switch_v1,hard_switch_v1,1,44,9044,1250044,station_wake,5,0.0,0.0,0.1,1,1,0,0,1,0,34,0.25,1,20,1.0386627912521362,0.9561320435027766,2.082247734069824,1.0890918647259913,9.19663056731224,31.23525619506836,0.6186091224420004,2.8214094753365617,2.130196410135815,0.25,0.21576211260668104,0.26859465912011066,0.01723605692386627,0.027873793616890907,0.01723605692386627,0.24678082019090652,0.32230038195848465,38,0.06728809087588883,2.016657321789047
station_wake_L5,Hard-switch stage-aware SAC,strict_hard_switch_v1,hard_switch_v1,1,45,9045,1250045,station_wake,5,0.0,0.0,0.1,1,1,0,0,1,0,54,0.25,1,41,0.20006081461906433,0.15811895135927573,1.196928396821022,0.644398766330228,4.3114568293094635,19.191231578588486,0.2574491261761897,1.8461670837703,0.0,0.65,0.18298217713353124,0.26497851040802123,0.12273290902376174,0.15645022690296173,0.12273290902376174,0.30922701954841614,0.3786185383796692,58,0.0793988444165353,3.3998171593803495
station_wake_L5,Hard-switch stage-aware SAC,strict_hard_switch_v1,hard_switch_v1,1,46,9046,1250046,station_wake,5,0.0,0.0,0.1,1,1,0,0,1,0,54,0.25,1,38,0.17160189151763916,0.08551253882602403,0.8460476994514465,0.44039551596416276,1.9639816880226135,9.777557384222746,0.1517095740762755,0.8224127445378862,0.806005597713199,0.0,0.15297327734293156,0.19288757258854206,0.009642559802159667,0.024560360237956047,0.009642559802159667,0.18651680927723646,0.3581876680254936,58,0.07405561243683968,0.792348901272023
station_wake_L5,Hard-switch stage-aware SAC,strict_hard_switch_v1,hard_switch_v1,1,47,9047,1250047,station_wake,5,0.0,0.0,0.1,1,1,0,0,1,0,66,0.25,1,54,0.22672991454601288,0.17379934943933834,1.469583809375763,0.7912954144552334,4.942151457071304,18.769548535346985,0.3427518045600095,2.2933480650557283,0.0,0.25,0.2297079307794448,0.32876347973500336,0.08171056061983109,0.08807026594877243,0.08171056061983109,0.06333693861961365,0.11037617921829224,70,0.05905580479605488,2.1559248789656067
station_wake_L5,Hard-switch stage-aware SAC,strict_hard_switch_v1,hard_switch_v1,1,48,9048,1250048,station_wake,5,0.0,0.0,0.1,1,1,0,0,1,0,53,0.25,1,33,0.10502010583877563,0.06543458715279891,0.4244847223162651,0.2955867312280646,2.4565619230270386,12.237390577793121,0.4394692132944171,1.1669270171671426,0.0,0.35000000000000003,0.16647631132494425,0.19580565926768656,0.07583753913640975,0.08688823878765106,0.07583753913640975,0.11527979373931885,0.15333160758018494,57,0.08153653986910875,0.4748544412540031
station_wake_L5,Hard-switch stage-aware SAC,strict_hard_switch_v1,hard_switch_v1,1,49,9049,1250049,station_wake,5,0.0,0.0,0.1,1,1,0,0,1,0,41,0.25,1,19,0.396058589220047,0.22088405792829618,1.1853113770484924,0.9540846091735123,2.2345083951950073,8.531573712825775,0.3967407777731191,1.9714893719355562,0.0,0.0,0.11535056647472819,0.12907801719431108,0.008537974301725626,0.009062317200005054,0.008537974301725626,0.011854613199830055,0.021822508424520493,45,0.08847573036736295,0.6009147070924328
station_wake_L5,Hard-switch stage-aware SAC,strict_hard_switch_v1,hard_switch_v1,1,50,9050,1250050,station_wake,5,0.0,0.0,0.1,1,1,0,0,1,0,39,0.25,1,19,1.1124656200408936,0.9927634469337239,1.3843107223510742,0.9890003060868523,5.707978010177612,25.434507727622986,0.41504955813200695,2.389687732172723,0.0,1.0,0.05273085455309464,0.0758973576695892,0.19259298741817474,0.24992872774600983,0.19259298741817474,0.5590079426765442,0.6723085045814514,43,0.030023893138738763,2.777995670125331
station_wake_L5,Hard-switch stage-aware SAC,strict_hard_switch_v1,hard_switch_v1,1,51,9051,1250051,station_wake,5,0.0,0.0,0.1,1,1,0,0,1,0,64,0.25,1,42,0.14531685411930084,0.10187400362254054,0.4674927890300751,0.27172784274361733,3.057761490345001,8.262391835451126,0.3566618278449439,2.004001921887937,0.0,0.9,0.12507350504238265,0.13703563969181645,0.08657401502132415,0.1081789880990982,0.08657401502132415,0.22270038723945618,0.34166693687438965,68,0.08422507496533164,2.08103633702806
station_wake_L5,Hard-switch stage-aware SAC,strict_hard_switch_v1,hard_switch_v1,1,52,9052,1250052,station_wake,5,0.0,0.0,0.1,1,1,0,0,1,0,65,0.25,1,43,0.3393910527229309,0.2359285182702556,0.8579513430595398,0.5539555621055129,3.95852267742157,23.25104668736458,0.30964591296433663,1.8718887064708905,1.1328464245584409,0.0,0.10090586251929481,0.11956098916196117,0.015286119468510152,0.01908074878156185,0.015286119468510152,0.043168261647224426,0.08273463696241379,69,0.09230345879652145,0.5772253165341542
station_wake_L5,Hard-switch stage-aware SAC,strict_hard_switch_v1,hard_switch_v1,1,53,9053,1250053,station_wake,5,0.0,0.0,0.1,1,1,0,0,1,0,52,0.25,1,36,0.5507947206497192,0.4762287616075714,0.9645485877990723,0.6565212088351062,4.474731124937534,15.231205224990845,0.36690742495945894,1.648918666914857,0.0,0.4,0.18319269501834365,0.23827684639341878,0.09643761962652206,0.1152912899851799,0.09643761962652206,0.2085515856742859,0.26657119393348694,56,0.07162363474695643,0.23124067006455673
station_wake_L5,Hard-switch stage-aware SAC,strict_hard_switch_v1,hard_switch_v1,1,54,9054,1250054,station_wake,5,0.0,0.0,0.1,1,1,0,0,1,0,50,0.25,1,34,0.2461043894290924,0.20271796539287726,0.9332597255706787,0.5492839213513901,2.947942018508911,13.85260671377182,0.372221699977724,1.6901851935476275,3.5681576302024802,0.0,0.11103034667758323,0.15467300536171494,0.08273351043462754,0.09935036301612854,0.08273351043462754,0.24612382054328918,0.4230649769306183,54,0.06767691086610923,1.9675572262799406
station_wake_L5,Hard-switch stage-aware SAC,strict_hard_switch_v1,hard_switch_v1,1,55,9055,1250055,station_wake,5,0.0,0.0,0.1,1,1,0,0,1,0,63,0.25,1,44,0.3456030786037445,0.21169977275651053,0.9618237614631653,0.6112029146336718,4.308104906231165,17.325588762760162,0.2606837891016081,1.6155184510623681,1.7599140327045582,0.30000000000000004,0.1296549835956285,0.14978695607478237,0.011343294568359853,0.01761665754020214,0.011343294568359853,0.13871154934167862,0.2887393906712532,67,0.08685508307615662,1.6049512344238377
station_wake_L5,Hard-switch stage-aware SAC,strict_hard_switch_v1,hard_switch_v1,1,56,9056,1250056,station_wake,5,0.0,0.0,0.1,1,1,0,0,1,0,53,0.25,1,41,0.23408818244934082,0.12206481992149674,0.8948567509651184,0.6621318498190444,5.296002924442291,17.78582751750946,0.2838864646552577,1.7292483326502472,0.0,0.4,0.16441681268117997,0.23407360548959544,0.05854314416646957,0.10776665806770325,0.05854314416646957,0.5366981476545334,1.216118335723877,57,0.04810451298555551,2.1384383140299046
station_wake_L5,Hard-switch stage-aware SAC,strict_hard_switch_v1,hard_switch_v1,1,57,9057,1250057,station_wake,5,0.0,0.0,0.1,1,1,0,0,1,0,47,0.25,1,20,1.3236016035079956,1.1908829268329701,2.5049662590026855,1.4048858827365984,15.235617458820343,35.54714918136597,0.9756059890518253,3.5771814856202897,2.6896516555228587,0.45,0.17492327589291232,0.19946014890782338,0.024824711307883263,0.03732752054929733,0.024824711307883263,0.13944384455680847,0.2976444363594055,51,0.07826590057884696,1.1799098430344137
station_wake_L5,Hard-switch stage-aware SAC,strict_hard_switch_v1,hard_switch_v1,1,58,9058,1250058,station_wake,5,0.0,0.0,0.1,1,1,0,0,1,0,59,0.25,1,39,0.12529423832893372,0.10867226278412292,0.6055334210395813,0.32108814294520377,3.0025698244571686,15.486196279525757,0.2290785282015503,1.9221294380005283,0.0,1.0,0.0757730010153577,0.10359552867738692,0.11703170984983444,0.1274518072605133,0.11703170984983444,0.11019033193588257,0.16720131039619446,63,0.026556311031852145,3.3325041510059927
station_wake_L5,Hard-switch stage-aware SAC,strict_hard_switch_v1,hard_switch_v1,1,59,9059,1250059,station_wake,5,0.0,0.0,0.1,1,1,0,0,1,0,26,0.25,1,14,0.14025628566741943,0.07418463172966576,0.5043542385101318,0.357990182060243,1.8206387758255005,10.191026628017426,0.25825252016078515,1.9894627499702817,0.0,0.5,0.31547118522879336,0.4257231384225755,0.16005120575428008,0.22007963061332703,0.16005120575428008,0.524372935295105,0.7279300689697266,30,0.0351200444583711,1.626819792598926
station_wake_L5,Hard-switch stage-aware SAC,strict_hard_switch_v1,hard_switch_v1,1,60,9060,1250060,station_wake,5,0.0,0.0,0.1,1,1,0,0,1,0,60,0.25,1,35,0.5336728096008301,0.29983109358354454,1.5870678424835205,1.0252643640684325,2.6178720593452454,14.205968081951141,0.20954162921920627,1.4948405472338027,0.08975618289379869,0.55,0.12260513308853924,0.13172261974806823,0.05814587622880936,0.07478164881467819,0.05814587622880936,0.15856550633907318,0.17719238996505737,64,0.08687945224586666,0.08975618289379869
station_wake_L5,Hard-switch stage-aware SAC,strict_hard_switch_v1,hard_switch_v1,1,61,9061,1250061,station_wake,5,0.0,0.0,0.1,1,1,0,0,1,0,61,0.25,1,49,0.34704703092575073,0.20391067982749975,1.4321690797805786,1.2842340455630468,1.0115134716033936,6.805710792541504,0.22901419971322987,1.754111261976583,0.07057164893868738,0.35000000000000003,0.20135194822836552,0.27537792864339117,0.09268154352903366,0.14899668097496033,0.09268154352903366,0.5946948230266571,1.1283835768699646,65,0.053404496836697575,0.07057164893868738
station_wake_L5,Hard-switch stage-aware SAC,strict_hard_switch_v1,hard_switch_v1,1,62,9062,1250062,station_wake,5,0.0,0.0,0.1,1,1,0,0,1,0,42,0.25,1,27,0.8945554494857788,0.5432906797945413,2.1204781532287598,1.4907400073773602,3.454456925392151,14.653598666191101,0.3089558135289552,2.158636215289902,1.0328786019273706,0.0,0.1738863627120772,0.23753849398641846,0.011596270091831683,0.018950030207633972,0.011596270091831683,0.10990322753787041,0.20371148362755775,46,0.06203073938050639,0.8151749665913824
station_wake_L5,Hard-switch stage-aware SAC,strict_hard_switch_v1,hard_switch_v1,1,63,9063,1250063,station_wake,5,0.0,0.0,0.1,1,1,0,0,1,0,45,0.25,1,28,0.10005880892276764,0.0646610091962085,1.132403314113617,0.5844481600487559,3.582172989845276,14.709900403395295,0.3603947791563796,2.3965820936313618,0.0,0.25,0.15925405199303344,0.18678301143851883,0.03291427046060562,0.04395123943686485,0.03291427046060562,0.0894923061132431,0.12777931988239288,49,0.0727595771937748,2.8806564015583844
station_wake_L5,Hard-switch stage-aware SAC,strict_hard_switch_v1,hard_switch_v1,1,64,9064,1250064,station_wake,5,0.0,0.0,0.1,1,1,0,0,1,0,61,0.25,1,40,0.19627445936203003,0.1504249740317645,0.7617738842964172,0.5122256505928235,3.2170001417398453,17.44337260723114,0.2797599990117274,1.5991840841388056,0.0,0.65,0.11206361333480785,0.1196645358636232,0.06798872947692872,0.07996787130832672,0.06798872947692872,0.11393320560455322,0.12919574975967407,65,0.08693876898804083,2.2431835338202815
station_wake_L5,Hard-switch stage-aware SAC,strict_hard_switch_v1,hard_switch_v1,1,65,9065,1250065,station_wake,5,0.0,0.0,0.1,1,1,0,0,1,0,54,0.25,1,25,1.0004627704620361,0.7650709275725179,1.36307954788208,1.0748069790038386,3.1047752499580383,11.827673316001892,0.37767753371376306,2.229807072436239,11.023290966581415,1.4500000000000002,0.12447594592379704,0.13374259101400254,0.08150979727506638,0.09403831511735916,0.08150979727506638,0.12552088499069214,0.15430808067321777,58,0.08779936383875814,3.9806218685655606
station_wake_L5,Hard-switch stage-aware SAC,strict_hard_switch_v1,hard_switch_v1,1,66,9066,1250066,station_wake,5,0.0,0.0,0.1,1,1,0,0,1,0,40,0.25,1,23,0.8221520781517029,0.5422976995496582,1.388082504272461,1.206778105820313,2.8954267501831055,12.053524255752563,0.2199989396446048,1.600796451275444,3.442975630641779,0.0,0.18685498719028232,0.2161469057734014,0.09715006053447724,0.10121703147888184,0.09715006053447724,0.0837889015674591,0.13791978359222412,44,0.07287471583080073,1.5336379763516752
station_wake_L5,Hard-switch stage-aware SAC,strict_hard_switch_v1,hard_switch_v1,1,67,9067,1250067,station_wake,5,0.0,0.0,0.1,1,1,0,0,1,0,74,0.25,1,55,0.45516929030418396,0.3386369697046003,1.7907950282096863,1.231491002332355,6.9979725778102875,24.341244101524353,0.36430466859575533,2.079881461923231,0.0,0.9500000000000001,0.10012446978087579,0.10220292280614308,0.14659805297851564,0.1881091594696045,0.14659805297851564,0.4236617088317871,0.5628004670143127,78,0.08152189374463986,3.3603726034801142
station_wake_L5,Hard-switch stage-aware SAC,strict_hard_switch_v1,hard_switch_v1,1,68,9068,1250068,station_wake,5,0.0,0.0,0.1,1,1,0,0,1,0,57,0.25,1,44,0.07737961411476135,0.03898446306565102,0.8337585628032684,0.38140314920361673,2.318578362464905,12.001664489507675,0.19109923688187141,1.257172080911527,0.0,0.35000000000000003,0.19389461341010797,0.2712594296366937,0.07838610634207725,0.1080840677022934,0.07838610634207725,0.3082214444875717,0.3691732883453369,61,0.05944349655621076,1.757026676954641
station_wake_L5,Hard-switch stage-aware SAC,strict_hard_switch_v1,hard_switch_v1,1,69,9069,1250069,station_wake,5,0.0,0.0,0.1,1,1,0,0,1,0,47,0.25,1,28,0.617902934551239,0.35448379414810016,1.5510505437850952,1.1191066153102125,3.015286922454834,14.655168149620295,0.5377204286346978,2.4697877206964582,2.5806680899090773,0.0,0.14370180911707595,0.17114250659321317,0.025631963834166528,0.027835208922624588,0.025631963834166528,0.05161905288696289,0.14235809445381165,51,0.08426579718972686,2.149817409187146
station_wake_L5,Hard-switch stage-aware SAC,strict_hard_switch_v1,hard_switch_v1,1,70,9070,1250070,station_wake,5,0.0,0.0,0.1,1,1,0,0,1,0,43,0.25,1,24,0.2560998499393463,0.1650485319627853,1.5660375356674194,0.800600601718914,9.598906636238098,26.98047637939453,0.5957339561275442,2.7613363979361325,0.43086175309890634,0.0,0.13788457211750804,0.16539808149202812,0.017715983837842942,0.021657340228557587,0.017715983837842942,0.053130775690078735,0.0751076266169548,47,0.08652103835477282,0.2602811936724229
station_wake_L5,Hard-switch stage-aware SAC,strict_hard_switch_v1,hard_switch_v1,1,71,9071,1250071,station_wake,5,0.0,0.0,0.1,1,1,0,0,1,0,36,0.25,1,20,0.3047972321510315,0.14888195521098563,1.078914999961853,0.7468184945700631,3.3301715552806854,13.778237402439117,0.2961629995292033,2.0148391561689833,0.0,0.0,0.18565117458420372,0.22937766687575334,0.021487862057983875,0.0313972532749176,0.021487862057983875,0.09127853810787201,0.17179254442453384,40,0.06482621777325343,2.6321786018649633
station_wake_L5,Hard-switch stage-aware SAC,strict_hard_switch_v1,hard_switch_v1,1,72,9072,1250072,station_wake,5,0.0,0.0,0.1,1,1,0,0,1,0,47,0.25,1,27,0.8589690327644348,0.5464595797217469,1.7836642265319824,1.2983748832614703,4.2626941204071045,20.348546504974365,0.5565683875086849,3.3570352585160705,4.4444963004810925,0.0,0.13520186327375208,0.16099315379813234,0.06462875008583069,0.06635402888059616,0.06462875008583069,0.041967496275901794,0.09313218295574188,51,0.08471379777286377,3.016076641241523
station_wake_L5,Hard-switch stage-aware SAC,strict_hard_switch_v1,hard_switch_v1,1,73,9073,1250073,station_wake,5,0.0,0.0,0.1,1,1,0,0,1,0,41,0.25,1,23,0.16237355768680573,0.09682439869313962,1.7517377436161041,0.8999109553195159,7.695989906787872,25.668914318084717,0.5197055682719464,2.5081280442874845,1.6635541507808413,0.0,0.14215869920503754,0.16769780405934026,0.018175197020173072,0.02548893168568611,0.018175197020173072,0.056550707668066025,0.08905138820409775,45,0.07452282213410784,1.2723011716069415
station_wake_L5,Hard-switch stage-aware SAC,strict_hard_switch_v1,hard_switch_v1,1,74,9074,1250074,station_wake,5,0.0,0.0,0.1,1,1,0,0,1,0,56,0.25,1,39,0.34939053654670715,0.2902390414563042,1.0017785429954529,0.5894602941846704,4.801929295063019,16.824820339679718,0.24695994306020502,1.3353334211965073,2.8809780607796096,0.0,0.13007743491402388,0.1643327244620184,0.02664420772343874,0.04700644314289093,0.02664420772343874,0.1761413738131523,0.2798691391944885,60,0.07808716523925512,1.6191374306082484
station_wake_L5,Hard-switch stage-aware SAC,strict_hard_switch_v1,hard_switch_v1,1,75,9075,1250075,station_wake,5,0.0,0.0,0.1,1,1,0,0,1,0,62,0.25,1,48,0.2955949604511261,0.16821509804496537,1.1237075924873352,0.99521830316264,1.568104326725006,9.248291552066803,0.2695994629057031,1.4789941901578183,0.8496545085735473,0.25,0.1899485806995908,0.2565745786493459,0.011761894635856151,0.016892997547984123,0.011761894635856151,0.22911743074655533,0.6632322072982788,66,0.06748991664998237,0.6965913566557367
station_wake_L5,Hard-switch stage-aware SAC,strict_hard_switch_v1,hard_switch_v1,1,76,9076,1250076,station_wake,5,0.0,0.0,0.1,1,1,0,0,1,0,56,0.25,1,41,0.07616733759641647,0.052554152148199876,0.6188855320215225,0.35761025687513515,2.925759106874466,12.498301267623901,0.21783014797378378,1.6572134679182247,0.0,0.0,0.1551936086628154,0.19995509122418206,0.0877100557088852,0.10356280207633972,0.0877100557088852,0.17203384637832642,0.2971361577510834,60,0.062442774092174455,0.8028495700689771
station_wake_L5,Hard-switch stage-aware SAC,strict_hard_switch_v1,hard_switch_v1,1,77,9077,1250077,station_wake,5,0.0,0.0,0.1,1,1,0,0,1,0,64,0.25,1,48,0.4763730466365814,0.36900696774127245,0.9778127074241638,0.6651592574406987,3.349669799208641,17.38622322678566,0.3103045316719625,1.4694852466364843,3.967924546898507,0.0,0.1238913024659665,0.14305225467107538,0.05623598173260689,0.06899742782115936,0.05623598173260689,0.1301986277103424,0.1840589940547943,68,0.0719329760939084,1.9039824658156967
station_wake_L5,Hard-switch stage-aware SAC,strict_hard_switch_v1,hard_switch_v1,1,78,9078,1250078,station_wake,5,0.0,0.0,0.1,1,1,0,0,1,0,75,0.25,1,56,0.2379668951034546,0.1606950197794824,1.1342543363571167,0.6688782548871601,4.058291018009186,23.49999025464058,0.4400360481496975,2.1067916365502377,0.0,0.7000000000000001,0.13567504810999348,0.14485923862688352,0.12466819435358048,0.17179559171199799,0.12466819435358048,0.47148439288139343,0.6735914945602417,79,0.07922132696086624,0.27390085768169276
station_wake_L5,Hard-switch stage-aware SAC,strict_hard_switch_v1,hard_switch_v1,1,79,9079,1250079,station_wake,5,0.0,0.0,0.1,1,1,0,0,1,0,34,0.25,1,22,1.3031002283096313,1.020814277512372,2.3336172103881836,1.645828935470561,16.236456483602524,41.637067794799805,0.8742392943936784,4.458175550628231,0.0,0.6000000000000001,0.21559086594048668,0.3473854585195285,0.22228614389896392,0.263912171125412,0.22228614389896392,0.39163094758987427,0.5551892518997192,38,0.05743941069034905,2.4361278401366793
station_wake_L5,Hard-switch stage-aware SAC,strict_hard_switch_v1,hard_switch_v1,1,80,9080,1250080,station_wake,5,0.0,0.0,0.1,1,1,0,0,1,0,26,0.25,1,14,0.4006814658641815,0.19505573000747817,1.4450877904891968,0.9377255303309281,6.398797631263733,26.599332001060247,0.3613192525631348,2.298462945997363,0.25260947717189697,0.0,0.26660452857010086,0.3893059017607463,0.04712423607707024,0.09180592745542526,0.04712423607707024,0.356404647231102,0.531085729598999,30,0.04439194239876705,0.25260947717189697
station_wake_L5,Hard-switch stage-aware SAC,strict_hard_switch_v1,hard_switch_v1,1,81,9081,1250081,station_wake,5,0.0,0.0,0.1,1,1,0,0,1,0,48,0.25,1,36,0.2567210793495178,0.1489112778012992,0.8659058809280396,0.5522899927496191,3.076210618019104,15.834415964782238,0.32218510743181966,2.3091665153675,0.0,0.4,0.3073970061779963,0.39619684715913017,0.1593606576323509,0.23133261501789093,0.1593606576323509,0.6583735644817352,0.8057793974876404,52,0.06041183617643224,0.37809638064601575
station_wake_L5,Hard-switch stage-aware SAC,strict_hard_switch_v1,hard_switch_v1,1,82,9082,1250082,station_wake,5,0.0,0.0,0.1,1,1,0,0,1,0,43,0.25,1,30,0.2791934907436371,0.2549467038072345,0.2816477417945862,0.14295698340251592,2.3075713217258453,6.974441558122635,0.34227420273718145,2.476936974455886,0.0,0.5,0.2333437628453161,0.32118443575566485,0.09190083593130112,0.11234840750694275,0.09190083593130112,0.23358389735221863,0.4878664016723633,47,0.05569138503521491,2.7965293884381603
station_wake_L5,Hard-switch stage-aware SAC,strict_hard_switch_v1,hard_switch_v1,1,83,9083,1250083,station_wake,5,0.0,0.0,0.1,1,1,0,0,1,0,40,0.25,1,28,0.8804689645767212,0.7048669069410212,0.9013533592224121,0.7237865246531898,2.7462826669216156,10.213476046919823,0.29209624381500265,2.5045215484446417,0.0,0.6000000000000001,0.18175999932513817,0.2681825870418027,0.14943067282438277,0.19681131839752197,0.14943067282438277,0.4518626630306244,0.7930216193199158,44,0.037713871392949766,2.9410359141515316
station_wake_L5,Hard-switch stage-aware SAC,strict_hard_switch_v1,hard_switch_v1,1,84,9084,1250084,station_wake,5,0.0,0.0,0.1,1,1,0,0,1,0,37,0.25,1,21,0.12666550278663635,0.06541525579426571,0.525265708565712,0.34472379593680663,3.16509947180748,10.436465702950954,0.42235567438987676,1.9867102724300598,0.6209773205622874,0.0,0.20746507496281463,0.2582696056317578,0.01775391064584255,0.024329019710421562,0.01775391064584255,0.10042596608400345,0.13552039861679077,41,0.07401397918631498,0.3043931700141569
station_wake_L5,Hard-switch stage-aware SAC,strict_hard_switch_v1,hard_switch_v1,1,85,9085,1250085,station_wake,5,0.0,0.0,0.1,1,1,0,0,1,0,56,0.25,1,41,0.3813295364379883,0.2591495543253105,1.1989229917526245,0.8016731797614428,5.536974361166358,24.293415546417236,0.49484473526403333,2.2326481300838714,0.0,0.0,0.16202844281892012,0.2091229342535058,0.008887781715020537,0.020014315843582153,0.008887781715020537,0.09901687409728765,0.15873897820711136,60,0.07965665918421792,0.6288331053248599
station_wake_L5,Hard-switch stage-aware SAC,strict_hard_switch_v1,hard_switch_v1,1,86,9086,1250086,station_wake,5,0.0,0.0,0.1,1,1,0,0,1,0,32,0.25,1,11,1.0767064094543457,0.8960744932785937,1.575608253479004,1.1640134010828025,2.7969491481781006,9.149019718170166,0.33828242271529574,1.8961778075009807,0.0,0.9,0.12236879376158027,0.15033666404840484,0.13863646537065505,0.19531649351119995,0.13863646537065505,0.571660965681076,0.8182087540626526,36,0.08093176315468942,0.7819947080162538
station_wake_L5,Hard-switch stage-aware SAC,strict_hard_switch_v1,hard_switch_v1,1,87,9087,1250087,station_wake,5,0.0,0.0,0.1,1,1,0,0,1,0,55,0.25,1,38,0.11427338421344757,0.062230958594894324,0.4177464172244072,0.3271676892156617,1.6024008393287659,8.605057895183563,0.23412231571329492,1.8786539825286246,0.1940564665525594,0.15000000000000002,0.12602232017717602,0.1426921087962667,0.06710405573248863,0.07431624829769135,0.06710405573248863,0.06548871099948883,0.09281590580940247,59,0.07994281089345734,0.1940564665525594
station_wake_L5,Hard-switch stage-aware SAC,strict_hard_switch_v1,hard_switch_v1,1,88,9088,1250088,station_wake,5,0.0,0.0,0.1,1,1,0,0,1,0,45,0.25,1,32,0.2900591492652893,0.1857609655251051,1.3073010742664337,1.1164215168291622,2.5074005126953125,10.652321577072144,0.36629656641797803,2.480601817289445,0.0,0.65,0.16878073651622832,0.2389742363294472,0.14463002234697342,0.1941823810338974,0.14463002234697342,0.49234697222709656,0.5571287870407104,49,0.04333511660473746,3.2532395922445834
station_wake_L5,Hard-switch stage-aware SAC,strict_hard_switch_v1,hard_switch_v1,1,89,9089,1250089,station_wake,5,0.0,0.0,0.1,1,1,0,0,1,0,50,0.25,1,38,0.2197229117155075,0.12371392031557046,0.7354290038347244,0.5815152716197538,1.7715173959732056,6.653164625167847,0.20550514894193733,1.0953419992671656,0.0,0.5,0.2650422613262644,0.3601690407107429,0.14397839158773423,0.18688958883285522,0.14397839158773423,0.4123463034629822,0.5206336081027985,54,0.07168309685451875,1.7828905756290694
station_wake_L5,Hard-switch stage-aware SAC,strict_hard_switch_v1,hard_switch_v1,1,90,9090,1250090,station_wake,5,0.0,0.0,0.1,1,1,0,0,1,0,36,0.25,0,-1,nan,nan,nan,nan,nan,nan,nan,nan,0.0,nan,0.0755930477910379,0.0764673781984466,0.12239662855863571,0.15533919632434845,0.12239662855863571,0.32578492164611816,0.3746303915977478,40,0.08446790519064858,3.6351385206284452
station_wake_L5,Hard-switch stage-aware SAC,strict_hard_switch_v1,hard_switch_v1,1,91,9091,1250091,station_wake,5,0.0,0.0,0.1,1,1,0,0,1,0,56,0.25,1,41,0.44657090306282043,0.2569820652901859,1.9081288576126099,1.6125110557765399,9.319636970758438,21.936029344797134,0.46924891202038904,2.1058520891127364,0.0,0.45,0.18765478906692434,0.21518881162177483,0.05717404931783676,0.07550708949565887,0.05717404931783676,0.1948714703321457,0.3212904930114746,60,0.05867873887161023,2.2179404353083836
station_wake_L5,Hard-switch stage-aware SAC,strict_hard_switch_v1,hard_switch_v1,1,92,9092,1250092,station_wake,5,0.0,0.0,0.1,1,1,0,0,1,0,59,0.25,1,44,0.22582335770130157,0.16282077432939868,1.1967433989048004,0.7088636726586539,2.21101313829422,13.08495283126831,0.29748870499885577,1.6080573262547289,0.0,0.15000000000000002,0.1969193542291615,0.2512389509687288,0.05856845900416374,0.0620451346039772,0.05856845900416374,0.053364500403404236,0.11249475181102753,63,0.07189427142693494,0.10372247233334012
station_wake_L5,Hard-switch stage-aware SAC,strict_hard_switch_v1,hard_switch_v1,1,93,9093,1250093,station_wake,5,0.0,0.0,0.1,1,1,0,0,1,0,70,0.25,1,51,0.40769049525260925,0.34226095464675,1.188446283340454,0.6541758662656126,4.522668123245239,22.287934124469757,0.22746002208243288,1.3630265186821653,2.3388249652206774,0.0,0.12692694626934503,0.13818973076756458,0.024710479006171227,0.028278103098273277,0.024710479006171227,0.029710926115512848,0.04691168665885925,74,0.07611509937831726,1.7234489333863294
station_wake_L5,Hard-switch stage-aware SAC,strict_hard_switch_v1,hard_switch_v1,1,94,9094,1250094,station_wake,5,0.0,0.0,0.1,1,1,0,0,1,0,56,0.25,1,42,0.34104523062705994,0.22249081818827465,1.047571673989296,0.7037699834896627,2.1538394689559937,10.725438594818115,0.26465780897114144,2.010879220721827,0.0,0.5,0.1547956319095189,0.2083214499229171,0.14069633632898332,0.16549916565418243,0.14069633632898332,0.2578418552875519,0.3816010057926178,60,0.04829452486962389,1.3276549456314288
station_wake_L5,Hard-switch stage-aware SAC,strict_hard_switch_v1,hard_switch_v1,1,95,9095,1250095,station_wake,5,0.0,0.0,0.1,1,1,0,0,1,0,54,0.25,1,42,0.47184276580810547,0.3292310197214262,1.0066550970077515,0.742126039140967,5.627281665802002,22.77589589357376,0.43394589305944314,2.3780374456385243,0.0,0.6000000000000001,0.19854037932589766,0.30204223380358786,0.06890862509608268,0.07800247520208359,0.06890862509608268,0.26793426275253296,0.656920000910759,58,0.05354806258861659,4.019869416196923
station_wake_L5,Hard-switch stage-aware SAC,strict_hard_switch_v1,hard_switch_v1,1,96,9096,1250096,station_wake,5,0.0,0.0,0.1,1,1,0,0,1,0,45,0.25,1,32,0.43717119097709656,0.3441885050025938,0.9164619445800781,0.6070956833496867,3.1058284640312195,17.90688931941986,0.2745616300525423,1.8062719312465283,3.0550097867276538,0.0,0.22223966638775758,0.2924196159103492,0.03646629527211189,0.04085402190685272,0.03646629527211189,0.10919556021690369,0.27854785323143005,49,0.04947882694717606,2.4074877897297577
station_wake_L5,Hard-switch stage-aware SAC,strict_hard_switch_v1,hard_switch_v1,1,97,9097,1250097,station_wake,5,0.0,0.0,0.1,1,1,0,0,1,0,52,0.25,1,35,0.2137206345796585,0.1562628876941801,1.2109815329313278,0.754001526710751,3.9833587408065796,18.25003147125244,0.24292968944622154,1.9418366194279664,0.0,0.0,0.17109777426574418,0.19658452803491577,0.005441719014197588,0.010350467637181282,0.005441719014197588,0.060580793768167496,0.09922142140567303,56,0.062322199020550334,0.4577011148446037
station_wake_L5,Hard-switch stage-aware SAC,strict_hard_switch_v1,hard_switch_v1,1,98,9098,1250098,station_wake,5,0.0,0.0,0.1,1,1,0,0,1,0,80,0.25,1,63,0.16922684013843536,0.1380728095100068,0.31212538480758667,0.25006969496422177,1.9784513860940933,7.095634788274765,0.16257343038035293,1.114676534827173,1.1839585443866445,0.0,0.1632636552676327,0.19126319885279272,0.04464516062289477,0.06313639134168625,0.04464516062289477,0.27709250524640083,0.41913505643606186,84,0.07481299622113441,0.5444637272108063
station_wake_L5,Hard-switch stage-aware SAC,strict_hard_switch_v1,hard_switch_v1,1,99,9099,1250099,station_wake,5,0.0,0.0,0.1,1,1,0,0,1,0,46,0.25,1,23,0.9170244932174683,0.7054895467883208,1.2679100036621094,0.9521581092225189,5.420944690704346,23.321506828069687,0.4024325592094602,2.6754452820081864,2.622055407741358,0.2,0.1324493912403288,0.14479044989707,0.044640873372554776,0.06100314110517502,0.044640873372554776,0.15917620062828064,0.18812298774719238,50,0.08390851825202132,0.5593118647753265
station_wake_L5,Hard-switch stage-aware SAC,strict_hard_switch_v1,hard_switch_v1,2,0,9000,1250000,station_wake,5,0.0,0.0,0.1,1,1,0,0,1,0,45,0.25,1,32,0.3008235991001129,0.19066422649196552,0.802217423915863,0.5149929485238879,3.709857761859894,18.43202754855156,0.3422818331006365,2.246248325126945,0.0,0.45,0.18452635668706036,0.25407653317248663,0.15866757482290267,0.19070570170879364,0.15866757482290267,0.33559975028038025,0.4731312394142151,49,0.04537837584147901,0.3362147812334083
station_wake_L5,Hard-switch stage-aware SAC,strict_hard_switch_v1,hard_switch_v1,2,1,9001,1250001,station_wake,5,0.0,0.0,0.1,1,1,0,0,1,0,45,0.25,1,29,0.6290345191955566,0.3685580959384733,1.6597402095794678,1.1129020036802342,1.935778260231018,12.369648218154907,0.2876044659900025,1.8560877529964253,0.0,0.15000000000000002,0.13453222595278708,0.17286625210944515,0.08677486777305603,0.09314732998609543,0.08677486777305603,0.11072742938995361,0.25257304310798645,49,0.07215239993973274,0.0033008277380025103
station_wake_L5,Hard-switch stage-aware SAC,strict_hard_switch_v1,hard_switch_v1,2,2,9002,1250002,station_wake,5,0.0,0.0,0.1,1,1,0,0,1,0,42,0.25,1,26,0.3999595046043396,0.31217426461804276,0.8625525236129761,0.5860962427030746,4.631714299321175,22.051393017172813,0.4208160985456211,2.5640690790472602,0.0,0.8,0.15189463059009126,0.19021519993433258,0.13305630683898925,0.15364113450050354,0.13305630683898925,0.18129241466522217,0.2149873971939087,46,0.06626353118124921,3.3227768944108367
station_wake_L5,Hard-switch stage-aware SAC,strict_hard_switch_v1,hard_switch_v1,2,3,9003,1250003,station_wake,5,0.0,0.0,0.1,1,1,0,0,1,0,61,0.25,1,42,0.15776915848255157,0.08756312646954609,0.8024716377258301,0.5187788261523709,3.5046744346618652,15.636761784553528,0.2934587123853776,2.3684287793638577,0.0,0.9500000000000001,0.059639667433797616,0.06595288142881141,0.13652823269367217,0.15384995937347412,0.13652823269367217,0.3210481107234955,0.48669978976249695,65,0.04125953829445209,3.168157633301027
station_wake_L5,Hard-switch stage-aware SAC,strict_hard_switch_v1,hard_switch_v1,2,4,9004,1250004,station_wake,5,0.0,0.0,0.1,1,1,0,0,1,0,55,0.25,1,40,0.25495195388793945,0.11494709451609914,1.0870814323425293,0.7109501047139114,3.033738136291504,13.914941549301147,0.36438553207952606,1.8163365988031346,0.0,0.0,0.2183353692879053,0.27089213227996,0.028526872023940088,0.036408789455890656,0.028526872023940088,0.07623277604579926,0.11736486107110977,59,0.07140355783621821,0.2102942941491259
station_wake_L5,Hard-switch stage-aware SAC,strict_hard_switch_v1,hard_switch_v1,2,5,9005,1250005,station_wake,5,0.0,0.0,0.1,1,1,0,0,1,0,54,0.25,1,39,0.159128800034523,0.0945820363984649,0.49726180732250214,0.3598330870892838,3.2541241496801376,10.614154413342476,0.3179413580535282,1.8177049245716548,0.0,0.75,0.20178808600638867,0.27475764496825084,0.15670935213565826,0.16059823334217072,0.15670935213565826,0.11483561992645264,0.24794310331344604,58,0.07160010909629796,3.0633526493554126
station_wake_L5,Hard-switch stage-aware SAC,strict_hard_switch_v1,hard_switch_v1,2,6,9006,1250006,station_wake,5,0.0,0.0,0.1,1,1,0,0,1,0,28,0.25,0,-1,nan,nan,nan,nan,nan,nan,nan,nan,1.1961492581163538,nan,0.20145516886503492,0.2514591156498499,0.0681129366159439,0.08178969472646713,0.0681129366159439,0.16515156626701355,0.27826279401779175,32,0.07602661027754751,0.06084139746566291
station_wake_L5,Hard-switch stage-aware SAC,strict_hard_switch_v1,hard_switch_v1,2,7,9007,1250007,station_wake,5,0.0,0.0,0.1,1,1,0,0,1,0,60,0.25,1,45,0.12814025580883026,0.11353753216499779,0.39475709199905396,0.17394725449028026,1.434045135974884,8.229723796248436,0.33442497057907195,1.3294065788352418,0.8618422340954945,0.0,0.17457220894893416,0.22785171568267762,0.049913395941257474,0.058244600892066956,0.049913395941257474,0.11628556251525879,0.18669471144676208,64,0.07648844429974479,0.17503101464012855
station_wake_L5,Hard-switch stage-aware SAC,strict_hard_switch_v1,hard_switch_v1,2,8,9008,1250008,station_wake,5,0.0,0.0,0.1,1,1,0,0,1,0,39,0.25,1,25,0.22513261437416077,0.13293664308330894,0.9441240131855011,0.6244707603786139,3.3053886890411377,15.04771202802658,0.5925134796235809,2.3300129916181964,0.9891162992546295,0.1,0.19473052528647722,0.23847664357860443,0.06819986924529076,0.08452066034078598,0.06819986924529076,0.16807357966899872,0.2702444791793823,43,0.04775699615349628,0.9891162992546295
station_wake_L5,Hard-switch stage-aware SAC,strict_hard_switch_v1,hard_switch_v1,2,9,9009,1250009,station_wake,5,0.0,0.0,0.1,1,1,0,0,1,0,40,0.25,1,24,0.07343602180480957,0.0573305354466992,0.43832674622535706,0.22359724924980764,2.8945913165807724,14.230678379535675,0.3220181290698221,2.1159889139933807,0.0,0.0,0.2163658152290326,0.2579993542310652,0.029275179840624332,0.041911330074071884,0.029275179840624332,0.1415928527712822,0.18058361485600471,44,0.07106915043836701,1.0752353797349699
station_wake_L5,Hard-switch stage-aware SAC,strict_hard_switch_v1,hard_switch_v1,2,10,9010,1250010,station_wake,5,0.0,0.0,0.1,1,1,0,0,1,0,26,0.25,0,-1,nan,nan,nan,nan,nan,nan,nan,nan,0.0,nan,0.11896435105969956,0.15782095093614504,0.3343981206417084,0.5462878942489624,0.3343981206417084,2.093195915222168,2.30393648147583,30,0.052067392363524465,1.5943965644437583
station_wake_L5,Hard-switch stage-aware SAC,strict_hard_switch_v1,hard_switch_v1,2,11,9011,1250011,station_wake,5,0.0,0.0,0.1,1,1,0,0,1,0,44,0.25,1,30,0.732949435710907,0.3941791156112834,1.9731295108795166,1.4936416693590973,3.7391293048858643,17.68111914396286,0.44051242414298036,2.530294823519724,0.0,0.5,0.1906945890279319,0.25958245773521627,0.13926635235548018,0.1540365219116211,0.13926635235548018,0.22387930750846863,0.3245784342288971,48,0.07775757323938094,1.9848685541747495
station_wake_L5,Hard-switch stage-aware SAC,strict_hard_switch_v1,hard_switch_v1,2,12,9012,1250012,station_wake,5,0.0,0.0,0.1,1,1,0,0,1,0,53,0.25,1,41,0.16034196317195892,0.11092208856597245,0.9153658896684647,0.5242519677969725,5.008867643773556,19.098147302865982,0.47635523368270444,2.4105233870271,0.0,0.0,0.199997334984509,0.3166762816934302,0.01569560430943966,0.019894879311323166,0.01569560430943966,0.14352065324783325,0.1986606977880001,57,0.0627790234751757,1.9520746815354026
station_wake_L5,Hard-switch stage-aware SAC,strict_hard_switch_v1,hard_switch_v1,2,13,9013,1250013,station_wake,5,0.0,0.0,0.1,1,1,0,0,1,0,56,0.25,1,44,0.14139053225517273,0.08941492080191021,0.7143974304199219,0.46932990296268784,5.120097994804382,22.525460124015808,0.32148284961345175,1.7170090234951367,0.0,0.0,0.1997427518287098,0.32466171798087956,0.03460805080831051,0.05191395804286003,0.03460805080831051,0.2576407380402088,0.49038931727409363,60,0.054695079853066673,0.90415408206496
station_wake_L5,Hard-switch stage-aware SAC,strict_hard_switch_v1,hard_switch_v1,2,14,9014,1250014,station_wake,5,0.0,0.0,0.1,1,1,0,0,1,0,50,0.25,1,36,0.3962039649486542,0.2585930807118406,0.944979190826416,0.5969347996983603,3.819925980642438,17.000582218170166,0.4845968401071499,2.4763236307182512,0.3393789997685489,0.0,0.1948078867582778,0.26666131513754515,0.01898834723979235,0.040993109345436096,0.01898834723979235,0.23066016286611557,0.3009646572172642,54,0.06990778562720149,0.23788983254113769
station_wake_L5,Hard-switch stage-aware SAC,strict_hard_switch_v1,hard_switch_v1,2,15,9015,1250015,station_wake,5,0.0,0.0,0.1,1,1,0,0,1,0,49,0.25,1,35,0.6204058527946472,0.486944128497826,0.940285325050354,0.6775780175991358,2.46968537569046,11.901118587702513,0.17363932637500135,1.4301608979141613,4.729373245478569,0.0,0.2164097982842308,0.29623769419821727,0.05673808753490448,0.07875603437423706,0.05673808753490448,0.3611708730459213,0.6550567597150803,53,0.06474691760008414,3.916660135196153
station_wake_L5,Hard-switch stage-aware SAC,strict_hard_switch_v1,hard_switch_v1,2,16,9016,1250016,station_wake,5,0.0,0.0,0.1,1,1,0,0,1,0,36,0.25,1,19,1.29725980758667,1.163937856796796,1.0256433486938477,0.7902492791068552,10.211100578308105,19.32249903678894,0.6246381822329974,2.500816052797054,0.0,0.8,0.2292619991563647,0.27774792100994855,0.20280617475509644,0.26603037118911743,0.20280617475509644,0.6238809823989868,0.7996386289596558,40,0.06692526795870739,1.7703744674184327
station_wake_L5,Hard-switch stage-aware SAC,strict_hard_switch_v1,hard_switch_v1,2,17,9017,1250017,station_wake,5,0.0,0.0,0.1,1,1,0,0,1,0,47,0.25,1,30,0.17146456241607666,0.1079819757994594,0.43614521622657776,0.29663721886768135,1.394597515463829,7.159964740276337,0.2552171230651843,1.187729912534891,0.0,0.0,0.15827489235012512,0.19935108685308797,0.012776323966681958,0.02579616755247116,0.012776323966681958,0.15334158577024937,0.21869776770472527,51,0.07938821177073518,1.2039330057275237
station_wake_L5,Hard-switch stage-aware SAC,strict_hard_switch_v1,hard_switch_v1,2,18,9018,1250018,station_wake,5,0.0,0.0,0.1,1,1,0,0,1,0,48,0.25,1,31,0.1868390440940857,0.0858579473268689,0.9953141957521439,0.7174598947327906,4.408992603421211,23.275254890322685,0.3132332944988585,2.3841365874178027,0.0,0.0,0.19369999472301064,0.23025627420738004,0.04335803985595703,0.04700588434934616,0.04335803985595703,0.03880850970745087,0.06453193724155426,52,0.07712848436767411,1.2113058747714351
station_wake_L5,Hard-switch stage-aware SAC,strict_hard_switch_v1,hard_switch_v1,2,19,9019,1250019,station_wake,5,0.0,0.0,0.1,1,1,0,0,1,0,41,0.25,1,30,0.20981086790561676,0.09930070843442922,0.8785712718963623,0.5134614354368678,6.108045428991318,20.855670422315598,0.43705890713793305,2.995290532233014,0.0,0.2,0.21715358475683874,0.34373889021045634,0.018600014969706535,0.03617172688245773,0.018600014969706535,0.164838045835495,0.40604449808597565,45,0.03559492256034965,4.182839864227543
station_wake_L5,Hard-switch stage-aware SAC,strict_hard_switch_v1,hard_switch_v1,2,20,9020,1250020,station_wake,5,0.0,0.0,0.1,1,1,0,0,1,0,35,0.25,1,18,1.0885119438171387,0.9548008414063573,1.6148102283477783,1.0024534682430273,7.336334586143494,29.26815390586853,0.6133565701768127,3.738335811730496,0.6763557473008103,0.45,0.17424945006872047,0.2056001494655498,0.08336895406246185,0.12094229459762573,0.08336895406246185,0.34899207949638367,0.4209555685520172,39,0.0794516034017102,0.6763557473008103
station_wake_L5,Hard-switch stage-aware SAC,strict_hard_switch_v1,hard_switch_v1,2,21,9021,1250021,station_wake,5,0.0,0.0,0.1,1,1,0,0,1,0,55,0.25,1,39,0.31764987111091614,0.28794181347047376,0.6954279541969299,0.3563686258826067,3.749201111495495,14.916142001748085,0.26673492835422996,1.9783981594746531,2.179065132986787,0.0,0.17653291913179267,0.2118059766897815,0.04813626259565353,0.05998062714934349,0.04813626259565353,0.15946805477142334,0.2394702285528183,59,0.06820972251170487,1.4082983488315348
station_wake_L5,Hard-switch stage-aware SAC,strict_hard_switch_v1,hard_switch_v1,2,22,9022,1250022,station_wake,5,0.0,0.0,0.1,1,1,0,0,1,0,37,0.25,1,19,0.2967955470085144,0.17083363254419578,1.5196113288402557,0.9974034570985625,4.21397864818573,25.91852828860283,0.40135878761053867,2.7244550511582992,1.1141899762839624,0.0,0.16558700412415125,0.18639200653439117,0.027146540209650995,0.02896653302013874,0.027146540209650995,0.05453018099069595,0.13919685035943985,41,0.07885080286074814,0.6517805132236929
station_wake_L5,Hard-switch stage-aware SAC,strict_hard_switch_v1,hard_switch_v1,2,23,9023,1250023,station_wake,5,0.0,0.0,0.1,1,1,0,0,1,0,58,0.25,1,42,0.2568105161190033,0.17519469892478573,0.5556517839431763,0.3713591466985923,2.7233154326677322,8.829254359006882,0.16381618100605197,0.8720096394126273,0.0,0.0,0.16890312600792556,0.20692741676246756,0.01969874184578657,0.031418804079294205,0.01969874184578657,0.11023822519928217,0.13687387108802795,62,0.07697370951678895,0.8910201618995544
station_wake_L5,Hard-switch stage-aware SAC,strict_hard_switch_v1,hard_switch_v1,2,24,9024,1250024,station_wake,5,0.0,0.0,0.1,1,1,0,0,1,0,46,0.25,1,35,0.39361611008644104,0.25911811049218897,1.1071205139160156,0.8277018368035356,3.58593612909317,13.883498758077621,0.7421046803621802,2.6522219811868024,0.0,0.25,0.32449760884184353,0.43280662594990993,0.07159715965390205,0.08135896921157837,0.07159715965390205,0.10689505934715271,0.19230827689170837,50,0.03948016697455367,2.8682073145789784
station_wake_L5,Hard-switch stage-aware SAC,strict_hard_switch_v1,hard_switch_v1,2,25,9025,1250025,station_wake,5,0.0,0.0,0.1,1,1,0,0,1,0,34,0.25,1,21,0.6802929043769836,0.41563734535888996,1.656782627105713,1.0649792391227888,6.201121062040329,25.968452841043472,0.8409852928259848,3.5412627712507128,0.0,0.4,0.18497303652339012,0.27013635251569773,0.0741658303886652,0.13865993916988373,0.0741658303886652,0.6174760982394218,0.8071109652519226,38,0.056181478981019974,1.1805531614768643
station_wake_L5,Hard-switch stage-aware SAC,strict_hard_switch_v1,hard_switch_v1,2,26,9026,1250026,station_wake,5,0.0,0.0,0.1,1,1,0,0,1,0,37,0.25,1,22,1.081633448600769,0.7150638795026623,2.1312999725341797,1.4214827698757662,13.137641996145248,36.488404870033264,0.7899215918261009,3.989855213505196,1.741443066754728,0.15000000000000002,0.18598463077677668,0.2297554288320463,0.041549216210842135,0.045387573540210724,0.041549216210842135,0.1330786719918251,0.35651374608278275,41,0.06481811772798712,1.1041026406535
station_wake_L5,Hard-switch stage-aware SAC,strict_hard_switch_v1,hard_switch_v1,2,27,9027,1250027,station_wake,5,0.0,0.0,0.1,1,1,0,0,1,0,35,0.25,1,19,0.32019272446632385,0.265772565253036,0.509660542011261,0.3008463180580328,2.595887966454029,11.590045019984245,0.7061215478212384,2.7988301642418114,0.8396948121031993,0.25,0.18347318508597432,0.22011323278215095,0.08367613628506661,0.11205753684043884,0.08367613628506661,0.25815995037555695,0.33390387892723083,39,0.06929108311268578,0.8396948121031993
station_wake_L5,Hard-switch stage-aware SAC,strict_hard_switch_v1,hard_switch_v1,2,28,9028,1250028,station_wake,5,0.0,0.0,0.1,1,1,0,0,1,0,39,0.25,1,26,0.6645774841308594,0.3884807900909572,1.6146689653396606,1.1516398257732605,3.4355950355529785,18.381391167640686,0.7729274256426104,2.6784175863694526,0.0,0.30000000000000004,0.18792462520263586,0.30477311476646374,0.04047273099422455,0.044095247983932495,0.04047273099422455,0.12233245372772217,0.26842109858989716,43,0.0686988301608197,2.8741470178359507
station_wake_L5,Hard-switch stage-aware SAC,strict_hard_switch_v1,hard_switch_v1,2,29,9029,1250029,station_wake,5,0.0,0.0,0.1,1,1,0,0,1,0,43,0.25,1,24,1.0085980892181396,0.7819293290152923,1.528443694114685,1.1115278495757726,4.532615542411804,20.840644910931587,0.42192933540973276,2.4048223331714684,3.3630914456566026,0.1,0.17673489789097618,0.19435985409206902,0.03785082213580608,0.04842652007937431,0.03785082213580608,0.12142137438058853,0.23803405463695526,47,0.07663589642589759,0.8628371471976422
station_wake_L5,Hard-switch stage-aware SAC,strict_hard_switch_v1,hard_switch_v1,2,30,9030,1250030,station_wake,5,0.0,0.0,0.1,1,1,0,0,1,0,43,0.25,1,32,0.09794826805591583,0.06142419961289985,0.6095436215400696,0.3440931765755668,2.0973528269678354,11.709136897698045,0.4253042483827191,1.5810130730469543,0.12041879638826355,0.0,0.19691653436730977,0.29736409368671896,0.060211850330233574,0.07982775568962097,0.060211850330233574,0.34921015053987503,0.4992351680994034,47,0.05055194549372594,0.758450512338691
station_wake_L5,Hard-switch stage-aware SAC,strict_hard_switch_v1,hard_switch_v1,2,31,9031,1250031,station_wake,5,0.0,0.0,0.1,1,1,0,0,1,0,53,0.25,1,39,0.2722555994987488,0.16767685150601006,1.6134798526763916,1.1914464017613717,9.493874907493591,24.33628886938095,0.5018922415099545,2.1488214450760323,3.297523123728361,0.0,0.21455300029505212,0.2933936335064999,0.13251879215240478,0.15750683844089508,0.13251879215240478,0.3202533423900604,0.47594472765922546,57,0.06258131424685393,0.8845772657998224
station_wake_L5,Hard-switch stage-aware SAC,strict_hard_switch_v1,hard_switch_v1,2,32,9032,1250032,station_wake,5,0.0,0.0,0.1,1,1,0,0,1,0,60,0.25,1,42,0.2222735434770584,0.1626010695300243,0.6028039753437042,0.3594779919893462,3.0956418067216873,13.949324861168861,0.4014107854694379,1.657125910927759,0.0,0.2,0.17385819721998874,0.20381051940647277,0.00858117574825883,0.016970984637737274,0.00858117574825883,0.11889145523309708,0.13962328433990479,64,0.07721643303757737,1.7860725900086492
station_wake_L5,Hard-switch stage-aware SAC,strict_hard_switch_v1,hard_switch_v1,2,33,9033,1250033,station_wake,5,0.0,0.0,0.1,1,1,0,0,1,0,34,0.25,0,-1,nan,nan,nan,nan,nan,nan,nan,nan,0.0,nan,0.09874104442312989,0.12217739215605254,0.12587762176990508,0.1752961277961731,0.12587762176990508,0.6392078399658203,1.3483333587646484,38,0.05421865749168503,3.224980751770713
station_wake_L5,Hard-switch stage-aware SAC,strict_hard_switch_v1,hard_switch_v1,2,34,9034,1250034,station_wake,5,0.0,0.0,0.1,1,1,0,0,1,0,39,0.25,1,20,1.3015224933624268,1.1755037283677567,2.1018218994140625,1.280386984018175,8.08591902256012,32.46139049530029,0.5707116446054816,3.1070175156879083,0.0,0.9500000000000001,0.05297671960163146,0.06970867291835801,0.19016899168491364,0.23760226368904114,0.19016899168491364,0.4535011053085327,0.5624660849571228,43,0.0163557694739919,2.8896363927696584
station_wake_L5,Hard-switch stage-aware SAC,strict_hard_switch_v1,hard_switch_v1,2,35,9035,1250035,station_wake,5,0.0,0.0,0.1,1,1,0,0,1,0,70,0.25,1,45,0.1487087458372116,0.1150292706924653,1.2323621660470963,0.6509910682212635,2.3321379721164703,12.133807949721813,0.3107050502686688,1.4820492848034297,0.0,0.0,0.11903157271803377,0.1294802756528972,0.02644016109406948,0.03367353975772858,0.02644016109406948,0.07528165727853775,0.09666472673416138,74,0.08889515784752404,0.07395020467967682
station_wake_L5,Hard-switch stage-aware SAC,strict_hard_switch_v1,hard_switch_v1,2,36,9036,1250036,station_wake,5,0.0,0.0,0.1,1,1,0,0,1,0,34,0.25,1,14,1.3310130834579468,1.0736859446544949,1.4141738414764404,1.191170189905756,0.13573169708251953,0.6276345252990723,0.5440302788915077,2.863282869239892,0.0,1.0,0.09199697759967451,0.11446098717098094,0.18877700269222258,0.24596960842609406,0.18877700269222258,0.5894026756286621,0.7744690775871277,38,0.04671365784441356,2.6031242577961984
station_wake_L5,Hard-switch stage-aware SAC,strict_hard_switch_v1,hard_switch_v1,2,37,9037,1250037,station_wake,5,0.0,0.0,0.1,1,1,0,0,1,0,45,0.25,1,29,0.9884902238845825,0.6482328956604023,1.839362382888794,1.3735056408510988,2.551671266555786,14.980589151382446,0.27804303921840273,2.0453961306844595,1.3815489801642376,0.2,0.19404957855062258,0.24621697833424763,0.02938319630920887,0.036316562443971634,0.02938319630920887,0.19028328359127045,0.4997667670249939,49,0.07326443075505762,0.960665786597176
station_wake_L5,Hard-switch stage-aware SAC,strict_hard_switch_v1,hard_switch_v1,2,38,9038,1250038,station_wake,5,0.0,0.0,0.1,1,1,0,0,1,0,57,0.25,1,44,0.1982610821723938,0.16317070469805453,0.3702402114868164,0.26051286493271475,3.524152860045433,13.607922606170177,0.36742910867539236,2.121378686682423,0.0,0.4,0.17772953782373344,0.2377019737617009,0.11520635336637497,0.1479511559009552,0.11520635336637497,0.2678416967391968,0.3979584574699402,61,0.059230068833240536,1.1733200978675264
station_wake_L5,Hard-switch stage-aware SAC,strict_hard_switch_v1,hard_switch_v1,2,39,9039,1250039,station_wake,5,0.0,0.0,0.1,1,1,0,0,1,0,59,0.25,1,45,0.17878080904483795,0.09418514208697755,0.6240814924240112,0.40684609114697734,2.1803180128335953,7.112873047590256,0.3113658979894264,1.1954698865268605,0.0396721732883472,0.0,0.23279590807697392,0.317879135249184,0.12234137654304504,0.13358741998672485,0.12234137654304504,0.14811256527900696,0.27575433254241943,63,0.06268754671536984,0.0396721732883472
station_wake_L5,Hard-switch stage-aware SAC,strict_hard_switch_v1,hard_switch_v1,2,40,9040,1250040,station_wake,5,0.0,0.0,0.1,1,1,0,0,1,0,54,0.25,1,44,0.517702579498291,0.42436223599052153,1.6488876938819885,1.0078786764646162,4.113999307155609,19.617476388812065,0.5579018110921362,3.2512758806243283,0.0,0.35000000000000003,0.4015520558836763,0.520524014215463,0.1302470713853836,0.2345823049545288,0.1302470713853836,0.9051138758659363,1.2471231818199158,58,0.057720275084011674,1.0825268201173701
station_wake_L5,Hard-switch stage-aware SAC,strict_hard_switch_v1,hard_switch_v1,2,41,9041,1250041,station_wake,5,0.0,0.0,0.1,1,1,0,0,1,0,51,0.25,1,38,0.2102048546075821,0.10544978699162051,1.2041085213422775,0.8108198791292988,3.5230884701013565,21.40576958656311,0.4188170534096444,2.1800170791508187,0.03492594887228872,0.0,0.17345298448994725,0.25249664153635,0.11688124984502793,0.1277725249528885,0.11688124984502793,0.1603347659111023,0.2590179443359375,55,0.05785702317136843,0.03492594887228872
station_wake_L5,Hard-switch stage-aware SAC,strict_hard_switch_v1,hard_switch_v1,2,42,9042,1250042,station_wake,5,0.0,0.0,0.1,1,1,0,0,1,0,34,0.25,1,5,0.767445981502533,0.49186213333644946,1.9572685658931732,1.6341118595720534,19.23888325691223,20.64637780189514,1.5736013660932588,2.2387019490294975,0.0,1.4500000000000002,0.05900336030865892,0.06371356548989524,0.20939224362373351,0.28800255060195923,0.20939224362373351,0.7569382190704346,0.9351873397827148,38,0.04660343029165436,2.118111457616535
station_wake_L5,Hard-switch stage-aware SAC,strict_hard_switch_v1,hard_switch_v1,2,43,9043,1250043,station_wake,5,0.0,0.0,0.1,1,1,0,0,1,0,54,0.25,1,41,0.191322922706604,0.16375922021950998,0.9515631198883057,0.41243786306098473,3.5953813791275024,16.24967485666275,0.25999997816118336,1.7248109491858483,1.5033329606128574,0.0,0.20748651462467724,0.28544305845432155,0.03593736290931702,0.050108231604099274,0.03593736290931702,0.19364532083272934,0.3491554781794548,58,0.06647104999390066,0.9837068961536852
station_wake_L5,Hard-switch stage-aware SAC,strict_hard_switch_v1,hard_switch_v1,2,44,9044,1250044,station_wake,5,0.0,0.0,0.1,1,1,0,0,1,0,34,0.25,1,20,1.0657320022583008,0.8123695352604823,2.05269455909729,1.579785867397862,8.327382206916809,35.62936067581177,0.43818698666328426,3.292428422146608,0.0,0.5,0.25316889523764324,0.3255476470043129,0.12647246718406677,0.14807666838169098,0.12647246718406677,0.24139529466629028,0.33259183168411255,38,0.057591630886761704,2.2282418546806437
station_wake_L5,Hard-switch stage-aware SAC,strict_hard_switch_v1,hard_switch_v1,2,45,9045,1250045,station_wake,5,0.0,0.0,0.1,1,1,0,0,1,0,53,0.25,1,38,0.5183837413787842,0.27529068638520665,1.7024195194244385,1.4870815497847412,3.723386526107788,16.842260360717773,0.20462873195706524,1.4529272075220285,0.8723617392735191,0.35000000000000003,0.20073711062573124,0.257485922830252,0.11512371003627778,0.144605815410614,0.11512371003627778,0.27598437666893005,0.392071008682251,57,0.06626006030148474,0.8723617392735191
station_wake_L5,Hard-switch stage-aware SAC,strict_hard_switch_v1,hard_switch_v1,2,46,9046,1250046,station_wake,5,0.0,0.0,0.1,1,1,0,0,1,0,46,0.25,1,33,0.43127813935279846,0.2786001440952844,1.014883816242218,0.7388357321571715,3.6430981755256653,16.5721457824111,0.2543268207572364,1.9114294190481012,1.177741471416346,0.0,0.19112726040614486,0.2398723238604596,0.015378453023731708,0.020728353410959244,0.015378453023731708,0.08258495479822159,0.12220429256558418,50,0.07155890498047368,1.177741471416346
station_wake_L5,Hard-switch stage-aware SAC,strict_hard_switch_v1,hard_switch_v1,2,47,9047,1250047,station_wake,5,0.0,0.0,0.1,1,1,0,0,1,0,65,0.25,1,53,0.12912701070308685,0.06068510223903414,0.5205047130584717,0.38104943944060427,3.1448929756879807,16.443658992648125,0.3359872144243025,1.8736263352901465,0.0,0.0,0.18979357382516787,0.30356465598745797,0.031650110892951486,0.053468916565179825,0.031650110892951486,0.19086452201008797,0.34124501049518585,69,0.060497617648142446,1.732071406883236
station_wake_L5,Hard-switch stage-aware SAC,strict_hard_switch_v1,hard_switch_v1,2,48,9048,1250048,station_wake,5,0.0,0.0,0.1,1,1,0,0,1,0,49,0.25,1,32,0.08340375125408173,0.04059023720699141,0.4020358622074127,0.2859071224531754,3.112443685531616,12.101072520017624,0.30680465289674996,2.099462078382467,0.0,0.0,0.21337571562762597,0.2589704049928303,0.012783371657133103,0.02176077850162983,0.012783371657133103,0.15723711252212524,0.2418198063969612,53,0.06917186849528897,1.1582568627050038
station_wake_L5,Hard-switch stage-aware SAC,strict_hard_switch_v1,hard_switch_v1,2,49,9049,1250049,station_wake,5,0.0,0.0,0.1,1,1,0,0,1,0,34,0.25,1,18,0.4556303918361664,0.2636761422332551,1.3190165162086487,1.007516100818713,2.6280605792999268,13.96910011768341,0.29378010923764863,1.6677961869466544,0.0,0.0,0.16668354846033243,0.2091858530900245,0.03143545016646385,0.03885955736041069,0.03143545016646385,0.05333288013935089,0.10536640882492065,38,0.0794280615737411,1.785381140076891
station_wake_L5,Hard-switch stage-aware SAC,strict_hard_switch_v1,hard_switch_v1,2,50,9050,1250050,station_wake,5,0.0,0.0,0.1,1,1,0,0,1,0,32,0.25,1,18,1.2740896940231323,1.1669805083926137,1.375868320465088,0.993254058870327,6.965657472610474,24.198453724384308,0.3903081040551871,3.3944060748739218,0.0,0.7000000000000001,0.1868195561800743,0.2512511185217742,0.16472806930541992,0.2556033432483673,0.16472806930541992,0.8981999158859253,1.3471788167953491,36,0.05345957455474998,2.666141717512852
station_wake_L5,Hard-switch stage-aware SAC,strict_hard_switch_v1,hard_switch_v1,2,51,9051,1250051,station_wake,5,0.0,0.0,0.1,1,1,0,0,1,0,52,0.25,1,39,0.3425772786140442,0.2501599958988591,1.1943474411964417,0.7318691014171981,3.417450189590454,20.670610666275024,0.5460232240113465,2.6640787184898844,0.0,0.0,0.21832382636294995,0.3127195947165816,0.07975002750754356,0.10507838428020477,0.07975002750754356,0.19771838188171387,0.2812953293323517,56,0.07368207599506296,2.3119456095157385
station_wake_L5,Hard-switch stage-aware SAC,strict_hard_switch_v1,hard_switch_v1,2,52,9052,1250052,station_wake,5,0.0,0.0,0.1,1,1,0,0,1,0,58,0.25,1,43,0.1287066787481308,0.06341946673596988,0.8328818529844284,0.564898057305591,6.480668894946575,23.793002516031265,0.46608864505438524,1.8890462924905853,0.0,0.0,0.20722151250895945,0.25409062162521684,0.05584432631731033,0.058394383639097214,0.05584432631731033,0.0709390789270401,0.1237720251083374,62,0.06315588370579889,0.3953151007806328
station_wake_L5,Hard-switch stage-aware SAC,strict_hard_switch_v1,hard_switch_v1,2,53,9053,1250053,station_wake,5,0.0,0.0,0.1,1,1,0,0,1,0,52,0.25,1,36,0.404340535402298,0.29945340773782725,0.7106584310531616,0.4404586857104961,2.5606662034988403,7.696617096662521,0.20046507134982347,0.9724837160199754,0.0,0.55,0.14638358124165357,0.20422270923163108,0.1160174012184143,0.12822075188159943,0.1160174012184143,0.21153166890144348,0.2934914827346802,56,0.0776302362011766,2.08763131155853
station_wake_L5,Hard-switch stage-aware SAC,strict_hard_switch_v1,hard_switch_v1,2,54,9054,1250054,station_wake,5,0.0,0.0,0.1,1,1,0,0,1,0,47,0.25,1,34,0.09128376841545105,0.04417668232764867,0.43460577726364136,0.29923769204822487,1.2856027483940125,6.904179155826569,0.21888044320188643,1.159628707894321,0.0,0.30000000000000004,0.2010948887016514,0.25736583640362315,0.10606736838817596,0.12607711553573608,0.10606736838817596,0.19542193412780762,0.2724282443523407,51,0.04971678063805702,0.801370513948552
station_wake_L5,Hard-switch stage-aware SAC,strict_hard_switch_v1,hard_switch_v1,2,55,9055,1250055,station_wake,5,0.0,0.0,0.1,1,1,0,0,1,0,67,0.25,1,46,0.37159237265586853,0.31179751253081106,0.8018204569816589,0.4968003167302783,3.9292825758457184,13.218081593513489,0.21127522610779695,1.260206971581545,0.0,0.35000000000000003,0.1463421927669567,0.16779808736800367,0.05796235948801041,0.06167073920369148,0.05796235948801041,0.03157472610473633,0.04277415573596954,71,0.08200481965363099,1.7974146527339843
station_wake_L5,Hard-switch stage-aware SAC,strict_hard_switch_v1,hard_switch_v1,2,56,9056,1250056,station_wake,5,0.0,0.0,0.1,1,1,0,0,1,0,50,0.25,1,39,0.31331688165664673,0.23801851314406366,0.6845679879188538,0.3872252976801406,3.5022076033055782,11.926756389439106,0.645450847859646,2.43177642144897,0.0,0.15000000000000002,0.2652678725390939,0.39784122273248657,0.06554035544395446,0.09882241487503052,0.06554035544395446,0.2898081988096237,0.44106245040893555,54,0.05842259834223704,1.2639208496604533
station_wake_L5,Hard-switch stage-aware SAC,strict_hard_switch_v1,hard_switch_v1,2,57,9057,1250057,station_wake,5,0.0,0.0,0.1,1,1,0,0,1,0,35,0.25,1,21,1.1829856634140015,0.9844925051624502,1.8529260158538818,1.3429003373646764,8.330237120389938,31.989511847496033,0.5773244707834226,3.3091538056494167,0.0,0.7000000000000001,0.1323275530351764,0.18526046530659307,0.25614160895347593,0.30993688106536865,0.25614160895347593,0.5412231087684631,0.6041616201400757,39,0.049110222154934616,2.124689143230669
station_wake_L5,Hard-switch stage-aware SAC,strict_hard_switch_v1,hard_switch_v1,2,58,9058,1250058,station_wake,5,0.0,0.0,0.1,1,1,0,0,1,0,53,0.25,1,41,0.11627650260925293,0.08247399800230777,0.7898920774459839,0.5513475562671706,2.8714752197265625,19.72957670688629,0.2513582816125824,1.9725816679936075,0.0,0.45,0.18201041071744584,0.26710629371618744,0.1297188237309456,0.13883979618549347,0.1297188237309456,0.13609009981155396,0.342964231967926,57,0.05781496473548031,2.3180940604292193
station_wake_L5,Hard-switch stage-aware SAC,strict_hard_switch_v1,hard_switch_v1,2,59,9059,1250059,station_wake,5,0.0,0.0,0.1,1,1,0,0,1,0,28,0.25,1,14,0.2874496877193451,0.23190690826462554,0.7413589954376221,0.5497634243503198,4.5348164439201355,19.282645285129547,0.9222515511125869,3.4143546849940423,2.4644675756635315,0.0,0.17490106905376337,0.24187479624283223,0.05901921764016151,0.07036234438419342,0.05901921764016151,0.13346168398857117,0.2698219567537308,32,0.06228828532307928,1.102366705387259
station_wake_L5,Hard-switch stage-aware SAC,strict_hard_switch_v1,hard_switch_v1,2,60,9060,1250060,station_wake,5,0.0,0.0,0.1,1,1,0,0,1,0,53,0.25,1,34,0.8538045287132263,0.4902666642529,1.9969981908798218,1.6916647590299145,3.3119118213653564,14.068628549575806,0.20545307400780655,1.8542931889866423,0.0,0.0,0.1703803846881112,0.19360260074528865,0.052009168267250064,0.05611582472920418,0.052009168267250064,0.04581385850906372,0.11454060673713684,57,0.07750332264386955,0.3529711829385801
station_wake_L5,Hard-switch stage-aware SAC,strict_hard_switch_v1,hard_switch_v1,2,61,9061,1250061,station_wake,5,0.0,0.0,0.1,1,1,0,0,1,0,65,0.25,1,49,0.12429435551166534,0.08765116878089543,0.7837360352277756,0.5300233088750914,1.9651973247528076,6.420976668596268,0.3430855922242748,1.9305930151103594,0.0,0.8,0.053052187427221564,0.09096758747690327,0.08344504088163376,0.09004414081573486,0.08344504088163376,0.08937597274780273,0.14512494206428528,69,0.01990835861302375,3.9285152091611795
station_wake_L5,Hard-switch stage-aware SAC,strict_hard_switch_v1,hard_switch_v1,2,62,9062,1250062,station_wake,5,0.0,0.0,0.1,1,1,0,0,1,0,42,0.25,1,27,0.814220130443573,0.4941051462571472,1.8016839027404785,1.310982681863291,4.405532777309418,22.935128211975098,0.551658709709989,3.660468654786319,0.0,0.5,0.15338346580467332,0.18722507990829676,0.12839648127555847,0.1475447714328766,0.12839648127555847,0.20239770412445068,0.35986781120300293,46,0.07810770409193313,0.9541231057025386
station_wake_L5,Hard-switch stage-aware SAC,strict_hard_switch_v1,hard_switch_v1,2,63,9063,1250063,station_wake,5,0.0,0.0,0.1,1,1,0,0,1,0,43,0.25,1,28,0.19452600181102753,0.13799746974690544,0.5975377559661865,0.40263859197241747,4.382063001394272,14.164099842309952,0.530096047126755,2.191117094999071,0.0,0.0,0.1431727012467832,0.19750169017550417,0.013093399535864591,0.027673877775669098,0.013093399535864591,0.1424935907125473,0.16747526824474335,47,0.08058343776367466,1.9152305067182382
station_wake_L5,Hard-switch stage-aware SAC,strict_hard_switch_v1,hard_switch_v1,2,64,9064,1250064,station_wake,5,0.0,0.0,0.1,1,1,0,0,1,0,54,0.25,1,39,0.22623033821582794,0.17415247114642254,0.6352829933166504,0.44839883908881845,5.3965552151203156,19.095759242773056,0.33501709557533094,1.7698251080014367,0.0,0.1,0.1766041956060624,0.2509071111887689,0.016489752940833567,0.02387666143476963,0.016489752940833567,0.3168812058866024,0.5076703056693077,58,0.07445606964594648,1.1373892474084397
station_wake_L5,Hard-switch stage-aware SAC,strict_hard_switch_v1,hard_switch_v1,2,65,9065,1250065,station_wake,5,0.0,0.0,0.1,1,1,0,0,1,0,44,0.25,1,24,0.8297126889228821,0.5085813938877304,1.6456127166748047,1.3823136690478695,2.712640166282654,14.959878623485565,0.3373727053152007,2.129075722752092,0.0,0.5,0.16008414045331515,0.18410662983490972,0.060361447930336,0.07436148822307587,0.060361447930336,0.1350703090429306,0.15294000506401062,48,0.08141484702735578,1.7519236718709952
station_wake_L5,Hard-switch stage-aware SAC,strict_hard_switch_v1,hard_switch_v1,2,66,9066,1250066,station_wake,5,0.0,0.0,0.1,1,1,0,0,1,0,37,0.25,1,21,0.7166943550109863,0.5051652409648347,1.3954150676727295,0.9794125770151367,5.022378712892532,21.31321758031845,0.7655548787649926,2.678645698825834,0.0,0.25,0.1717542928724593,0.21608741989092559,0.031078875437378882,0.03869383782148361,0.031078875437378882,0.10099125653505325,0.18386665731668472,41,0.0720708179623762,1.2554648620245659
station_wake_L5,Hard-switch stage-aware SAC,strict_hard_switch_v1,hard_switch_v1,2,67,9067,1250067,station_wake,5,0.0,0.0,0.1,1,1,0,0,1,0,69,0.25,1,54,0.48876556754112244,0.44643212503590457,0.8003956079483032,0.49565356624138085,3.144270498305559,17.478792667388916,0.2565870884895729,1.8303165593490818,0.06347186739965746,0.2,0.18923684566624566,0.25343630787656846,0.04956620633602142,0.05865733325481415,0.04956620633602142,0.20307763665914536,0.4057495668530464,73,0.07866358984192123,0.6795976859181863
station_wake_L5,Hard-switch stage-aware SAC,strict_hard_switch_v1,hard_switch_v1,2,68,9068,1250068,station_wake,5,0.0,0.0,0.1,1,1,0,0,1,0,51,0.25,1,39,0.2178022414445877,0.15531797005900924,0.9251385927200317,0.6063798587699991,6.493816524744034,24.21773374080658,0.3452875139107955,1.7378800871942377,0.0,0.0,0.19884880309960024,0.28613504052935035,0.009871168714016675,0.01727764680981636,0.009871168714016675,0.12852176278829575,0.3093462157994509,55,0.05604348658151524,0.5163566983634105
station_wake_L5,Hard-switch stage-aware SAC,strict_hard_switch_v1,hard_switch_v1,2,69,9069,1250069,station_wake,5,0.0,0.0,0.1,1,1,0,0,1,0,48,0.25,1,30,0.5472273230552673,0.3373860081381459,1.5217918157577515,0.9061435086084605,3.0635416507720947,13.26908528804779,0.3935847552596207,2.2278341084281545,0.6339055880006521,0.05,0.1825633627445491,0.22175877579541206,0.0102737320587039,0.02015000954270363,0.0102737320587039,0.15531108528375626,0.19512413069605827,52,0.07916170238009652,0.5123035680603897
station_wake_L5,Hard-switch stage-aware SAC,strict_hard_switch_v1,hard_switch_v1,2,70,9070,1250070,station_wake,5,0.0,0.0,0.1,1,1,0,0,1,0,44,0.25,1,24,0.27263256907463074,0.20682520552982803,0.9052631258964539,0.4903125881864357,5.077058468014002,18.312448412179947,0.44201729974844806,2.170324976485945,0.0,0.0,0.12955967384231645,0.15475375826490378,0.02212604284286499,0.030818268656730652,0.02212604284286499,0.08564581722021103,0.10491155087947845,48,0.08710830828788794,0.1913834480084911
station_wake_L5,Hard-switch stage-aware SAC,strict_hard_switch_v1,hard_switch_v1,2,71,9071,1250071,station_wake,5,0.0,0.0,0.1,1,1,0,0,1,0,31,0.25,1,19,0.31558382511138916,0.24142644575374797,0.8424687385559082,0.517652925722454,5.181591361761093,19.851508289575577,0.5554261961921312,2.9795843304185308,0.0,0.05,0.19393857486662955,0.2820263904360735,0.03749809563159943,0.06326857209205627,0.03749809563159943,0.26759880781173706,0.41222766041755676,35,0.046934453628699725,0.650129955322077
station_wake_L5,Hard-switch stage-aware SAC,strict_hard_switch_v1,hard_switch_v1,2,72,9072,1250072,station_wake,5,0.0,0.0,0.1,1,1,0,0,1,0,48,0.25,1,27,0.818568766117096,0.48724195916107554,1.8358588218688965,1.361003585153389,8.923132121562958,24.78185921907425,0.4911464122011013,3.100751086216056,0.0,0.5,0.15305288931735686,0.17617885131937638,0.04904382899403572,0.05373893305659294,0.04904382899403572,0.053112760186195374,0.07692255079746246,52,0.08302836514210886,1.6418248644317979
station_wake_L5,Hard-switch stage-aware SAC,strict_hard_switch_v1,hard_switch_v1,2,73,9073,1250073,station_wake,5,0.0,0.0,0.1,1,1,0,0,1,0,40,0.25,1,24,0.2712554633617401,0.19869460053867388,0.5920141935348511,0.39793992865653494,5.2132149785757065,19.01699408888817,0.4539460652341326,2.164514716700712,0.0,0.05,0.15224796326329137,0.20214406526944306,0.0034952116548083723,0.009387774392962456,0.0034952116548083723,0.109613130800426,0.3354676812887192,44,0.07775837541846099,0.5274238993355054
station_wake_L5,Hard-switch stage-aware SAC,strict_hard_switch_v1,hard_switch_v1,2,74,9074,1250074,station_wake,5,0.0,0.0,0.1,1,1,0,0,1,0,56,0.25,1,37,0.2158169448375702,0.1013352256388904,0.8164557814598083,0.5683093994715346,4.132940918207169,18.516343906521797,0.5158296316520898,2.7255548283322053,0.0,0.9500000000000001,0.07477811429096712,0.10464218880635848,0.14822347164154054,0.1697431057691574,0.14822347164154054,0.23939532041549683,0.32190442085266113,60,0.04185678353019525,3.1337008230421937
station_wake_L5,Hard-switch stage-aware SAC,strict_hard_switch_v1,hard_switch_v1,2,75,9075,1250075,station_wake,5,0.0,0.0,0.1,1,1,0,0,1,0,56,0.25,1,46,0.59690260887146,0.4984216067311626,0.9372925758361816,0.693389017597673,5.150807201862335,17.6687154173851,0.38111970610332985,2.2269179973612228,2.0631322767793407,0.05,0.299124340176478,0.41498112917779634,0.038294854760169986,0.04978285729885101,0.038294854760169986,0.5481665879487991,1.1100419610738754,60,0.05406611882451507,1.5958262084144066
station_wake_L5,Hard-switch stage-aware SAC,strict_hard_switch_v1,hard_switch_v1,2,76,9076,1250076,station_wake,5,0.0,0.0,0.1,1,1,0,0,1,0,49,0.25,1,36,0.2958662211894989,0.16778227398095616,1.0544294118881226,0.8835055352898502,3.086848258972168,10.076875686645508,0.23100321222537779,1.4235431856357859,0.0,0.6000000000000001,0.20900006931420637,0.28557409269205314,0.17550513446331023,0.1844819039106369,0.17550513446331023,0.19272541999816895,0.3507879376411438,53,0.05915308536923916,2.4503990935205975
station_wake_L5,Hard-switch stage-aware SAC,strict_hard_switch_v1,hard_switch_v1,2,77,9077,1250077,station_wake,5,0.0,0.0,0.1,1,1,0,0,1,0,58,0.25,1,45,0.184891015291214,0.13542083435543342,0.4293268918991089,0.23997471189621591,2.0792287588119507,7.168269883841276,0.18817063318382668,1.1877214752358052,0.7861929798391374,0.0,0.1762442544654778,0.25488298506103063,0.0431857418268919,0.05371822789311409,0.0431857418268919,0.10103154927492142,0.1714879646897316,62,0.06646078770407575,0.7861929798391374
station_wake_L5,Hard-switch stage-aware SAC,strict_hard_switch_v1,hard_switch_v1,2,78,9078,1250078,station_wake,5,0.0,0.0,0.1,1,1,0,0,1,0,74,0.25,1,60,0.41588717699050903,0.3251758272575646,1.7523567378520966,1.0622150507459711,3.7603431940078735,19.4216425716877,0.20367200735414503,1.5033133232047728,0.0,0.35000000000000003,0.1545509040766257,0.21060524560192684,0.08551118597388267,0.12187919020652771,0.08551118597388267,0.32320816814899445,0.42215555906295776,78,0.05441819598048086,0.6890318847092664
station_wake_L5,Hard-switch stage-aware SAC,strict_hard_switch_v1,hard_switch_v1,2,79,9079,1250079,station_wake,5,0.0,0.0,0.1,1,1,0,0,1,0,39,0.25,1,24,1.1681665182113647,0.9332840601799529,1.799997091293335,1.3960664771603841,8.141515851020813,26.138635873794556,0.519745204457898,3.101780387517765,0.0,0.55,0.2053005990892307,0.26060172016631006,0.09142810255289077,0.12678582966327667,0.09142810255289077,0.2847537398338318,0.39065003395080566,43,0.06222586512783695,2.343259465539308
station_wake_L5,Hard-switch stage-aware SAC,strict_hard_switch_v1,hard_switch_v1,2,80,9080,1250080,station_wake,5,0.0,0.0,0.1,1,1,0,0,1,0,27,0.25,1,14,0.2957668602466583,0.1483035248937053,1.1190798878669739,0.7413510871535014,4.305144250392914,21.743422150611877,0.3544583008083196,2.6593024833438124,0.0,0.0,0.231861263352695,0.33641948801838795,0.0372129075229168,0.055124882608652115,0.0372129075229168,0.5137477070093155,0.8796995133161545,31,0.051348479781057915,0.8392383633675721
station_wake_L5,Hard-switch stage-aware SAC,strict_hard_switch_v1,hard_switch_v1,2,81,9081,1250081,station_wake,5,0.0,0.0,0.1,1,1,0,0,1,0,54,0.25,1,35,0.6173786520957947,0.5403274944339068,1.264602541923523,0.8466459105233101,5.577651262283325,22.896942496299744,0.39060810724744466,2.5573843143645174,6.0654013627021985,0.9500000000000001,0.04040443347712975,0.049465413332016796,0.07707382291555405,0.08882085978984833,0.07707382291555405,0.149459570646286,0.2747024595737457,58,0.04412228635331463,4.142287323577885
station_wake_L5,Hard-switch stage-aware SAC,strict_hard_switch_v1,hard_switch_v1,2,82,9082,1250082,station_wake,5,0.0,0.0,0.1,1,1,0,0,1,0,41,0.25,1,30,0.40731629729270935,0.3010927544311228,1.2287867069244385,0.8592428743569779,4.862896800041199,21.159547567367554,0.3321869810936817,2.3001190423365876,0.0,0.0,0.24297977404144425,0.3343758501322941,0.09993465840816498,0.11425397545099258,0.09993465840816498,0.1577916443347931,0.20124584436416626,45,0.05365152001870087,1.9045824552455999
station_wake_L5,Hard-switch stage-aware SAC,strict_hard_switch_v1,hard_switch_v1,2,83,9083,1250083,station_wake,5,0.0,0.0,0.1,1,1,0,0,1,0,39,0.25,1,28,1.0639374256134033,0.6589030369197025,2.0205891132354736,1.8094182606813018,3.75984326004982,16.000524908304214,0.7064147376847583,2.624925700957597,0.0,0.2,0.3061192681748023,0.4315425004731688,0.02163613699376583,0.031167326495051384,0.02163613699376583,0.1662479229271412,0.39211511611938477,43,0.033258395678294986,3.329070700287592
station_wake_L5,Hard-switch stage-aware SAC,strict_hard_switch_v1,hard_switch_v1,2,84,9084,1250084,station_wake,5,0.0,0.0,0.1,1,1,0,0,1,0,34,0.25,1,21,0.11900325119495392,0.07307787910566563,0.7417501509189606,0.5178336162377116,4.161000847816467,18.893682956695557,0.8133485118036069,2.8115243213827994,0.0,0.0,0.2297479707487348,0.33141623199897896,0.02414012923836708,0.04319320619106293,0.02414012923836708,0.3090355843305588,0.5704936385154724,38,0.06829582475245971,1.9812716058030915
station_wake_L5,Hard-switch stage-aware SAC,strict_hard_switch_v1,hard_switch_v1,2,85,9085,1250085,station_wake,5,0.0,0.0,0.1,1,1,0,0,1,0,58,0.25,1,43,0.21235273778438568,0.18140726474146035,0.42785733938217163,0.2942864226246423,2.3668352514505386,8.509832918643951,0.12640928811429675,0.9538318653057816,0.0,0.0,0.17700752850119367,0.2468797964844872,0.020494712889194487,0.029614992439746857,0.020494712889194487,0.19464407116174698,0.3236451745033264,62,0.07181925619842237,0.29792583464380107
station_wake_L5,Hard-switch stage-aware SAC,strict_hard_switch_v1,hard_switch_v1,2,86,9086,1250086,station_wake,5,0.0,0.0,0.1,1,1,0,0,1,0,33,0.25,1,10,1.1286900043487549,0.8604700721558364,1.6280204057693481,1.3214477674000884,1.165757179260254,2.103348970413208,0.7596288853695237,2.4237521605783847,0.0,1.1500000000000001,0.08935739327372141,0.0924153040293194,0.1405247077345848,0.1746736615896225,0.1405247077345848,0.3382547199726105,0.3631410002708435,37,0.06431548991640065,3.1218933469579455
station_wake_L5,Hard-switch stage-aware SAC,strict_hard_switch_v1,hard_switch_v1,2,87,9087,1250087,station_wake,5,0.0,0.0,0.1,1,1,0,0,1,0,51,0.25,1,38,0.416556715965271,0.3143217396711925,1.6837015748023987,1.166622585917527,7.147809267044067,25.74066698551178,0.3781914487218419,2.4625707502923846,4.695975754871323,0.0,0.19453684031083038,0.27708211201453414,0.03794020339846611,0.07624991238117218,0.03794020339846611,0.4466821104288101,0.5359319597482681,55,0.07009072222377508,4.194686400456107
station_wake_L5,Hard-switch stage-aware SAC,strict_hard_switch_v1,hard_switch_v1,2,88,9088,1250088,station_wake,5,0.0,0.0,0.1,1,1,0,0,1,0,44,0.25,1,33,0.21018573641777039,0.1340022380485021,0.6727437674999237,0.41247498075986044,3.304726406931877,16.83839850127697,0.23616266189173343,1.9541103711452945,0.0,0.4,0.2746006119673317,0.3900525895765956,0.1418744683265686,0.15052829682826996,0.1418744683265686,0.06407111883163452,0.1280587911605835,48,0.03842808082478609,1.849714264982418
station_wake_L5,Hard-switch stage-aware SAC,strict_hard_switch_v1,hard_switch_v1,2,89,9089,1250089,station_wake,5,0.0,0.0,0.1,1,1,0,0,1,0,50,0.25,1,38,0.12297148257493973,0.07658761576413356,0.6647912412881851,0.4313547195841436,4.105785042047501,12.91625589132309,0.2950408990901231,1.597120954587072,0.0,0.5,0.19868184214385337,0.30484434527437604,0.0744350790977478,0.09424861520528793,0.0744350790977478,0.22648394107818604,0.34831032156944275,54,0.06237548838123357,3.5770129704614018
station_wake_L5,Hard-switch stage-aware SAC,strict_hard_switch_v1,hard_switch_v1,2,90,9090,1250090,station_wake,5,0.0,0.0,0.1,1,1,0,0,1,0,29,0.25,0,-1,nan,nan,nan,nan,nan,nan,nan,nan,0.0,nan,0.09491427206492627,0.10627282816184094,0.22106877863407134,0.34295105934143066,0.22106877863407134,1.2120221853256226,2.034170627593994,33,0.04769155671593802,2.7957577905053603
station_wake_L5,Hard-switch stage-aware SAC,strict_hard_switch_v1,hard_switch_v1,2,91,9091,1250091,station_wake,5,0.0,0.0,0.1,1,1,0,0,1,0,57,0.25,1,42,0.43409013748168945,0.40014182559621797,0.6669187545776367,0.28147505356856783,3.4049277985468507,14.484740793704987,0.30100710023351207,2.040770144626387,0.0,0.5,0.1608847801132562,0.21782293964342547,0.13949233591556548,0.1828184425830841,0.13949233591556548,0.3811975121498108,0.56303471326828,61,0.07752159947592321,0.5516307834451182
station_wake_L5,Hard-switch stage-aware SAC,strict_hard_switch_v1,hard_switch_v1,2,92,9092,1250092,station_wake,5,0.0,0.0,0.1,1,1,0,0,1,0,54,0.25,1,42,0.25095897912979126,0.17289846889618113,0.6163126230239868,0.379083926440954,4.907725751399994,14.202741533517838,0.3453310657260548,1.9821298076467768,0.0,0.0,0.2082191253411339,0.32323184535735444,0.0029921789187937974,0.005193473771214485,0.0029921789187937974,0.09489500429481268,0.1405400037765503,58,0.05498124463950718,1.5158840735429906
station_wake_L5,Hard-switch stage-aware SAC,strict_hard_switch_v1,hard_switch_v1,2,93,9093,1250093,station_wake,5,0.0,0.0,0.1,1,1,0,0,1,0,61,0.25,1,48,0.08497228473424911,0.04757345619178751,0.5232328921556473,0.2799289485624751,4.365101456642151,19.76256936788559,0.2761187422528291,1.9292294744521494,0.5042096871722188,0.0,0.17796323872567715,0.2511280564999119,0.08350489586591721,0.09876484423875809,0.08350489586591721,0.21492913365364075,0.4155464470386505,65,0.0701406170596803,0.5042096871722188
station_wake_L5,Hard-switch stage-aware SAC,strict_hard_switch_v1,hard_switch_v1,2,94,9094,1250094,station_wake,5,0.0,0.0,0.1,1,1,0,0,1,0,55,0.25,1,43,0.6176781058311462,0.5069930352542078,1.1018729209899902,0.6618737573920741,4.8429229855537415,20.95292292535305,0.4226932467876271,2.7200570682016174,1.7859807026199714,0.1,0.18554682408076761,0.28108167402797746,0.029339208081364632,0.05040388181805611,0.029339208081364632,0.496393159031868,1.003805622458458,59,0.04403214699899223,1.4330619467193564
station_wake_L5,Hard-switch stage-aware SAC,strict_hard_switch_v1,hard_switch_v1,2,95,9095,1250095,station_wake,5,0.0,0.0,0.1,1,1,0,0,1,0,55,0.25,1,43,0.10831502825021744,0.07332442484840274,1.0083110630512238,0.6069729484174347,5.706817805767059,25.536980628967285,0.45167810174528794,2.751587792968075,1.014882013959739,0.0,0.20059521497487315,0.3062330923052364,0.005746200773864984,0.011654017493128777,0.005746200773864984,0.06211776100099087,0.11459494940936565,59,0.07226686785185531,1.014882013959739
station_wake_L5,Hard-switch stage-aware SAC,strict_hard_switch_v1,hard_switch_v1,2,96,9096,1250096,station_wake,5,0.0,0.0,0.1,1,1,0,0,1,0,44,0.25,1,32,0.10575598478317261,0.07797018275633798,0.4708437994122505,0.3015565357887748,4.170241951942444,14.747168645262718,0.3415315343284816,2.30259574554743,0.0,0.0,0.24247604927963912,0.35197177722695644,0.10877051949501038,0.12551596760749817,0.10877051949501038,0.22609129548072815,0.36881208419799805,48,0.05882220986930311,0.8012471970175216
station_wake_L5,Hard-switch stage-aware SAC,strict_hard_switch_v1,hard_switch_v1,2,97,9097,1250097,station_wake,5,0.0,0.0,0.1,1,1,0,0,1,0,48,0.25,1,36,0.1241547092795372,0.10427630479512592,0.5794784426689148,0.23145117280261404,2.7784287743270397,13.138369666412473,0.31059725125472615,1.9385109155387739,2.3542387811866923,0.0,0.2161743850352967,0.30696413092428515,0.05398105159401893,0.07555609941482544,0.05398105159401893,0.30169712379574776,0.47668637707829475,52,0.058448529063835956,1.5806396029600005
station_wake_L5,Hard-switch stage-aware SAC,strict_hard_switch_v1,hard_switch_v1,2,98,9098,1250098,station_wake,5,0.0,0.0,0.1,1,1,0,0,1,0,74,0.25,1,55,0.2270495593547821,0.16213264500425187,0.8023382723331451,0.5618570033981601,3.236432671546936,9.167984573869035,0.21784573241468808,1.1263655134271275,0.0,0.2,0.16888872004912173,0.18685382349549093,0.03260093480348587,0.0353463739156723,0.03260093480348587,0.030945494771003723,0.07038719952106476,78,0.07823427781397069,0.12445678554927658
station_wake_L5,Hard-switch stage-aware SAC,strict_hard_switch_v1,hard_switch_v1,2,99,9099,1250099,station_wake,5,0.0,0.0,0.1,1,1,0,0,1,0,38,0.25,1,20,0.5939286351203918,0.5742285124311091,0.7353150844573975,0.2805129033593414,4.32920515537262,21.31509091705084,0.9988603920306144,3.5535555849134397,0.0,0.8500000000000001,0.194769957928487,0.22224238296499615,0.10604913979768753,0.1246117576956749,0.10604913979768753,0.1954886019229889,0.2414928376674652,42,0.0768145029139162,3.262446046915526
station_wake_L5,Hard-switch stage-aware SAC,strict_hard_switch_v1,hard_switch_v1,3,0,9000,1250000,station_wake,5,0.0,0.0,0.1,1,1,0,0,1,0,55,0.25,1,36,0.09156156331300735,0.06657985277377709,0.220525860786438,0.14261458870420307,1.6926468163728714,7.239012569189072,0.23947643649394953,1.3304902971036192,0.3160198061679582,0.0,0.13966199520846176,0.16741079018080257,0.03151239156723022,0.033692337572574615,0.03151239156723022,0.07210879027843475,0.19037947058677673,59,0.06550579887643981,0.2916718626437288
station_wake_L5,Hard-switch stage-aware SAC,strict_hard_switch_v1,hard_switch_v1,3,1,9001,1250001,station_wake,5,0.0,0.0,0.1,1,1,0,0,1,0,42,0.25,1,28,0.8095441460609436,0.46067303466005105,2.027900218963623,1.4777027061430534,5.3475940227508545,28.032905161380768,0.4303804630086938,3.055332730360814,0.0,0.35000000000000003,0.15697944447388307,0.21381348177600443,0.12450470477342605,0.13640058040618896,0.12450470477342605,0.14548459649085999,0.23137226700782776,46,0.05839732813019809,0.13647765168423456
station_wake_L5,Hard-switch stage-aware SAC,strict_hard_switch_v1,hard_switch_v1,3,2,9002,1250002,station_wake,5,0.0,0.0,0.1,1,1,0,0,1,0,51,0.25,1,28,0.5596712827682495,0.5187943463542829,0.5729246139526367,0.37178880487288263,2.9658201336860657,11.746019423007965,0.21662159598580005,1.4715861069139307,0.0,0.75,0.11768990987266577,0.13024027670016047,0.06942445561289787,0.08400000631809235,0.06942445561289787,0.1431988626718521,0.1725466549396515,55,0.08521120880912332,1.1827103273158246
station_wake_L5,Hard-switch stage-aware SAC,strict_hard_switch_v1,hard_switch_v1,3,3,9003,1250003,station_wake,5,0.0,0.0,0.1,1,1,0,0,1,0,53,0.25,1,40,0.30594000220298767,0.16264275219520394,1.210079938173294,0.9963183012231339,3.2930678129196167,12.981940060853958,0.5892691123601892,2.3283354891935173,2.469331524126227,0.0,0.14188103703694216,0.20281242637023894,0.018290821090340616,0.022535070776939392,0.018290821090340616,0.15885433554649353,0.5234543234109879,57,0.05506936098285254,2.207334645631235
station_wake_L5,Hard-switch stage-aware SAC,strict_hard_switch_v1,hard_switch_v1,3,4,9004,1250004,station_wake,5,0.0,0.0,0.1,1,1,0,0,1,0,61,0.25,1,42,0.23291859030723572,0.14736544078599872,0.48638612031936646,0.3647771069507667,2.2751889703795314,7.72250235080719,0.13773305926353432,0.7350787629778666,0.0,0.0,0.13273558203466068,0.14941333785762884,0.0466008186340332,0.05029001459479332,0.0466008186340332,0.09622222185134888,0.2018730342388153,65,0.07554595314164889,1.0566420039886086
station_wake_L5,Hard-switch stage-aware SAC,strict_hard_switch_v1,hard_switch_v1,3,5,9005,1250005,station_wake,5,0.0,0.0,0.1,1,1,0,0,1,0,63,0.25,1,40,0.2557821273803711,0.2269161562926474,0.27390629053115845,0.17889767082404728,1.8372464925050735,9.627095758914948,0.2868409503184592,1.9655921492629498,2.3267323287385815,0.0,0.1446133919338101,0.1599700915728549,0.03519111052155495,0.036345403641462326,0.03519111052155495,0.03676784038543701,0.09436830878257751,67,0.08764926972363804,1.5779715603154643
station_wake_L5,Hard-switch stage-aware SAC,strict_hard_switch_v1,hard_switch_v1,3,6,9006,1250006,station_wake,5,0.0,0.0,0.1,1,1,0,0,1,0,29,0.25,0,-1,nan,nan,nan,nan,nan,nan,nan,nan,0.0,nan,0.16310299214344537,0.20110949631098815,0.08976605385541916,0.12364518642425537,0.08976605385541916,0.33561256527900696,0.4566013813018799,33,0.07167159352148476,1.1900039021323405
station_wake_L5,Hard-switch stage-aware SAC,strict_hard_switch_v1,hard_switch_v1,3,7,9007,1250007,station_wake,5,0.0,0.0,0.1,1,1,0,0,1,0,66,0.25,1,45,0.2653815448284149,0.20569824022395178,1.343216598033905,0.8194343098006145,5.73086678981781,17.405730336904526,0.3117333318710804,1.2156552813737567,0.23143252901112532,0.0,0.11805074591971514,0.12808501396693797,0.00785613264888525,0.011606700718402863,0.00785613264888525,0.09427034854888916,0.1607017032802105,70,0.08905821496883745,0.13305930208720185
station_wake_L5,Hard-switch stage-aware SAC,strict_hard_switch_v1,hard_switch_v1,3,8,9008,1250008,station_wake,5,0.0,0.0,0.1,1,1,0,0,1,0,44,0.25,1,26,0.18087537586688995,0.12805340682204464,1.068921685218811,0.7989609423858036,2.7643415331840515,16.68206188827753,0.5761764056366585,2.9068258270195617,0.0,0.9,0.13853808252872285,0.1720250786800869,0.10417508184909821,0.11125077307224274,0.10417508184909821,0.0855303704738617,0.14544636011123657,48,0.030194018373400012,3.6915541756254577
station_wake_L5,Hard-switch stage-aware SAC,strict_hard_switch_v1,hard_switch_v1,3,9,9009,1250009,station_wake,5,0.0,0.0,0.1,1,1,0,0,1,0,44,0.25,1,24,0.03898721933364868,0.02735610102293453,0.4645690321922302,0.3219196978645355,2.9700016789138317,12.628213167190552,0.44884833183100603,1.8910977447979234,0.85329307841046,0.0,0.1692624662384473,0.1934564229057434,0.010686894506216049,0.01575183868408203,0.010686894506216049,0.055363379418849945,0.06291305646300316,48,0.08381270103928799,0.85329307841046
station_wake_L5,Hard-switch stage-aware SAC,strict_hard_switch_v1,hard_switch_v1,3,10,9010,1250010,station_wake,5,0.0,0.0,0.1,1,1,0,0,1,0,34,0.25,0,-1,nan,nan,nan,nan,nan,nan,nan,nan,0.0,nan,0.10764442313268272,0.11109597879026442,0.1551710397005081,0.1886260062456131,0.1551710397005081,0.34288233518600464,0.4585638642311096,38,0.04267846450068443,2.880892256528161
station_wake_L5,Hard-switch stage-aware SAC,strict_hard_switch_v1,hard_switch_v1,3,11,9011,1250011,station_wake,5,0.0,0.0,0.1,1,1,0,0,1,0,51,0.25,1,31,0.7245672345161438,0.5907351028483416,0.7402282953262329,0.6391066056818387,4.245550148189068,12.519323527812958,0.3774871453643604,1.584094704137074,0.0,0.65,0.20771594600052107,0.2332182785831368,0.1181284800171852,0.14990176260471344,0.1181284800171852,0.293292760848999,0.36671310663223267,55,0.0708148958149064,0.43453764885241614
station_wake_L5,Hard-switch stage-aware SAC,strict_hard_switch_v1,hard_switch_v1,3,12,9012,1250012,station_wake,5,0.0,0.0,0.1,1,1,0,0,1,0,63,0.25,1,40,0.3059871196746826,0.1745056947261281,1.4459529519081116,1.0902898518449284,3.1910619139671326,17.179573476314545,0.37431182085987325,1.8576245623330987,0.0,0.65,0.13714773015319798,0.1449594829340666,0.022278209403157233,0.032102070748806,0.022278209403157233,0.11097761988639832,0.1959419995546341,67,0.0788910924405677,0.5479838893151545
station_wake_L5,Hard-switch stage-aware SAC,strict_hard_switch_v1,hard_switch_v1,3,13,9013,1250013,station_wake,5,0.0,0.0,0.1,1,1,0,0,1,0,59,0.25,1,43,0.39723125100135803,0.22675757151609688,1.1940295994281769,1.0263561479724579,1.8373697996139526,8.662428259849548,0.2629309522683414,1.5093111812568103,0.817207054591167,0.4,0.10550030263844967,0.13175097094912774,0.0409641096368432,0.09035617858171463,0.0409641096368432,0.4845576845109463,0.7161672413349152,63,0.06308997251657737,0.817207054591167
station_wake_L5,Hard-switch stage-aware SAC,strict_hard_switch_v1,hard_switch_v1,3,14,9014,1250014,station_wake,5,0.0,0.0,0.1,1,1,0,0,1,0,57,0.25,1,34,0.5338793396949768,0.4182975924599295,1.3306808471679688,0.9874165512492679,11.234606802463531,35.015006363391876,0.6311889143733824,2.8568843339805925,0.0,0.8500000000000001,0.10627209142100871,0.11749196975140656,0.05273282006382942,0.0683119148015976,0.05273282006382942,0.15475395321846008,0.2363896369934082,61,0.09240451928197625,2.4112358560368023
station_wake_L5,Hard-switch stage-aware SAC,strict_hard_switch_v1,hard_switch_v1,3,15,9015,1250015,station_wake,5,0.0,0.0,0.1,1,1,0,0,1,0,58,0.25,1,37,0.5990191102027893,0.4902958007785144,0.6206214427947998,0.4127500584655199,1.9907471572514623,12.471225708723068,0.2945783098168719,1.931392725036864,0.0,1.0,0.15331926196079243,0.18620676161109131,0.2002426117658615,0.24015143513679504,0.2002426117658615,0.37155628204345703,0.433332622051239,62,0.0688882555847213,1.4511535170051335
station_wake_L5,Hard-switch stage-aware SAC,strict_hard_switch_v1,hard_switch_v1,3,16,9016,1250016,station_wake,5,0.0,0.0,0.1,1,1,0,0,1,0,47,0.25,1,22,1.344506859779358,1.1200545684196581,2.2502517700195312,1.60974504453948,13.701861053705215,35.165337324142456,0.6951495454038741,3.4375963848044497,0.0,1.25,0.14647173800440144,0.15658169185672557,0.08239844143390655,0.08408436924219131,0.08239844143390655,0.03750187158584595,0.0731012225151062,51,0.0789676096275669,3.8705486743357507
station_wake_L5,Hard-switch stage-aware SAC,strict_hard_switch_v1,hard_switch_v1,3,17,9017,1250017,station_wake,5,0.0,0.0,0.1,1,1,0,0,1,0,52,0.25,1,29,0.3366985321044922,0.2629611856582854,0.8737325668334961,0.6534097674510668,6.0502612590789795,22.36852526664734,0.5124875441833073,3.3377327734115005,1.3889919653688474,0.0,0.13394505013658536,0.14516521529705523,0.01528915362432599,0.02650892734527588,0.01528915362432599,0.11315844394266605,0.17290182411670685,56,0.08641354353038048,1.3591076465942202
station_wake_L5,Hard-switch stage-aware SAC,strict_hard_switch_v1,hard_switch_v1,3,18,9018,1250018,station_wake,5,0.0,0.0,0.1,1,1,0,0,1,0,57,0.25,1,32,0.12392360717058182,0.1042195690723613,0.6397278606891632,0.31497865898352073,3.197658834978938,16.04476571083069,0.4572207781324557,2.2299770646571444,0.0,0.0,0.10754973693074862,0.11428555215786712,0.051542476564645764,0.058278437703847885,0.051542476564645764,0.07121625542640686,0.08547164499759674,61,0.0906213674795852,0.01089678808580847
station_wake_L5,Hard-switch stage-aware SAC,strict_hard_switch_v1,hard_switch_v1,3,19,9019,1250019,station_wake,5,0.0,0.0,0.1,1,1,0,0,1,0,51,0.25,1,30,0.47943904995918274,0.3489580118586432,1.2709033489227295,0.8233183296586044,1.0996782779693604,6.278523206710815,0.4338587929895048,1.8981356048395468,0.0,1.05,0.14088104119188644,0.15627165141176197,0.15000346153974534,0.17718693614006042,0.15000346153974534,0.2705613076686859,0.3031298518180847,55,0.08314619565769464,3.1558963765237964
station_wake_L5,Hard-switch stage-aware SAC,strict_hard_switch_v1,hard_switch_v1,3,20,9020,1250020,station_wake,5,0.0,0.0,0.1,1,1,0,0,1,0,46,0.25,1,19,0.9914363622665405,0.6908673330569638,1.8944764137268066,1.2606578531012647,14.416334629058838,36.41859367489815,0.7837174719075842,3.644383356017438,0.0,1.35,0.10564162862736064,0.11798272160167782,0.0636921264231205,0.07432465255260468,0.0636921264231205,0.09823651611804962,0.11031389236450195,50,0.06983479724136854,4.258593919198978
station_wake_L5,Hard-switch stage-aware SAC,strict_hard_switch_v1,hard_switch_v1,3,21,9021,1250021,station_wake,5,0.0,0.0,0.1,1,1,0,0,1,0,65,0.25,1,40,0.5353905558586121,0.4109619945367734,1.1974391341209412,0.8354157712055917,2.8521013259887695,18.035188913345337,0.5489646126895444,2.7385247309631633,0.0,1.25,0.07143852367634558,0.09112472541127689,0.09835169911384582,0.12333590537309647,0.09835169911384582,0.2398819923400879,0.2642153203487396,69,0.0290622304735639,3.592251762829935
station_wake_L5,Hard-switch stage-aware SAC,strict_hard_switch_v1,hard_switch_v1,3,22,9022,1250022,station_wake,5,0.0,0.0,0.1,1,1,0,0,1,0,42,0.25,1,20,0.27202320098876953,0.188525963409117,1.5800294280052185,1.107453800528866,7.395729869604111,26.443384885787964,0.601252661904763,2.7356939880459485,0.0,0.8500000000000001,0.11377615162048434,0.12950495762420877,0.04819982871413231,0.05086538568139076,0.04819982871413231,0.033885955810546875,0.07057666778564453,46,0.08523933188607513,3.7167396444162337
station_wake_L5,Hard-switch stage-aware SAC,strict_hard_switch_v1,hard_switch_v1,3,23,9023,1250023,station_wake,5,0.0,0.0,0.1,1,1,0,0,1,0,60,0.25,1,40,0.34612837433815,0.25912539290362396,0.5561083555221558,0.3534437167315762,3.183334320783615,14.863985478878021,0.23486708451364258,1.5544822827359597,3.2286063015595206,0.05,0.16934625837757444,0.19622226129575332,0.034850331395864485,0.04635262116789818,0.034850331395864485,0.47520796954631805,1.0260536521673203,64,0.07032540838834854,2.7899928974024584
station_wake_L5,Hard-switch stage-aware SAC,strict_hard_switch_v1,hard_switch_v1,3,24,9024,1250024,station_wake,5,0.0,0.0,0.1,1,1,0,0,1,0,48,0.25,1,35,0.44511398673057556,0.4081093583502689,1.213538646697998,0.5587410711911572,5.641807317733765,26.16493731737137,0.3402190633890545,2.9558500221467634,1.6125182302505656,0.05,0.20631820753452823,0.29965900587636696,0.06324360892176628,0.07635267823934555,0.06324360892176628,0.3184928894042969,0.5627451092004776,52,0.07708522313316721,0.5992352276085501
station_wake_L5,Hard-switch stage-aware SAC,strict_hard_switch_v1,hard_switch_v1,3,25,9025,1250025,station_wake,5,0.0,0.0,0.1,1,1,0,0,1,0,37,0.25,1,21,0.7480154037475586,0.40474715109771214,2.1257740259170532,1.5790644471778559,5.162287056446075,29.346416890621185,0.5700577420140646,3.1240493861359906,0.0,0.8,0.09226597277717649,0.12362825123252694,0.12479646503925323,0.14939655363559723,0.12479646503925323,0.19431078433990479,0.28096675872802734,41,0.009805483852739293,3.3849950085511873
station_wake_L5,Hard-switch stage-aware SAC,strict_hard_switch_v1,hard_switch_v1,3,26,9026,1250026,station_wake,5,0.0,0.0,0.1,1,1,0,0,1,0,45,0.25,1,25,1.090659260749817,0.7109582831041336,2.1169251203536987,1.8650316628455899,2.635166198015213,17.008814960718155,0.41539794691678505,2.241659345041873,0.0,0.65,0.14271345545956218,0.16601317342462807,0.08450420051813126,0.10315612703561783,0.08450420051813126,0.1994335949420929,0.2576984465122223,49,0.0745715607276904,0.9371978969392469
station_wake_L5,Hard-switch stage-aware SAC,strict_hard_switch_v1,hard_switch_v1,3,27,9027,1250027,station_wake,5,0.0,0.0,0.1,1,1,0,0,1,0,43,0.25,1,20,0.38228514790534973,0.29638553722906824,0.6702959537506104,0.4541050768554186,2.531227692961693,12.275344580411911,0.40042515220013297,2.598775372562483,0.0,0.15000000000000002,0.14062364214867312,0.1587941292791107,0.006747215706855059,0.009287448599934578,0.006747215706855059,0.03418543189764023,0.06529122591018677,47,0.07993676784860321,0.44515411070014316
station_wake_L5,Hard-switch stage-aware SAC,strict_hard_switch_v1,hard_switch_v1,3,28,9028,1250028,station_wake,5,0.0,0.0,0.1,1,1,0,0,1,0,53,0.25,1,26,0.3985860347747803,0.32340075583587446,1.1500245332717896,0.6294064231481091,4.045533295720816,17.09588885307312,0.6898941903590103,2.678055433958481,0.0,0.5,0.11711422151244492,0.12692202603821118,0.008994251489639282,0.009836651384830475,0.008994251489639282,0.015376821160316467,0.0344042107462883,57,0.08903544870905876,0.291437875303803
station_wake_L5,Hard-switch stage-aware SAC,strict_hard_switch_v1,hard_switch_v1,3,29,9029,1250029,station_wake,5,0.0,0.0,0.1,1,1,0,0,1,0,41,0.25,1,25,0.7470161318778992,0.4709573730646324,1.686389446258545,1.1382274721465078,2.9476934671401978,19.557075053453445,0.5418716412557889,2.6462115255814123,0.0,0.8,0.13069156769665835,0.16366192224065973,0.17434901893138885,0.1957916021347046,0.17434901893138885,0.205816388130188,0.3176689147949219,45,0.06041895067234006,2.543246764107047
station_wake_L5,Hard-switch stage-aware SAC,strict_hard_switch_v1,hard_switch_v1,3,30,9030,1250030,station_wake,5,0.0,0.0,0.1,1,1,0,0,1,0,54,0.25,1,33,0.11764153838157654,0.06840608871685726,0.39101123809814453,0.2685354450050471,4.209739584475756,8.640656638890505,0.23456489479692735,1.1530613085956338,0.6111708764614416,0.0,0.11906092418038912,0.1395817579083212,0.08050701320171356,0.08819901943206787,0.08050701320171356,0.08726716041564941,0.12261256575584412,58,0.07735002146354147,0.6111708764614416
station_wake_L5,Hard-switch stage-aware SAC,strict_hard_switch_v1,hard_switch_v1,3,31,9031,1250031,station_wake,5,0.0,0.0,0.1,1,1,0,0,1,0,63,0.25,1,42,0.24463194608688354,0.21118504778098096,0.2342665195465088,0.14599092884561946,1.1599493585526943,4.875627513974905,0.24265814532081526,1.2116045102849722,0.0,0.5,0.15671338228317763,0.1832574181808693,0.07934104204177857,0.08349088579416275,0.07934104204177857,0.0840810239315033,0.12388154864311218,67,0.07283540085478009,2.3598393228626913
station_wake_L5,Hard-switch stage-aware SAC,strict_hard_switch_v1,hard_switch_v1,3,32,9032,1250032,station_wake,5,0.0,0.0,0.1,1,1,0,0,1,0,63,0.25,1,43,0.1765095442533493,0.09422473384832762,0.8379890024662018,0.5959338720863695,4.141708612442017,15.906537473201752,0.39024686159678657,2.003269105050694,0.730825065188634,0.25,0.17769323016679958,0.2077592227799378,0.04972816035151482,0.05827392637729645,0.04972816035151482,0.08759301900863647,0.120796337723732,67,0.07994017085071087,0.730825065188634
station_wake_L5,Hard-switch stage-aware SAC,strict_hard_switch_v1,hard_switch_v1,3,33,9033,1250033,station_wake,5,0.0,0.0,0.1,1,1,0,0,1,0,35,0.25,0,-1,nan,nan,nan,nan,nan,nan,nan,nan,0.0,nan,0.1190078439527639,0.1270029484976024,0.18784758150577546,0.23604640364646912,0.18784758150577546,0.49482351541519165,0.6361222267150879,39,0.05126020655936267,2.491549275722632
station_wake_L5,Hard-switch stage-aware SAC,strict_hard_switch_v1,hard_switch_v1,3,34,9034,1250034,station_wake,5,0.0,0.0,0.1,1,1,0,0,1,0,36,0.25,1,19,1.2201886177062988,1.1734122783084506,1.0816001892089844,0.6659370467453726,5.214235465973616,19.417988639324903,0.4901477374898342,2.6342516502708007,0.0,0.8500000000000001,0.1320546890117285,0.159774992819971,0.1935448408126831,0.24358150362968445,0.1935448408126831,0.5304324626922607,0.7837933301925659,40,0.0574933123896867,2.7538345162666453
station_wake_L5,Hard-switch stage-aware SAC,strict_hard_switch_v1,hard_switch_v1,3,35,9035,1250035,station_wake,5,0.0,0.0,0.1,1,1,0,0,1,0,65,0.25,1,47,0.2670648396015167,0.2343371361586643,0.870731770992279,0.4287288574760802,4.386644661426544,13.524905741214752,0.2304633847491288,1.029988120550285,0.0,0.05,0.1761604359148664,0.21389626943861123,0.045003350079059604,0.05098715424537659,0.045003350079059604,0.054994791746139526,0.07866792380809784,69,0.06787744874154407,0.14523040570347368
station_wake_L5,Hard-switch stage-aware SAC,strict_hard_switch_v1,hard_switch_v1,3,36,9036,1250036,station_wake,5,0.0,0.0,0.1,1,1,0,0,1,0,38,0.25,1,14,1.2676784992218018,1.0549654938221134,1.3733983039855957,1.0560142427936836,2.579531669616699,5.0714123249053955,0.5297315512017191,2.7035932486396534,0.0,1.2000000000000002,0.11439488397633901,0.12756047862652659,0.16254768371582032,0.19592541456222534,0.16254768371582032,0.3383692502975464,0.40559738874435425,42,0.05836765903407671,3.1878932514643674
station_wake_L5,Hard-switch stage-aware SAC,strict_hard_switch_v1,hard_switch_v1,3,37,9037,1250037,station_wake,5,0.0,0.0,0.1,1,1,0,0,1,0,50,0.25,1,30,1.0672162771224976,0.8023270114020411,1.6944503784179688,1.3345658559441833,3.8134047389030457,13.777684271335602,0.27951815467886815,1.9897724777727674,6.3393478705935395,0.7000000000000001,0.1700297917352919,0.19821056832466888,0.0536541648209095,0.07358632981777191,0.0536541648209095,0.16284942626953125,0.26359058916568756,54,0.08417877382928021,2.5226031576709183
station_wake_L5,Hard-switch stage-aware SAC,strict_hard_switch_v1,hard_switch_v1,3,38,9038,1250038,station_wake,5,0.0,0.0,0.1,1,1,0,0,1,0,65,0.25,1,45,0.43096062541007996,0.3266895510306341,0.8263194561004639,0.5738301698295198,3.9783407747745514,20.571686923503876,0.2436619782232548,1.7408956229073218,0.0,0.25,0.09925406782490698,0.1127072329259715,0.018192020989954472,0.028063159435987473,0.018192020989954472,0.14717993512749672,0.25199804455041885,69,0.08323997383615742,2.963045985308486
station_wake_L5,Hard-switch stage-aware SAC,strict_hard_switch_v1,hard_switch_v1,3,39,9039,1250039,station_wake,5,0.0,0.0,0.1,1,1,0,0,1,0,71,0.25,1,50,0.17133662104606628,0.15198175006887343,0.4063272476196289,0.23182269357086566,2.3166362196207047,7.999163041822612,0.1944776532431634,0.9786424349671499,0.0,0.15000000000000002,0.14463629968953584,0.16477802137097006,0.10441283583641052,0.10905815660953522,0.10441283583641052,0.09329205751419067,0.22380143404006958,75,0.07836895670927911,1.683614736538286
station_wake_L5,Hard-switch stage-aware SAC,strict_hard_switch_v1,hard_switch_v1,3,40,9040,1250040,station_wake,5,0.0,0.0,0.1,1,1,0,0,1,0,65,0.25,1,47,0.18440313637256622,0.121236737548907,0.5918185412883759,0.3399211911994262,2.6253128051757812,16.37046918272972,0.19759805078372705,1.5062333798233705,0.0,0.0,0.18097990091663352,0.20791445036992123,0.01787557601928711,0.023839319124817848,0.01787557601928711,0.07709727063775063,0.11629264801740646,69,0.07041982019195442,0.6454781696104752
station_wake_L5,Hard-switch stage-aware SAC,strict_hard_switch_v1,hard_switch_v1,3,41,9041,1250041,station_wake,5,0.0,0.0,0.1,1,1,0,0,1,0,55,0.25,1,39,0.27209267020225525,0.14849008691868837,1.1023453623056412,0.8273601585701211,3.057944178581238,16.15158498287201,0.3322762485308848,2.225820727383267,0.1402071617546863,0.0,0.14276359801077107,0.1823893082062245,0.01784368809312582,0.04251200333237648,0.01784368809312582,0.2636236101388931,0.4060647636651993,59,0.06928980886817446,0.10913617765304874
station_wake_L5,Hard-switch stage-aware SAC,strict_hard_switch_v1,hard_switch_v1,3,42,9042,1250042,station_wake,5,0.0,0.0,0.1,1,1,0,0,1,0,33,0.25,1,6,0.7500041723251343,0.4917828801566929,1.9443821907043457,1.4734299694578283,19.110021591186523,22.902504205703735,1.4526032186679825,2.1747239424638134,0.0,1.35,0.14160662541409633,0.17516259719895372,0.20122834742069245,0.2920299768447876,0.20122834742069245,0.9181138277053833,1.3558286428451538,37,0.06276265313391702,2.884499023296751
station_wake_L5,Hard-switch stage-aware SAC,strict_hard_switch_v1,hard_switch_v1,3,43,9043,1250043,station_wake,5,0.0,0.0,0.1,1,1,0,0,1,0,57,0.25,1,38,0.31793588399887085,0.19345275305711404,0.7037925720214844,0.5308478383458266,2.6831259578466415,12.225640565156937,0.22801061690522237,0.9590870055502294,0.0,0.45,0.1563880931461772,0.1801456322100502,0.027227390557527542,0.03775046020746231,0.027227390557527542,0.11114645004272461,0.17535492777824402,61,0.0729849283269781,1.2738119240739836
station_wake_L5,Hard-switch stage-aware SAC,strict_hard_switch_v1,hard_switch_v1,3,44,9044,1250044,station_wake,5,0.0,0.0,0.1,1,1,0,0,1,0,37,0.25,1,18,0.8624763488769531,0.7370133595591756,0.9468364715576172,0.635758888002775,4.462668299674988,26.25508740544319,0.50091391805588,2.7491296106829695,0.0,0.8,0.12031395899447368,0.14897258164060753,0.046479130536317824,0.07380514591932297,0.046479130536317824,0.28322814404964447,0.3793717920780182,41,0.08515422925433769,3.7190567860921604
station_wake_L5,Hard-switch stage-aware SAC,strict_hard_switch_v1,hard_switch_v1,3,45,9045,1250045,station_wake,5,0.0,0.0,0.1,1,1,0,0,1,0,58,0.25,1,39,0.3635840117931366,0.3436403671580146,0.2711057662963867,0.1455960352069592,2.3089979588985443,11.19878901168704,0.25919988688660267,1.0271071757793424,0.0,0.9,0.18892210144809835,0.2112799155655116,0.12757680267095567,0.1454889327287674,0.12757680267095567,0.18709450960159302,0.2450042963027954,62,0.07315370018628194,2.9734050344018685
station_wake_L5,Hard-switch stage-aware SAC,strict_hard_switch_v1,hard_switch_v1,3,46,9046,1250046,station_wake,5,0.0,0.0,0.1,1,1,0,0,1,0,49,0.25,1,33,0.19840538501739502,0.08495257946427573,1.5089607238769531,0.8041117063635976,5.912952423095703,27.433915734291077,0.4093315334447173,2.896858154623624,0.5067536124729312,0.0,0.1653155770206191,0.19083684236203494,0.013914526905864477,0.02213243395090103,0.013914526905864477,0.08519760333001614,0.11292004026472569,53,0.06107724314650676,0.5067536124729312
station_wake_L5,Hard-switch stage-aware SAC,strict_hard_switch_v1,hard_switch_v1,3,47,9047,1250047,station_wake,5,0.0,0.0,0.1,1,1,0,0,1,0,72,0.25,1,54,0.2627733051776886,0.2188636393641219,0.9671467542648315,0.4515619392509133,4.930114345625043,16.969012916088104,0.2508483171508132,1.5241490807274487,0.0,0.1,0.12529371362046154,0.146809354776203,0.005969430319964886,0.010147038847208023,0.005969430319964886,0.05002781003713608,0.08781373500823975,76,0.07670680860453427,2.491314487969913
station_wake_L5,Hard-switch stage-aware SAC,strict_hard_switch_v1,hard_switch_v1,3,48,9048,1250048,station_wake,5,0.0,0.0,0.1,1,1,0,0,1,0,60,0.25,1,34,0.1832425594329834,0.14354687047289225,0.3363962471485138,0.21276207257763113,1.9777726382017136,9.319179467856884,0.25537531416270615,1.1689984178516561,0.0,0.30000000000000004,0.12614750385001544,0.1420751265142042,0.02230890281498432,0.025569582358002663,0.02230890281498432,0.02924487739801407,0.04631422460079193,64,0.08648465234835122,0.10490741677284476
station_wake_L5,Hard-switch stage-aware SAC,strict_hard_switch_v1,hard_switch_v1,3,49,9049,1250049,station_wake,5,0.0,0.0,0.1,1,1,0,0,1,0,40,0.25,1,18,0.47936776280403137,0.25038336715163306,1.3757777214050293,1.0853825164527906,3.2888486981391907,16.239116489887238,0.2778286406353943,2.266286506944463,0.0,0.0,0.15711311197512043,0.17615902551622364,0.04144671633839607,0.04941968247294426,0.04144671633839607,0.0803084671497345,0.09708642959594727,44,0.07690286198144632,1.456873907156725
station_wake_L5,Hard-switch stage-aware SAC,strict_hard_switch_v1,hard_switch_v1,3,50,9050,1250050,station_wake,5,0.0,0.0,0.1,1,1,0,0,1,0,33,0.25,1,18,1.2802343368530273,1.1933988328987497,1.1747992038726807,0.784454242869879,3.8464993238449097,16.446945369243622,0.46870681970876976,2.727183960921551,0.970156227727203,0.55,0.1725285965203309,0.22698809479163598,0.07119029564782978,0.19429165124893188,0.07119029564782978,1.1491495613008738,1.9304698705673218,37,0.06588956418557042,0.970156227727203
station_wake_L5,Hard-switch stage-aware SAC,strict_hard_switch_v1,hard_switch_v1,3,51,9051,1250051,station_wake,5,0.0,0.0,0.1,1,1,0,0,1,0,58,0.25,1,40,0.48239147663116455,0.4125326421093913,1.1431407928466797,0.7900651922809849,4.262183606624603,19.299991726875305,0.32004376566888815,1.7128835108472849,0.4456608253591935,0.25,0.15948266519627533,0.1768317485510073,0.03778447918593884,0.04917784035205841,0.03778447918593884,0.13353551179170609,0.16172491014003754,62,0.07999743324820585,0.4456608253591935
station_wake_L5,Hard-switch stage-aware SAC,strict_hard_switch_v1,hard_switch_v1,3,52,9052,1250052,station_wake,5,0.0,0.0,0.1,1,1,0,0,1,0,60,0.25,1,41,0.08850172162055969,0.042658995388556935,0.5599848181009293,0.3361031653175517,6.505566313862801,25.649807453155518,0.5289963174147216,2.248871844147919,0.0,0.0,0.17819371950628654,0.21000433784284206,0.028750522807240487,0.04785408079624176,0.028750522807240487,0.16793507151305676,0.23122109472751617,64,0.08008900992571874,2.6762947937140757
station_wake_L5,Hard-switch stage-aware SAC,strict_hard_switch_v1,hard_switch_v1,3,53,9053,1250053,station_wake,5,0.0,0.0,0.1,1,1,0,0,1,0,57,0.25,1,41,0.6055311560630798,0.43436902948740497,1.1875367164611816,0.8701490836093327,4.239545278251171,17.914950102567673,0.2409800952246086,1.3278252457100996,0.39746949185524294,0.0,0.21720964268285498,0.27138626658983267,0.022897347435355188,0.02971769869327545,0.022897347435355188,0.12698261439800262,0.20629320293664932,61,0.05966192554235028,0.2629355225777662
station_wake_L5,Hard-switch stage-aware SAC,strict_hard_switch_v1,hard_switch_v1,3,54,9054,1250054,station_wake,5,0.0,0.0,0.1,1,1,0,0,1,0,49,0.25,1,33,0.13105662167072296,0.06694438797535088,0.5707992613315582,0.2933474048584891,5.2317823469638824,16.284328773617744,0.4420226713762439,1.9811743169656713,0.0,0.5,0.12030696419116049,0.17231651122986846,0.0933021992444992,0.11405205726623535,0.0933021992444992,0.1650559902191162,0.2962006628513336,53,0.07725317354977172,1.8618651715158707
station_wake_L5,Hard-switch stage-aware SAC,strict_hard_switch_v1,hard_switch_v1,3,55,9055,1250055,station_wake,5,0.0,0.0,0.1,1,1,0,0,1,0,74,0.25,1,49,0.24326381087303162,0.15898466349926868,0.7044932246208191,0.4337720403069758,3.5681290924549103,13.373813666403294,0.29872499849417294,2.033909647228208,0.19542115702502647,0.55,0.1495421689627443,0.16641158151135893,0.0065118235535919665,0.013495521619915962,0.0065118235535919665,0.11961844190955162,0.1750633493065834,78,0.07837473559566864,0.1625843422393158
station_wake_L5,Hard-switch stage-aware SAC,strict_hard_switch_v1,hard_switch_v1,3,56,9056,1250056,station_wake,5,0.0,0.0,0.1,1,1,0,0,1,0,59,0.25,1,43,0.3955543637275696,0.24613185008668367,1.227618157863617,0.8252419300175838,10.200110673904419,28.754565119743347,0.5134308329531821,3.101880484031695,0.0,0.35000000000000003,0.1522795065603156,0.15856571664566702,0.03752988204360008,0.04721285030245781,0.03752988204360008,0.21968233585357666,0.6530580669641495,63,0.07068022906216147,1.4674503483647838
station_wake_L5,Hard-switch stage-aware SAC,strict_hard_switch_v1,hard_switch_v1,3,57,9057,1250057,station_wake,5,0.0,0.0,0.1,1,1,0,0,1,0,37,0.25,1,22,1.0562279224395752,0.9593731992978368,1.5834462642669678,0.8981723747854745,4.30103063583374,24.633575081825256,0.3641763243144529,2.4703116064416664,0.0,0.75,0.17135645343154854,0.22343095298772894,0.19551486968994142,0.2362394779920578,0.19551486968994142,0.43942123651504517,0.5177274346351624,41,0.05650574365525582,2.233035580260935
station_wake_L5,Hard-switch stage-aware SAC,strict_hard_switch_v1,hard_switch_v1,3,58,9058,1250058,station_wake,5,0.0,0.0,0.1,1,1,0,0,1,0,53,0.25,1,39,0.29434770345687866,0.2871713057706976,0.3468054533004761,0.14670798323857992,2.4910350143909454,10.422830283641815,0.2509599712577984,1.5314799432292594,0.0,0.7000000000000001,0.1344601138105332,0.18040857923097625,0.168392051756382,0.21841512620449066,0.168392051756382,0.5112826526165009,0.5456399917602539,57,0.06323637178543089,2.6945100544568534
station_wake_L5,Hard-switch stage-aware SAC,strict_hard_switch_v1,hard_switch_v1,3,59,9059,1250059,station_wake,5,0.0,0.0,0.1,1,1,0,0,1,0,27,0.25,1,14,0.06136733293533325,0.03314508379897178,0.4536336660385132,0.2787603066477382,3.1692125648260117,16.18487998843193,0.4730342297189738,2.7697070276709828,0.0,0.55,0.1533435942141339,0.21980334407257732,0.12390529215335847,0.16362199187278748,0.12390529215335847,0.3841603696346283,0.4890903830528259,31,0.06104715376645265,2.617644386197999
station_wake_L5,Hard-switch stage-aware SAC,strict_hard_switch_v1,hard_switch_v1,3,60,9060,1250060,station_wake,5,0.0,0.0,0.1,1,1,0,0,1,0,63,0.25,1,37,0.6049695014953613,0.30684587069016245,2.014857530593872,1.42316408114527,2.293221950531006,9.7628453373909,0.15275813825968837,0.9883557926432547,0.0,0.4,0.11495356497104883,0.12976740569213335,0.015031125023961067,0.01712004281580448,0.015031125023961067,0.021429777145385742,0.02669256180524826,67,0.08633904821749054,2.5304834884258205
station_wake_L5,Hard-switch stage-aware SAC,strict_hard_switch_v1,hard_switch_v1,3,61,9061,1250061,station_wake,5,0.0,0.0,0.1,1,1,0,0,1,0,60,0.25,1,46,1.0040996074676514,0.7422065142205182,1.3622641563415527,1.1103783029636625,5.958093926310539,23.809600323438644,0.31726434879424514,1.8638371229426873,2.7310537009505373,0.15000000000000002,0.11581346078344772,0.15192553779084977,0.01500912606716156,0.031227700412273407,0.01500912606716156,0.19106727465987206,0.2523968555033207,64,0.060918826007909446,2.700913143360329
station_wake_L5,Hard-switch stage-aware SAC,strict_hard_switch_v1,hard_switch_v1,3,62,9062,1250062,station_wake,5,0.0,0.0,0.1,1,1,0,0,1,0,44,0.25,1,27,0.9995942711830139,0.5870645721401327,2.2892749309539795,1.8100563709000912,5.895796418190002,17.328997254371643,0.5220606950494889,2.62408716322768,2.1094245242093366,0.0,0.1430696695504446,0.17101270293893175,0.014952325075864793,0.017351746559143066,0.014952325075864793,0.028634686022996902,0.05711942911148071,48,0.07242982720854729,2.1094245242093366
station_wake_L5,Hard-switch stage-aware SAC,strict_hard_switch_v1,hard_switch_v1,3,63,9063,1250063,station_wake,5,0.0,0.0,0.1,1,1,0,0,1,0,60,0.25,1,29,0.1558121293783188,0.07929007023987093,0.5772495269775391,0.3865899605609588,3.553676404990256,9.598854281939566,0.5996766715070629,2.695249953045897,3.4969187571592473,0.05,0.10238243957006207,0.1093438227002847,0.03560645282268524,0.03852558881044388,0.03560645282268524,0.02967509627342224,0.04644624888896942,64,0.08948323324340232,2.1010622382311257
station_wake_L5,Hard-switch stage-aware SAC,strict_hard_switch_v1,hard_switch_v1,3,64,9064,1250064,station_wake,5,0.0,0.0,0.1,1,1,0,0,1,0,60,0.25,1,42,0.1775071918964386,0.13886108077841305,0.7252950966358185,0.38253141331809387,3.5432006418704987,17.914292961359024,0.24727935688943714,1.357538043763676,1.4616824670541197,0.0,0.22008394999307787,0.26434584440385833,0.01245821826159954,0.02391013503074646,0.01245821826159954,0.18553180247545242,0.36569930613040924,64,0.0630475596891088,1.2952289427119106
station_wake_L5,Hard-switch stage-aware SAC,strict_hard_switch_v1,hard_switch_v1,3,65,9065,1250065,station_wake,5,0.0,0.0,0.1,1,1,0,0,1,0,48,0.25,1,25,0.5191365480422974,0.47649869244515386,0.5590033531188965,0.33901227021445973,3.3990421891212463,15.192265063524246,0.42583911476791925,2.2765378796007494,0.0,1.1,0.12968604883677506,0.15046692168994819,0.11205191165208817,0.13378898799419403,0.11205191165208817,0.22229960560798645,0.2663618326187134,52,0.08962825848474026,3.192549092600789
station_wake_L5,Hard-switch stage-aware SAC,strict_hard_switch_v1,hard_switch_v1,3,66,9066,1250066,station_wake,5,0.0,0.0,0.1,1,1,0,0,1,0,43,0.25,1,21,1.0665197372436523,0.6547076002305514,2.219167947769165,1.9149584966743831,10.62381625175476,30.600502490997314,0.6126564493012879,2.690009371490074,0.0,0.0,0.12409638533863618,0.14003911189094523,0.007723132893443107,0.013114280998706818,0.007723132893443107,0.06456706672906876,0.08631580509245396,47,0.09078219415535912,1.531051895977179
station_wake_L5,Hard-switch stage-aware SAC,strict_hard_switch_v1,hard_switch_v1,3,67,9067,1250067,station_wake,5,0.0,0.0,0.1,1,1,0,0,1,0,74,0.25,1,56,0.190842866897583,0.12086870576243415,0.6540609896183014,0.34720699636456825,2.764946222305298,11.755904108285904,0.22941404869300314,1.3964674521738198,3.233881128589475,0.0,0.19762234807231338,0.21920025402574259,0.042815225571393965,0.048790089786052704,0.042815225571393965,0.07647004723548889,0.10268792510032654,78,0.07608173197302975,2.4289540070740503
station_wake_L5,Hard-switch stage-aware SAC,strict_hard_switch_v1,hard_switch_v1,3,68,9068,1250068,station_wake,5,0.0,0.0,0.1,1,1,0,0,1,0,58,0.25,1,42,0.21273721754550934,0.15382777336952375,0.4752272367477417,0.36373442474692336,5.316756218671799,18.05289775133133,0.38448532558871523,2.1166330682005556,0.0,0.05,0.1732524530048008,0.21086264730807033,0.021318246982991694,0.034985922276973724,0.021318246982991694,0.13116028159856796,0.20827976986765862,62,0.062388346381428234,0.4993423769757913
station_wake_L5,Hard-switch stage-aware SAC,strict_hard_switch_v1,hard_switch_v1,3,69,9069,1250069,station_wake,5,0.0,0.0,0.1,1,1,0,0,1,0,54,0.25,1,29,0.5653355717658997,0.3733986758410154,1.199357509613037,0.8750945104187219,3.007282018661499,13.351447805762291,0.5329651264628255,2.050372769352112,2.7149500358783514,0.0,0.14048440311321359,0.15267160424757112,0.01300615407526493,0.014455449767410755,0.01300615407526493,0.027504777535796165,0.0678801629692316,58,0.08425100073127012,2.4973192914674116
station_wake_L5,Hard-switch stage-aware SAC,strict_hard_switch_v1,hard_switch_v1,3,70,9070,1250070,station_wake,5,0.0,0.0,0.1,1,1,0,0,1,0,43,0.25,1,22,0.19298048317432404,0.12376099512463705,0.6677907705307007,0.4345593436035154,4.678762704133987,18.584341946989298,0.6278078764938881,3.0493453756051574,0.499395791189535,0.15000000000000002,0.11823449356405377,0.13548651604851797,0.027564892172813417,0.034935977309942245,0.027564892172813417,0.07988210767507553,0.09600691497325897,47,0.08942113131947053,0.499395791189535
station_wake_L5,Hard-switch stage-aware SAC,strict_hard_switch_v1,hard_switch_v1,3,71,9071,1250071,station_wake,5,0.0,0.0,0.1,1,1,0,0,1,0,37,0.25,1,19,0.4693656265735626,0.23020735941900872,1.5705913305282593,1.1184589887213414,2.546038031578064,14.3448406457901,0.40758684907372544,2.419953129282372,0.0,0.0,0.15019707377220076,0.18419896974484523,0.06113060563802719,0.06678298115730286,0.06113060563802719,0.15562915802001953,0.32849743962287903,41,0.07420831589420047,0.48230537722569367
station_wake_L5,Hard-switch stage-aware SAC,strict_hard_switch_v1,hard_switch_v1,3,72,9072,1250072,station_wake,5,0.0,0.0,0.1,1,1,0,0,1,0,51,0.25,1,28,0.548149049282074,0.31299539895979267,1.4638465642929077,0.9719397931881338,3.179049491882324,21.243973970413208,0.4787203401643052,2.618081885289954,0.0,0.5,0.1539723056943124,0.17291643101228038,0.005199311627075076,0.010360285639762878,0.005199311627075076,0.09558058343827724,0.129644013941288,55,0.0816574251812688,0.1878130600013595
station_wake_L5,Hard-switch stage-aware SAC,strict_hard_switch_v1,hard_switch_v1,3,73,9073,1250073,station_wake,5,0.0,0.0,0.1,1,1,0,0,1,0,45,0.25,1,23,0.2855073809623718,0.16647569315967137,0.7819965481758118,0.5830049558912642,5.039176046848297,20.020617842674255,0.4394188969367442,2.744977955677853,0.934944788286789,0.25,0.11648119120855653,0.12795641649407047,0.0009108459344133735,0.0011417593341320753,0.0009108459344133735,0.023001112509518862,0.04276590887457132,49,0.08896927893671683,0.9187786910167208
station_wake_L5,Hard-switch stage-aware SAC,strict_hard_switch_v1,hard_switch_v1,3,74,9074,1250074,station_wake,5,0.0,0.0,0.1,1,1,0,0,1,0,51,0.25,1,38,0.18217772245407104,0.1128999322595268,1.2619207799434662,0.8004042142681455,6.087980270385742,30.782186090946198,0.4735470366461492,3.050529696374275,0.0,0.0,0.17644869045518222,0.23212539299559096,0.04117648079991341,0.07144390046596527,0.04117648079991341,0.6011311709880829,0.7290630787611008,55,0.06753960123496269,3.3408032577343816
station_wake_L5,Hard-switch stage-aware SAC,strict_hard_switch_v1,hard_switch_v1,3,75,9075,1250075,station_wake,5,0.0,0.0,0.1,1,1,0,0,1,0,63,0.25,1,47,0.6005473732948303,0.5131966545528206,0.8870434761047363,0.5049781968469261,9.75266546010971,32.24284626543522,0.5631491484281843,2.497997489413069,1.890121450668802,0.4,0.166291533363751,0.20386934179404098,0.096596360206604,0.1326039433479309,0.096596360206604,0.3624342083930969,0.40196388959884644,67,0.05806346108661661,1.890121450668802
station_wake_L5,Hard-switch stage-aware SAC,strict_hard_switch_v1,hard_switch_v1,3,76,9076,1250076,station_wake,5,0.0,0.0,0.1,1,1,0,0,1,0,58,0.25,1,39,0.12938882410526276,0.0855323863466572,1.068153977394104,0.8739791644293471,5.637407600879669,28.9145690202713,0.33891884199132144,2.2075107240520784,3.3177821051368537,0.0,0.1773287401907824,0.20105903520709667,0.05427425056695938,0.05927027389407158,0.05427425056695938,0.1290835291147232,0.30088379979133606,62,0.0641893814690952,2.4290169728804614
station_wake_L5,Hard-switch stage-aware SAC,strict_hard_switch_v1,hard_switch_v1,3,77,9077,1250077,station_wake,5,0.0,0.0,0.1,1,1,0,0,1,0,69,0.25,1,50,0.20284029841423035,0.1211204208311585,0.9250804781913757,0.6852285605085227,1.1665862798690796,7.076824605464935,0.2199153487099181,1.2045861404944862,0.0,0.25,0.1368054488542189,0.15933915305608673,0.004818475153297186,0.007302089128643274,0.004818475153297186,0.0724470829591155,0.1093114074319601,73,0.07085197214992986,0.40329959192037773
station_wake_L5,Hard-switch stage-aware SAC,strict_hard_switch_v1,hard_switch_v1,3,78,9078,1250078,station_wake,5,0.0,0.0,0.1,1,1,0,0,1,0,78,0.25,1,59,0.29830098152160645,0.2792746914404619,0.6568050384521484,0.37599136341269085,3.61078180372715,18.47165882587433,0.2558401334842942,1.3840534644109126,0.0,0.45,0.21264885588055066,0.2450792833142247,0.01900489069521427,0.019917411729693413,0.01900489069521427,0.02979929745197296,0.07546652108430862,82,0.07115274721836147,2.502543745852237
station_wake_L5,Hard-switch stage-aware SAC,strict_hard_switch_v1,hard_switch_v1,3,79,9079,1250079,station_wake,5,0.0,0.0,0.1,1,1,0,0,1,0,39,0.25,1,23,1.2029064893722534,0.9492960042726114,1.6400492191314697,1.3055936718931869,10.99704921245575,25.91351807117462,0.5756636065657584,3.2390680655600135,0.0,0.6000000000000001,0.14344406824840705,0.169478323871948,0.11814412623643875,0.1503886580467224,0.11814412623643875,0.3363927900791168,0.39507895708084106,43,0.07427018922267423,1.3337487550315497
station_wake_L5,Hard-switch stage-aware SAC,strict_hard_switch_v1,hard_switch_v1,3,80,9080,1250080,station_wake,5,0.0,0.0,0.1,1,1,0,0,1,0,30,0.25,1,14,0.4656377136707306,0.31874355266526716,0.9572982788085938,0.7037127365231988,7.735797464847565,20.859066545963287,0.6686005911769525,3.780907574513025,0.6867645820699395,0.0,0.15800680047038945,0.18899345420592767,0.08188169077038765,0.11584054678678513,0.08188169077038765,0.25833676755428314,0.44884011149406433,34,0.06619820666200694,0.6867645820699395
station_wake_L5,Hard-switch stage-aware SAC,strict_hard_switch_v1,hard_switch_v1,3,81,9081,1250081,station_wake,5,0.0,0.0,0.1,1,1,0,0,1,0,51,0.25,1,36,0.7047229409217834,0.4849314274735396,1.1805146932601929,0.9531458371526131,6.665800213813782,17.580615878105164,0.41318485077581796,2.019516062727306,0.66099203717566,0.1,0.1274384941750319,0.16304190486894335,0.04375285506248474,0.05622848868370056,0.04375285506248474,0.20892687141895294,0.3465241938829422,55,0.06226758657992838,0.66099203717566
station_wake_L5,Hard-switch stage-aware SAC,strict_hard_switch_v1,hard_switch_v1,3,82,9082,1250082,station_wake,5,0.0,0.0,0.1,1,1,0,0,1,0,47,0.25,1,30,0.20479163527488708,0.16198666949636736,1.6659946739673615,0.9319085885439583,6.33688360452652,32.87072956562042,0.4831505176257744,3.4300692759956277,0.0,0.0,0.1425753525550661,0.17682609643471386,0.030815759673714638,0.035690631717443466,0.030815759673714638,0.06466183811426163,0.12535318732261658,51,0.06784874125360765,1.2385423213039188
station_wake_L5,Hard-switch stage-aware SAC,strict_hard_switch_v1,hard_switch_v1,3,83,9083,1250083,station_wake,5,0.0,0.0,0.1,1,1,0,0,1,0,44,0.25,1,28,0.7169216275215149,0.5264826767802245,1.3752949237823486,0.8026169758934019,2.4357029795646667,13.436603546142578,0.4068455834531833,2.3341064821931443,1.8104697055588175,0.55,0.09462895280920272,0.12311032003133131,0.1285638302564621,0.2212090641260147,0.1285638302564621,0.9037634432315826,1.105874478816986,48,0.07181838964164801,1.8104697055588175
station_wake_L5,Hard-switch stage-aware SAC,strict_hard_switch_v1,hard_switch_v1,3,84,9084,1250084,station_wake,5,0.0,0.0,0.1,1,1,0,0,1,0,45,0.25,1,21,0.3827829957008362,0.234787064326884,1.5792030096054077,1.2899175622326815,3.1844288110733032,12.11784839630127,0.44883238071461123,2.516602485138298,0.0,1.0,0.12877063295105792,0.14373062371792356,0.06007558032870293,0.06472083926200867,0.06007558032870293,0.042784079909324646,0.05239561200141907,49,0.08814873516338083,3.430913730010948
station_wake_L5,Hard-switch stage-aware SAC,strict_hard_switch_v1,hard_switch_v1,3,85,9085,1250085,station_wake,5,0.0,0.0,0.1,1,1,0,0,1,0,61,0.25,1,43,0.290990948677063,0.24938367333019604,0.4988902807235718,0.3035346044246681,3.1430453807115555,12.539940476417542,0.3423965902292143,1.863313207576376,0.998059578199115,0.1,0.12765676066487017,0.13903140163640748,0.02172301597893238,0.0380132794380188,0.02172301597893238,0.13206247985363007,0.1824568212032318,65,0.07685211233253132,0.4579711741210836
station_wake_L5,Hard-switch stage-aware SAC,strict_hard_switch_v1,hard_switch_v1,3,86,9086,1250086,station_wake,5,0.0,0.0,0.1,1,1,0,0,1,0,31,0.25,1,11,1.1972736120224,0.9270727057721571,1.5761178731918335,1.2968972150014475,0.7691121101379395,1.342768669128418,0.4008171084082702,1.6803233492401641,0.0,0.8500000000000001,0.11208226370178868,0.13527117871811056,0.1310350000858307,0.17228659987449646,0.1310350000858307,0.4362664520740509,0.6091111898422241,35,0.06555984943990564,1.6240642381556492
station_wake_L5,Hard-switch stage-aware SAC,strict_hard_switch_v1,hard_switch_v1,3,87,9087,1250087,station_wake,5,0.0,0.0,0.1,1,1,0,0,1,0,59,0.25,1,36,0.49499547481536865,0.29381219912693457,1.457531899213791,1.1827624840107054,1.8085658550262451,6.178025007247925,0.2833843256584562,1.3982291485314036,0.0,1.1500000000000001,0.14117911662292132,0.15788267094167419,0.13828690201044083,0.1658705621957779,0.13828690201044083,0.2857368588447571,0.3090566396713257,63,0.08677889956747438,3.373564473531759
station_wake_L5,Hard-switch stage-aware SAC,strict_hard_switch_v1,hard_switch_v1,3,88,9088,1250088,station_wake,5,0.0,0.0,0.1,1,1,0,0,1,0,49,0.25,1,34,0.28390052914619446,0.1783281900434695,0.7621324062347412,0.40727665591768314,3.044801503419876,10.700153708457947,0.26173520332113115,1.770092222618496,0.0,0.5,0.1391143791375598,0.17132331431001657,0.12322483658790588,0.16787977516651154,0.12322483658790588,0.4709368944168091,0.7046407461166382,53,0.06093554027989725,0.12316050369021543
station_wake_L5,Hard-switch stage-aware SAC,strict_hard_switch_v1,hard_switch_v1,3,89,9089,1250089,station_wake,5,0.0,0.0,0.1,1,1,0,0,1,0,53,0.25,1,37,0.22979970276355743,0.18315126846027702,1.6283413767814636,0.8042804102716047,4.353708028793335,16.353099942207336,0.5398304673284249,2.8874284252713105,0.0,0.4,0.14032455021595697,0.15716220005018763,0.06362846419215203,0.07101152837276459,0.06362846419215203,0.09119732677936554,0.1591794192790985,57,0.08240190097637226,0.6284944773524154
station_wake_L5,Hard-switch stage-aware SAC,strict_hard_switch_v1,hard_switch_v1,3,90,9090,1250090,station_wake,5,0.0,0.0,0.1,1,1,0,0,1,0,34,0.25,0,-1,nan,nan,nan,nan,nan,nan,nan,nan,0.0,nan,0.06712563087711099,0.06938190824623842,0.18173282444477082,0.22235311567783356,0.18173282444477082,0.40139633417129517,0.4197967052459717,38,0.06150310789779918,2.52786411087912
station_wake_L5,Hard-switch stage-aware SAC,strict_hard_switch_v1,hard_switch_v1,3,91,9091,1250091,station_wake,5,0.0,0.0,0.1,1,1,0,0,1,0,58,0.25,1,42,0.38734856247901917,0.33894743702433383,0.4505729675292969,0.2904022547985161,3.448430821299553,10.534858256578445,0.2556323172279062,1.8074108608180324,0.2742352434663325,0.5,0.13671877158205764,0.1684695565715543,0.10161105245351791,0.13976415991783142,0.10161105245351791,0.3877442181110382,0.502038300037384,62,0.06960093731381575,0.2742352434663325
station_wake_L5,Hard-switch stage-aware SAC,strict_hard_switch_v1,hard_switch_v1,3,92,9092,1250092,station_wake,5,0.0,0.0,0.1,1,1,0,0,1,0,62,0.25,1,42,0.36451640725135803,0.26781665279259376,0.9834033250808716,0.7984159733457239,7.993454411625862,20.979549884796143,0.4062567129422274,1.9729602182698567,0.0,1.0,0.11942071943614638,0.13269578153928202,0.08116755187511444,0.0909631997346878,0.08116755187511444,0.09606960415840149,0.10503426194190979,66,0.07136004957525324,4.019662802974531
station_wake_L5,Hard-switch stage-aware SAC,strict_hard_switch_v1,hard_switch_v1,3,93,9093,1250093,station_wake,5,0.0,0.0,0.1,1,1,0,0,1,0,69,0.25,1,50,0.40390947461128235,0.3631747918056836,1.1781427264213562,0.5440752625437971,4.9540891498327255,20.831324756145477,0.2555927403274966,1.405715581705529,0.0,0.65,0.22359522648662228,0.2564751176233084,0.10280031561851502,0.14526191353797913,0.10280031561851502,0.41125035285949707,0.42770981788635254,73,0.05725073284252765,1.4209921486822976
station_wake_L5,Hard-switch stage-aware SAC,strict_hard_switch_v1,hard_switch_v1,3,94,9094,1250094,station_wake,5,0.0,0.0,0.1,1,1,0,0,1,0,55,0.25,1,42,0.4244438111782074,0.3997808798556082,0.7551729679107666,0.364398784827436,2.24720299243927,13.123780488967896,0.4214788116385656,1.7742175026497575,0.0,0.65,0.17317467050514349,0.2267506444671074,0.21247223317623137,0.2262587547302246,0.21247223317623137,0.15902864933013916,0.35671353340148926,59,0.05251037446453999,2.221923502811559
station_wake_L5,Hard-switch stage-aware SAC,strict_hard_switch_v1,hard_switch_v1,3,95,9095,1250095,station_wake,5,0.0,0.0,0.1,1,1,0,0,1,0,59,0.25,1,43,0.5007557272911072,0.42075076090763563,1.069791316986084,0.8203676898639143,5.049108490347862,23.495798110961914,0.29365297032895293,1.8639966491720548,0.0,0.25,0.18137870740840256,0.20804519880020728,0.010905333049595355,0.014277024194598198,0.010905333049595355,0.05654828995466232,0.06982525810599327,63,0.057020580258220835,1.3530056196227542
station_wake_L5,Hard-switch stage-aware SAC,strict_hard_switch_v1,hard_switch_v1,3,96,9096,1250096,station_wake,5,0.0,0.0,0.1,1,1,0,0,1,0,47,0.25,1,31,0.2442939430475235,0.14992290244441694,0.7355679571628571,0.5214151233402734,2.0491695404052734,10.37935733795166,0.49562462390565604,2.2025231417490847,0.0,0.5,0.11821476437906395,0.154606451628828,0.06113262325525284,0.0673859491944313,0.06113262325525284,0.06970831751823425,0.12326538562774658,51,0.06603359278658842,1.9250337491679106
station_wake_L5,Hard-switch stage-aware SAC,strict_hard_switch_v1,hard_switch_v1,3,97,9097,1250097,station_wake,5,0.0,0.0,0.1,1,1,0,0,1,0,60,0.25,1,36,0.32132163643836975,0.23753898673832652,0.9654565900564194,0.6461745449216186,2.117488905787468,11.944349706172943,0.257399420054391,1.5794462358344834,0.0,1.0,0.09890512511658081,0.10651213987068407,0.06988141313195229,0.08864128589630127,0.06988141313195229,0.18947584927082062,0.2522459626197815,64,0.09019967289389878,2.8035030115807436
station_wake_L5,Hard-switch stage-aware SAC,strict_hard_switch_v1,hard_switch_v1,3,98,9098,1250098,station_wake,5,0.0,0.0,0.1,1,1,0,0,1,0,83,0.25,1,62,0.3362932503223419,0.3100052256417381,0.7234090566635132,0.2851637695379103,3.522261679172516,12.928860448300838,0.3252084273772503,1.8709632515865244,1.5046627130668944,0.05,0.1686875540747357,0.18915039137427234,0.017502483911812305,0.019692260771989822,0.017502483911812305,0.027588579803705215,0.05119970068335533,87,0.07286673933122154,1.5046627130668944
station_wake_L5,Hard-switch stage-aware SAC,strict_hard_switch_v1,hard_switch_v1,3,99,9099,1250099,station_wake,5,0.0,0.0,0.1,1,1,0,0,1,0,52,0.25,1,21,1.0056058168411255,0.7036898039970522,1.7577934265136719,1.3851315753922173,8.14381554722786,30.548810958862305,0.5709324898541497,4.0703296583431925,0.0,0.25,0.11396131254598492,0.12055675072383765,0.0013936908449977635,0.002961246995255351,0.0013936908449977635,0.024462199304252863,0.03219400066882372,56,0.08741957734965812,3.2044822868544474
station_wake_L5,Hard-switch stage-aware SAC,strict_hard_switch_v1,hard_switch_v1,4,0,9000,1250000,station_wake,5,0.0,0.0,0.1,1,1,0,0,1,0,50,0.25,1,34,0.1358790099620819,0.09548586707306912,0.804012268781662,0.4528514684128082,4.335857927799225,17.978707253932953,0.46432835106498177,2.1518033544360646,0.5669132249913159,0.0,0.10825923665893285,0.14672572918997245,0.05106776654720306,0.05682572349905968,0.05106776654720306,0.10967907309532166,0.2736276388168335,54,0.06886877097100785,0.5669132249913159
station_wake_L5,Hard-switch stage-aware SAC,strict_hard_switch_v1,hard_switch_v1,4,1,9001,1250001,station_wake,5,0.0,0.0,0.1,1,1,0,0,1,0,49,0.25,1,29,1.1821720600128174,0.7620177901569575,2.301487922668457,1.8464109952817138,15.11501669883728,37.401100397109985,0.7785478417867191,3.1448272758443077,3.064319334566381,0.0,0.148786291292785,0.16458156533439694,0.04180659279227257,0.04454095661640167,0.04180659279227257,0.052342936396598816,0.10425351560115814,53,0.07596959712779174,1.8375253655217072
station_wake_L5,Hard-switch stage-aware SAC,strict_hard_switch_v1,hard_switch_v1,4,2,9002,1250002,station_wake,5,0.0,0.0,0.1,1,1,0,0,1,0,39,0.25,1,27,0.42493581771850586,0.33276722241804396,0.6807911396026611,0.40136559837865116,1.659761406481266,8.251410301309079,0.23013157174663723,1.5250539300163442,1.5834893926694826,0.15000000000000002,0.2932756922265276,0.4173377978554226,0.10137153565883636,0.12236626446247101,0.10137153565883636,0.28297314047813416,0.7241913676261902,43,0.03128316048588991,1.5834893926694826
station_wake_L5,Hard-switch stage-aware SAC,strict_hard_switch_v1,hard_switch_v1,4,3,9003,1250003,station_wake,5,0.0,0.0,0.1,1,1,0,0,1,0,53,0.25,1,41,0.3620236814022064,0.2809524163672166,0.6608211994171143,0.4594371824570024,3.142111748456955,9.893191084265709,0.37604214979452777,1.2611207843370411,0.0,0.2,0.2094998841225732,0.319238350812802,0.023987537436187267,0.03726230561733246,0.023987537436187267,0.24395552277565002,0.4659804701805115,57,0.05328085197588294,1.888271750064198
station_wake_L5,Hard-switch stage-aware SAC,strict_hard_switch_v1,hard_switch_v1,4,4,9004,1250004,station_wake,5,0.0,0.0,0.1,1,1,0,0,1,0,59,0.25,1,42,0.5475671887397766,0.4338428363069205,0.6206756830215454,0.47664286204242085,2.1897420287132263,9.44578155875206,0.18409923498276992,1.1233039822253679,0.5767482705093112,0.35000000000000003,0.1835531745638989,0.22176626475261396,0.08352775201201439,0.10892226547002792,0.08352775201201439,0.2618246227502823,0.30185766518116,63,0.06736389066275592,0.5767482705093112
station_wake_L5,Hard-switch stage-aware SAC,strict_hard_switch_v1,hard_switch_v1,4,5,9005,1250005,station_wake,5,0.0,0.0,0.1,1,1,0,0,1,0,66,0.25,1,43,0.2438649833202362,0.1749540759095488,0.49041271209716797,0.3347157609355849,2.8214266896247864,9.007993899285793,0.3079415269971587,1.3990108454623353,0.20120790139718753,0.15000000000000002,0.14603473550026042,0.15706295108981422,0.013209865987300872,0.015597925521433353,0.013209865987300872,0.023443125188350677,0.04333632066845894,70,0.08305861153681499,0.20120790139718753
station_wake_L5,Hard-switch stage-aware SAC,strict_hard_switch_v1,hard_switch_v1,4,6,9006,1250006,station_wake,5,0.0,0.0,0.1,1,1,0,0,1,0,34,0.25,0,-1,nan,nan,nan,nan,nan,nan,nan,nan,0.0,nan,0.10900289179220031,0.1227552493252168,0.0010009899851866066,0.001616655383259058,0.0010009899851866066,0.021457690512761474,0.03254756098613143,38,0.08231027647798173,3.7264308290748356
station_wake_L5,Hard-switch stage-aware SAC,strict_hard_switch_v1,hard_switch_v1,4,7,9007,1250007,station_wake,5,0.0,0.0,0.1,1,1,0,0,1,0,64,0.25,1,44,0.3071804940700531,0.2081978953413342,1.2703287601470947,0.8735452595264059,5.794955193996429,27.521967887878418,0.29928383538707576,1.7664835511411137,0.4706950694928769,0.0,0.116413218944279,0.13323091290738587,0.003404524479992688,0.008199010975658894,0.003404524479992688,0.04882821813225746,0.06121812853962183,68,0.08843560514517163,0.46709587996539753
station_wake_L5,Hard-switch stage-aware SAC,strict_hard_switch_v1,hard_switch_v1,4,8,9008,1250008,station_wake,5,0.0,0.0,0.1,1,1,0,0,1,0,36,0.25,1,24,0.08098634332418442,0.05498726640429321,0.8927284926176071,0.44642096203690745,4.0140533447265625,14.871612191200256,0.6838205288924446,2.5570515229005086,0.0,0.0,0.20038628922567395,0.2987018059181317,0.06783281937241555,0.07658680528402328,0.06783281937241555,0.12091265618801117,0.2296161651611328,40,0.042179538019426324,2.081274112988541
station_wake_L5,Hard-switch stage-aware SAC,strict_hard_switch_v1,hard_switch_v1,4,9,9009,1250009,station_wake,5,0.0,0.0,0.1,1,1,0,0,1,0,42,0.25,1,24,0.2034914791584015,0.13822294383467976,1.1240031570196152,0.8535226881154897,2.2637999057769775,11.969998478889465,0.37622872100197785,1.9763113805831878,1.5959563021737542,0.45,0.20388643888967478,0.23891399294907278,0.07443876340985298,0.10150696337223053,0.07443876340985298,0.29655832052230835,0.44476568698883057,46,0.0668040289620167,1.5959563021737542
station_wake_L5,Hard-switch stage-aware SAC,strict_hard_switch_v1,hard_switch_v1,4,10,9010,1250010,station_wake,5,0.0,0.0,0.1,1,1,0,0,1,0,32,0.25,0,-1,nan,nan,nan,nan,nan,nan,nan,nan,0.0,nan,0.04050152022968837,0.046563151426738544,0.11894929111003875,0.14633947610855103,0.11894929111003875,0.2811107337474823,0.4044342041015625,36,0.015464253230639524,3.660131890348814
station_wake_L5,Hard-switch stage-aware SAC,strict_hard_switch_v1,hard_switch_v1,4,11,9011,1250011,station_wake,5,0.0,0.0,0.1,1,1,0,0,1,0,49,0.25,1,32,0.6583836674690247,0.347966987497269,1.9738197326660156,1.4121523863043681,2.722485661506653,13.99889051914215,0.3021948061140711,2.109090653202412,0.0,0.05,0.14906999298761864,0.17006327690079243,0.05065334290266037,0.06182536482810974,0.05065334290266037,0.10870443284511566,0.1622810959815979,53,0.0821235548951065,0.7008493926338578
station_wake_L5,Hard-switch stage-aware SAC,strict_hard_switch_v1,hard_switch_v1,4,12,9012,1250012,station_wake,5,0.0,0.0,0.1,1,1,0,0,1,0,57,0.25,1,41,0.266675740480423,0.20908657481649456,1.421833485364914,0.8430740912814,2.7825456857681274,15.089490413665771,0.40795764247550476,1.9369585324546752,0.0,0.15000000000000002,0.1225473035345569,0.15313443388325493,0.04374351650476456,0.05748952552676201,0.04374351650476456,0.18283981084823608,0.2320249378681183,61,0.07648497609076957,0.05992351742476972
station_wake_L5,Hard-switch stage-aware SAC,strict_hard_switch_v1,hard_switch_v1,4,13,9013,1250013,station_wake,5,0.0,0.0,0.1,1,1,0,0,1,0,61,0.25,1,44,0.1767633855342865,0.10510279518584327,1.061963140964508,0.7586820086071271,3.819279968738556,12.778090834617615,0.40271284833226856,1.8381183282253932,0.0,0.0,0.15403396153698315,0.18348941373360372,0.014739646576344967,0.023550868034362793,0.014739646576344967,0.1295284926891327,0.2602545730769634,65,0.0730334902416713,0.6971749109429497
station_wake_L5,Hard-switch stage-aware SAC,strict_hard_switch_v1,hard_switch_v1,4,14,9014,1250014,station_wake,5,0.0,0.0,0.1,1,1,0,0,1,0,56,0.25,1,35,0.5337660312652588,0.38431274618130107,1.0344764590263367,0.7266086428403362,3.696599304676056,11.327812522649765,0.22700274997878447,1.831526344012697,2.0489700929787307,0.0,0.1418142099187552,0.15658646434554874,0.013708838634192944,0.02182643488049507,0.013708838634192944,0.08704675361514091,0.12012239545583725,60,0.08559441004065262,2.0489700929787307
station_wake_L5,Hard-switch stage-aware SAC,strict_hard_switch_v1,hard_switch_v1,4,15,9015,1250015,station_wake,5,0.0,0.0,0.1,1,1,0,0,1,0,52,0.25,1,36,0.3743416666984558,0.16908302089635693,1.7028433084487915,1.024540493972713,2.9330673813819885,15.587408915162086,0.2263006370876151,1.4570510017228842,0.0,0.0,0.13473314917719462,0.1654871736355042,0.022154996544122695,0.032786812633275986,0.022154996544122695,0.2646898627281189,0.45134570449590683,56,0.0851497229589296,1.1970221349479402
station_wake_L5,Hard-switch stage-aware SAC,strict_hard_switch_v1,hard_switch_v1,4,16,9016,1250016,station_wake,5,0.0,0.0,0.1,1,1,0,0,1,0,39,0.25,1,17,1.1903377771377563,1.0922197507983697,1.1893069744110107,0.8301471938996787,7.193410471081734,19.02535207569599,0.3689707328048145,2.5001953235278567,0.0,1.1,0.15287698909287237,0.1685460447758717,0.18735776841640472,0.22785277664661407,0.18735776841640472,0.40852415561676025,0.5369743704795837,43,0.06985570888897764,2.869581890149443
station_wake_L5,Hard-switch stage-aware SAC,strict_hard_switch_v1,hard_switch_v1,4,17,9017,1250017,station_wake,5,0.0,0.0,0.1,1,1,0,0,1,0,56,0.25,1,33,0.08280912786722183,0.0588835702775365,1.1344913393259048,0.48734242654969456,2.9145342111587524,16.763934195041656,0.27176918850994375,1.6849656784009124,0.0,0.0,0.1179492771918842,0.13261300751145452,0.006156405247747898,0.01152433268725872,0.006156405247747898,0.06978247873485088,0.09667856618762016,60,0.09146401326638906,1.4900400251058374
station_wake_L5,Hard-switch stage-aware SAC,strict_hard_switch_v1,hard_switch_v1,4,18,9018,1250018,station_wake,5,0.0,0.0,0.1,1,1,0,0,1,0,68,0.25,1,32,0.12779033184051514,0.05622524602766704,0.6282471120357513,0.34589087548868586,3.1552734971046448,12.33624592423439,0.31890949420006875,2.136110590373579,0.0,1.8,0.07392907826649396,0.07466176637958186,0.11525345444679261,0.13959722220897675,0.11525345444679261,0.24666044116020203,0.3248050808906555,72,0.05227979488307019,3.7246400388518226
station_wake_L5,Hard-switch stage-aware SAC,strict_hard_switch_v1,hard_switch_v1,4,19,9019,1250019,station_wake,5,0.0,0.0,0.1,1,1,0,0,1,0,43,0.25,1,29,0.2648200988769531,0.18184841341189328,1.2470213323831558,0.967613240428361,4.059346616268158,17.682625204324722,0.2960504571757961,1.659235944485316,0.0,0.45,0.15651635697712468,0.23093133944146715,0.07732250466942787,0.10256832838058472,0.07732250466942787,0.24632157385349274,0.31871020793914795,47,0.0545362115023801,1.9942199369221432
station_wake_L5,Hard-switch stage-aware SAC,strict_hard_switch_v1,hard_switch_v1,4,20,9020,1250020,station_wake,5,0.0,0.0,0.1,1,1,0,0,1,0,43,0.25,1,21,1.2090007066726685,0.9395403376882191,2.388392686843872,1.6451287704245596,11.406492628157139,39.574159383773804,0.8578953509175008,3.991988095657595,2.889629349137077,0.2,0.09133526373970036,0.0991517975351672,0.0080149054992944,0.01356613077223301,0.0080149054992944,0.057340667583048344,0.07777992635965347,47,0.08987809744400907,2.889629349137077
station_wake_L5,Hard-switch stage-aware SAC,strict_hard_switch_v1,hard_switch_v1,4,21,9021,1250021,station_wake,5,0.0,0.0,0.1,1,1,0,0,1,0,64,0.25,1,43,0.1763082593679428,0.1004367240139598,0.7150698825716972,0.4437010838162476,2.332303524017334,8.826458603143692,0.361352913709683,1.1654935508590996,0.9448160124630441,0.0,0.12854136179516054,0.14415462579267085,0.04374657273292541,0.04834670573472977,0.04374657273292541,0.09530302882194519,0.16800448298454285,68,0.07295193171668449,0.2059673559697096
station_wake_L5,Hard-switch stage-aware SAC,strict_hard_switch_v1,hard_switch_v1,4,22,9022,1250022,station_wake,5,0.0,0.0,0.1,1,1,0,0,1,0,32,0.25,1,19,0.11436522752046585,0.0800213788395103,0.33274397253990173,0.19672898101086253,2.1095842123031616,11.049427911639214,0.5406416826180387,2.958518193452263,0.0,0.0,0.1883330661243729,0.2765323261748566,0.04242715463042259,0.05229438096284866,0.04242715463042259,0.16827699542045593,0.28870172798633575,36,0.07530502385304233,1.2963917824181053
station_wake_L5,Hard-switch stage-aware SAC,strict_hard_switch_v1,hard_switch_v1,4,23,9023,1250023,station_wake,5,0.0,0.0,0.1,1,1,0,0,1,0,74,0.25,1,44,0.04744816571474075,0.031504063867584836,0.4214778169989586,0.19662168855450585,1.2695331498980522,8.334461152553558,0.15035198443052009,1.0024608010183373,0.0,1.5,0.07795496709765057,0.08223224702275315,0.14592719674110413,0.16654592752456665,0.14592719674110413,0.20233267545700073,0.21223872900009155,78,0.06286790774288017,3.3048578931233084
station_wake_L5,Hard-switch stage-aware SAC,strict_hard_switch_v1,hard_switch_v1,4,24,9024,1250024,station_wake,5,0.0,0.0,0.1,1,1,0,0,1,0,57,0.25,1,38,0.6011250615119934,0.40535540815424914,1.0228937864303589,0.7768431805987278,2.605939581990242,12.91021317243576,0.17501139018519102,0.8855007762208011,3.4310738125696205,0.1,0.1601630910250008,0.18482077590720597,0.015341265872120858,0.028596702963113785,0.015341265872120858,0.14584047347307205,0.2946712076663971,61,0.07481534464552415,3.4310738125696205
station_wake_L5,Hard-switch stage-aware SAC,strict_hard_switch_v1,hard_switch_v1,4,25,9025,1250025,station_wake,5,0.0,0.0,0.1,1,1,0,0,1,0,34,0.25,1,21,0.755334734916687,0.4792286253634064,1.5534961223602295,1.1195506146061056,5.520184077322483,16.77340779453516,0.3803813879141362,2.634009479713385,0.0,0.15000000000000002,0.16161007159909735,0.24357332972789852,0.011974498815834522,0.025407373905181885,0.011974498815834522,0.254215270280838,0.46956855803728104,38,0.0488622317863808,0.7059653110439031
station_wake_L5,Hard-switch stage-aware SAC,strict_hard_switch_v1,hard_switch_v1,4,26,9026,1250026,station_wake,5,0.0,0.0,0.1,1,1,0,0,1,0,37,0.25,1,22,0.7984611988067627,0.5743048227370778,1.3043558597564697,1.0028254640663499,3.1768828630447388,12.097888886928558,0.42920072694224715,2.5084068224240856,0.0,0.55,0.15075748154178964,0.20776245823885103,0.09325821846723556,0.14071081578731537,0.09325821846723556,0.3906719982624054,0.7578098773956299,41,0.07461855698750934,2.1334909091932883
station_wake_L5,Hard-switch stage-aware SAC,strict_hard_switch_v1,hard_switch_v1,4,27,9027,1250027,station_wake,5,0.0,0.0,0.1,1,1,0,0,1,0,40,0.25,1,19,0.5838456749916077,0.31736801090486827,1.786874532699585,1.2990949636338023,4.640653673559427,28.534888569265604,0.6155455419971789,3.327874794188965,1.6654627617670368,0.0,0.1533863872381096,0.17259123013030722,0.040820559859275816,0.048884499818086624,0.040820559859275816,0.0887662023305893,0.10905139148235321,44,0.0865220325824558,1.6654627617670368
station_wake_L5,Hard-switch stage-aware SAC,strict_hard_switch_v1,hard_switch_v1,4,28,9028,1250028,station_wake,5,0.0,0.0,0.1,1,1,0,0,1,0,47,0.25,1,26,0.7173600196838379,0.5018970590183905,1.2560349702835083,0.9804918348010206,2.408275529742241,13.890223056077957,0.27856839982207887,1.959540306342079,0.0,0.15000000000000002,0.1296425336625107,0.14840580677251838,0.029442065954208375,0.0344766341149807,0.029442065954208375,0.07120566070079803,0.11081740260124207,51,0.08816447819145345,0.122040152563135
station_wake_L5,Hard-switch stage-aware SAC,strict_hard_switch_v1,hard_switch_v1,4,29,9029,1250029,station_wake,5,0.0,0.0,0.1,1,1,0,0,1,0,41,0.25,1,24,1.064773678779602,0.7811567677004162,1.9217360019683838,1.5738045205421058,8.322234284132719,27.4216365814209,0.5956756989310134,3.7099423412329937,1.7454792816673825,0.1,0.16505562802224483,0.1940412776725141,0.025799838826060295,0.03714870288968086,0.025799838826060295,0.08787047117948532,0.1866026595234871,45,0.07110988990812364,1.1890747829618071
station_wake_L5,Hard-switch stage-aware SAC,strict_hard_switch_v1,hard_switch_v1,4,30,9030,1250030,station_wake,5,0.0,0.0,0.1,1,1,0,0,1,0,47,0.25,1,33,0.12303313612937927,0.08516035884821374,0.6712013483047485,0.4685999633150062,2.766672298312187,14.626164436340332,0.3851457500748675,2.4079946403583694,0.0,0.0,0.18834790636072513,0.2667472788519865,0.055386390537023544,0.06485398858785629,0.055386390537023544,0.12056088447570801,0.14207638800144196,51,0.04809944316772729,3.092768139676542
station_wake_L5,Hard-switch stage-aware SAC,strict_hard_switch_v1,hard_switch_v1,4,31,9031,1250031,station_wake,5,0.0,0.0,0.1,1,1,0,0,1,0,51,0.25,1,40,0.1560242474079132,0.08205806132346821,1.1693624407052994,0.5191425620575489,4.109060168266296,18.04374873638153,0.3679764520568025,2.178380750192349,0.0,0.0,0.3043517419947633,0.4254216032243688,0.09078685492277146,0.10275115817785263,0.09078685492277146,0.43115203082561493,1.1542145162820816,55,0.05540668707565492,2.9834336730941513
station_wake_L5,Hard-switch stage-aware SAC,strict_hard_switch_v1,hard_switch_v1,4,32,9032,1250032,station_wake,5,0.0,0.0,0.1,1,1,0,0,1,0,62,0.25,1,42,0.08807272464036942,0.07100569253857329,0.400628000497818,0.2518788459890416,1.765405386686325,9.697429984807968,0.21006247982654966,1.2086096028841231,0.0,1.0,0.126835916753271,0.14058522338732704,0.09683738499879838,0.10352323204278946,0.09683738499879838,0.0705016553401947,0.09418636560440063,66,0.057570030598441915,3.8384591649545614
station_wake_L5,Hard-switch stage-aware SAC,strict_hard_switch_v1,hard_switch_v1,4,33,9033,1250033,station_wake,5,0.0,0.0,0.1,1,1,0,0,1,0,39,0.25,0,-1,nan,nan,nan,nan,nan,nan,nan,nan,0.0,nan,0.05732247217009776,0.058956810695144614,0.15808543860912322,0.19315838813781738,0.15808543860912322,0.35135751962661743,0.436268150806427,43,0.026453813022993537,3.1202869718425235
station_wake_L5,Hard-switch stage-aware SAC,strict_hard_switch_v1,hard_switch_v1,4,34,9034,1250034,station_wake,5,0.0,0.0,0.1,1,1,0,0,1,0,40,0.25,1,19,1.2303171157836914,1.0948445517299585,1.8229568004608154,1.2509938693571574,13.393081426620483,29.710834622383118,0.7401772710256018,3.1162965534309865,0.0,1.05,0.05211128395859856,0.05603711613467941,0.18233867287635802,0.22969117760658264,0.18233867287635802,0.49482589960098267,0.6714922189712524,44,0.031145083705254026,2.9618466467789144
station_wake_L5,Hard-switch stage-aware SAC,strict_hard_switch_v1,hard_switch_v1,4,35,9035,1250035,station_wake,5,0.0,0.0,0.1,1,1,0,0,1,0,57,0.25,1,42,0.3765404224395752,0.35259047300659774,0.6635689735412598,0.3336409050821133,3.221135437488556,11.62952646613121,0.3219507450084059,1.749870012902675,0.7487229889392706,0.25,0.19663352762900815,0.2634557635426142,0.06613102816045284,0.11527333408594131,0.06613102816045284,0.44984547048807144,0.6365004181861877,61,0.062862699552621,0.7487229889392706
station_wake_L5,Hard-switch stage-aware SAC,strict_hard_switch_v1,hard_switch_v1,4,36,9036,1250036,station_wake,5,0.0,0.0,0.1,1,1,0,0,1,0,41,0.25,1,14,1.2168904542922974,1.0100584562804418,1.3104724884033203,1.061383176405218,1.836864948272705,5.220397710800171,0.4520470010433904,2.3488474076075336,0.0,1.35,0.11516611746620539,0.12891890295161595,0.13038940280675887,0.16192293167114258,0.13038940280675887,0.31514987349510193,0.39225608110427856,45,0.06188174225670694,3.1617852802488167
station_wake_L5,Hard-switch stage-aware SAC,strict_hard_switch_v1,hard_switch_v1,4,37,9037,1250037,station_wake,5,0.0,0.0,0.1,1,1,0,0,1,0,50,0.25,1,30,0.6858167052268982,0.41988237082979624,2.1926653385162354,1.2213169873118366,3.3721208572387695,19.749202728271484,0.27689912593306587,1.7075321996575823,0.7153293936742848,0.5,0.16453745333832487,0.1955848928756164,0.04622609168291092,0.06866871565580368,0.04622609168291092,0.2345017045736313,0.31997427344322205,54,0.07831118905731276,0.7153293936742848
station_wake_L5,Hard-switch stage-aware SAC,strict_hard_switch_v1,hard_switch_v1,4,38,9038,1250038,station_wake,5,0.0,0.0,0.1,1,1,0,0,1,0,67,0.25,1,50,0.045733146369457245,0.0315506406747024,0.4983903095126152,0.24962606114887204,3.498988598585129,14.713509641587734,0.26516253451952465,1.5028799750661703,0.0,0.0,0.16733064898942454,0.19347736026227344,0.04051554203033447,0.04969819635152817,0.04051554203033447,0.11332418024539948,0.21615944802761078,71,0.06145157708222921,2.9151473627630677
station_wake_L5,Hard-switch stage-aware SAC,strict_hard_switch_v1,hard_switch_v1,4,39,9039,1250039,station_wake,5,0.0,0.0,0.1,1,1,0,0,1,0,64,0.25,1,46,0.03507572412490845,0.014865439022080576,0.263335257768631,0.13198554217733274,3.0692701041698456,13.058239966630936,0.2273487925692145,1.4501418828890502,0.0,0.30000000000000004,0.17003928912524738,0.21481823418454304,0.10382172912359237,0.1370839774608612,0.10382172912359237,0.3255705237388611,0.5625322461128235,68,0.06978279682159014,0.47803736276808195
station_wake_L5,Hard-switch stage-aware SAC,strict_hard_switch_v1,hard_switch_v1,4,40,9040,1250040,station_wake,5,0.0,0.0,0.1,1,1,0,0,1,0,57,0.25,1,44,0.34314897656440735,0.22977333880231976,0.9426850080490112,0.581884542664494,4.115828573703766,22.722895462065935,0.33441072433588903,2.3608681973895305,0.0,0.65,0.14326714627245923,0.2134405558356927,0.04847007840871811,0.07900793105363846,0.04847007840871811,0.3001020550727844,0.35973817110061646,61,0.05603973768719829,4.368479283226613
station_wake_L5,Hard-switch stage-aware SAC,strict_hard_switch_v1,hard_switch_v1,4,41,9041,1250041,station_wake,5,0.0,0.0,0.1,1,1,0,0,1,0,55,0.25,1,39,0.30954304337501526,0.28142376701535377,0.5761617422103882,0.2626187183961681,2.3529773950576782,14.54829290509224,0.21497815905437348,1.2821404685270439,2.3851415451995917,0.2,0.16558195784279334,0.18640219678514572,0.031205295771360397,0.07446402311325073,0.031205295771360397,0.551728367805481,0.7765525579452515,59,0.06709550379881149,2.272685682166505
station_wake_L5,Hard-switch stage-aware SAC,strict_hard_switch_v1,hard_switch_v1,4,42,9042,1250042,station_wake,5,0.0,0.0,0.1,1,1,0,0,1,0,35,0.25,1,5,0.7931137681007385,0.5054420431575797,2.01349139213562,1.6829241921477744,19.801113605499268,20.49389362335205,1.8181422298277465,2.7669467538583135,0.0,1.5,0.09027049319881207,0.10007298007364375,0.17345834970474244,0.22973747551441193,0.17345834970474244,0.5743456482887268,0.8718505501747131,39,0.04370300291423743,3.0964444889973013
station_wake_L5,Hard-switch stage-aware SAC,strict_hard_switch_v1,hard_switch_v1,4,43,9043,1250043,station_wake,5,0.0,0.0,0.1,1,1,0,0,1,0,61,0.25,1,43,0.08954861015081406,0.052870965764748194,0.46890009194612503,0.29981314437905704,3.1339196860790253,10.959115512669086,0.25132365123968703,1.7932863305817672,0.704835448344795,0.0,0.17306643146577058,0.1993855932282496,0.013191926293075085,0.015408651903271675,0.013191926293075085,0.07498518750071526,0.22631388157606125,65,0.07367425522639356,0.704835448344795
station_wake_L5,Hard-switch stage-aware SAC,strict_hard_switch_v1,hard_switch_v1,4,44,9044,1250044,station_wake,5,0.0,0.0,0.1,1,1,0,0,1,0,39,0.25,1,18,0.9016302227973938,0.7041850627810887,1.5156328678131104,1.220495519201821,13.149356544017792,34.89055275917053,0.6596831136521728,2.7382242612967387,0.0,1.05,0.05898284695958593,0.0803408625244484,0.14354699552059175,0.1889740228652954,0.14354699552059175,0.4477328062057495,0.5285638570785522,43,0.04358694836244898,2.9836249183909116
station_wake_L5,Hard-switch stage-aware SAC,strict_hard_switch_v1,hard_switch_v1,4,45,9045,1250045,station_wake,5,0.0,0.0,0.1,1,1,0,0,1,0,52,0.25,1,38,0.36302509903907776,0.28256056425969345,0.8278894424438477,0.6242274208648934,4.460761696100235,23.841868340969086,0.3222997977389899,1.7418368923262786,0.0,0.15000000000000002,0.17696948024261147,0.2220407099215315,0.008409771416336299,0.012470650486648083,0.008409771416336299,0.062549639493227,0.08840462192893028,56,0.06867274649044305,0.3440151774306802
station_wake_L5,Hard-switch stage-aware SAC,strict_hard_switch_v1,hard_switch_v1,4,46,9046,1250046,station_wake,5,0.0,0.0,0.1,1,1,0,0,1,0,47,0.25,1,34,0.15994516015052795,0.06927742337420861,0.8990877866744995,0.6312129787767099,3.8999012857675552,14.228379726409912,0.4698415525258621,2.180274704436052,0.0,0.6000000000000001,0.15948708054769126,0.2295665004726037,0.13713534474372863,0.16137440502643585,0.13713534474372863,0.2846689224243164,0.41320353746414185,51,0.06133603822103017,2.5368082435972523
station_wake_L5,Hard-switch stage-aware SAC,strict_hard_switch_v1,hard_switch_v1,4,47,9047,1250047,station_wake,5,0.0,0.0,0.1,1,1,0,0,1,0,70,0.25,1,53,0.1279442459344864,0.08079208138154478,0.5558684468269348,0.3800574056446017,3.8708654046058655,15.722592175006866,0.4159252016709249,2.429992058972859,1.063912847081793,0.0,0.12431353308955262,0.14094655437484852,0.018799667619168757,0.0293564572930336,0.018799667619168757,0.10090277343988419,0.13888327404856682,74,0.07337155896586457,0.06070541400217751
station_wake_L5,Hard-switch stage-aware SAC,strict_hard_switch_v1,hard_switch_v1,4,48,9048,1250048,station_wake,5,0.0,0.0,0.1,1,1,0,0,1,0,54,0.25,1,33,0.13463856279850006,0.08222684275366855,0.44104158878326416,0.3127120668008453,1.8245027959346771,8.960975110530853,0.3215752149931316,1.7532876606277576,0.0,0.0,0.16483975362101233,0.18263810581787632,0.02179119996726513,0.029481101781129837,0.02179119996726513,0.07469131052494049,0.09017255157232285,58,0.08173965778710092,1.6609777820815714
station_wake_L5,Hard-switch stage-aware SAC,strict_hard_switch_v1,hard_switch_v1,4,49,9049,1250049,station_wake,5,0.0,0.0,0.1,1,1,0,0,1,0,38,0.25,1,17,0.3745172321796417,0.26705108970388725,1.0093402862548828,0.5138646280367091,2.964300513267517,13.486798405647278,0.5082726580544732,2.491213170277629,0.0,0.8500000000000001,0.14062953064378952,0.15639373457024014,0.08734796643257141,0.09750261157751083,0.08734796643257141,0.09976878762245178,0.11304110288619995,42,0.08372549824730978,2.6049489855216494
station_wake_L5,Hard-switch stage-aware SAC,strict_hard_switch_v1,hard_switch_v1,4,50,9050,1250050,station_wake,5,0.0,0.0,0.1,1,1,0,0,1,0,31,0.25,1,17,1.3373359441757202,1.1862752510276746,1.3953065872192383,1.0288007121821912,10.254271030426025,23.490051329135895,0.7429439088068965,3.6866042058509496,0.0,0.7000000000000001,0.18903846601548105,0.2658405877072197,0.17489060312509536,0.26946645975112915,0.17489060312509536,0.9639855921268463,1.5188145637512207,35,0.024906507689467512,2.901965737995178
station_wake_L5,Hard-switch stage-aware SAC,strict_hard_switch_v1,hard_switch_v1,4,51,9051,1250051,station_wake,5,0.0,0.0,0.1,0,0,0,0,0,0,-1,nan,1,43,0.22153803706169128,0.20329582657843048,0.2431359887123108,0.1547582067444485,2.1772927045822144,11.005938053131104,0.19715854241652636,1.243144849586189,0.0,nan,nan,nan,nan,nan,5.992274143551413e-09,nan,nan,1000,0.05322024724350032,5.087705033018125
station_wake_L5,Hard-switch stage-aware SAC,strict_hard_switch_v1,hard_switch_v1,4,52,9052,1250052,station_wake,5,0.0,0.0,0.1,1,1,0,0,1,0,64,0.25,1,45,0.13783402740955353,0.08231584427700848,0.3574031591415405,0.23739200461350712,0.9818430244922638,3.705083094537258,0.1425483377915941,0.76717938845413,0.0,0.0,0.19701910518106605,0.2262053366636266,0.03173052035272121,0.038231175392866135,0.03173052035272121,0.0925106555223465,0.1461799070239067,68,0.07038426991527436,2.0217852997518455
station_wake_L5,Hard-switch stage-aware SAC,strict_hard_switch_v1,hard_switch_v1,4,53,9053,1250053,station_wake,5,0.0,0.0,0.1,1,1,0,0,1,0,60,0.25,1,42,0.20199371874332428,0.15342968263740372,0.30814260244369507,0.2008140332081131,0.6015549972653389,2.89636651519686,0.2513435175724948,1.2319828537204216,2.3909634276933813,0.0,0.20840365203224845,0.2365071238995305,0.018656271696090698,0.020839931443333626,0.018656271696090698,0.05408686399459839,0.16714606434106827,64,0.07191243875603677,2.094134932308852
station_wake_L5,Hard-switch stage-aware SAC,strict_hard_switch_v1,hard_switch_v1,4,54,9054,1250054,station_wake,5,0.0,0.0,0.1,1,1,0,0,1,0,47,0.25,1,34,0.28533801436424255,0.12698095936211903,1.2503114342689514,0.7816366365806492,2.7042752504348755,16.05533566325903,0.49173726715640265,2.2117816451643613,0.0,0.0,0.2113241273019381,0.2772892752912169,0.09315083175897598,0.12165374308824539,0.09315083175897598,0.2514740526676178,0.386335551738739,51,0.045852494663474144,1.459503423265474
station_wake_L5,Hard-switch stage-aware SAC,strict_hard_switch_v1,hard_switch_v1,4,55,9055,1250055,station_wake,5,0.0,0.0,0.1,1,1,0,0,1,0,66,0.25,1,46,0.2801041007041931,0.1469189358881366,0.8943232893943787,0.5931781762041564,2.391757145524025,11.765948832035065,0.18656943387017555,1.0713139302885222,0.0,1.0,0.11088151631270646,0.1314605733606531,0.12807224094867706,0.14260269701480865,0.12807224094867706,0.1451748013496399,0.2078297734260559,70,0.07498117789803029,3.2643023642658884
station_wake_L5,Hard-switch stage-aware SAC,strict_hard_switch_v1,hard_switch_v1,4,56,9056,1250056,station_wake,5,0.0,0.0,0.1,1,1,0,0,1,0,56,0.25,1,43,0.2996227443218231,0.15592900730048134,0.9378713369369507,0.7652796356839131,2.728501446545124,13.593640215694904,0.1850066109353633,1.2642807351281447,0.0,0.65,0.1237394247395095,0.2152285201617298,0.14073509871959686,0.1515132039785385,0.14073509871959686,0.21551018953323364,0.40571391582489014,60,0.035758825742345596,3.2115171682561487
station_wake_L5,Hard-switch stage-aware SAC,strict_hard_switch_v1,hard_switch_v1,4,57,9057,1250057,station_wake,5,0.0,0.0,0.1,1,1,0,0,1,0,45,0.25,1,20,1.042311191558838,0.9068943768620614,1.0697567462921143,0.7509339884445358,4.850859194993973,24.63420107960701,0.46458159436488583,2.7695930252256873,0.0,1.25,0.07501089770477146,0.0765528663575651,0.1272807762026787,0.13969694077968597,0.1272807762026787,0.1265673041343689,0.21486923098564148,49,0.06317811510895502,3.456646040822148
station_wake_L5,Hard-switch stage-aware SAC,strict_hard_switch_v1,hard_switch_v1,4,58,9058,1250058,station_wake,5,0.0,0.0,0.1,1,1,0,0,1,0,61,0.25,1,44,0.10768254846334457,0.07795112082167005,0.7900935411453247,0.4871559231093696,2.5457942485809326,14.340319037437439,0.1816079593512787,1.2886558347647474,0.8726497277965704,0.0,0.1847466169231553,0.21319415244064022,0.029843518882989882,0.05136118456721306,0.029843518882989882,0.6015308350324631,1.0343394428491592,65,0.05817759247170483,0.5923117636676843
station_wake_L5,Hard-switch stage-aware SAC,strict_hard_switch_v1,hard_switch_v1,4,59,9059,1250059,station_wake,5,0.0,0.0,0.1,1,1,0,0,1,0,33,0.25,1,14,0.38241904973983765,0.3191271746451121,0.7526969909667969,0.5882110444027234,3.6648863554000854,17.33758896589279,0.5382869595303071,2.6232840521784166,5.050160763811034,0.75,0.1140243534328,0.12490169602702748,0.07896993309259415,0.09289416670799255,0.07896993309259415,0.20083662867546082,0.29669225215911865,37,0.08241131942597626,3.569993456985333
station_wake_L5,Hard-switch stage-aware SAC,strict_hard_switch_v1,hard_switch_v1,4,60,9060,1250060,station_wake,5,0.0,0.0,0.1,1,1,0,0,1,0,53,0.25,1,34,0.9579975605010986,0.5423202631871037,2.1750330924987793,1.99964841573145,2.198118567466736,9.004855751991272,0.21557942846169678,1.5122960347073584,1.5501119657429228,0.0,0.1913418580863105,0.2174333837684239,0.024721028469502925,0.046793945133686066,0.024721028469502925,0.21612665802240372,0.23849576711654663,57,0.07572866975757256,1.5501119657429228
station_wake_L5,Hard-switch stage-aware SAC,strict_hard_switch_v1,hard_switch_v1,4,61,9061,1250061,station_wake,5,0.0,0.0,0.1,1,1,0,0,1,0,65,0.25,1,51,0.2557722330093384,0.15939570056379088,1.125050112605095,0.8955299470229752,1.9705873727798462,7.979763150215149,0.18476529043147016,1.4056552902137602,2.258389882790257,0.1,0.16250529281169843,0.20439345545247142,0.04236813262104988,0.0651804506778717,0.04236813262104988,0.25468362867832184,0.5235333740711212,69,0.058390033624981914,2.258389882790257
station_wake_L5,Hard-switch stage-aware SAC,strict_hard_switch_v1,hard_switch_v1,4,62,9062,1250062,station_wake,5,0.0,0.0,0.1,1,1,0,0,1,0,43,0.25,1,27,0.6074566841125488,0.5677127313257163,0.7219231128692627,0.4294353112239763,3.469366878271103,18.73987928032875,0.4946401496614179,2.664543724469786,0.7477473924658694,0.45,0.15068401839954543,0.1806108676685707,0.08529554456472396,0.12962819635868073,0.08529554456472396,0.43268412351608276,0.5080658197402954,47,0.06171157420716283,0.7477473924658694
station_wake_L5,Hard-switch stage-aware SAC,strict_hard_switch_v1,hard_switch_v1,4,63,9063,1250063,station_wake,5,0.0,0.0,0.1,1,1,0,0,1,0,51,0.25,1,30,0.3976348340511322,0.32869970511645197,1.2340280413627625,0.6893619845096103,3.144601285457611,21.317201852798462,0.4533746254315746,2.6275351706719894,3.0994659939313856,0.0,0.11794115366394546,0.13401181494519546,0.04312873035669327,0.05343853682279587,0.04312873035669327,0.09783485531806946,0.20342186093330383,55,0.07994826775081028,0.8020425938907106
station_wake_L5,Hard-switch stage-aware SAC,strict_hard_switch_v1,hard_switch_v1,4,64,9064,1250064,station_wake,5,0.0,0.0,0.1,1,1,0,0,1,0,56,0.25,1,40,0.023842325434088707,0.008643202553330048,0.28617382049560547,0.14145119695603556,2.974749654531479,6.698657367378473,0.5269439515279883,2.1409626557956836,0.9053244990122651,0.0,0.18185332971947424,0.22118174006451988,0.025135397911071777,0.028551286086440086,0.025135397911071777,0.05415904521942139,0.12779347598552704,60,0.0686205890702927,0.39976270118864826
station_wake_L5,Hard-switch stage-aware SAC,strict_hard_switch_v1,hard_switch_v1,4,65,9065,1250065,station_wake,5,0.0,0.0,0.1,1,1,0,0,1,0,44,0.25,1,24,0.8623664975166321,0.573848543617984,1.5813952684402466,1.376786496172741,3.430422469973564,15.81479787826538,0.2475497439338961,1.9722595330610164,0.0,0.75,0.14643226115459376,0.1700567465762886,0.06886611953377723,0.0958164855837822,0.06886611953377723,0.2389102280139923,0.3166314959526062,48,0.08586693170846785,2.241020498287503
station_wake_L5,Hard-switch stage-aware SAC,strict_hard_switch_v1,hard_switch_v1,4,66,9066,1250066,station_wake,5,0.0,0.0,0.1,1,1,0,0,1,0,53,0.25,1,20,1.1359621286392212,0.8267670384405325,2.317214012145996,1.7962397702794797,9.370507597923279,35.66243529319763,0.8045588583695225,4.091736294348828,5.157635924835301,0.55,0.10358518780228568,0.11067084492770214,0.012169069610536098,0.014056134037673473,0.012169069610536098,0.019437644630670547,0.03955768421292305,57,0.09024185752442146,1.9358988725901085
station_wake_L5,Hard-switch stage-aware SAC,strict_hard_switch_v1,hard_switch_v1,4,67,9067,1250067,station_wake,5,0.0,0.0,0.1,1,1,0,0,1,0,68,0.25,1,54,0.30423298478126526,0.25705884924058936,0.6212350726127625,0.359118473757244,4.148003309965134,19.40546452999115,0.3545930242020952,2.39334391961264,2.8977585549098617,0.0,0.18607165360142963,0.24054180307138992,0.04647765383124351,0.05633193254470825,0.04647765383124351,0.1522340551018715,0.24073690176010132,72,0.07811266013384396,2.1796657627469247
station_wake_L5,Hard-switch stage-aware SAC,strict_hard_switch_v1,hard_switch_v1,4,68,9068,1250068,station_wake,5,0.0,0.0,0.1,1,1,0,0,1,0,56,0.25,1,40,0.14291644096374512,0.11773983265375754,0.5619565397500992,0.32507758423324407,2.090422660112381,12.978050112724304,0.27141734162798536,1.9127270955012765,0.0,0.8,0.11187037572825753,0.13536591787078792,0.12793368995189666,0.15188686549663544,0.12793368995189666,0.232913076877594,0.2905431389808655,60,0.042820887751656454,3.228240032665279
station_wake_L5,Hard-switch stage-aware SAC,strict_hard_switch_v1,hard_switch_v1,4,69,9069,1250069,station_wake,5,0.0,0.0,0.1,1,1,0,0,1,0,52,0.25,1,29,0.41720545291900635,0.21101389193738534,1.5276575088500977,0.936234469306807,2.3104894161224365,14.549879021942616,0.40724688963969374,1.8660565235754116,0.0,1.1500000000000001,0.09466881731482972,0.10884496415138097,0.13953569680452346,0.1667964905500412,0.13953569680452346,0.24025234580039978,0.30312061309814453,56,0.062157357434220246,3.2024381393019095
station_wake_L5,Hard-switch stage-aware SAC,strict_hard_switch_v1,hard_switch_v1,4,70,9070,1250070,station_wake,5,0.0,0.0,0.1,1,1,0,0,1,0,45,0.25,1,23,0.09175307303667068,0.047736416848297554,0.5294154211878777,0.3700705776011508,2.5529150664806366,12.196442186832428,0.4571024737867524,2.537560546401248,0.0,0.25,0.12348620834131299,0.14047061520231294,0.0438917376101017,0.052463628351688385,0.0438917376101017,0.08526007831096649,0.12012675404548645,49,0.089273858215974,0.8012104847507326
station_wake_L5,Hard-switch stage-aware SAC,strict_hard_switch_v1,hard_switch_v1,4,71,9071,1250071,station_wake,5,0.0,0.0,0.1,1,1,0,0,1,0,37,0.25,1,20,0.2642556428909302,0.14599749226790668,1.4535331726074219,0.6746758930927603,4.070901721715927,21.876229345798492,0.4742341802127031,2.799912450809843,0.0,0.0,0.127566761896219,0.14900596965071083,0.015855205059051514,0.02269352599978447,0.015855205059051514,0.08707941696047783,0.17923159524798393,41,0.06779578736368345,1.6635593801444246
station_wake_L5,Hard-switch stage-aware SAC,strict_hard_switch_v1,hard_switch_v1,4,72,9072,1250072,station_wake,5,0.0,0.0,0.1,1,1,0,0,1,0,48,0.25,1,28,0.4805362820625305,0.30495158185100074,1.16973876953125,0.7472510306776309,2.8410765528678894,9.711395353078842,0.20673436972147505,1.1753960826553873,0.0,1.0,0.15378252277827292,0.19200694929933804,0.1183310717344284,0.12230567634105682,0.1183310717344284,0.07356733083724976,0.16003817319869995,52,0.06871115935491849,3.4064104263635273
station_wake_L5,Hard-switch stage-aware SAC,strict_hard_switch_v1,hard_switch_v1,4,73,9073,1250073,station_wake,5,0.0,0.0,0.1,1,1,0,0,1,0,44,0.25,1,23,0.10729722678661346,0.0708422622332405,1.0594768822193146,0.6385920614773181,3.793829381465912,19.11590337753296,0.42284131938074354,2.9240726599586853,1.0332321709386245,0.0,0.11393298932034009,0.13591444215040097,0.052625533938407895,0.06003418564796448,0.052625533938407895,0.07438895106315613,0.09524315595626831,48,0.0867990732341278,1.0332321709386245
station_wake_L5,Hard-switch stage-aware SAC,strict_hard_switch_v1,hard_switch_v1,4,74,9074,1250074,station_wake,5,0.0,0.0,0.1,1,1,0,0,1,0,54,0.25,1,38,0.16594849526882172,0.15738873892282865,0.31110644340515137,0.120180912057635,3.9026008918881416,9.527669567614794,0.23869418835058673,1.098494266170691,0.0,0.8,0.1521114120569888,0.17727332296225057,0.11162737309932709,0.12419012188911438,0.11162737309932709,0.09162488579750061,0.13834580779075623,58,0.04519929451215752,3.505203776622473
station_wake_L5,Hard-switch stage-aware SAC,strict_hard_switch_v1,hard_switch_v1,4,75,9075,1250075,station_wake,5,0.0,0.0,0.1,1,1,0,0,1,0,61,0.25,1,47,0.3723095953464508,0.2964423932482598,1.2515315413475037,0.7198060098090183,6.32976308465004,26.634312868118286,0.4502288550625775,2.113559849559802,1.3839431749117386,0.0,0.17391975731950474,0.21063582371942496,0.007624537800438702,0.019096771255135536,0.007624537800438702,0.10966542363166809,0.15899364836513996,65,0.05923811763776155,1.2868314385707915
station_wake_L5,Hard-switch stage-aware SAC,strict_hard_switch_v1,hard_switch_v1,4,76,9076,1250076,station_wake,5,0.0,0.0,0.1,1,1,0,0,1,0,50,0.25,1,37,0.16542306542396545,0.1275676680666858,0.5878107622265816,0.4040899985457662,2.6184678077697754,16.747701168060303,0.5576355850444659,2.286734352207146,1.176468068022962,0.0,0.1767047250476051,0.2482331227535264,0.0358203113079071,0.056556280702352524,0.0358203113079071,0.18833287060260773,0.27106255292892456,54,0.06299103757631001,0.4272687267499359
station_wake_L5,Hard-switch stage-aware SAC,strict_hard_switch_v1,hard_switch_v1,4,77,9077,1250077,station_wake,5,0.0,0.0,0.1,1,1,0,0,1,0,67,0.25,1,50,0.11462891101837158,0.09836034496555185,0.2579745650291443,0.12668789009073447,1.7016016703564674,6.288706921041012,0.14371849277248802,1.0316188100318273,0.0,0.30000000000000004,0.15394320149686463,0.19413721833341777,0.059507133811712264,0.08823706209659576,0.059507133811712264,0.32542353868484497,0.47833263874053955,71,0.06268486211740473,0.6300341514017243
station_wake_L5,Hard-switch stage-aware SAC,strict_hard_switch_v1,hard_switch_v1,4,78,9078,1250078,station_wake,5,0.0,0.0,0.1,1,1,0,0,1,0,75,0.25,1,60,0.12598824501037598,0.062338097319418966,0.8100932836532593,0.44428648400087695,2.566194534301758,11.68650507926941,0.30114288042882537,1.338972862441624,2.3423275716044247,0.0,0.1341324498873954,0.16556273864611817,0.05057208612561226,0.08261102437973022,0.05057208612561226,0.3814651072025299,0.9683921933174133,79,0.06820076682439,2.3423275716044247
station_wake_L5,Hard-switch stage-aware SAC,strict_hard_switch_v1,hard_switch_v1,4,79,9079,1250079,station_wake,5,0.0,0.0,0.1,1,1,0,0,1,0,40,0.25,1,22,1.1590001583099365,0.9253477595033346,1.6338956356048584,1.1911453448995055,7.188332825899124,28.706368803977966,0.9343089880199581,3.676124706324976,0.0,0.8,0.10074702742650306,0.11118240738658851,0.12658319622278214,0.15908747911453247,0.12658319622278214,0.32167184352874756,0.3872096538543701,44,0.08567333718755962,2.2605821600704195
station_wake_L5,Hard-switch stage-aware SAC,strict_hard_switch_v1,hard_switch_v1,4,80,9080,1250080,station_wake,5,0.0,0.0,0.1,1,1,0,0,1,0,32,0.25,1,15,0.40619516372680664,0.2236036006285597,1.285308599472046,0.8137474374300655,6.986508220434189,16.681926399469376,0.8186181028101995,2.993412817052578,0.9206013910297622,0.0,0.17780092414116103,0.20147484920569358,0.0166737312451005,0.02612682804465294,0.0166737312451005,0.08444266766309738,0.12805264443159103,36,0.06418354704802914,0.11227987894025289
station_wake_L5,Hard-switch stage-aware SAC,strict_hard_switch_v1,hard_switch_v1,4,81,9081,1250081,station_wake,5,0.0,0.0,0.1,1,1,0,0,1,0,50,0.25,1,38,0.3569358289241791,0.2202824770301517,0.7921838760375977,0.5701988223315886,1.3404923677444458,8.33359882235527,0.1723339018402534,1.3158093786235823,0.7527561089224574,0.0,0.1684085527494355,0.2535831048139083,0.02564167883247137,0.059256214648485184,0.02564167883247137,0.2899572066962719,0.5484352633357048,54,0.05273171178848391,0.7369714883897049
station_wake_L5,Hard-switch stage-aware SAC,strict_hard_switch_v1,hard_switch_v1,4,82,9082,1250082,station_wake,5,0.0,0.0,0.1,1,1,0,0,1,0,42,0.25,1,30,0.5064122080802917,0.3978610639016531,0.6284457445144653,0.4272463922186728,1.8110358715057373,8.988302536308765,0.14301786768819713,0.9734144253197736,2.3743705503218933,0.15000000000000002,0.1824002830895157,0.2777560465576856,0.05110029950737953,0.11086635291576385,0.05110029950737953,0.5948590114712715,0.7917103171348572,46,0.058559049087737174,2.3743705503218933
station_wake_L5,Hard-switch stage-aware SAC,strict_hard_switch_v1,hard_switch_v1,4,83,9083,1250083,station_wake,5,0.0,0.0,0.1,1,1,0,0,1,0,47,0.25,1,28,0.8505844473838806,0.6528080541819886,1.3572132587432861,1.0341321025108057,3.4939301013946533,12.618142813444138,0.3681307147929515,2.161230403664931,0.0,0.9500000000000001,0.057301459718366435,0.0715529170659997,0.12767297327518462,0.15464401245117188,0.12767297327518462,0.26206353306770325,0.36926090717315674,51,0.020239605881632105,3.414001968182585
station_wake_L5,Hard-switch stage-aware SAC,strict_hard_switch_v1,hard_switch_v1,4,84,9084,1250084,station_wake,5,0.0,0.0,0.1,1,1,0,0,1,0,36,0.25,1,21,0.27177831530570984,0.20638707764565425,1.1810959875583649,0.7937541755970162,3.362678261473775,15.494409501552582,0.231649173760463,2.0681889880173547,5.580685889194843,0.7000000000000001,0.22345809661453103,0.3182114992994803,0.15886593461036683,0.1693594604730606,0.15886593461036683,0.2879091501235962,0.5635955929756165,40,0.07139512774709703,2.6561683606641635
station_wake_L5,Hard-switch stage-aware SAC,strict_hard_switch_v1,hard_switch_v1,4,85,9085,1250085,station_wake,5,0.0,0.0,0.1,1,1,0,0,1,0,61,0.25,1,42,0.38060322403907776,0.34620148537917267,1.0456037521362305,0.5401934314250513,2.340462803840637,12.628395855426788,0.20469167959377343,1.3947709703587963,1.204119875434347,0.25,0.11574864811829258,0.1691105009229413,0.06485784649848939,0.07874609529972076,0.06485784649848939,0.20238667726516724,0.36704719066619873,65,0.09483744695247098,1.204119875434347
station_wake_L5,Hard-switch stage-aware SAC,strict_hard_switch_v1,hard_switch_v1,4,86,9086,1250086,station_wake,5,0.0,0.0,0.1,1,1,0,0,1,0,31,0.25,1,10,1.1122078895568848,0.8547699071290644,1.6316187381744385,1.2997302834527955,0.8470773696899414,2.599259614944458,0.5098118690246941,2.1478353499822185,0.0,1.05,0.08217332857807735,0.1031279976427778,0.1625795304775238,0.2044552117586136,0.1625795304775238,0.45891666412353516,0.6707310676574707,35,0.03775264766311174,3.121061557983085
station_wake_L5,Hard-switch stage-aware SAC,strict_hard_switch_v1,hard_switch_v1,4,87,9087,1250087,station_wake,5,0.0,0.0,0.1,1,1,0,0,1,0,51,0.25,1,39,0.0885913297533989,0.03633472766429077,0.5253224074840546,0.3130240203201622,1.845291629433632,8.298612465150654,0.15700082121407558,1.060244530753988,0.0,0.0,0.230002618802839,0.339900678947787,0.048064226657152175,0.08023428171873093,0.048064226657152175,0.6994259059429169,0.8945783972740173,55,0.05090225291206988,2.0856415920759406
station_wake_L5,Hard-switch stage-aware SAC,strict_hard_switch_v1,hard_switch_v1,4,88,9088,1250088,station_wake,5,0.0,0.0,0.1,1,1,0,0,1,0,49,0.25,1,35,0.10706725716590881,0.06266817163390373,0.6698694825172424,0.4489469926413586,2.3967665433883667,13.912327140569687,0.3316596522741616,1.54096499009151,0.0,0.45,0.16519502001629968,0.2225391530606354,0.12276173084974289,0.16138464212417603,0.12276173084974289,0.32012972235679626,0.44580012559890747,53,0.04949339810278667,1.6915827925353408
station_wake_L5,Hard-switch stage-aware SAC,strict_hard_switch_v1,hard_switch_v1,4,89,9089,1250089,station_wake,5,0.0,0.0,0.1,1,1,0,0,1,0,52,0.25,1,39,0.08644889295101166,0.06840300111539474,0.47181859612464905,0.2545143395385535,2.5227802991867065,12.005000114440918,0.1467906524430096,0.9782005711478515,0.0,0.0,0.22081716837244209,0.30925378578068535,0.056283533573150635,0.0845194086432457,0.056283533573150635,0.3998665511608124,0.6269018352031708,56,0.05546857537799527,2.1141862332778936
station_wake_L5,Hard-switch stage-aware SAC,strict_hard_switch_v1,hard_switch_v1,4,90,9090,1250090,station_wake,5,0.0,0.0,0.1,1,1,0,0,1,0,33,0.25,0,-1,nan,nan,nan,nan,nan,nan,nan,nan,0.0,nan,0.06268007955680485,0.06508717845438658,0.13194460272789002,0.17543315887451172,0.13194460272789002,0.4546879231929779,0.6688675284385681,37,0.023593381931982477,3.4955119516336364
station_wake_L5,Hard-switch stage-aware SAC,strict_hard_switch_v1,hard_switch_v1,4,91,9091,1250091,station_wake,5,0.0,0.0,0.1,1,1,0,0,1,0,57,0.25,1,43,0.1585608422756195,0.11744573540119232,0.5039811134338379,0.29801757663357376,3.1113747134804726,13.11033308506012,0.304094423577519,1.8465847971343332,0.0,0.6000000000000001,0.18483573412301352,0.23617032765887902,0.142132705450058,0.18278710544109344,0.142132705450058,0.4139181971549988,0.6301948428153992,61,0.06402284357316207,2.014223853453818
station_wake_L5,Hard-switch stage-aware SAC,strict_hard_switch_v1,hard_switch_v1,4,92,9092,1250092,station_wake,5,0.0,0.0,0.1,1,1,0,0,1,0,59,0.25,1,43,0.3491005599498749,0.31871507357211976,1.062297523021698,0.4733741910637662,4.754224717617035,18.476216197013855,0.3599448120987237,2.2859399581477198,0.5238744954837731,0.0,0.12345069113036584,0.14215892323631424,0.007332008238881827,0.017193250358104706,0.007332008238881827,0.1001075729727745,0.18414687365293503,63,0.07611516707381541,0.3330353548551938
station_wake_L5,Hard-switch stage-aware SAC,strict_hard_switch_v1,hard_switch_v1,4,93,9093,1250093,station_wake,5,0.0,0.0,0.1,1,1,0,0,1,0,72,0.25,1,56,0.05618014559149742,0.026824559499649507,0.315372571349144,0.18600324135471968,1.2112720310688019,4.121013581752777,0.2711463490249846,1.3021196338429994,0.0,0.0,0.16940581660815032,0.21242228753116357,0.03446706011891365,0.0357571616768837,0.03446706011891365,0.04953199625015259,0.12161128222942352,76,0.06952669631125408,0.7464824734480948
station_wake_L5,Hard-switch stage-aware SAC,strict_hard_switch_v1,hard_switch_v1,4,94,9094,1250094,station_wake,5,0.0,0.0,0.1,1,1,0,0,1,0,60,0.25,1,44,0.09934066981077194,0.06151229880672887,0.9541761875152588,0.44901110030829405,4.422524031251669,15.551641881465912,0.2452530821632918,1.8053183439722997,0.6601053398831748,0.0,0.14675743756715823,0.17408216809669644,0.03816149458289146,0.06169470027089119,0.03816149458289146,0.28785546123981476,0.704139843583107,64,0.06430179568689862,0.6601053398831748
station_wake_L5,Hard-switch stage-aware SAC,strict_hard_switch_v1,hard_switch_v1,4,95,9095,1250095,station_wake,5,0.0,0.0,0.1,1,1,0,0,1,0,72,0.25,1,42,0.30120089650154114,0.23305359673689421,0.7174825668334961,0.4890346747224554,4.856696501374245,16.405919790267944,0.45805652750796444,2.3051007601108373,0.0,1.5,0.10109145029293043,0.11382661075417823,0.06025228798389435,0.06733031570911407,0.06025228798389435,0.06681829690933228,0.07282853126525879,76,0.08563865681630317,4.1771370831574055
station_wake_L5,Hard-switch stage-aware SAC,strict_hard_switch_v1,hard_switch_v1,4,96,9096,1250096,station_wake,5,0.0,0.0,0.1,1,1,0,0,1,0,52,0.25,1,35,0.17223510146141052,0.13520109313705198,0.44431179761886597,0.3195499063447523,1.9838295876979828,8.484961465001106,0.3130266099528083,1.9018530607670714,2.3569975372811425,0.0,0.15700552227536738,0.18082241020541467,0.02056841552257538,0.03002437762916088,0.02056841552257538,0.15043693780899048,0.28234943747520447,56,0.05763612220426571,2.062376687102408
station_wake_L5,Hard-switch stage-aware SAC,strict_hard_switch_v1,hard_switch_v1,4,97,9097,1250097,station_wake,5,0.0,0.0,0.1,1,1,0,0,1,0,54,0.25,1,37,0.10510830581188202,0.0760420813857297,0.6474963575601578,0.3179007789767839,5.212128311395645,17.11194172501564,0.3593390572693221,2.186491259064101,0.9192520017818616,0.0,0.15937780293627068,0.18905751093833603,0.021951846219599246,0.03992640972137451,0.021951846219599246,0.22918696701526642,0.27281204238533974,58,0.06675406429908667,0.6041133700581144
station_wake_L5,Hard-switch stage-aware SAC,strict_hard_switch_v1,hard_switch_v1,4,98,9098,1250098,station_wake,5,0.0,0.0,0.1,1,1,0,0,1,0,77,0.25,1,56,0.12801173329353333,0.0750175164713037,0.6387525796890259,0.4761000358944531,5.8557990193367,11.866711974143982,0.36392487649476835,1.8888157546407967,0.0,0.35000000000000003,0.14798798026367205,0.16615943606606795,0.03965131938457489,0.04034397006034851,0.03965131938457489,0.017318665981292725,0.03163829445838928,81,0.08148073352479214,2.5293580013166492
station_wake_L5,Hard-switch stage-aware SAC,strict_hard_switch_v1,hard_switch_v1,4,99,9099,1250099,station_wake,5,0.0,0.0,0.1,1,1,0,0,1,0,37,0.25,1,22,0.931468665599823,0.6963709843340459,1.512211561203003,1.1617332070300406,4.264839142560959,18.451805114746094,0.4665621493258716,2.4569365211798724,2.353473159669416,0.15000000000000002,0.2032635025665753,0.24745718734500835,0.02967069298028946,0.06143239885568619,0.02967069298028946,0.34887775778770447,0.41612401604652405,41,0.06518850303390675,2.339204040719613
station_wake_L5,Smooth stage-aware SAC,strict_two_stage_v3_v1,two_stage_v3,0,0,9000,1250000,station_wake,5,0.0,0.0,0.1,1,1,0,0,1,0,44,0.25,1,32,0.26039549708366394,0.18315910409726677,0.47927647829055786,0.3292299597397232,2.994660437107086,10.798755064606667,0.630633005681223,2.320753499462423,1.2054443985248005,0.0,0.1692189967971011,0.24719501783526565,0.0076263461261987684,0.017712267115712166,0.0076263461261987684,0.22362635657191277,0.4498244449496269,48,0.06028357711044527,1.2054443985248005
station_wake_L5,Smooth stage-aware SAC,strict_two_stage_v3_v1,two_stage_v3,0,1,9001,1250001,station_wake,5,0.0,0.0,0.1,1,1,0,0,1,0,43,0.25,1,28,0.7565546631813049,0.564173048808989,1.691960096359253,0.9637920537014406,5.8536057732999325,24.746034145355225,0.4234392158269926,3.0330185862212136,3.643190459886244,0.05,0.13840401788779585,0.17199919779226583,0.12340770512819291,0.14450964331626892,0.12340770512819291,0.19913214445114136,0.31854256987571716,47,0.08573801795765006,0.5361221986043695
station_wake_L5,Smooth stage-aware SAC,strict_two_stage_v3_v1,two_stage_v3,0,2,9002,1250002,station_wake,5,0.0,0.0,0.1,1,1,0,0,1,0,42,0.25,1,27,0.35074037313461304,0.3089221462817163,0.9672412276268005,0.49814326994109487,3.0511513724923134,15.950276553630829,0.313437047943451,2.492269187078682,0.0,0.30000000000000004,0.13680641551007663,0.19859039279613974,0.08300364464521408,0.09017451107501984,0.08300364464521408,0.16375784575939178,0.31954504549503326,46,0.08017593387234985,2.7106903457137905
station_wake_L5,Smooth stage-aware SAC,strict_two_stage_v3_v1,two_stage_v3,0,3,9003,1250003,station_wake,5,0.0,0.0,0.1,1,1,0,0,1,0,58,0.25,1,44,0.1954350620508194,0.18969775215301732,0.15235215425491333,0.06240723701117572,1.045516636222601,4.379634410142899,0.2562233906585622,0.9417527821350685,0.8117567770769084,0.0,0.13229475195774604,0.2007186443068155,0.02789679281413555,0.033368710428476334,0.02789679281413555,0.15612943097949028,0.32674727961421013,62,0.05942164785342128,0.4100505135434213
station_wake_L5,Smooth stage-aware SAC,strict_two_stage_v3_v1,two_stage_v3,0,4,9004,1250004,station_wake,5,0.0,0.0,0.1,1,1,0,0,1,0,62,0.25,1,42,0.27358320355415344,0.19537606300503907,0.58174729347229,0.3169520089548559,2.002282445318997,9.324098229408264,0.2592445512008219,1.694656447688467,0.0,0.55,0.11380004977842187,0.13059674113160025,0.0773158460855484,0.08996672928333282,0.0773158460855484,0.12870308756828308,0.17774179577827454,66,0.08390142995480261,0.853253057770792
station_wake_L5,Smooth stage-aware SAC,strict_two_stage_v3_v1,two_stage_v3,0,5,9005,1250005,station_wake,5,0.0,0.0,0.1,1,1,0,0,1,0,68,0.25,1,39,0.08423889428377151,0.04401107812861141,0.28036512434482574,0.2345858221512129,1.1077416315674782,3.1393587961792946,0.1780800679117491,1.0131129268732568,0.17387431143201632,0.0,0.1199091570392333,0.12545731470029628,0.00818359749391675,0.011452567763626575,0.00818359749391675,0.032889215275645256,0.041893236339092255,72,0.08949042203078714,0.7441964945102562
station_wake_L5,Smooth stage-aware SAC,strict_two_stage_v3_v1,two_stage_v3,0,6,9006,1250006,station_wake,5,0.0,0.0,0.1,1,1,0,0,1,0,30,0.25,0,-1,nan,nan,nan,nan,nan,nan,nan,nan,0.0,nan,0.14301460935439675,0.1649580268789026,0.0773896723985672,0.09084092825651169,0.0773896723985672,0.1186857521533966,0.16003280878067017,34,0.074916708767743,2.7446863316470598
station_wake_L5,Smooth stage-aware SAC,strict_two_stage_v3_v1,two_stage_v3,0,7,9007,1250007,station_wake,5,0.0,0.0,0.1,1,1,0,0,1,0,69,0.25,1,44,0.1585189551115036,0.08045615947705018,0.5822241306304932,0.47305568606664494,1.3876309990882874,8.434933423995972,0.10624375322370881,0.6783184943716399,0.0,0.0,0.13065502820473304,0.1411454488858749,0.05381379276514053,0.05653652176260948,0.05381379276514053,0.04383981227874756,0.09489446878433228,73,0.08625292574070033,0.49225909728051787
station_wake_L5,Smooth stage-aware SAC,strict_two_stage_v3_v1,two_stage_v3,0,8,9008,1250008,station_wake,5,0.0,0.0,0.1,1,1,0,0,1,0,39,0.25,1,25,0.05239295959472656,0.022884106334160617,0.4661637917160988,0.2583606656163916,1.9998722523450851,7.474584132432938,0.27921709305240267,1.9128026307774617,0.3204462489978025,0.0,0.1073449088121615,0.16024276517442682,0.020115878991782667,0.045191727578639984,0.020115878991782667,0.4481457695364952,0.9551583230495453,43,0.059717304015094126,0.16177228343981154
station_wake_L5,Smooth stage-aware SAC,strict_two_stage_v3_v1,two_stage_v3,0,9,9009,1250009,station_wake,5,0.0,0.0,0.1,1,1,0,0,1,0,52,0.25,1,25,0.07970137894153595,0.06771840298007611,0.5077957734465599,0.24385229179716028,1.7566746473312378,9.284915030002594,0.23311058984530242,1.746879645263257,0.0,0.0,0.1386387837244293,0.15203875005007972,0.02886461578309536,0.0342731773853302,0.02886461578309536,0.04888039827346802,0.08961427956819534,56,0.08869292731545307,0.5443155974831816
station_wake_L5,Smooth stage-aware SAC,strict_two_stage_v3_v1,two_stage_v3,0,10,9010,1250010,station_wake,5,0.0,0.0,0.1,1,1,0,0,1,0,32,0.25,0,-1,nan,nan,nan,nan,nan,nan,nan,nan,0.0,nan,0.1082403366904318,0.13844774325290665,0.14583370983600616,0.20141449570655823,0.14583370983600616,0.5424409806728363,0.6227558851242065,36,0.06578767048443901,3.260480446538443
station_wake_L5,Smooth stage-aware SAC,strict_two_stage_v3_v1,two_stage_v3,0,11,9011,1250011,station_wake,5,0.0,0.0,0.1,1,1,0,0,1,0,47,0.25,1,30,0.7040919661521912,0.5072701520091187,1.136089563369751,0.9148671950041999,2.1130505204200745,12.01537162065506,0.27975969757801017,2.0913867947764224,0.0,0.2,0.15366774828320903,0.18875565331576313,0.03191844634711742,0.03369620442390442,0.03191844634711742,0.028122618794441223,0.061452388763427734,51,0.07400729759335477,0.7446028907658719
station_wake_L5,Smooth stage-aware SAC,strict_two_stage_v3_v1,two_stage_v3,0,12,9012,1250012,station_wake,5,0.0,0.0,0.1,1,1,0,0,1,0,57,0.25,1,41,0.2699139714241028,0.2240662779759656,1.5615616738796234,0.7659023117705516,3.366020619869232,20.804227590560913,0.21440027867218162,1.4739913917724818,0.0,0.1,0.11760799784595262,0.1436972455509621,0.006131387455388904,0.013594882562756538,0.006131387455388904,0.11684484966099262,0.37564005702733994,61,0.08434524515522837,0.2680581644552758
station_wake_L5,Smooth stage-aware SAC,strict_two_stage_v3_v1,two_stage_v3,0,13,9013,1250013,station_wake,5,0.0,0.0,0.1,1,1,0,0,1,0,57,0.25,1,43,0.09590046852827072,0.06608385979245646,1.1604155600070953,0.5067765089250335,3.3820657432079315,19.859208315610886,0.21774969371419783,1.414386019014735,0.0,0.4,0.13086090108758325,0.207094869792267,0.08768247663974763,0.0973743349313736,0.08768247663974763,0.09345990419387817,0.16106247901916504,61,0.07508294756178277,2.522474664737157
station_wake_L5,Smooth stage-aware SAC,strict_two_stage_v3_v1,two_stage_v3,0,14,9014,1250014,station_wake,5,0.0,0.0,0.1,1,1,0,0,1,0,55,0.25,1,36,0.2915971279144287,0.2536855249560205,0.806790292263031,0.40104272807696445,2.872191220521927,19.477830231189728,0.2227933914886976,1.605183546081458,0.7039405334809646,0.30000000000000004,0.14353505764703417,0.15631682971078373,0.06030316278338432,0.0786186084151268,0.06030316278338432,0.1908690482378006,0.27171090245246887,59,0.08724661983397633,0.7039405334809646
station_wake_L5,Smooth stage-aware SAC,strict_two_stage_v3_v1,two_stage_v3,0,15,9015,1250015,station_wake,5,0.0,0.0,0.1,1,1,0,0,1,0,65,0.25,1,34,0.4652279317378998,0.34873228419371693,0.9203088283538818,0.6152007728096618,5.299938470125198,14.1477370262146,0.31713444976654975,1.6062120755499993,0.0,0.75,0.10571590077404844,0.11115695128146276,0.028893424943089486,0.03354054316878319,0.028893424943089486,0.04673810303211212,0.05600154399871826,69,0.09289203689876278,2.1874628505713174
station_wake_L5,Smooth stage-aware SAC,strict_two_stage_v3_v1,two_stage_v3,0,16,9016,1250016,station_wake,5,0.0,0.0,0.1,1,1,0,0,1,0,44,0.25,1,22,1.374437689781189,1.191501990969067,2.5412774085998535,1.684628816748924,11.166918277740479,37.18964338302612,0.562481552355529,3.5441654453279097,0.0,0.9,0.15366886578900232,0.1793658364329048,0.10410736799240113,0.110203817486763,0.10410736799240113,0.07080823183059692,0.13931751251220703,48,0.07459073619235423,2.518111027631165
station_wake_L5,Smooth stage-aware SAC,strict_two_stage_v3_v1,two_stage_v3,0,17,9017,1250017,station_wake,5,0.0,0.0,0.1,1,1,0,0,1,0,55,0.25,1,31,0.33555901050567627,0.16724916616740948,1.0500448942184448,0.8111340427349049,2.2755270451307297,9.307904168963432,0.13298941489539687,0.9103989893112062,0.0,0.0,0.11966104217631386,0.12766327303980926,0.015528823249042034,0.0173722542822361,0.015528823249042034,0.01907781884074211,0.03747373819351196,59,0.08662452037556784,0.8019088715933665
station_wake_L5,Smooth stage-aware SAC,strict_two_stage_v3_v1,two_stage_v3,0,18,9018,1250018,station_wake,5,0.0,0.0,0.1,1,1,0,0,1,0,64,0.25,1,33,0.2619330883026123,0.1563625089434388,0.6614944338798523,0.4430136818874497,1.7790042608976364,9.110970869660378,0.26785344497693525,1.6822098239101992,0.0,0.9,0.14359653382390344,0.14997544999296317,0.04930816069245338,0.06357001513242722,0.04930816069245338,0.14660397171974182,0.19946634769439697,68,0.08724716522227782,1.0626081742286146
station_wake_L5,Smooth stage-aware SAC,strict_two_stage_v3_v1,two_stage_v3,0,19,9019,1250019,station_wake,5,0.0,0.0,0.1,1,1,0,0,1,0,47,0.25,1,30,0.16805775463581085,0.13739261408497055,0.4058802127838135,0.22324333312192662,3.0749957263469696,17.668362855911255,0.43979473794272606,2.333804023561938,0.0,0.8500000000000001,0.09596122487018265,0.11404741671555334,0.10722082853317261,0.1266787350177765,0.10722082853317261,0.19310066103935242,0.22479772567749023,51,0.07461493539954238,3.717385524179623
station_wake_L5,Smooth stage-aware SAC,strict_two_stage_v3_v1,two_stage_v3,0,20,9020,1250020,station_wake,5,0.0,0.0,0.1,1,1,0,0,1,0,63,0.25,1,19,1.0576122999191284,0.8346873302886351,1.9753992557525635,1.2953414221237018,8.017779514193535,39.346027970314026,0.5383406647096951,3.5504074824513903,2.107451453312849,0.65,0.081258628513899,0.0824311314378142,0.014989490061998368,0.018804144114255905,0.014989490061998368,0.03826453909277916,0.04587385803461075,67,0.09814267844877428,2.107451453312849
station_wake_L5,Smooth stage-aware SAC,strict_two_stage_v3_v1,two_stage_v3,0,21,9021,1250021,station_wake,5,0.0,0.0,0.1,1,1,0,0,1,0,59,0.25,1,43,0.21334180235862732,0.1390335293769006,0.5588792264461517,0.3259571657131865,3.8887549936771393,8.802540889009833,0.26620872099539317,1.450575997235421,0.04054970251929508,0.35000000000000003,0.118135245497594,0.14304490419393645,0.03893629424273968,0.058707140386104584,0.03893629424273968,0.20506039261817932,0.32344117760658264,63,0.06754103920313007,0.04054970251929508
station_wake_L5,Smooth stage-aware SAC,strict_two_stage_v3_v1,two_stage_v3,0,22,9022,1250022,station_wake,5,0.0,0.0,0.1,1,1,0,0,1,0,35,0.25,1,19,0.1063806340098381,0.06263767785656672,0.42836643755435944,0.2964635146980019,1.3523387908935547,7.3051356337964535,0.5116878638061476,2.376827946174453,0.0,0.0,0.1727288531688282,0.22538742390386374,0.09782076030969619,0.1095493882894516,0.09782076030969619,0.2866140753030777,0.515117272734642,39,0.0671432222055983,1.5991632894324868
station_wake_L5,Smooth stage-aware SAC,strict_two_stage_v3_v1,two_stage_v3,0,23,9023,1250023,station_wake,5,0.0,0.0,0.1,1,1,0,0,1,0,66,0.25,1,43,0.3613670766353607,0.2981731382373189,0.8497902750968933,0.5213894170074936,2.2785019874572754,17.335945814847946,0.152759739187336,1.352421703449286,1.5028132259057019,0.30000000000000004,0.09164214947080544,0.0982851308088031,0.07711255103349686,0.08044253289699554,0.07711255103349686,0.1027102917432785,0.25604210793972015,70,0.09120799834493035,0.08172618828675123
station_wake_L5,Smooth stage-aware SAC,strict_two_stage_v3_v1,two_stage_v3,0,24,9024,1250024,station_wake,5,0.0,0.0,0.1,1,1,0,0,1,0,57,0.25,1,36,0.7170445919036865,0.5406333676134645,1.1973053216934204,0.9374428147661205,4.7808679938316345,20.411097407341003,0.2508579024721842,1.4862626772006378,0.0,0.55,0.16665019092904315,0.18799933307856265,0.11339742243289948,0.15009649097919464,0.11339742243289948,0.3020658493041992,0.4003909230232239,61,0.07510130313676001,0.1170064765676075
station_wake_L5,Smooth stage-aware SAC,strict_two_stage_v3_v1,two_stage_v3,0,25,9025,1250025,station_wake,5,0.0,0.0,0.1,1,1,0,0,1,0,32,0.25,1,21,0.4953020513057709,0.361259252035249,0.8919620513916016,0.5903163166240698,3.574717193841934,12.643092572689056,0.4734461627821914,2.734892301109687,0.0,0.55,0.2914960805659653,0.4122638466561615,0.2651092767715454,0.369955837726593,0.2651092767715454,1.019792914390564,1.1645174026489258,36,0.05843313586985947,1.8030316295526736
station_wake_L5,Smooth stage-aware SAC,strict_two_stage_v3_v1,two_stage_v3,0,26,9026,1250026,station_wake,5,0.0,0.0,0.1,1,1,0,0,1,0,43,0.25,1,24,0.6083327531814575,0.4560039238315726,1.27297043800354,0.7015583957813591,2.5466280430555344,13.024791181087494,0.29223062244052445,1.7186843726804835,0.130147040159198,0.45,0.1286778977867031,0.1485948130657331,0.08128413110971451,0.09910199791193008,0.08128413110971451,0.17223548889160156,0.18354088068008423,47,0.0700182290248711,0.130147040159198
station_wake_L5,Smooth stage-aware SAC,strict_two_stage_v3_v1,two_stage_v3,0,27,9027,1250027,station_wake,5,0.0,0.0,0.1,1,1,0,0,1,0,38,0.25,1,20,0.1576491892337799,0.13181375236241497,0.35932034254074097,0.2254552637651989,4.998372346162796,16.535021103918552,0.38553585966533854,2.2278373876918565,0.0,0.65,0.1582102736550773,0.18356852514668492,0.09999418705701828,0.1118558794260025,0.09999418705701828,0.11403393745422363,0.1492883265018463,42,0.07323255281389815,1.716125369770489
station_wake_L5,Smooth stage-aware SAC,strict_two_stage_v3_v1,two_stage_v3,0,28,9028,1250028,station_wake,5,0.0,0.0,0.1,1,1,0,0,1,0,47,0.25,1,27,0.6155972480773926,0.4450978174402891,0.9006404876708984,0.7008165278452236,0.8398891985416412,3.9267882704734802,0.24277277683513862,1.3158170830611566,0.0,0.30000000000000004,0.12554128350510838,0.13833494906911856,0.02002682611346245,0.025117449462413788,0.02002682611346245,0.0601341649889946,0.09992744773626328,51,0.08797576615676064,0.24769112731967954
station_wake_L5,Smooth stage-aware SAC,strict_two_stage_v3_v1,two_stage_v3,0,29,9029,1250029,station_wake,5,0.0,0.0,0.1,1,1,0,0,1,0,45,0.25,1,24,0.7956740856170654,0.5786988133159036,1.015952229499817,0.9284850127698795,2.7484863996505737,9.574138075113297,0.5466031124805193,2.0195863523935564,0.0,0.7000000000000001,0.14874360507587608,0.163446762557696,0.06307242661714554,0.0745820626616478,0.06307242661714554,0.11480911076068878,0.18467426300048828,49,0.07495273983014934,2.008852336558426
station_wake_L5,Smooth stage-aware SAC,strict_two_stage_v3_v1,two_stage_v3,0,30,9030,1250030,station_wake,5,0.0,0.0,0.1,1,1,0,0,1,0,47,0.25,1,32,0.18120701611042023,0.12736484046091015,0.3269314765930176,0.25837171926408,0.73379747569561,4.233730509877205,0.2631370760079505,1.4271377194209622,0.0,0.0,0.14839014479459167,0.18371652300182048,0.018906827457249163,0.031280919909477234,0.018906827457249163,0.10837266594171524,0.16282415017485619,51,0.058757057428952104,2.2730995489415258
station_wake_L5,Smooth stage-aware SAC,strict_two_stage_v3_v1,two_stage_v3,0,31,9031,1250031,station_wake,5,0.0,0.0,0.1,1,1,0,0,1,0,60,0.25,1,41,0.260176420211792,0.15199571690948296,0.8871275186538696,0.5181081024246353,2.4188637733459473,13.533659055829048,0.2774069650213533,1.4276645149815033,0.6569689490328167,0.0,0.12830325112430652,0.14965578246073996,0.01892956756055355,0.03008231893181801,0.01892956756055355,0.10272610560059547,0.1312943547964096,64,0.08660686069768947,0.6569689490328167
station_wake_L5,Smooth stage-aware SAC,strict_two_stage_v3_v1,two_stage_v3,0,32,9032,1250032,station_wake,5,0.0,0.0,0.1,1,1,0,0,1,0,59,0.25,1,42,0.16211217641830444,0.11779758976613368,1.155940294265747,0.6733467323450105,4.2607855796813965,20.503663420677185,0.3783181566654194,2.4348538567561797,0.6257282507385602,0.0,0.1562528637254772,0.17797317701054227,0.00786892995238304,0.01736268773674965,0.00786892995238304,0.08964533545076847,0.15781648457050323,63,0.08095654770835937,0.09533686766241563
station_wake_L5,Smooth stage-aware SAC,strict_two_stage_v3_v1,two_stage_v3,0,33,9033,1250033,station_wake,5,0.0,0.0,0.1,1,1,0,0,1,0,35,0.25,0,-1,nan,nan,nan,nan,nan,nan,nan,nan,0.0,nan,0.12143931656345026,0.13280062430721695,0.19885977804660798,0.26483073830604553,0.19885977804660798,0.6428643465042114,0.8297783136367798,39,0.057986403891718795,2.665763068900739
station_wake_L5,Smooth stage-aware SAC,strict_two_stage_v3_v1,two_stage_v3,0,34,9034,1250034,station_wake,5,0.0,0.0,0.1,1,1,0,0,1,0,38,0.25,1,21,1.477018117904663,1.3501298028758846,2.4678850173950195,1.1864174528072269,18.217896223068237,33.24104189872742,0.920742536549033,3.75465136148664,3.3123205151217823,0.4,0.14768118571582328,0.19785115822831462,0.10282133370637894,0.12481464445590973,0.10282133370637894,0.4819287955760956,1.3316147029399872,42,0.06150121873067505,1.6848245337950247
station_wake_L5,Smooth stage-aware SAC,strict_two_stage_v3_v1,two_stage_v3,0,35,9035,1250035,station_wake,5,0.0,0.0,0.1,1,1,0,0,1,0,58,0.25,1,41,0.33311790227890015,0.19335958359532468,1.0181543976068497,0.837406465804531,1.5161406993865967,9.14511114358902,0.5771390985852517,2.4938087385395855,0.0,0.0,0.15687985650978753,0.19575208168544367,0.010748642776161433,0.023970920592546463,0.010748642776161433,0.16270291805267334,0.19916191697120667,62,0.08648710390386892,0.539311630142501
station_wake_L5,Smooth stage-aware SAC,strict_two_stage_v3_v1,two_stage_v3,0,36,9036,1250036,station_wake,5,0.0,0.0,0.1,1,1,0,0,1,0,34,0.25,1,13,1.282886028289795,1.0299555445715185,1.4836859703063965,1.2101154797076215,0.7019543647766113,1.357048749923706,0.37205152377263473,2.476675250289106,0.0,1.05,0.11732601555303172,0.1361911133387556,0.2682638853788376,0.34079644083976746,0.2682638853788376,0.7308517694473267,0.9716212749481201,38,0.05478106463982899,1.7421503114989416
station_wake_L5,Smooth stage-aware SAC,strict_two_stage_v3_v1,two_stage_v3,0,37,9037,1250037,station_wake,5,0.0,0.0,0.1,1,1,0,0,1,0,59,0.25,1,30,0.7291505932807922,0.3910792239174386,2.3323214054107666,1.4918040935275212,3.0443185567855835,19.677484072744846,0.4351024798496191,2.261045671591519,0.0,0.9500000000000001,0.11620863871499029,0.12508041240873152,0.08417468667030334,0.09689705073833466,0.08417468667030334,0.1319560706615448,0.18195226788520813,63,0.08976320867364126,0.09762660187027646
station_wake_L5,Smooth stage-aware SAC,strict_two_stage_v3_v1,two_stage_v3,0,38,9038,1250038,station_wake,5,0.0,0.0,0.1,1,1,0,0,1,0,59,0.25,1,45,0.2413046658039093,0.19211357671215218,0.8804531395435333,0.5390062509889846,4.7667161375284195,12.122875861823559,0.24607388853183512,1.2613337344585207,0.0,0.7000000000000001,0.15394057594377009,0.19768813726902373,0.13149986714124678,0.14658065140247345,0.13149986714124678,0.16549018025398254,0.2238328754901886,63,0.06905073831643217,3.248104570649203
station_wake_L5,Smooth stage-aware SAC,strict_two_stage_v3_v1,two_stage_v3,0,39,9039,1250039,station_wake,5,0.0,0.0,0.1,1,1,0,0,1,0,64,0.25,1,47,0.19124741852283478,0.08947376159264338,0.7930794358253479,0.486472947118959,2.571657747030258,11.868658512830734,0.1605505251220544,1.2160426298535794,0.0,0.0,0.15665660347405624,0.1875442665973366,0.05235759392380714,0.06875773519277573,0.05235759392380714,0.16702765226364136,0.2471359819173813,68,0.08098729508937953,0.34030707840245084
station_wake_L5,Smooth stage-aware SAC,strict_two_stage_v3_v1,two_stage_v3,0,40,9040,1250040,station_wake,5,0.0,0.0,0.1,1,1,0,0,1,0,64,0.25,1,45,0.27924397587776184,0.22326407686399807,0.5504843592643738,0.32989340436019693,3.235952779650688,14.824324995279312,0.3724285299760989,1.687913935665313,0.2885630059934623,0.2,0.16085722143750164,0.18601808697626918,0.003537827683612704,0.007836933247745037,0.003537827683612704,0.04959210008382797,0.0663670152425766,68,0.0778452716459587,0.24176705879260418
station_wake_L5,Smooth stage-aware SAC,strict_two_stage_v3_v1,two_stage_v3,0,41,9041,1250041,station_wake,5,0.0,0.0,0.1,1,1,0,0,1,0,49,0.25,1,38,0.33355090022087097,0.17544789472789313,1.2972670793533325,1.080160702768265,1.62295401096344,8.624832034111023,0.28335212604365423,2.0547027339322868,0.0,0.0,0.1849674527482389,0.3043633960949027,0.02058301754295826,0.04976724088191986,0.02058301754295826,0.48134637624025345,0.7353604584932327,53,0.05643412544305692,0.9924966025635511
station_wake_L5,Smooth stage-aware SAC,strict_two_stage_v3_v1,two_stage_v3,0,42,9042,1250042,station_wake,5,0.0,0.0,0.1,1,1,0,0,1,0,36,0.25,1,5,0.7693024277687073,0.49215636996714396,1.994565725326538,1.6378395530863379,19.61185574531555,20.691144466400146,1.77288641339298,3.163664321537071,0.0,1.4500000000000002,0.10917880562786438,0.11247465751500817,0.11969570815563202,0.14300809800624847,0.11969570815563202,0.24255937337875366,0.3469708561897278,40,0.08812925775386989,2.5067556246926075
station_wake_L5,Smooth stage-aware SAC,strict_two_stage_v3_v1,two_stage_v3,0,43,9043,1250043,station_wake,5,0.0,0.0,0.1,1,1,0,0,1,0,64,0.25,1,40,0.16567370295524597,0.13492964260653542,0.43510809540748596,0.30099534239142434,1.6279598884284496,11.250855922698975,0.10357541499432309,0.8040806175674633,0.2758050663975247,0.65,0.11753731128174989,0.1311998493139398,0.1098940908908844,0.1203337088227272,0.1098940908908844,0.10963064432144165,0.1430933177471161,68,0.08740041087847757,0.2758050663975247
station_wake_L5,Smooth stage-aware SAC,strict_two_stage_v3_v1,two_stage_v3,0,44,9044,1250044,station_wake,5,0.0,0.0,0.1,1,1,0,0,1,0,38,0.25,1,19,1.2030799388885498,1.0566479881616921,2.038137912750244,1.369184540247643,11.080644428730011,33.18509101867676,0.5629779562599021,2.988256783789787,5.379849726179319,0.7000000000000001,0.15441444578629232,0.18180606356540835,0.10023566484451293,0.14513878524303436,0.10023566484451293,0.44285717606544495,0.6594851613044739,42,0.0843660380100851,1.0342703596924665
station_wake_L5,Smooth stage-aware SAC,strict_two_stage_v3_v1,two_stage_v3,0,45,9045,1250045,station_wake,5,0.0,0.0,0.1,1,1,0,0,1,0,64,0.25,1,41,0.40378883481025696,0.34409137460563277,0.40816009044647217,0.2931602922259133,1.4782369509339333,6.8728964030742645,0.1795265321294217,1.3410118335191605,1.6869026188500011,0.2,0.1377244830277073,0.15416177086451527,0.025943905487656592,0.02927238866686821,0.025943905487656592,0.08701693639159203,0.1981043629348278,68,0.08490351138567062,1.2937455110015486
station_wake_L5,Smooth stage-aware SAC,strict_two_stage_v3_v1,two_stage_v3,0,46,9046,1250046,station_wake,5,0.0,0.0,0.1,1,1,0,0,1,0,46,0.25,1,33,0.15605628490447998,0.08959992908340159,0.889216959476471,0.4004966259360907,2.634487748146057,14.260337352752686,0.3059658340156924,1.9731835166815608,0.0,0.35000000000000003,0.15763953308885947,0.22050611227598418,0.10222840905189515,0.14064885675907135,0.10222840905189515,0.3305341601371765,0.4829894006252289,50,0.05444592461055975,0.840555842825444
station_wake_L5,Smooth stage-aware SAC,strict_two_stage_v3_v1,two_stage_v3,0,47,9047,1250047,station_wake,5,0.0,0.0,0.1,1,1,0,0,1,0,70,0.25,1,53,0.1146777793765068,0.08745392649038378,0.2482903003692627,0.17639283714964762,1.8683506548404694,7.213757485151291,0.1272785832065698,0.8277979878931363,0.0,0.05,0.10901191024848304,0.12546060932159686,0.06571013405919075,0.07319556921720505,0.06571013405919075,0.08510582149028778,0.1289714127779007,74,0.07583515606804057,0.7020570554564807
station_wake_L5,Smooth stage-aware SAC,strict_two_stage_v3_v1,two_stage_v3,0,48,9048,1250048,station_wake,5,0.0,0.0,0.1,1,1,0,0,1,0,67,0.25,1,33,0.13947615027427673,0.09182428729794796,0.9911748766899109,0.6434221813632978,2.084330916404724,11.779988408088684,0.5145874943815552,1.9683171554343726,0.0,0.5,0.10566890994881584,0.10952173342351641,0.023491816967725752,0.0256032794713974,0.023491816967725752,0.021140538156032562,0.023417025804519653,71,0.09149320783215345,0.0695909031429823
station_wake_L5,Smooth stage-aware SAC,strict_two_stage_v3_v1,two_stage_v3,0,49,9049,1250049,station_wake,5,0.0,0.0,0.1,1,1,0,0,1,0,35,0.25,1,18,0.30407124757766724,0.18296000868612483,1.0824817419052124,0.6291756298344142,4.634118862450123,19.448640942573547,0.6592444428868818,2.9737267963186182,2.232647753582125,0.0,0.18359264296186573,0.20402764624179157,0.0233950212597847,0.025979962199926376,0.0233950212597847,0.07158738002181053,0.17058001831173897,39,0.07454021772560185,1.8686821271943668
station_wake_L5,Smooth stage-aware SAC,strict_two_stage_v3_v1,two_stage_v3,0,50,9050,1250050,station_wake,5,0.0,0.0,0.1,1,1,0,0,1,0,36,0.25,1,19,1.2725310325622559,1.1294937496314803,0.988011360168457,0.8171144975554484,8.419122993946075,20.13883501291275,0.5886486810887813,2.1270798322869133,0.0,0.6000000000000001,0.11315238995308033,0.1256204770537553,0.08515509441494942,0.1440344601869583,0.08515509441494942,0.4900690019130707,0.772889256477356,40,0.06381754145553549,0.4580511620395668
station_wake_L5,Smooth stage-aware SAC,strict_two_stage_v3_v1,two_stage_v3,0,51,9051,1250051,station_wake,5,0.0,0.0,0.1,1,1,0,0,1,0,65,0.25,1,42,0.37832313776016235,0.20645272827804978,1.1313605308532715,0.7879668075267574,1.8505820631980896,6.25945657491684,0.14700836651519164,0.7993462475820367,0.0,0.8500000000000001,0.1366635772395629,0.1708967105133296,0.1314723461866379,0.14015062153339386,0.1314723461866379,0.19867444038391113,0.3173685073852539,69,0.08094842900855027,1.5778274860126593
station_wake_L5,Smooth stage-aware SAC,strict_two_stage_v3_v1,two_stage_v3,0,52,9052,1250052,station_wake,5,0.0,0.0,0.1,1,1,0,0,1,0,60,0.25,1,43,0.10346388816833496,0.07827733920486611,0.37250816822052,0.20042286205426166,2.528960183262825,12.355224266648293,0.3106123222801558,1.863421677626445,0.0,0.0,0.13085151703065542,0.14198945027422885,0.04582385718822479,0.05295667052268982,0.04582385718822479,0.06453265249729156,0.10695628821849823,64,0.083675298237463,1.4697641816678315
station_wake_L5,Smooth stage-aware SAC,strict_two_stage_v3_v1,two_stage_v3,0,53,9053,1250053,station_wake,5,0.0,0.0,0.1,1,1,0,0,1,0,63,0.25,1,36,0.28378891944885254,0.15755617213467088,0.9568768739700317,0.590213591571393,3.593299388885498,11.546874940395355,0.1951966358609393,1.2242821072398096,0.0,0.25,0.11070463638615147,0.12000977069967038,0.003556976071558893,0.007225543260574341,0.003556976071558893,0.055550255347043276,0.1139446347951889,67,0.08870811090076598,0.803161624336682
station_wake_L5,Smooth stage-aware SAC,strict_two_stage_v3_v1,two_stage_v3,0,54,9054,1250054,station_wake,5,0.0,0.0,0.1,1,1,0,0,1,0,56,0.25,1,34,0.17052361369132996,0.11128008322611598,1.4419057965278625,0.8333104551440754,2.2540655732154846,11.155638098716736,0.20435577184586792,1.4520692547310101,0.0,1.1,0.10207818588873843,0.11630764891268856,0.11650477051734924,0.13245630264282227,0.11650477051734924,0.15375319123268127,0.20297080278396606,60,0.07765334701213829,3.5338147987254214
station_wake_L5,Smooth stage-aware SAC,strict_two_stage_v3_v1,two_stage_v3,0,55,9055,1250055,station_wake,5,0.0,0.0,0.1,1,1,0,0,1,0,67,0.25,1,44,0.3403418958187103,0.26091277553470027,0.6983864307403564,0.412735459110346,2.7445197105407715,15.117327868938446,0.20126082623566974,1.6187180013467246,0.0,0.55,0.09060234438147124,0.09475707988342862,0.00514878211542964,0.005580878350883722,0.00514878211542964,0.011094092391431332,0.030748224817216396,71,0.09554940346531106,2.343569598816309
station_wake_L5,Smooth stage-aware SAC,strict_two_stage_v3_v1,two_stage_v3,0,56,9056,1250056,station_wake,5,0.0,0.0,0.1,1,1,0,0,1,0,58,0.25,1,46,0.7956631183624268,0.5846393560395919,1.475977897644043,1.1471708317651212,9.019589126110077,29.16150987148285,0.480654880271113,2.4073908896754985,0.0,0.15000000000000002,0.22145192703755642,0.30687499149935554,0.025172650814056396,0.02972280979156494,0.025172650814056396,0.1162375807762146,0.34596335142850876,62,0.043504033668452756,0.3773330803258404
station_wake_L5,Smooth stage-aware SAC,strict_two_stage_v3_v1,two_stage_v3,0,57,9057,1250057,station_wake,5,0.0,0.0,0.1,1,1,0,0,1,0,38,0.25,1,21,1.1134198904037476,0.9549858007825847,1.6098010540008545,1.1631098265006474,6.6866567730903625,24.4489586353302,0.4059101378176653,2.608620152237543,0.0,0.8500000000000001,0.12441991669004404,0.15730843625640073,0.20173134207725524,0.23054035007953644,0.20173134207725524,0.30586522817611694,0.37659555673599243,42,0.05232250943460095,2.123095361276529
station_wake_L5,Smooth stage-aware SAC,strict_two_stage_v3_v1,two_stage_v3,0,58,9058,1250058,station_wake,5,0.0,0.0,0.1,1,1,0,0,1,0,54,0.25,1,39,0.19303090870380402,0.12186201226795144,0.8637456595897675,0.750995386817908,1.8418440222740173,9.028204679489136,0.24222723158187012,1.5374936044023721,0.1645999817561968,0.35000000000000003,0.12392786040060752,0.1434914441568637,0.07801227271556854,0.10428659617900848,0.07801227271556854,0.25904378294944763,0.28789058327674866,58,0.06880477973841807,0.1645999817561968
station_wake_L5,Smooth stage-aware SAC,strict_two_stage_v3_v1,two_stage_v3,0,59,9059,1250059,station_wake,5,0.0,0.0,0.1,1,1,0,0,1,0,30,0.25,1,14,0.1964724212884903,0.17484835680744154,0.36915212869644165,0.23186222603732057,4.30797278881073,19.78130971081555,0.4725868293525375,2.5125153748019198,0.702250275104798,0.0,0.14982103333215718,0.18281699883161995,0.03362397663295269,0.03909187391400337,0.03362397663295269,0.1055077463388443,0.1772794872522354,34,0.07435358628080588,0.17489310351583248
station_wake_L5,Smooth stage-aware SAC,strict_two_stage_v3_v1,two_stage_v3,0,60,9060,1250060,station_wake,5,0.0,0.0,0.1,1,1,0,0,1,0,64,0.25,1,36,0.9569203853607178,0.595278967154887,2.018716335296631,1.5353765007485285,5.979606360197067,24.986992329359055,0.3355582786657934,2.6109491083347853,0.2808136494519804,0.1,0.13093946109313087,0.13652316117436655,0.015588020533323288,0.02108474262058735,0.015588020533323288,0.05119400471448898,0.07461436092853546,68,0.08459039583726757,0.2808136494519804
station_wake_L5,Smooth stage-aware SAC,strict_two_stage_v3_v1,two_stage_v3,0,61,9061,1250061,station_wake,5,0.0,0.0,0.1,1,1,0,0,1,0,67,0.25,1,51,0.2961880564689636,0.23972362423952112,0.7682040333747864,0.4772412331855357,4.289471060037613,14.906037747859955,0.23503060949766558,1.1367813587424458,1.0914752217037331,0.0,0.12718934668231185,0.1541519114479698,0.03549341708421707,0.040831901133060455,0.03549341708421707,0.07148675620555878,0.16010232269763947,71,0.06858552915371893,1.0914752217037331
station_wake_L5,Smooth stage-aware SAC,strict_two_stage_v3_v1,two_stage_v3,0,62,9062,1250062,station_wake,5,0.0,0.0,0.1,1,1,0,0,1,0,42,0.25,1,28,0.7375545501708984,0.45367585914017905,1.5816450119018555,1.2030245200872929,3.4526848793029785,11.925218999385834,0.5551357983895997,2.33034560050058,0.9287924953919,0.1,0.15215473729075787,0.18490475571318382,0.04199138134717941,0.05984960123896599,0.04199138134717941,0.19541893899440765,0.333552286028862,46,0.05788615443100974,0.9287924953919
station_wake_L5,Smooth stage-aware SAC,strict_two_stage_v3_v1,two_stage_v3,0,63,9063,1250063,station_wake,5,0.0,0.0,0.1,1,1,0,0,1,0,45,0.25,1,28,0.1716230809688568,0.08612758677457213,0.5861189961433411,0.3817954461128345,2.389582544565201,10.140304416418076,0.3791780161085952,2.1333729991040755,2.2561327187129794,0.05,0.13559848571154828,0.164626392687451,0.05223418548703194,0.09006986021995544,0.05223418548703194,0.35137230157852173,0.3921503573656082,49,0.08798757257383964,2.2561327187129794
station_wake_L5,Smooth stage-aware SAC,strict_two_stage_v3_v1,two_stage_v3,0,64,9064,1250064,station_wake,5,0.0,0.0,0.1,1,1,0,0,1,0,59,0.25,1,40,0.14414364099502563,0.08644839853557848,0.8552585542201996,0.4845159784705704,3.9484498649835587,20.530838519334793,0.35255475708315176,2.0283670507835674,0.9698808857262868,0.0,0.15335602501236587,0.18388008757816124,0.024888348951935767,0.028998155146837234,0.024888348951935767,0.05867660045623779,0.10043051093816757,63,0.07344290506780717,0.2875256710132666
station_wake_L5,Smooth stage-aware SAC,strict_two_stage_v3_v1,two_stage_v3,0,65,9065,1250065,station_wake,5,0.0,0.0,0.1,1,1,0,0,1,0,47,0.25,1,24,1.2671618461608887,0.9075817713174751,2.457611560821533,1.9526676842315978,8.821325600147247,35.60296416282654,0.5002609561233693,2.8571139662505636,0.0,0.8500000000000001,0.1248562086230641,0.1355810097883512,0.07034219428896904,0.08289169520139694,0.07034219428896904,0.11961789429187775,0.13937488198280334,51,0.08773394122364647,2.2219143247448616
station_wake_L5,Smooth stage-aware SAC,strict_two_stage_v3_v1,two_stage_v3,0,66,9066,1250066,station_wake,5,0.0,0.0,0.1,1,1,0,0,1,0,35,0.25,1,20,0.8520355820655823,0.5133990231272684,1.930774450302124,1.376249193756522,6.409656032919884,22.58346162736416,0.49770348078941795,2.491474306602802,0.0,0.4,0.23108180061980294,0.2908780106545124,0.08991851508617402,0.1019567996263504,0.08991851508617402,0.200167715549469,0.42236462235450745,39,0.06031107955003698,2.316866760812733
station_wake_L5,Smooth stage-aware SAC,strict_two_stage_v3_v1,two_stage_v3,0,67,9067,1250067,station_wake,5,0.0,0.0,0.1,1,1,0,0,1,0,74,0.25,1,55,0.15310406684875488,0.12989559576474227,0.44184252619743347,0.2434829448308607,2.6121450029313564,13.244756609201431,0.1822846834838614,1.1904861184692233,0.0,0.0,0.14832273094946807,0.1717598060566361,0.012934385053813457,0.015350286848843098,0.012934385053813457,0.03585576266050339,0.07460789754986763,78,0.07460508136018795,0.37448233012100635
station_wake_L5,Smooth stage-aware SAC,strict_two_stage_v3_v1,two_stage_v3,0,68,9068,1250068,station_wake,5,0.0,0.0,0.1,1,1,0,0,1,0,50,0.25,1,39,0.2359941452741623,0.13051930212419127,1.045999526977539,0.7723985738523366,3.5351016372442245,14.29623931646347,0.372576871212308,1.6893649462256848,0.0,0.55,0.26922698572107917,0.38790004215452306,0.28722554743289946,0.3980688154697418,0.28722554743289946,1.0272473692893982,1.1275482177734375,54,0.005169451265073982,1.6210175468990002
station_wake_L5,Smooth stage-aware SAC,strict_two_stage_v3_v1,two_stage_v3,0,69,9069,1250069,station_wake,5,0.0,0.0,0.1,1,1,0,0,1,0,49,0.25,1,30,0.5671811103820801,0.4274932264533046,0.8566558361053467,0.6278493225035814,3.8910794258117676,17.478720471262932,0.3645077148029285,2.077815766456084,2.5636459778369365,0.4,0.18914128798023971,0.22547182236474686,0.04151182100176811,0.08159810304641724,0.04151182100176811,0.5745954811573029,0.6749232858419418,53,0.069245189614334,2.431997710122937
station_wake_L5,Smooth stage-aware SAC,strict_two_stage_v3_v1,two_stage_v3,0,70,9070,1250070,station_wake,5,0.0,0.0,0.1,1,1,0,0,1,0,54,0.25,1,24,0.09506432712078094,0.068026235791159,0.5707338452339172,0.40563069087720777,6.328765004873276,20.896217226982117,0.4375561031546393,2.4673512402325515,1.4424147168489252,0.0,0.09970124093157316,0.1054382898462488,0.006853719428181648,0.008370084688067436,0.006853719428181648,0.030125588178634644,0.04521986469626427,58,0.09031076606615654,1.4424147168489252
station_wake_L5,Smooth stage-aware SAC,strict_two_stage_v3_v1,two_stage_v3,0,71,9071,1250071,station_wake,5,0.0,0.0,0.1,1,1,0,0,1,0,36,0.25,1,19,0.2603187561035156,0.14637592439183486,1.3439103960990906,0.9052487118123486,5.539862923324108,28.6738783121109,0.5595695213446685,2.8905440932770388,0.200143018876687,0.35000000000000003,0.1297934935456843,0.1423519609137938,0.02935788221657276,0.04222436249256134,0.02935788221657276,0.1250566691160202,0.21288827061653137,40,0.07490631669083897,0.200143018876687
station_wake_L5,Smooth stage-aware SAC,strict_two_stage_v3_v1,two_stage_v3,0,72,9072,1250072,station_wake,5,0.0,0.0,0.1,1,1,0,0,1,0,51,0.25,1,27,0.5558987855911255,0.49360006687252156,0.7238328456878662,0.34768464277951067,2.1003100275993347,11.430255025625229,0.4130328519499678,2.158726201635609,0.0,0.35000000000000003,0.1037564682035668,0.12007795923774085,0.042062314599752425,0.04781550541520119,0.042062314599752425,0.06745050847530365,0.08184798061847687,55,0.09086797684767328,1.3812307360375973
station_wake_L5,Smooth stage-aware SAC,strict_two_stage_v3_v1,two_stage_v3,0,73,9073,1250073,station_wake,5,0.0,0.0,0.1,1,1,0,0,1,0,47,0.25,1,23,0.07461638748645782,0.04533865927420814,0.8301348984241486,0.33368554752099594,6.497886627912521,20.35598948597908,0.48442684346590587,2.5404874387684164,0.0,0.0,0.11248460632724575,0.12331464992126531,0.038967306911945346,0.04052811115980148,0.038967306911945346,0.032322824001312256,0.047972723841667175,51,0.08585383925626008,0.02367646722671905
station_wake_L5,Smooth stage-aware SAC,strict_two_stage_v3_v1,two_stage_v3,0,74,9074,1250074,station_wake,5,0.0,0.0,0.1,1,1,0,0,1,0,50,0.25,1,39,0.17771559953689575,0.15523534162174227,0.36067262291908264,0.22727878142971222,1.6208533570170403,8.75072032213211,0.2765747419686898,1.801736453513576,1.8434253683041288,0.0,0.19168235427665772,0.31011005674324243,0.08378183692693711,0.10285000503063202,0.08378183692693711,0.39498355984687805,0.6040279567241669,54,0.05252535755903115,0.46486331524130253
station_wake_L5,Smooth stage-aware SAC,strict_two_stage_v3_v1,two_stage_v3,0,75,9075,1250075,station_wake,5,0.0,0.0,0.1,1,1,0,0,1,0,78,0.25,1,48,0.2514687478542328,0.21796924317775448,0.3098908066749573,0.21931161981729008,1.6262634098529816,5.212009325623512,0.14358250228775668,0.7722046281929105,0.25134421130857854,0.35000000000000003,0.06832949122322947,0.06979112948127238,0.016521075554192067,0.019513040781021118,0.016521075554192067,0.030509930104017258,0.03642220050096512,82,0.09521031719712138,0.25134421130857854
station_wake_L5,Smooth stage-aware SAC,strict_two_stage_v3_v1,two_stage_v3,0,76,9076,1250076,station_wake,5,0.0,0.0,0.1,1,1,0,0,1,0,50,0.25,1,38,0.08702970296144485,0.06190203320118572,0.5738211795687675,0.44236211019415855,2.968045510351658,13.733604550361633,0.3583200452083323,1.9367006791856474,0.0,0.45,0.19153319989752685,0.27159130705189655,0.14811437502503394,0.24913077056407928,0.14811437502503394,0.9500408917665482,1.0599561035633087,54,0.06928222325051107,0.66639674452155
station_wake_L5,Smooth stage-aware SAC,strict_two_stage_v3_v1,two_stage_v3,0,77,9077,1250077,station_wake,5,0.0,0.0,0.1,1,1,0,0,1,0,65,0.25,1,47,0.2539192736148834,0.1424200400600418,0.6208139657974243,0.49106291839959537,2.0215776562690735,7.82319188117981,0.17055519624080878,0.9484763176461927,0.0,0.0,0.1594815906691412,0.18594313214549368,0.013276658765971661,0.022635240107774734,0.013276658765971661,0.0785885602235794,0.1508888229727745,69,0.059746332498649905,0.14363328869602784
station_wake_L5,Smooth stage-aware SAC,strict_two_stage_v3_v1,two_stage_v3,0,78,9078,1250078,station_wake,5,0.0,0.0,0.1,1,1,0,0,1,0,79,0.25,1,62,0.1919441968202591,0.14306489609949127,0.8294934034347534,0.5384985786485,3.0155149102211,11.194945722818375,0.20183672019443472,1.1532175241846199,0.0,0.15000000000000002,0.14456894869526762,0.1617482267531519,0.05405730977654457,0.06858242303133011,0.05405730977654457,0.13730590045452118,0.1934632658958435,83,0.06357492253322088,0.7120914571208757
station_wake_L5,Smooth stage-aware SAC,strict_two_stage_v3_v1,two_stage_v3,0,79,9079,1250079,station_wake,5,0.0,0.0,0.1,1,1,0,0,1,0,40,0.25,1,24,1.374214768409729,1.1392629992358816,2.2170913219451904,1.6574070053289955,10.328822135925293,34.69350814819336,0.5376816263002481,2.5679798743943465,3.799931775393812,0.2,0.19844625837046306,0.23986421848295975,0.09369152784347534,0.10110726207494736,0.09369152784347534,0.08683314919471741,0.1568359136581421,44,0.06744053021510732,1.799446634012063
station_wake_L5,Smooth stage-aware SAC,strict_two_stage_v3_v1,two_stage_v3,0,80,9080,1250080,station_wake,5,0.0,0.0,0.1,1,1,0,0,1,0,33,0.25,1,15,0.4890185594558716,0.287519393200123,1.1293363571166992,0.8853378454142762,4.696247577667236,16.298963725566864,0.4867894488917737,2.347112477570993,0.0,0.0,0.09701096415640427,0.11883916882270444,0.052864892035722734,0.05465010181069374,0.052864892035722734,0.04368491470813751,0.10524407029151917,37,0.07602684569689692,2.1330981733160126
station_wake_L5,Smooth stage-aware SAC,strict_two_stage_v3_v1,two_stage_v3,0,81,9081,1250081,station_wake,5,0.0,0.0,0.1,1,1,0,0,1,0,49,0.25,1,34,0.46200865507125854,0.41008043526537213,0.6556886434555054,0.5112636018315209,3.601607382297516,14.480234980583191,0.5612236130988724,2.41452610444233,0.6740967689545344,0.35000000000000003,0.20977260280449764,0.2707506966121368,0.10332489311695099,0.14314138889312744,0.10332489311695099,0.3815557658672333,0.485294908285141,53,0.06969565250334253,0.6740967689545344
station_wake_L5,Smooth stage-aware SAC,strict_two_stage_v3_v1,two_stage_v3,0,82,9082,1250082,station_wake,5,0.0,0.0,0.1,1,1,0,0,1,0,49,0.25,1,30,0.4221363067626953,0.28010919057247374,1.03912353515625,0.7340264800656278,2.825562283396721,16.81187242269516,0.3137969821670196,1.5851905749485966,0.02929841660988704,0.1,0.07946672364401616,0.10094767441572501,0.038578621298074725,0.06513436883687973,0.038578621298074725,0.27191197872161865,0.3835369646549225,53,0.07914149648758995,0.02929841660988704
station_wake_L5,Smooth stage-aware SAC,strict_two_stage_v3_v1,two_stage_v3,0,83,9083,1250083,station_wake,5,0.0,0.0,0.1,1,1,0,0,1,0,43,0.25,1,29,0.8708050847053528,0.5996593373704696,1.3953101634979248,1.1076893689797986,1.2931346893310547,7.083380818367004,0.19106061285255949,1.5655589184789693,0.6971889982081128,0.25,0.1315295633670829,0.18803349858008356,0.0317674046382308,0.07229851186275482,0.0317674046382308,0.3955951817333698,0.5236316472291946,47,0.07699827177044967,0.6724932219643152
station_wake_L5,Smooth stage-aware SAC,strict_two_stage_v3_v1,two_stage_v3,0,84,9084,1250084,station_wake,5,0.0,0.0,0.1,1,1,0,0,1,0,41,0.25,1,22,0.31294283270835876,0.2157122421047196,1.584281176328659,1.183882803062575,7.654929608106613,27.06055223941803,0.4820954227177689,2.8720281280118525,0.0,0.25,0.1625407905987646,0.19237361230611028,0.025366754084825516,0.04229869693517685,0.025366754084825516,0.19152485579252243,0.23977503180503845,45,0.08110559678168298,3.360818059880046
station_wake_L5,Smooth stage-aware SAC,strict_two_stage_v3_v1,two_stage_v3,0,85,9085,1250085,station_wake,5,0.0,0.0,0.1,1,1,0,0,1,0,62,0.25,1,44,0.42360469698905945,0.26001119725920147,0.9203612804412842,0.8032933310186896,6.629393696784973,17.200225591659546,0.3418185614823964,1.1629874907800044,0.8955668267309614,0.0,0.18072013819865956,0.21167522329703997,0.011874152068048715,0.02111806347966194,0.011874152068048715,0.17648638039827347,0.2604422904551029,66,0.08014208519403838,0.7635944985573568
station_wake_L5,Smooth stage-aware SAC,strict_two_stage_v3_v1,two_stage_v3,0,86,9086,1250086,station_wake,5,0.0,0.0,0.1,1,1,0,0,1,0,31,0.25,1,10,1.1180694103240967,0.8659626181056738,1.6612398624420166,1.3140995590705877,1.4950311183929443,4.347087144851685,0.46190166578492314,2.9784094453251164,0.0,1.05,0.12233393665722925,0.1464401606406151,0.1737458735704422,0.198613703250885,0.1737458735704422,0.2812711000442505,0.43876469135284424,35,0.03806397556261777,2.9912533859201695
station_wake_L5,Smooth stage-aware SAC,strict_two_stage_v3_v1,two_stage_v3,0,87,9087,1250087,station_wake,5,0.0,0.0,0.1,1,1,0,0,1,0,61,0.25,1,41,0.19501322507858276,0.11979643990339367,1.0385938733816147,0.7777956108973738,7.4955736100673676,20.861414074897766,0.39055455750963725,1.9086531819596275,0.0,0.0,0.09568410312864922,0.11166731443411315,0.05560578405857086,0.062242597341537476,0.05560578405857086,0.11808693408966064,0.16128182411193848,65,0.0921520209903575,1.965179893561953
station_wake_L5,Smooth stage-aware SAC,strict_two_stage_v3_v1,two_stage_v3,0,88,9088,1250088,station_wake,5,0.0,0.0,0.1,1,1,0,0,1,0,48,0.25,1,33,0.14628088474273682,0.06368436967319865,0.8698207139968872,0.5305984792615124,2.422729954123497,8.971201628446579,0.20520899874169682,0.9884952771581419,0.0,0.4,0.08141498576319535,0.11646472141301552,0.07996897026896477,0.11357664316892624,0.07996897026896477,0.2830152213573456,0.40680602192878723,52,0.07041498815307938,1.8491552566875349
station_wake_L5,Smooth stage-aware SAC,strict_two_stage_v3_v1,two_stage_v3,0,89,9089,1250089,station_wake,5,0.0,0.0,0.1,1,1,0,0,1,0,54,0.25,1,39,0.5429381728172302,0.4116018225219696,1.2162619829177856,0.9423637760193176,5.244716107845306,26.835336089134216,0.32455787353590876,2.0432968402027187,2.8698220139874517,0.0,0.15839861767897206,0.2153277352149356,0.06940565332770347,0.07859019190073013,0.06940565332770347,0.11547236144542694,0.2090037614107132,58,0.06221329293251861,0.9792879772040985
station_wake_L5,Smooth stage-aware SAC,strict_two_stage_v3_v1,two_stage_v3,0,90,9090,1250090,station_wake,5,0.0,0.0,0.1,1,1,0,0,1,0,31,0.25,0,-1,nan,nan,nan,nan,nan,nan,nan,nan,0.0,nan,0.09662644420672875,0.10072071629122031,0.2161724179983139,0.29954078793525696,0.2161724179983139,0.8329249620437622,1.0563445091247559,35,0.0890848037060792,2.0123353061483096
station_wake_L5,Smooth stage-aware SAC,strict_two_stage_v3_v1,two_stage_v3,0,91,9091,1250091,station_wake,5,0.0,0.0,0.1,1,1,0,0,1,0,55,0.25,1,39,0.5488103628158569,0.2891436416512048,1.530812382698059,1.3781031061942748,2.3571497201919556,10.09196937084198,0.3101701133856398,1.7916183059399096,0.2573787901619906,0.2,0.11959586130338411,0.1430025313984287,0.02830555960536003,0.05726395547389984,0.02830555960536003,0.2826753407716751,0.44440507888793945,59,0.07475566837597862,0.2573787901619906
station_wake_L5,Smooth stage-aware SAC,strict_two_stage_v3_v1,two_stage_v3,0,92,9092,1250092,station_wake,5,0.0,0.0,0.1,1,1,0,0,1,0,60,0.25,1,42,0.2949250340461731,0.25480416402465966,0.650596022605896,0.4081966030657692,2.3908841609954834,15.025362074375153,0.17355689602268662,1.142940936583646,0.0,0.1,0.10932675263351022,0.12083343981000022,0.019745265319943427,0.027076557278633118,0.019745265319943427,0.07411841303110123,0.10605365037918091,64,0.08250639865630591,0.09017507892920411
station_wake_L5,Smooth stage-aware SAC,strict_two_stage_v3_v1,two_stage_v3,0,93,9093,1250093,station_wake,5,0.0,0.0,0.1,1,1,0,0,1,0,61,0.25,1,49,0.20343591272830963,0.15355553215087075,1.111423447728157,0.6648744565294263,5.5208612233400345,17.07485482096672,0.30577012366077894,2.0330899517583965,0.0,0.35000000000000003,0.15150232156699034,0.21743790026250864,0.09399362057447433,0.12333345413208008,0.09399362057447433,0.2583976686000824,0.4192453622817993,65,0.06626181719283317,1.7630969008577841
station_wake_L5,Smooth stage-aware SAC,strict_two_stage_v3_v1,two_stage_v3,0,94,9094,1250094,station_wake,5,0.0,0.0,0.1,1,1,0,0,1,0,60,0.25,1,44,0.2979561388492584,0.21649130359948002,1.0002628713846207,0.7576616356306055,3.2578861713409424,11.354954093694687,0.28003849760952426,1.5567778851968836,0.0,0.5,0.12880296164552021,0.15372488953964902,0.10244350731372834,0.13386330008506775,0.10244350731372834,0.3100823163986206,0.40663301944732666,64,0.061996084099171685,0.44545960158294257
station_wake_L5,Smooth stage-aware SAC,strict_two_stage_v3_v1,two_stage_v3,0,95,9095,1250095,station_wake,5,0.0,0.0,0.1,1,1,0,0,1,0,60,0.25,1,43,0.173863023519516,0.1252067112448038,0.40093228220939636,0.28243740838516845,1.5789997577667236,6.2091779708862305,0.3298536961862955,1.9523499842270202,0.0,0.5,0.0834844238880081,0.10812939306234513,0.0945687398314476,0.12369251251220703,0.0945687398314476,0.25643685460090637,0.31807348132133484,64,0.08401529124946731,0.9175139320815049
station_wake_L5,Smooth stage-aware SAC,strict_two_stage_v3_v1,two_stage_v3,0,96,9096,1250096,station_wake,5,0.0,0.0,0.1,1,1,0,0,1,0,46,0.25,1,32,0.05677507445216179,0.029452073244789292,0.5014578253030777,0.2688021001336259,4.384960830211639,18.66872128099203,0.4266352474550163,2.3389166913733517,0.0,0.0,0.111392419537041,0.1601594903993154,0.004060745984315872,0.01250653900206089,0.004060745984315872,0.13488562777638435,0.32966073602437973,50,0.0703232905848979,0.9506535830475836
station_wake_L5,Smooth stage-aware SAC,strict_two_stage_v3_v1,two_stage_v3,0,97,9097,1250097,station_wake,5,0.0,0.0,0.1,1,1,0,0,1,0,64,0.25,1,36,0.07607129216194153,0.04800672983555509,0.4198990948498249,0.25306139038861436,2.433047294616699,9.101599585264921,0.4219431018231313,1.966583142917328,1.7190324690359757,0.0,0.07430261993861134,0.07652762683494685,0.0806446135044098,0.09696395695209503,0.0806446135044098,0.16407760977745056,0.17130538821220398,68,0.09521510992362366,1.7190324690359757
station_wake_L5,Smooth stage-aware SAC,strict_two_stage_v3_v1,two_stage_v3,0,98,9098,1250098,station_wake,5,0.0,0.0,0.1,1,1,0,0,1,0,67,0.25,1,55,0.16314347088336945,0.11642840041276864,0.3830452263355255,0.2365396443944356,3.141102120280266,12.407565861940384,0.2250563058761332,1.545485380875963,0.1596197066341997,0.35000000000000003,0.2651735668047152,0.36772189890273027,0.14409350454807282,0.2032904326915741,0.14409350454807282,0.5814611315727234,0.6822502613067627,71,0.0685428998573508,0.1596197066341997
station_wake_L5,Smooth stage-aware SAC,strict_two_stage_v3_v1,two_stage_v3,0,99,9099,1250099,station_wake,5,0.0,0.0,0.1,1,1,0,0,1,0,41,0.25,1,22,0.7463071346282959,0.5530574886066291,1.0071444511413574,0.8444301393532594,1.9496548175811768,11.56014010310173,0.24193781240888979,2.0126323359703457,0.7710058407762025,0.45,0.08990023731863832,0.10910771610152312,0.05767521932721138,0.07774457335472107,0.05767521932721138,0.2236378788948059,0.3965984284877777,45,0.09213705912930738,0.7710058407762025
station_wake_L5,Smooth stage-aware SAC,strict_two_stage_v3_v1,two_stage_v3,1,0,9000,1250000,station_wake,5,0.0,0.0,0.1,1,1,0,0,1,0,49,0.25,1,34,0.07601230591535568,0.05206812373470721,0.42837001383304596,0.27388016643174745,4.700255841016769,14.39111202955246,0.3406507868550475,1.6842135907205489,0.0,0.0,0.13126902800715276,0.17926177935934987,0.029266355186700822,0.03014395572245121,0.029266355186700822,0.02317306399345398,0.04461158066987991,53,0.0607616105591284,1.1278111877579662
station_wake_L5,Smooth stage-aware SAC,strict_two_stage_v3_v1,two_stage_v3,1,1,9001,1250001,station_wake,5,0.0,0.0,0.1,1,1,0,0,1,0,43,0.25,1,28,0.7228748202323914,0.4445458317092273,1.5319764614105225,1.1733918891625092,2.8479254245758057,13.613872975111008,0.34387362662332766,2.8904024017692582,0.0,0.35000000000000003,0.18702149532676482,0.25493257551296944,0.07085802853107452,0.07537779957056046,0.07085802853107452,0.052081942558288574,0.14440655708312988,47,0.06314468009109366,1.7044318724680156
station_wake_L5,Smooth stage-aware SAC,strict_two_stage_v3_v1,two_stage_v3,1,2,9002,1250002,station_wake,5,0.0,0.0,0.1,1,1,0,0,1,0,48,0.25,1,28,0.36102959513664246,0.32381903781519544,0.3888106346130371,0.2765313972753844,1.64387047290802,9.707303568720818,0.1871226634288248,1.451902128532574,0.0,0.15000000000000002,0.13031784908586597,0.14588092190181043,0.026620033383369445,0.03210695460438728,0.026620033383369445,0.059303320944309235,0.08139219135046005,52,0.07390234330113941,0.8684297381065603
station_wake_L5,Smooth stage-aware SAC,strict_two_stage_v3_v1,two_stage_v3,1,3,9003,1250003,station_wake,5,0.0,0.0,0.1,1,1,0,0,1,0,58,0.25,1,44,0.15466436743736267,0.08434590080470358,0.7366760075092316,0.4062350480028036,2.879774272441864,9.020709991455078,0.16570122219392855,1.0029201139287724,0.0,0.7000000000000001,0.15370918507073056,0.20093199869907669,0.14540470093488694,0.16432611644268036,0.14540470093488694,0.18624916672706604,0.26010289788246155,62,0.05876762349437362,3.2857211971728137
station_wake_L5,Smooth stage-aware SAC,strict_two_stage_v3_v1,two_stage_v3,1,4,9004,1250004,station_wake,5,0.0,0.0,0.1,1,1,0,0,1,0,62,0.25,1,39,0.25146761536598206,0.1187587052675637,1.168472170829773,0.6668498508945128,1.8319350481033325,7.049497365951538,0.18995293761920745,1.1890528808382719,0.0,0.7000000000000001,0.13580217670388484,0.1477182672177974,0.06257943287491799,0.07925090193748474,0.06257943287491799,0.16605190932750702,0.19247949123382568,66,0.08639617949475684,0.7166481004317733
station_wake_L5,Smooth stage-aware SAC,strict_two_stage_v3_v1,two_stage_v3,1,5,9005,1250005,station_wake,5,0.0,0.0,0.1,1,1,0,0,1,0,61,0.25,1,40,0.12016697227954865,0.10440815548649877,0.29145583510398865,0.2026610889501231,3.378404825925827,9.852207005023956,0.3307408874904024,1.5249198816476812,2.934891518662871,0.0,0.15574491163603763,0.16707932971989703,0.04606775566935539,0.05214183032512665,0.04606775566935539,0.06661547720432281,0.08048310875892639,65,0.08405064872037349,2.934891518662871
station_wake_L5,Smooth stage-aware SAC,strict_two_stage_v3_v1,two_stage_v3,1,6,9006,1250006,station_wake,5,0.0,0.0,0.1,1,1,0,0,1,0,43,0.25,0,-1,nan,nan,nan,nan,nan,nan,nan,nan,0.0,nan,0.11960459384256816,0.12739780133495773,0.013556413725018502,0.015974681824445724,0.013556413725018502,0.020436864346265793,0.03809191286563873,47,0.08787722160607998,0.09732171129707208
station_wake_L5,Smooth stage-aware SAC,strict_two_stage_v3_v1,two_stage_v3,1,7,9007,1250007,station_wake,5,0.0,0.0,0.1,1,1,0,0,1,0,65,0.25,1,45,0.12049432843923569,0.08022764725000377,1.0458671301603317,0.5945054547647125,5.219034254550934,13.529632687568665,0.2638944013479166,1.3117501214948133,0.9687061999107505,0.0,0.1546236443576992,0.18322791840915842,0.01880735494196415,0.02038654126226902,0.01880735494196415,0.01787746697664261,0.037095993757247925,69,0.0804691685362762,0.06492161507163233
station_wake_L5,Smooth stage-aware SAC,strict_two_stage_v3_v1,two_stage_v3,1,8,9008,1250008,station_wake,5,0.0,0.0,0.1,1,1,0,0,1,0,42,0.25,1,25,0.10057077556848526,0.058688743144204206,0.3894650936126709,0.2549444058033057,3.2883472740650177,13.878389447927475,0.4364058760462018,2.375392284927499,0.0,0.4,0.13218869751904488,0.17451891198740457,0.061393853276968,0.09332011640071869,0.061393853276968,0.2980494499206543,0.3798164427280426,46,0.06340296938802711,0.833975809333783
station_wake_L5,Smooth stage-aware SAC,strict_two_stage_v3_v1,two_stage_v3,1,9,9009,1250009,station_wake,5,0.0,0.0,0.1,1,1,0,0,1,0,56,0.25,1,28,0.05763990432024002,0.04337105586386495,0.23847628384828568,0.12537464628357517,1.9806776568293571,7.433737963438034,0.2334812915437901,1.1558296198650126,0.9797180656783977,0.6000000000000001,0.13928859836425755,0.1523029530402496,0.0361507348716259,0.0516083762049675,0.0361507348716259,0.15490862727165222,0.19255027174949646,60,0.08511717720405394,0.9797180656783977
station_wake_L5,Smooth stage-aware SAC,strict_two_stage_v3_v1,two_stage_v3,1,10,9010,1250010,station_wake,5,0.0,0.0,0.1,1,1,0,0,1,0,29,0.25,0,-1,nan,nan,nan,nan,nan,nan,nan,nan,0.0,nan,0.07581434391977752,0.09304026113232065,0.17658280581235886,0.2515820562839508,0.17658280581235886,0.8072783052921295,1.4735770225524902,33,0.03677802708768157,2.7712327156299605
station_wake_L5,Smooth stage-aware SAC,strict_two_stage_v3_v1,two_stage_v3,1,11,9011,1250011,station_wake,5,0.0,0.0,0.1,1,1,0,0,1,0,51,0.25,1,33,0.44628334045410156,0.4078053989235942,0.7362556457519531,0.4770454151851304,3.7623255141079426,18.248591423034668,0.31963472886139777,1.927582051910234,0.0,0.65,0.18197591941194308,0.2115579995041014,0.06786375567317009,0.08714623749256134,0.06786375567317009,0.19352604448795319,0.26073455810546875,55,0.07750592345665941,2.4351114226108166
station_wake_L5,Smooth stage-aware SAC,strict_two_stage_v3_v1,two_stage_v3,1,12,9012,1250012,station_wake,5,0.0,0.0,0.1,1,1,0,0,1,0,64,0.25,1,44,0.3811793923377991,0.3321140024354241,0.7180660963058472,0.5081692516430697,2.771158218383789,9.974450767040253,0.1454436673401331,0.8084667393736871,4.656756381770286,0.1,0.14197730265785083,0.15932082026845926,0.08436890691518784,0.09506829082965851,0.08436890691518784,0.10064134001731873,0.11264786124229431,68,0.07908338576582966,2.202358212490646
station_wake_L5,Smooth stage-aware SAC,strict_two_stage_v3_v1,two_stage_v3,1,13,9013,1250013,station_wake,5,0.0,0.0,0.1,1,1,0,0,1,0,63,0.25,1,48,0.36699506640434265,0.32838299323177333,0.542566180229187,0.3028989773473717,3.463749885559082,12.299072965979576,0.2140003030161953,1.198998061456317,1.241534584490619,0.15000000000000002,0.18343995287345113,0.24568581277760607,0.0587786003947258,0.0673028901219368,0.0587786003947258,0.2113112062215805,0.44392839074134827,67,0.055851061171335745,0.3113749040063793
station_wake_L5,Smooth stage-aware SAC,strict_two_stage_v3_v1,two_stage_v3,1,14,9014,1250014,station_wake,5,0.0,0.0,0.1,1,1,0,0,1,0,61,0.25,1,35,0.20181992650032043,0.13409110482809344,0.9171721339225769,0.4992310846441894,4.29117739200592,18.953042924404144,0.29102715031190635,1.5006552459809632,0.0,1.3,0.09994450609668219,0.10631209543248622,0.05343957245349884,0.06820902973413467,0.05343957245349884,0.14790500700473785,0.20462021231651306,65,0.07979507638343031,4.315097512881555
station_wake_L5,Smooth stage-aware SAC,strict_two_stage_v3_v1,two_stage_v3,1,15,9015,1250015,station_wake,5,0.0,0.0,0.1,1,1,0,0,1,0,57,0.25,1,36,0.4815994203090668,0.42638946566337205,0.705268383026123,0.44666388254960027,4.16965676471591,17.994536086916924,0.2473481714083043,1.6963798855148104,3.292366544348413,0.25,0.1471043284446686,0.1654013970350532,0.041974838450551034,0.053659867495298386,0.041974838450551034,0.1218169555068016,0.15528492629528046,61,0.08358534995793448,3.292366544348413
station_wake_L5,Smooth stage-aware SAC,strict_two_stage_v3_v1,two_stage_v3,1,16,9016,1250016,station_wake,5,0.0,0.0,0.1,1,1,0,0,1,0,40,0.25,1,18,1.3405927419662476,1.1777925690445752,1.103447675704956,0.8637788209114733,3.083021640777588,5.763372182846069,0.35838940585997214,1.98574567832164,0.0,0.7000000000000001,0.1114346289928014,0.13860475007528195,0.03404081612825394,0.03832213208079338,0.03404081612825394,0.0782102644443512,0.1773671805858612,44,0.09324104028082772,0.06319817958518092
station_wake_L5,Smooth stage-aware SAC,strict_two_stage_v3_v1,two_stage_v3,1,17,9017,1250017,station_wake,5,0.0,0.0,0.1,1,1,0,0,1,0,54,0.25,1,31,0.13383275270462036,0.055608993043134575,0.729687511920929,0.45597491200443485,1.858774721622467,11.380414217710495,0.215396291908665,1.5245660039760562,0.0,0.55,0.13306668468921268,0.14557996844787832,0.04130416661500931,0.04487818479537964,0.04130416661500931,0.03561100363731384,0.054516494274139404,58,0.0881701189805267,2.2311431909740183
station_wake_L5,Smooth stage-aware SAC,strict_two_stage_v3_v1,two_stage_v3,1,18,9018,1250018,station_wake,5,0.0,0.0,0.1,1,1,0,0,1,0,72,0.25,1,32,0.22284549474716187,0.18672970366689792,0.4649600386619568,0.30541409654405566,3.423297554254532,12.093311101198196,0.24173329137485491,1.5032307147269088,0.0,0.0,0.08389078813048978,0.08638923889625198,0.007152030616998673,0.007765181828290224,0.007152030616998673,0.006006175652146339,0.006851460784673691,76,0.09728293761859819,1.2775039614854928
station_wake_L5,Smooth stage-aware SAC,strict_two_stage_v3_v1,two_stage_v3,1,19,9019,1250019,station_wake,5,0.0,0.0,0.1,1,1,0,0,1,0,53,0.25,1,30,0.2712095379829407,0.18087270527969723,1.2464148551225662,0.9224368150357491,5.368371307849884,25.076700747013092,0.38072670968453615,2.482777085814337,6.2796652507391455,1.1500000000000001,0.05369989407918192,0.06652501970129876,0.08539527356624603,0.08911336213350296,0.08539527356624603,0.04005768895149231,0.05146324634552002,57,0.0505314172624643,3.9558620059374414
station_wake_L5,Smooth stage-aware SAC,strict_two_stage_v3_v1,two_stage_v3,1,20,9020,1250020,station_wake,5,0.0,0.0,0.1,1,1,0,0,1,0,35,0.25,1,20,1.0773371458053589,0.8753789629067005,1.7215704917907715,1.31446965251646,8.302475502714515,30.35788893699646,0.5916313235424234,3.1494823920195794,0.0,0.45,0.1965209775811024,0.24686979560291425,0.08921502828598023,0.12832102179527283,0.08921502828598023,0.3765503764152527,0.4677128791809082,39,0.06706352452275907,0.34194920528931
station_wake_L5,Smooth stage-aware SAC,strict_two_stage_v3_v1,two_stage_v3,1,21,9021,1250021,station_wake,5,0.0,0.0,0.1,1,1,0,0,1,0,58,0.25,1,42,0.4058835208415985,0.31307958460595736,1.5516650676727295,1.0428707069302527,5.006230473518372,16.919171512126923,0.33867811638509276,1.9815959614139766,0.6205778612175474,0.25,0.18629859896863282,0.23074057616629814,0.011464119609445333,0.026473598554730415,0.011464119609445333,0.2147890329360962,0.3258880600333214,62,0.07163723870287142,0.5754516551449195
station_wake_L5,Smooth stage-aware SAC,strict_two_stage_v3_v1,two_stage_v3,1,22,9022,1250022,station_wake,5,0.0,0.0,0.1,1,1,0,0,1,0,45,0.25,1,19,0.4159599244594574,0.22158668380700083,1.2023800611495972,1.0852927437376307,1.5884745121002197,7.975953221321106,0.3808440824399197,2.186829756853777,0.0,0.8,0.12132873451863042,0.13332820837763734,0.042944783717393874,0.05459131300449371,0.042944783717393874,0.11884920299053192,0.17152875661849976,49,0.08766197760434868,1.2197741354034872
station_wake_L5,Smooth stage-aware SAC,strict_two_stage_v3_v1,two_stage_v3,1,23,9023,1250023,station_wake,5,0.0,0.0,0.1,1,1,0,0,1,0,65,0.25,1,44,0.42423126101493835,0.3488129272766959,0.46718597412109375,0.31628364325045,2.734483852982521,12.667191177606583,0.16232381441511898,1.331385490692465,0.0,0.4,0.13956167639897427,0.15671269959534967,0.03452421240508556,0.044168535619974136,0.03452421240508556,0.10455929487943649,0.19687965512275696,69,0.08097563088803056,0.21985965391661141
station_wake_L5,Smooth stage-aware SAC,strict_two_stage_v3_v1,two_stage_v3,1,24,9024,1250024,station_wake,5,0.0,0.0,0.1,1,1,0,0,1,0,54,0.25,1,37,0.27551597356796265,0.23186884879954614,0.6164839863777161,0.32114870583242916,4.10948246717453,24.249407574534416,0.44899744041219636,2.49028454513994,0.0,0.05,0.1644348979204588,0.1972753978137125,0.028200918063521384,0.03427864983677864,0.028200918063521384,0.11659694090485573,0.21991143003106117,58,0.07755998369831814,0.6769643278280291
station_wake_L5,Smooth stage-aware SAC,strict_two_stage_v3_v1,two_stage_v3,1,25,9025,1250025,station_wake,5,0.0,0.0,0.1,1,1,0,0,1,0,31,0.25,1,21,0.5043060183525085,0.4659422315323604,0.9713757038116455,0.5537578443161745,4.1307054832577705,25.71553200483322,0.9949358413019487,3.8229847349609227,0.0,0.45,0.25483392789838044,0.3734654682983356,0.20327300131320952,0.24255797266960144,0.20327300131320952,0.37647944688796997,0.5873072147369385,35,0.04410044158973121,1.4097405859634653
station_wake_L5,Smooth stage-aware SAC,strict_two_stage_v3_v1,two_stage_v3,1,26,9026,1250026,station_wake,5,0.0,0.0,0.1,1,1,0,0,1,0,42,0.25,1,25,0.7552436590194702,0.5416214894718995,1.6336309909820557,1.0130095535213137,4.0861934423446655,17.508637011051178,0.2983958202226134,2.1775474322928807,4.247803074084004,0.0,0.18388179247506722,0.21008056366973335,0.08240379244089127,0.08982145041227341,0.08240379244089127,0.07670730352401733,0.1080089807510376,46,0.065458325246542,2.592362014098374
station_wake_L5,Smooth stage-aware SAC,strict_two_stage_v3_v1,two_stage_v3,1,27,9027,1250027,station_wake,5,0.0,0.0,0.1,1,1,0,0,1,0,40,0.25,1,20,0.3023947775363922,0.1964070934377947,0.924077033996582,0.49571848518736644,2.46286541223526,10.427644476294518,0.38655060912408634,1.7979172904777831,0.012628390284042132,0.0,0.1733861507900631,0.20132777265132298,0.009836944378912449,0.010692019946873188,0.009836944378912449,0.017190363258123398,0.025169160217046738,44,0.07855283087031252,0.17256275502881518
station_wake_L5,Smooth stage-aware SAC,strict_two_stage_v3_v1,two_stage_v3,1,28,9028,1250028,station_wake,5,0.0,0.0,0.1,1,1,0,0,1,0,49,0.25,1,27,0.41985177993774414,0.2716897206956343,0.8749884366989136,0.6105039216105428,1.43475741147995,7.7993011474609375,0.10003892350653078,0.8444073000691255,0.0,1.1,0.12070647125987952,0.14293674175959759,0.14834186434745789,0.1641317903995514,0.14834186434745789,0.14920687675476074,0.18087714910507202,53,0.07140175480847738,3.061484592617414
station_wake_L5,Smooth stage-aware SAC,strict_two_stage_v3_v1,two_stage_v3,1,29,9029,1250029,station_wake,5,0.0,0.0,0.1,1,1,0,0,1,0,46,0.25,1,26,1.1867096424102783,0.7696806163427891,2.3821473121643066,1.988111215135619,5.96721360925585,25.331029891967773,0.4620083895924058,3.175336434948712,0.0,0.7000000000000001,0.08779979871186913,0.10729939531609332,0.054246609658002855,0.056665174663066864,0.054246609658002855,0.022955119609832764,0.03156818449497223,50,0.07330722719199016,3.1064093081095265
station_wake_L5,Smooth stage-aware SAC,strict_two_stage_v3_v1,two_stage_v3,1,30,9030,1250030,station_wake,5,0.0,0.0,0.1,1,1,0,0,1,0,47,0.25,1,34,0.09954977035522461,0.07176694538069567,0.25380581617355347,0.13543184190808025,1.8493852019309998,9.28050294984132,0.28597285103029335,1.851887947948732,0.0,0.35000000000000003,0.1339861130772162,0.20103335040640122,0.06331816390156746,0.10006100684404373,0.06331816390156746,0.28795023262500763,0.45425280928611755,51,0.05980931356530458,2.5671746243168942
station_wake_L5,Smooth stage-aware SAC,strict_two_stage_v3_v1,two_stage_v3,1,31,9031,1250031,station_wake,5,0.0,0.0,0.1,1,1,0,0,1,0,55,0.25,1,42,0.27528122067451477,0.2601458077986373,0.5592313408851624,0.197050777706435,4.283421412110329,11.445385739207268,0.31307107934647516,1.6266919964061675,0.0,0.2,0.22800896522880337,0.3099815860842723,0.013047139160335064,0.022468917071819305,0.013047139160335064,0.21025130152702332,0.32450076192617416,59,0.06735150369310298,2.16991545426332
station_wake_L5,Smooth stage-aware SAC,strict_two_stage_v3_v1,two_stage_v3,1,32,9032,1250032,station_wake,5,0.0,0.0,0.1,1,1,0,0,1,0,64,0.25,1,43,0.3053736388683319,0.22155679047563331,0.48434317111968994,0.3654819491352433,1.1803287267684937,5.8269137144088745,0.1695360940454691,1.2947124508627574,0.0,0.65,0.1723511192400299,0.19439068154659264,0.07661999091506004,0.09689135104417801,0.07661999091506004,0.20796330273151398,0.2658414840698242,68,0.07583042958547606,0.6211058134960482
station_wake_L5,Smooth stage-aware SAC,strict_two_stage_v3_v1,two_stage_v3,1,33,9033,1250033,station_wake,5,0.0,0.0,0.1,1,1,0,0,1,0,34,0.25,0,-1,nan,nan,nan,nan,nan,nan,nan,nan,0.0,nan,0.08789081923865938,0.09891304249688335,0.22115792334079742,0.292621910572052,0.22115792334079742,0.7115163207054138,1.0004925727844238,38,0.06260475049639837,1.8791237788880237
station_wake_L5,Smooth stage-aware SAC,strict_two_stage_v3_v1,two_stage_v3,1,34,9034,1250034,station_wake,5,0.0,0.0,0.1,1,1,0,0,1,0,35,0.25,1,19,1.1719766855239868,1.1200122577958747,1.0867607593536377,0.6374030337954755,2.980600595474243,15.849989652633667,0.3309322026209497,2.371991114115517,0.0,0.8,0.1369957648576327,0.19048974664653365,0.22499722838401795,0.342187762260437,0.22499722838401795,1.1521486043930054,1.5023469924926758,39,0.051054140750083556,2.6149227692571606
station_wake_L5,Smooth stage-aware SAC,strict_two_stage_v3_v1,two_stage_v3,1,35,9035,1250035,station_wake,5,0.0,0.0,0.1,1,1,0,0,1,0,66,0.25,1,44,0.4248935878276825,0.3303235338899151,0.8315253257751465,0.5770902159494906,2.161874435842037,8.963831961154938,0.18860319392023125,1.2697168907547483,0.5853282687673166,0.0,0.17208464523838102,0.1904692688250953,0.008781118132174016,0.011333939619362354,0.008781118132174016,0.037181396037340164,0.06025973707437515,70,0.0804163425272989,0.4515422585648091
station_wake_L5,Smooth stage-aware SAC,strict_two_stage_v3_v1,two_stage_v3,1,36,9036,1250036,station_wake,5,0.0,0.0,0.1,1,1,0,0,1,0,37,0.25,1,12,1.2278482913970947,0.9692361196964553,1.5523314476013184,1.2626744331832889,0.9703242778778076,2.1533894538879395,0.522261385959137,2.6315849595820886,0.0,1.25,0.10292858879660952,0.11826314574244405,0.15922824442386627,0.197763130068779,0.15922824442386627,0.40050584077835083,0.5369779467582703,41,0.06700071412661872,3.188296659512221
station_wake_L5,Smooth stage-aware SAC,strict_two_stage_v3_v1,two_stage_v3,1,37,9037,1250037,station_wake,5,0.0,0.0,0.1,1,1,0,0,1,0,48,0.25,1,32,0.6911137700080872,0.465951185891662,1.1873435974121094,0.9229272653156648,1.5772980451583862,7.62058287858963,0.14407059741038855,1.2657826409268131,1.688651360720936,0.15000000000000002,0.23043646336483725,0.28417222835896616,0.021616045013070108,0.03331345319747925,0.021616045013070108,0.36544620990753174,0.5200567841529846,52,0.06704563220012096,1.49927380053346
station_wake_L5,Smooth stage-aware SAC,strict_two_stage_v3_v1,two_stage_v3,1,38,9038,1250038,station_wake,5,0.0,0.0,0.1,1,1,0,0,1,0,61,0.25,1,46,0.2513860762119293,0.17973678204422863,0.9785521030426025,0.7621834826876008,4.744078479707241,20.68107545375824,0.37346840443707685,1.7975681949109612,0.0,0.0,0.19072111794538246,0.23553566605603388,0.044883524626493455,0.04662691429257393,0.044883524626493455,0.02413111925125122,0.03462791442871094,65,0.057511983075694904,1.6188785237500227
station_wake_L5,Smooth stage-aware SAC,strict_two_stage_v3_v1,two_stage_v3,1,39,9039,1250039,station_wake,5,0.0,0.0,0.1,1,1,0,0,1,0,63,0.25,1,50,0.17970076203346252,0.14825959398379449,0.5128750205039978,0.28063829228011705,3.5039865970611572,18.701387345790863,0.34849893643843777,2.314321172727438,0.0,0.0,0.17902510531961807,0.2769036434071845,0.020855411142110824,0.02943393588066101,0.020855411142110824,0.2087334543466568,0.39235670119524,67,0.06487634236255088,0.8205877847869117
station_wake_L5,Smooth stage-aware SAC,strict_two_stage_v3_v1,two_stage_v3,1,40,9040,1250040,station_wake,5,0.0,0.0,0.1,1,1,0,0,1,0,72,0.25,1,46,0.4686860144138336,0.26773774795111055,1.1055660247802734,0.8980859049287643,2.472366690635681,12.042695581912994,0.3020465297530319,1.6965602868517617,0.5610886210940289,0.05,0.10057516952015533,0.10537877915523901,0.03091413639485836,0.03746718168258667,0.03091413639485836,0.06564150005578995,0.0741250067949295,76,0.09395495500899564,0.5610886210940289
station_wake_L5,Smooth stage-aware SAC,strict_two_stage_v3_v1,two_stage_v3,1,41,9041,1250041,station_wake,5,0.0,0.0,0.1,1,1,0,0,1,0,52,0.25,1,39,0.33593419194221497,0.1604597897634593,1.4194828271865845,0.8841876934154722,2.995069921016693,12.777321934700012,0.15837072897913598,1.008844286702647,0.0,0.6000000000000001,0.15075631415238805,0.2325065532717699,0.16885691583156587,0.20432692766189575,0.16885691583156587,0.3504742383956909,0.49724578857421875,56,0.06303473192511451,1.986206844365249
station_wake_L5,Smooth stage-aware SAC,strict_two_stage_v3_v1,two_stage_v3,1,42,9042,1250042,station_wake,5,0.0,0.0,0.1,1,1,0,0,1,0,33,0.25,1,5,0.7759968638420105,0.4940726920087272,1.9971619546413422,1.6488038954559483,19.637819528579712,20.301179885864258,1.835727414292782,3.6330471650228935,0.0,1.4000000000000001,0.0946777393984159,0.1281872051160771,0.2028880774974823,0.27482014894485474,0.2028880774974823,0.7447053790092468,1.1655402183532715,37,0.05033302746975124,2.7775416759889366
station_wake_L5,Smooth stage-aware SAC,strict_two_stage_v3_v1,two_stage_v3,1,43,9043,1250043,station_wake,5,0.0,0.0,0.1,1,1,0,0,1,0,56,0.25,1,39,0.49238821864128113,0.43121743602034157,0.8418649435043335,0.626364345751872,4.468297213315964,16.557202339172363,0.2763824375207281,1.2499041664590527,0.0,0.30000000000000004,0.21310805088352236,0.26159843934495275,0.020933779142796993,0.03234776481986046,0.020933779142796993,0.13805674389004707,0.28330445289611816,60,0.06569691592355349,1.0352288273320898
station_wake_L5,Smooth stage-aware SAC,strict_two_stage_v3_v1,two_stage_v3,1,44,9044,1250044,station_wake,5,0.0,0.0,0.1,1,1,0,0,1,0,33,0.25,1,20,0.9587685465812683,0.8031664044325783,1.5377652645111084,1.0308473217885634,4.720691442489624,27.106839418411255,0.3613837972151589,2.689849978120698,0.0,0.4,0.24717073316960225,0.3284260555503935,0.0687820553779602,0.09094413369894028,0.0687820553779602,0.24546250700950623,0.5693627893924713,37,0.05582205886353707,1.7750701157511106
station_wake_L5,Smooth stage-aware SAC,strict_two_stage_v3_v1,two_stage_v3,1,45,9045,1250045,station_wake,5,0.0,0.0,0.1,1,1,0,0,1,0,61,0.25,1,39,0.5152431726455688,0.2768423433187264,1.466260552406311,1.22145513695106,3.8258548080921173,13.180353194475174,0.29751399231169906,1.1889671078150228,0.0,0.7000000000000001,0.1397405744315719,0.15425232004868705,0.046218959242105485,0.058638155460357666,0.046218959242105485,0.12684299051761627,0.16252771019935608,65,0.08292922333433535,2.131287105968901
station_wake_L5,Smooth stage-aware SAC,strict_two_stage_v3_v1,two_stage_v3,1,46,9046,1250046,station_wake,5,0.0,0.0,0.1,1,1,0,0,1,0,48,0.25,1,33,0.2721858024597168,0.19015535847602896,0.5880236625671387,0.3634048297102881,2.44363471865654,12.86785401403904,0.3616752752817486,1.9369871700990005,0.0,0.4,0.13933649204942467,0.18414019538348758,0.07879635617136956,0.09859462082386017,0.07879635617136956,0.18042002618312836,0.24924591183662415,52,0.060722083089158885,1.8930654756444891
station_wake_L5,Smooth stage-aware SAC,strict_two_stage_v3_v1,two_stage_v3,1,47,9047,1250047,station_wake,5,0.0,0.0,0.1,1,1,0,0,1,0,89,0.25,1,61,0.37216466665267944,0.32384069302939084,0.7927483320236206,0.5020225417217844,2.3626184463500977,11.000495627522469,0.17347053036167911,1.0579213467308624,8.137149282789276,1.4000000000000001,0.09936602272190934,0.10796289261198228,0.06171024739742279,0.0729307010769844,0.06171024739742279,0.11228059232234955,0.12945249676704407,93,0.06766246703816334,4.156441183085444
station_wake_L5,Smooth stage-aware SAC,strict_two_stage_v3_v1,two_stage_v3,1,48,9048,1250048,station_wake,5,0.0,0.0,0.1,1,1,0,0,1,0,62,0.25,1,36,0.09644357860088348,0.06398421002338538,0.6903224438428879,0.41364522185028996,2.3468896746635437,12.17664435505867,0.17212618448774597,1.1768664440074201,0.8331834006683557,0.4,0.12082704035064995,0.1305252220134137,0.04417448565363884,0.05731944739818573,0.04417448565363884,0.13152208924293518,0.1600956916809082,66,0.085281360535931,0.8331834006683557
station_wake_L5,Smooth stage-aware SAC,strict_two_stage_v3_v1,two_stage_v3,1,49,9049,1250049,station_wake,5,0.0,0.0,0.1,1,1,0,0,1,0,41,0.25,1,18,0.43037790060043335,0.21179875670063222,1.7953068017959595,1.3276043228304484,4.1302573680877686,21.994918435811996,0.44022477825120293,2.2676617573205555,2.66373514304748,0.0,0.12317521038464005,0.13764496654044636,0.015125608071684837,0.01626766286790371,0.015125608071684837,0.009873948991298676,0.013849455863237381,45,0.08872759039154803,2.106036536937599
station_wake_L5,Smooth stage-aware SAC,strict_two_stage_v3_v1,two_stage_v3,1,50,9050,1250050,station_wake,5,0.0,0.0,0.1,1,1,0,0,1,0,35,0.25,1,18,1.2545732259750366,1.0918412191005107,1.2388086318969727,0.9356717429207254,3.7311649322509766,8.036062717437744,0.3673779784778718,2.5406798012428284,0.0,0.75,0.15109215180643362,0.1872361868311765,0.1653274953365326,0.2451304942369461,0.1653274953365326,0.7769689559936523,0.8879989385604858,39,0.06186205832711191,1.4539456769934935
station_wake_L5,Smooth stage-aware SAC,strict_two_stage_v3_v1,two_stage_v3,1,51,9051,1250051,station_wake,5,0.0,0.0,0.1,1,1,0,0,1,0,60,0.25,1,42,0.41003426909446716,0.21826500296700396,1.349320411682129,1.002721826395898,5.632708296179771,23.053602278232574,0.42259957144915855,1.8841415925344205,0.5547792338482296,0.0,0.18064650327435897,0.2073302621664096,0.05704327747225761,0.069806769490242,0.05704327747225761,0.13147121667861938,0.1540202647447586,64,0.07662948913491031,0.5547792338482296
station_wake_L5,Smooth stage-aware SAC,strict_two_stage_v3_v1,two_stage_v3,1,52,9052,1250052,station_wake,5,0.0,0.0,0.1,1,1,0,0,1,0,59,0.25,1,44,0.11593494564294815,0.0907091510239443,0.39107903838157654,0.27347854275787475,2.98081174492836,13.826372921466827,0.24889494870830395,1.4066862551633381,0.0,0.6000000000000001,0.16225023460249702,0.22239336853115976,0.16912298500537873,0.2124730497598648,0.16912298500537873,0.3996466398239136,0.5269327759742737,63,0.0777547582197149,1.1776904584409826
station_wake_L5,Smooth stage-aware SAC,strict_two_stage_v3_v1,two_stage_v3,1,53,9053,1250053,station_wake,5,0.0,0.0,0.1,1,1,0,0,1,0,61,0.25,1,41,0.15610606968402863,0.10111997958876416,0.4428274929523468,0.2681342216398015,3.1077614426612854,10.01054897904396,0.18221455464160177,1.1329921366446265,0.0,1.0,0.18175713798526896,0.21189405827329602,0.08512263894081115,0.08609995245933533,0.08512263894081115,0.02703547477722168,0.0745081901550293,65,0.0752511054147759,3.971121502316896
station_wake_L5,Smooth stage-aware SAC,strict_two_stage_v3_v1,two_stage_v3,1,54,9054,1250054,station_wake,5,0.0,0.0,0.1,1,1,0,0,1,0,50,0.25,1,34,0.2666163742542267,0.1875294736494381,1.1688467860221863,0.882886213919125,5.460323691368103,21.97680652141571,0.40608742417024285,2.53331521229306,0.0,0.30000000000000004,0.17423038271189664,0.22361458527676012,0.05714411959052086,0.06498076766729355,0.05714411959052086,0.09965105354785919,0.15486136078834534,54,0.06867161487564216,1.1479488265869853
station_wake_L5,Smooth stage-aware SAC,strict_two_stage_v3_v1,two_stage_v3,1,55,9055,1250055,station_wake,5,0.0,0.0,0.1,1,1,0,0,1,0,69,0.25,1,48,0.5824332237243652,0.527422815330013,0.6671416759490967,0.43554024970517935,2.1732765436172485,14.573867209255695,0.19670161385847554,1.5407358497130414,0.0,0.65,0.15838192815473326,0.17650302970575518,0.0915588080883026,0.10732321441173553,0.0915588080883026,0.140828937292099,0.1678648591041565,73,0.08134622777921427,0.5380037556381494
station_wake_L5,Smooth stage-aware SAC,strict_two_stage_v3_v1,two_stage_v3,1,56,9056,1250056,station_wake,5,0.0,0.0,0.1,1,1,0,0,1,0,55,0.25,1,41,0.1288149207830429,0.05455568862397263,0.8817054331302643,0.5628791807368173,3.0685871839523315,19.216904044151306,0.3244583406656156,1.9396969286387458,0.0,0.7000000000000001,0.15089450399677934,0.21423823312930912,0.20537339448928832,0.24863429367542267,0.20537339448928832,0.4807596206665039,0.624135434627533,59,0.03342959122471004,2.266205753634867
station_wake_L5,Smooth stage-aware SAC,strict_two_stage_v3_v1,two_stage_v3,1,57,9057,1250057,station_wake,5,0.0,0.0,0.1,1,1,0,0,1,0,45,0.25,1,26,0.7894729971885681,0.6904537349540983,0.9457361698150635,0.5641999142337243,5.128850042819977,14.629421383142471,0.4516492546313094,2.345644013807518,0.0,0.9500000000000001,0.12080993244003535,0.15368133899312617,0.11217041611671448,0.13359200954437256,0.11217041611671448,0.20760083198547363,0.34573107957839966,49,0.03553492846389784,3.7421880754900547
station_wake_L5,Smooth stage-aware SAC,strict_two_stage_v3_v1,two_stage_v3,1,58,9058,1250058,station_wake,5,0.0,0.0,0.1,1,1,0,0,1,0,98,0.25,1,39,0.40586018562316895,0.3837958801587275,0.6178921461105347,0.2830099072498457,3.048023567534983,9.741184711456299,0.4401632557217695,2.0280291833631816,2.839151049519509,0.4,0.07399018356256098,0.07458027033248169,0.0034067293163388968,0.003932200837880373,0.0034067293163388968,0.005269868299365044,0.006200876086950302,102,0.09889825782677626,1.6953564720517729
station_wake_L5,Smooth stage-aware SAC,strict_two_stage_v3_v1,two_stage_v3,1,59,9059,1250059,station_wake,5,0.0,0.0,0.1,1,1,0,0,1,0,28,0.25,1,14,0.2918451130390167,0.16074420022089425,1.0676577687263489,0.6969013174292118,4.587922394275665,27.54679873585701,0.6338601322176841,3.9890130828376615,0.0,0.0,0.16459949844500069,0.21594979927133015,0.04969791546463966,0.06004781648516655,0.04969791546463966,0.16070973128080368,0.2741430699825287,32,0.06412547624909105,2.2127317757360143
station_wake_L5,Smooth stage-aware SAC,strict_two_stage_v3_v1,two_stage_v3,1,60,9060,1250060,station_wake,5,0.0,0.0,0.1,1,1,0,0,1,0,58,0.25,1,34,0.864662766456604,0.6437515024686835,1.3441407680511475,1.0193696523347833,2.7805280685424805,13.437409400939941,0.3213961403104562,1.970940841502444,3.4009855486152447,0.05,0.16943756410484415,0.18928047495638914,0.032055056840181353,0.04079725593328476,0.032055056840181353,0.09535767138004303,0.11183030903339386,62,0.07652455915940692,0.7147283370273237
station_wake_L5,Smooth stage-aware SAC,strict_two_stage_v3_v1,two_stage_v3,1,61,9061,1250061,station_wake,5,0.0,0.0,0.1,1,1,0,0,1,0,61,0.25,1,49,0.33586832880973816,0.30338098084513787,0.6939995288848877,0.3512178085401303,5.239118784666061,14.868464320898056,0.310332765410316,1.7901407396265618,0.0,0.2,0.19703554066294598,0.28935835719754954,0.06088390052318573,0.06800506263971329,0.06088390052318573,0.13083013892173767,0.29700517654418945,65,0.04608412492029434,0.6111828292924891
station_wake_L5,Smooth stage-aware SAC,strict_two_stage_v3_v1,two_stage_v3,1,62,9062,1250062,station_wake,5,0.0,0.0,0.1,1,1,0,0,1,0,42,0.25,1,26,1.0365351438522339,0.642980891341753,2.4476349353790283,1.8393725658429851,8.290768563747406,33.58967185020447,0.4997300296284489,3.1114253409921044,0.0,0.05,0.133781381558485,0.15981996498753762,0.018679500091820955,0.03897412121295929,0.018679500091820955,0.18104731477797031,0.2829969674348831,46,0.07798012855639584,0.6053646286975489
station_wake_L5,Smooth stage-aware SAC,strict_two_stage_v3_v1,two_stage_v3,1,63,9063,1250063,station_wake,5,0.0,0.0,0.1,0,0,0,0,0,0,-1,nan,1,30,0.2615392506122589,0.18240492920175863,0.4862883687019348,0.3785414485366851,1.3918913528323174,6.530091464519501,0.1402526660366356,0.7623924087829604,0.0,nan,nan,nan,nan,nan,2.3680354033217553e-08,nan,nan,1000,0.08838773480045027,5.412229945487057
station_wake_L5,Smooth stage-aware SAC,strict_two_stage_v3_v1,two_stage_v3,1,64,9064,1250064,station_wake,5,0.0,0.0,0.1,1,1,0,0,1,0,53,0.25,1,40,0.15451021492481232,0.11022049517780294,0.5543038249015808,0.3888131557696135,3.7976355850696564,14.255364015698433,0.22577936279633137,1.3662247944120194,0.0,0.0,0.26812968965677575,0.3795158284115211,0.03914161026477814,0.06850063800811768,0.03914161026477814,0.28423475474119186,0.530414953827858,57,0.051024694166787336,1.7446839915158991
station_wake_L5,Smooth stage-aware SAC,strict_two_stage_v3_v1,two_stage_v3,1,65,9065,1250065,station_wake,5,0.0,0.0,0.1,1,1,0,0,1,0,42,0.25,1,24,0.8898310661315918,0.7832612916212263,1.4332866668701172,1.0191075016841784,9.889276921749115,25.256149172782898,0.8132899463381221,3.550172696887864,2.5559355480376382,0.25,0.1848580829724995,0.2130410036164823,0.01213616095483303,0.021024513989686966,0.01213616095483303,0.20764265209436417,0.3044995665550232,46,0.07071553152500115,2.437742326101741
station_wake_L5,Smooth stage-aware SAC,strict_two_stage_v3_v1,two_stage_v3,1,66,9066,1250066,station_wake,5,0.0,0.0,0.1,1,1,0,0,1,0,39,0.25,1,22,0.6830193996429443,0.516622917247857,1.1018621921539307,0.8021374942282413,1.4670216664671898,11.775512993335724,0.14276031670305117,1.0335379294876326,0.0,0.35000000000000003,0.2028100978551024,0.24173222058332758,0.02057627271860838,0.033844947814941406,0.02057627271860838,0.12897583097219467,0.18221408128738403,43,0.07080527290265079,1.9783307824785779
station_wake_L5,Smooth stage-aware SAC,strict_two_stage_v3_v1,two_stage_v3,1,67,9067,1250067,station_wake,5,0.0,0.0,0.1,1,1,0,0,1,0,68,0.25,1,54,0.3154652416706085,0.19465288434204403,1.0211482644081116,0.5847314224781618,4.114223420619965,15.993740856647491,0.2505892561179123,1.7216032374341774,1.6040400444998757,0.0,0.18847581717975978,0.2687839890739247,0.020969280786812306,0.025343885645270348,0.020969280786812306,0.07014210149645805,0.16187818720936775,72,0.06914272423893653,1.6040400444998757
station_wake_L5,Smooth stage-aware SAC,strict_two_stage_v3_v1,two_stage_v3,1,68,9068,1250068,station_wake,5,0.0,0.0,0.1,1,1,0,0,1,0,51,0.25,1,38,0.21028165519237518,0.13257859026926896,0.983673706650734,0.664707737147416,7.332407981157303,29.888258576393127,0.4669216693171727,2.188310499866982,0.0,0.0,0.15363223624344766,0.2512898022917103,0.11653137654066086,0.13981176912784576,0.11653137654066086,0.41931819915771484,0.7641090452671051,55,0.0744785513654198,3.220692460189003
station_wake_L5,Smooth stage-aware SAC,strict_two_stage_v3_v1,two_stage_v3,1,69,9069,1250069,station_wake,5,0.0,0.0,0.1,1,1,0,0,1,0,55,0.25,1,32,0.47218045592308044,0.43218451089386783,0.45753180980682373,0.31776480259096185,1.89446359872818,8.381598740816116,0.20665408894168522,0.9970571039731843,0.0,0.65,0.13813378230183224,0.1531609301370592,0.05724013224244118,0.06645552068948746,0.05724013224244118,0.0886421650648117,0.10280869901180267,59,0.08625621468787362,1.3509941289121856
station_wake_L5,Smooth stage-aware SAC,strict_two_stage_v3_v1,two_stage_v3,1,70,9070,1250070,station_wake,5,0.0,0.0,0.1,1,1,0,0,1,0,43,0.25,1,23,0.1582956314086914,0.10912508394986843,0.475674644112587,0.29107253859675286,3.2622024416923523,8.208957388997078,0.4925487694483199,2.4434329287927343,0.0,0.5,0.1703175857038149,0.19661275796859873,0.028666659072041512,0.05444731563329697,0.028666659072041512,0.25010986626148224,0.3723108768463135,47,0.0732083168117918,0.9107017788797692
station_wake_L5,Smooth stage-aware SAC,strict_two_stage_v3_v1,two_stage_v3,1,71,9071,1250071,station_wake,5,0.0,0.0,0.1,1,1,0,0,1,0,35,0.25,1,19,0.3237072229385376,0.24393641755694956,0.9930256009101868,0.5566940932975433,3.0545642971992493,19.34230536222458,0.4378053157027643,2.6596921552555037,0.0,0.0,0.12038589159214781,0.14811716826453872,0.023847609385848047,0.04715937376022339,0.023847609385848047,0.19355889409780502,0.27362022548913956,39,0.07607517856705048,2.8627384674879135
station_wake_L5,Smooth stage-aware SAC,strict_two_stage_v3_v1,two_stage_v3,1,72,9072,1250072,station_wake,5,0.0,0.0,0.1,1,1,0,0,1,0,49,0.25,1,28,0.6234865188598633,0.5134997002779625,0.5969500541687012,0.4263328034047663,1.387494527734816,6.336131989955902,0.5429741142842637,2.044015063503493,0.0,0.65,0.14749623275010743,0.1640249575656301,0.09541482180356979,0.11219611763954163,0.09541482180356979,0.16219234466552734,0.17751559615135193,53,0.08381195530279938,0.49746546233621297
station_wake_L5,Smooth stage-aware SAC,strict_two_stage_v3_v1,two_stage_v3,1,73,9073,1250073,station_wake,5,0.0,0.0,0.1,1,1,0,0,1,0,41,0.25,1,24,0.10635591298341751,0.06669454339386961,0.5764782428741455,0.2695605057758673,2.9783745110034943,13.195937424898148,0.48883469237035027,2.2864692851411195,0.0,0.05,0.18424437448529124,0.23279040897048567,0.07438917979598045,0.08794062584638596,0.07438917979598045,0.12963734567165375,0.22312983870506287,45,0.0702976734602806,0.7519820030295715
station_wake_L5,Smooth stage-aware SAC,strict_two_stage_v3_v1,two_stage_v3,1,74,9074,1250074,station_wake,5,0.0,0.0,0.1,1,1,0,0,1,0,60,0.25,1,41,0.10906721651554108,0.07142748281467116,0.2569897472858429,0.1814553102260972,1.0433615744113922,5.723804086446762,0.13927968998705328,0.7153980883530421,0.0,0.75,0.08098749685577955,0.09928599619928334,0.08834287077188492,0.10590559989213943,0.08834287077188492,0.16470295190811157,0.19474908709526062,64,0.06662525365443471,2.5580140599794374
station_wake_L5,Smooth stage-aware SAC,strict_two_stage_v3_v1,two_stage_v3,1,75,9075,1250075,station_wake,5,0.0,0.0,0.1,1,1,0,0,1,0,59,0.25,1,47,0.2748563885688782,0.24257774732585302,0.49514979124069214,0.2846016571552723,2.638787627220154,13.623102307319641,0.299607559544395,1.9705815067713461,0.0,0.25,0.1864936308354921,0.28072762699408077,0.0934162087738514,0.1271878480911255,0.0934162087738514,0.3192306309938431,0.457720011472702,63,0.06345653688956955,0.5420103552774495
station_wake_L5,Smooth stage-aware SAC,strict_two_stage_v3_v1,two_stage_v3,1,76,9076,1250076,station_wake,5,0.0,0.0,0.1,1,1,0,0,1,0,57,0.25,1,38,0.30789878964424133,0.19840731763822855,1.3743332028388977,1.1323824265112206,6.656729429960251,22.826229333877563,0.4501260764183927,1.7721130971819843,1.0654591378768603,0.5,0.13175525564032714,0.16492568400220814,0.052731824666261674,0.06645525246858597,0.052731824666261674,0.15378916263580322,0.18742606043815613,61,0.08178643124340165,1.0654591378768603
station_wake_L5,Smooth stage-aware SAC,strict_two_stage_v3_v1,two_stage_v3,1,77,9077,1250077,station_wake,5,0.0,0.0,0.1,1,1,0,0,1,0,64,0.25,1,50,0.0953478068113327,0.046484615450966334,0.41236624121665955,0.2828623440844724,3.4654168784618378,10.776091814041138,0.19679664710269437,1.464698250828635,0.0,0.4,0.22320716586575945,0.28881215195967286,0.0972786471247673,0.1163916140794754,0.0972786471247673,0.2195245325565338,0.3646427392959595,68,0.05053511523828798,1.9579998706403887
station_wake_L5,Smooth stage-aware SAC,strict_two_stage_v3_v1,two_stage_v3,1,78,9078,1250078,station_wake,5,0.0,0.0,0.1,1,1,0,0,1,0,70,0.25,1,58,0.1411612331867218,0.09937494995398881,0.5398887395858765,0.3440871603785047,3.6147771403193474,15.610418543219566,0.21495263784147634,1.7358953106832014,0.0,0.0,0.23799446622471296,0.3337659740613549,0.04975232183933258,0.05508626624941826,0.04975232183933258,0.10363276302814484,0.16624130308628082,74,0.058167466603712255,0.38256094980525046
station_wake_L5,Smooth stage-aware SAC,strict_two_stage_v3_v1,two_stage_v3,1,79,9079,1250079,station_wake,5,0.0,0.0,0.1,1,1,0,0,1,0,39,0.25,1,24,1.071753978729248,0.9874493215025801,2.052011489868164,0.953883960326752,5.82592710852623,27.769557237625122,0.39651082124551296,2.5312395218817842,0.0,0.6000000000000001,0.1791925974896716,0.21247272398293215,0.10626689046621322,0.13453279435634613,0.10626689046621322,0.3098300099372864,0.5571261048316956,43,0.07534857259120291,1.9559303233218748
station_wake_L5,Smooth stage-aware SAC,strict_two_stage_v3_v1,two_stage_v3,1,80,9080,1250080,station_wake,5,0.0,0.0,0.1,1,1,0,0,1,0,28,0.25,1,15,0.28504645824432373,0.162227371782961,0.9011567384004593,0.6686565432526511,8.729650974273682,24.598041474819183,0.5623146634191344,2.063433784960711,0.0,0.45,0.18256010245246634,0.2832104177005664,0.08665000349283218,0.0945577323436737,0.08665000349283218,0.11330509185791016,0.22935286164283752,32,0.0572369012362759,2.8814058013763817
station_wake_L5,Smooth stage-aware SAC,strict_two_stage_v3_v1,two_stage_v3,1,81,9081,1250081,station_wake,5,0.0,0.0,0.1,1,1,0,0,1,0,51,0.25,1,37,0.19072560966014862,0.15818707900370055,0.6500345468521118,0.3428665366760713,3.5127629339694977,16.751288399100304,0.45763341580198447,2.0910129776985085,0.0,0.1,0.12194224534611123,0.16900013432793143,0.03587961234152317,0.05914071947336197,0.03587961234152317,0.23140013962984085,0.4810534417629242,55,0.05669862617909159,0.19896390411036066
station_wake_L5,Smooth stage-aware SAC,strict_two_stage_v3_v1,two_stage_v3,1,82,9082,1250082,station_wake,5,0.0,0.0,0.1,1,1,0,0,1,0,45,0.25,1,31,0.4441602826118469,0.2922962713126848,0.8094188570976257,0.6825264668123104,2.5444454699754715,9.409322515130043,0.20500397941656232,1.4837350929962143,0.0,0.7000000000000001,0.11912955760679662,0.19544403003349733,0.10901039093732834,0.12960298359394073,0.10901039093732834,0.3825862407684326,0.5671843886375427,49,0.04174221808886361,3.5252659632055043
station_wake_L5,Smooth stage-aware SAC,strict_two_stage_v3_v1,two_stage_v3,1,83,9083,1250083,station_wake,5,0.0,0.0,0.1,1,1,0,0,1,0,45,0.25,1,28,0.6505309343338013,0.5486181879000112,0.6615132093429565,0.5143044980830461,2.256469577550888,11.966891959309578,0.39539853125299784,2.1016613667125115,0.0,0.8500000000000001,0.05841254668161276,0.09898332433625914,0.1775039404630661,0.21947994828224182,0.1775039404630661,0.4414411783218384,0.6959372758865356,49,0.039532754952441226,3.058802462707715
station_wake_L5,Smooth stage-aware SAC,strict_two_stage_v3_v1,two_stage_v3,1,84,9084,1250084,station_wake,5,0.0,0.0,0.1,1,1,0,0,1,0,44,0.25,1,22,0.09392335265874863,0.05565773963965337,0.41259802877902985,0.2997029140899798,1.2110033631324768,8.26684221625328,0.2501295270986336,1.6408638334246486,0.0,0.0,0.1454412466088743,0.16071962980992419,0.06634327173233032,0.07897492498159409,0.06634327173233032,0.10673666000366211,0.1467624306678772,48,0.08381886601852358,1.743644948988411
station_wake_L5,Smooth stage-aware SAC,strict_two_stage_v3_v1,two_stage_v3,1,85,9085,1250085,station_wake,5,0.0,0.0,0.1,1,1,0,0,1,0,61,0.25,1,45,0.06054459884762764,0.04670837198965279,0.7528478652238846,0.3158839239255139,3.6846530437469482,17.855408638715744,0.4882459604993329,1.9342953649814305,0.0,0.0,0.19207421543231612,0.23219813493643165,0.03913651630282402,0.0660354420542717,0.03913651630282402,0.2521665245294571,0.30634574592113495,65,0.06554965816364355,1.0760653544408323
station_wake_L5,Smooth stage-aware SAC,strict_two_stage_v3_v1,two_stage_v3,1,86,9086,1250086,station_wake,5,0.0,0.0,0.1,1,1,0,0,1,0,31,0.25,1,10,1.036472201347351,0.7887581284686609,1.5165644884109497,1.229053917451805,0.7873165607452393,3.002263307571411,0.3076295282366388,1.851373992230404,0.0,0.9,0.14174926164737972,0.1713036779755133,0.12314783185720443,0.20264452695846558,0.12314783185720443,0.8359061777591705,1.3351327180862427,35,0.08214469894379048,0.14846606108042176
station_wake_L5,Smooth stage-aware SAC,strict_two_stage_v3_v1,two_stage_v3,1,87,9087,1250087,station_wake,5,0.0,0.0,0.1,1,1,0,0,1,0,59,0.25,1,41,0.1597636342048645,0.08015010395834804,0.6264874339103699,0.4522194743451974,1.5108087658882141,6.246742606163025,0.16928914819976873,0.8913924668930705,3.332991442314591,0.0,0.13936791723905273,0.15907284401181868,0.0315471388399601,0.04000650718808174,0.0315471388399601,0.1419108286499977,0.2747849002480507,63,0.06885348707025014,2.868137732026809
station_wake_L5,Smooth stage-aware SAC,strict_two_stage_v3_v1,two_stage_v3,1,88,9088,1250088,station_wake,5,0.0,0.0,0.1,1,1,0,0,1,0,49,0.25,1,35,0.15599137544631958,0.13410887490360598,0.24256199598312378,0.13560789025016637,1.656491532921791,8.146747909486294,0.3168634014537212,1.5174882170066815,0.0,0.55,0.1530377965691077,0.22762027464939363,0.11885130405426025,0.13254030048847198,0.11885130405426025,0.20634552836418152,0.3750547766685486,53,0.05586413167889463,2.6109347925555197
station_wake_L5,Smooth stage-aware SAC,strict_two_stage_v3_v1,two_stage_v3,1,89,9089,1250089,station_wake,5,0.0,0.0,0.1,1,1,0,0,1,0,50,0.25,1,37,0.27280130982398987,0.13688594202906237,1.390809416770935,0.966776304332626,4.261610209941864,22.615750059485435,0.47030050696505477,2.5146036787965094,0.0,0.0,0.17625955272227847,0.2461945620984213,0.008974859514273703,0.020726852118968964,0.008974859514273703,0.10130799049511552,0.15303096733987331,54,0.06180895264177772,0.7458181308296054
station_wake_L5,Smooth stage-aware SAC,strict_two_stage_v3_v1,two_stage_v3,1,90,9090,1250090,station_wake,5,0.0,0.0,0.1,1,1,0,0,1,0,28,0.25,0,-1,nan,nan,nan,nan,nan,nan,nan,nan,0.0,nan,0.17596732504634474,0.2104438298967551,0.31261221766471864,0.4923602342605591,0.31261221766471864,1.743364691734314,2.2395098209381104,32,0.0729032392391165,1.2747046511428455
station_wake_L5,Smooth stage-aware SAC,strict_two_stage_v3_v1,two_stage_v3,1,91,9091,1250091,station_wake,5,0.0,0.0,0.1,1,1,0,0,1,0,71,0.25,1,47,0.15459901094436646,0.11002073552082242,0.6104391813278198,0.3650367169001103,2.2741500474512577,11.90829336643219,0.23544147753007566,1.271926623133553,0.0,0.75,0.13658955521705868,0.1573114178424846,0.05365919843316078,0.06042519956827164,0.05365919843316078,0.06727138161659241,0.11130526661872864,75,0.06862786035331288,1.4674378619252075
station_wake_L5,Smooth stage-aware SAC,strict_two_stage_v3_v1,two_stage_v3,1,92,9092,1250092,station_wake,5,0.0,0.0,0.1,1,1,0,0,1,0,67,0.25,1,47,0.3052314519882202,0.28622719691850484,0.3750878572463989,0.23822377322142946,1.3006036542356014,7.241251319646835,0.15132761368629763,0.8329278262707409,0.0,1.0,0.1443894358522975,0.16344442821020944,0.07953388839960099,0.086237333714962,0.07953388839960099,0.06941139698028564,0.07767528295516968,71,0.07975519892729471,4.036645641458944
station_wake_L5,Smooth stage-aware SAC,strict_two_stage_v3_v1,two_stage_v3,1,93,9093,1250093,station_wake,5,0.0,0.0,0.1,1,1,0,0,1,0,61,0.25,1,50,0.19361141324043274,0.13222045445685757,0.46823829412460327,0.3255159105318465,3.740820027887821,13.051122864708304,0.4257749418537478,2.003551924495524,2.4259681471896966,0.0,0.2271495834242808,0.3244666288433057,0.01414311844855547,0.029667561873793602,0.01414311844855547,0.23339511826634407,0.3698170930147171,65,0.05047998166116171,2.34039313396543
station_wake_L5,Smooth stage-aware SAC,strict_two_stage_v3_v1,two_stage_v3,1,94,9094,1250094,station_wake,5,0.0,0.0,0.1,1,1,0,0,1,0,52,0.25,1,41,0.47874215245246887,0.3895566394680697,1.0784375667572021,0.7781005682076908,7.126471400260925,23.77518653869629,0.6026480294612175,2.633502932849104,0.9893853446749046,0.25,0.21829089615438263,0.32194406820093796,0.13210269063711166,0.1976102590560913,0.13210269063711166,0.5955833494663239,0.7396718859672546,56,0.05223177061579025,0.9893853446749046
station_wake_L5,Smooth stage-aware SAC,strict_two_stage_v3_v1,two_stage_v3,1,95,9095,1250095,station_wake,5,0.0,0.0,0.1,1,1,0,0,1,0,53,0.25,1,42,0.21758075058460236,0.1477090156738356,1.0520269721746445,0.7726904130286161,4.078430533409119,16.65367305278778,0.386581707145106,2.276507742516395,1.866900088151228,0.0,0.30468717870618434,0.40055211625677517,0.039331727847456935,0.08495289087295532,0.039331727847456935,0.4136965647339821,0.5520494282245636,57,0.05129083709937062,1.8527823005802233
station_wake_L5,Smooth stage-aware SAC,strict_two_stage_v3_v1,two_stage_v3,1,96,9096,1250096,station_wake,5,0.0,0.0,0.1,1,1,0,0,1,0,47,0.25,1,30,0.36000359058380127,0.33359217610211755,0.8493474125862122,0.43174274071032487,2.8975413739681244,13.16760316491127,0.3736733048414388,2.091686108729274,0.3495699088144724,0.4,0.13173175111756702,0.1407909712401246,0.033746779710054395,0.09539124369621277,0.033746779710054395,0.5971262753009796,0.957103967666626,51,0.0758782048162818,0.33228053891062803
station_wake_L5,Smooth stage-aware SAC,strict_two_stage_v3_v1,two_stage_v3,1,97,9097,1250097,station_wake,5,0.0,0.0,0.1,1,1,0,0,1,0,53,0.25,1,35,0.25357022881507874,0.187103788347256,1.795867383480072,1.1835136631972367,3.3722731471061707,17.208419740200043,0.23086936300732758,1.7625197788023435,0.0,0.9,0.15851923177990707,0.187941098874401,0.10475598275661469,0.1276126652956009,0.10475598275661469,0.2496119737625122,0.41174471378326416,57,0.05413488505571226,3.5532964192290017
station_wake_L5,Smooth stage-aware SAC,strict_two_stage_v3_v1,two_stage_v3,1,98,9098,1250098,station_wake,5,0.0,0.0,0.1,1,1,0,0,1,0,77,0.25,1,54,0.2969440519809723,0.16996185661305313,1.2015652656555176,0.9518850402674078,5.882685631513596,19.275504648685455,0.3824546948594581,1.5421695007470055,1.5603126398249252,0.0,0.13203306279359783,0.1445612222978494,0.009347710199654103,0.009685304947197437,0.009347710199654103,0.009637270122766495,0.033219754695892334,81,0.08441298434571806,1.5603126398249252
station_wake_L5,Smooth stage-aware SAC,strict_two_stage_v3_v1,two_stage_v3,1,99,9099,1250099,station_wake,5,0.0,0.0,0.1,1,1,0,0,1,0,59,0.25,1,23,0.8273148536682129,0.6020381794018391,1.3420844078063965,0.8527743207930031,4.778601378202438,24.428888857364655,0.30935304118772944,2.1519652286575703,0.7540271110774615,0.35000000000000003,0.09123286621518253,0.09533861413891973,0.0016568336402997374,0.0037843803875148296,0.0016568336402997374,0.024189639138057828,0.032807616516947746,63,0.09342549951569629,0.04547645337078949
station_wake_L5,Smooth stage-aware SAC,strict_two_stage_v3_v1,two_stage_v3,2,0,9000,1250000,station_wake,5,0.0,0.0,0.1,1,1,0,0,1,0,46,0.25,1,33,0.11109216511249542,0.07714573822308954,0.7760491967201233,0.49848800869750165,4.190925303846598,16.475914120674133,0.35376488703664527,2.4097825188520354,0.0,0.65,0.17745191155137938,0.23513519566425922,0.20184120535850525,0.2723415791988373,0.20184120535850525,0.6565483808517456,0.7910192012786865,50,0.05057630707129702,2.491262621220903
station_wake_L5,Smooth stage-aware SAC,strict_two_stage_v3_v1,two_stage_v3,2,1,9001,1250001,station_wake,5,0.0,0.0,0.1,1,1,0,0,1,0,41,0.25,1,28,0.9869251847267151,0.6310619049541274,2.078813314437866,1.5502147016318804,7.38025039434433,28.60867142677307,0.42929555409396114,2.825883295210704,0.0,0.15000000000000002,0.21141123119627725,0.2428159712434613,0.006983564887195826,0.023674964904785156,0.006983564887195826,0.1999431885778904,0.4272197186946869,45,0.07047570966355317,1.474902938522914
station_wake_L5,Smooth stage-aware SAC,strict_two_stage_v3_v1,two_stage_v3,2,2,9002,1250002,station_wake,5,0.0,0.0,0.1,1,1,0,0,1,0,41,0.25,1,27,0.5984810590744019,0.3535277134125035,1.3051575422286987,1.1830822411939048,1.620039939880371,8.785702586174011,0.41434961634507633,2.013262808889358,0.0,0.7000000000000001,0.15492395703689843,0.2593462990522554,0.10732318460941315,0.16586607694625854,0.10732318460941315,0.48293086886405945,0.7210546731948853,45,0.05987302279879151,3.894027876494493
station_wake_L5,Smooth stage-aware SAC,strict_two_stage_v3_v1,two_stage_v3,2,3,9003,1250003,station_wake,5,0.0,0.0,0.1,1,1,0,0,1,0,53,0.25,1,41,0.29434269666671753,0.2716528686248781,0.4022836685180664,0.2501326259940504,1.6736313700675964,8.70057113468647,0.2510818243090293,1.4451510010841428,0.0,0.45,0.19735631488196673,0.29238387242096536,0.09288328140974045,0.14082711935043335,0.09288328140974045,0.4560198485851288,0.6832580268383026,57,0.044765602123052355,2.447577371619736
station_wake_L5,Smooth stage-aware SAC,strict_two_stage_v3_v1,two_stage_v3,2,4,9004,1250004,station_wake,5,0.0,0.0,0.1,1,1,0,0,1,0,60,0.25,1,42,0.14452794194221497,0.13356772533732794,0.6141860783100128,0.2335514353962547,2.390180230140686,9.330329075455666,0.19643026754822382,1.314695729582145,2.6947683209848443,0.0,0.11904388897118298,0.14778002509808788,0.09932454973459244,0.1468399465084076,0.09932454973459244,0.39889293909072876,0.5456547439098358,64,0.0883158293095303,1.014795142491233
station_wake_L5,Smooth stage-aware SAC,strict_two_stage_v3_v1,two_stage_v3,2,5,9005,1250005,station_wake,5,0.0,0.0,0.1,1,1,0,0,1,0,60,0.25,1,40,0.10798661410808563,0.07103507072753934,0.4782921075820923,0.21374280726807132,1.5117981284856796,6.543239206075668,0.12072938111871304,0.8087014922080198,0.0,0.0,0.14704169794936503,0.16967149869957995,0.06031536906957626,0.06997498869895935,0.06031536906957626,0.09385928511619568,0.13690665364265442,64,0.0838353790944582,1.2641239410665552
station_wake_L5,Smooth stage-aware SAC,strict_two_stage_v3_v1,two_stage_v3,2,6,9006,1250006,station_wake,5,0.0,0.0,0.1,1,1,0,0,1,0,29,0.25,0,-1,nan,nan,nan,nan,nan,nan,nan,nan,0.0,nan,0.18347620067311857,0.22878839987470662,0.038612039759755135,0.05988230183720589,0.038612039759755135,0.31736772507429123,0.9080689400434494,33,0.07526135776611584,3.163127412420724
station_wake_L5,Smooth stage-aware SAC,strict_two_stage_v3_v1,two_stage_v3,2,7,9007,1250007,station_wake,5,0.0,0.0,0.1,1,1,0,0,1,0,66,0.25,1,44,0.27567940950393677,0.19668657308023427,1.380738615989685,0.8222803523960209,2.5116056203842163,12.543510496616364,0.17031658727208637,1.1420194757233386,1.917756182607262,0.1,0.13372273573597976,0.1494424077344389,0.007104652654379606,0.01063963957130909,0.007104652654379606,0.03629862517118454,0.057299695909023285,70,0.08218907825251955,1.5160550417156524
station_wake_L5,Smooth stage-aware SAC,strict_two_stage_v3_v1,two_stage_v3,2,8,9008,1250008,station_wake,5,0.0,0.0,0.1,1,1,0,0,1,0,36,0.25,1,24,0.09129266440868378,0.061396372793451434,0.743330642580986,0.40429980364293144,3.2394732534885406,13.812802359461784,0.4967238124590878,2.47554537022754,0.0,0.0,0.20738824601252892,0.309775832047487,0.02706991396844387,0.06232655048370361,0.02706991396844387,0.3450465276837349,0.46173229813575745,40,0.059556559952194096,0.8300677671897722
station_wake_L5,Smooth stage-aware SAC,strict_two_stage_v3_v1,two_stage_v3,2,9,9009,1250009,station_wake,5,0.0,0.0,0.1,1,1,0,0,1,0,42,0.25,1,23,0.21306246519088745,0.1552352883904666,0.6068181991577148,0.42238358703404516,1.7290398478507996,8.646911084651947,0.21456417871130593,1.677170908023448,0.0,0.30000000000000004,0.14004551949995686,0.18283010608538278,0.05141782239079475,0.057820096611976624,0.05141782239079475,0.17425261437892914,0.3974858671426773,46,0.08630918537821064,1.8303743709041156
station_wake_L5,Smooth stage-aware SAC,strict_two_stage_v3_v1,two_stage_v3,2,10,9010,1250010,station_wake,5,0.0,0.0,0.1,1,1,0,0,1,0,30,0.25,0,-1,nan,nan,nan,nan,nan,nan,nan,nan,0.0,nan,0.08714182449182149,0.09716937947983975,0.21264162957668303,0.2547978162765503,0.21264162957668303,0.44521719217300415,0.585932731628418,34,0.0349282310898397,2.536176877985849
station_wake_L5,Smooth stage-aware SAC,strict_two_stage_v3_v1,two_stage_v3,2,11,9011,1250011,station_wake,5,0.0,0.0,0.1,1,1,0,0,1,0,47,0.25,1,33,0.450555682182312,0.27291234003251064,1.2108564376831055,0.8235988674333667,3.1510788202285767,11.615860760211945,0.2311972915219465,1.718755837513913,0.0,0.5,0.2157277670395506,0.2897444482300753,0.10615183264017106,0.11864139139652252,0.10615183264017106,0.09742969274520874,0.23289531469345093,51,0.06999364234086092,2.2908469417261577
station_wake_L5,Smooth stage-aware SAC,strict_two_stage_v3_v1,two_stage_v3,2,12,9012,1250012,station_wake,5,0.0,0.0,0.1,1,1,0,0,1,0,59,0.25,1,41,0.08667074143886566,0.05672498427012395,0.35577423870563507,0.2519063483133031,1.4629576355218887,7.4429357051849365,0.21018618485267784,1.184355071206496,0.08831504632945907,0.0,0.14328231356586002,0.15961473245717558,0.05775264352560043,0.06735390424728394,0.05775264352560043,0.07018564641475677,0.12240052223205566,63,0.0768665836425451,0.08831504632945907
station_wake_L5,Smooth stage-aware SAC,strict_two_stage_v3_v1,two_stage_v3,2,13,9013,1250013,station_wake,5,0.0,0.0,0.1,1,1,0,0,1,0,58,0.25,1,44,0.1955367475748062,0.10320955206047834,0.7869341969490051,0.6468538500727067,5.140255391597748,13.761072978377342,0.29925722091447743,1.1681236983428693,0.0,0.0,0.16474326505734133,0.26761538728978457,0.04948182925581932,0.058125004172325134,0.04948182925581932,0.153364896774292,0.3190385550260544,62,0.07760945157770849,1.6221833748129568
station_wake_L5,Smooth stage-aware SAC,strict_two_stage_v3_v1,two_stage_v3,2,14,9014,1250014,station_wake,5,0.0,0.0,0.1,1,1,0,0,1,0,51,0.25,1,34,0.32844653725624084,0.3037239462630976,0.45884013175964355,0.24262866126467386,1.8070287629961967,8.142553716897964,0.265701704284152,1.5023113859307025,0.0,0.4,0.18254385470018067,0.2075581641276159,0.038045845553278924,0.0541103295981884,0.038045845553278924,0.15349847823381424,0.25433458387851715,55,0.07321750128047506,0.8606286482182008
station_wake_L5,Smooth stage-aware SAC,strict_two_stage_v3_v1,two_stage_v3,2,15,9015,1250015,station_wake,5,0.0,0.0,0.1,1,1,0,0,1,0,49,0.25,1,34,0.5883697271347046,0.45827757178447803,1.4879661798477173,1.002111128907451,5.097135864198208,21.27829283475876,0.6987337601323662,2.7047388389266285,2.2429875927684666,0.0,0.18464668655640115,0.23045348579135017,0.03637751489877701,0.040677376091480255,0.03637751489877701,0.09554281085729599,0.20264632999897003,53,0.07341895049395276,2.2429875927684666
station_wake_L5,Smooth stage-aware SAC,strict_two_stage_v3_v1,two_stage_v3,2,16,9016,1250016,station_wake,5,0.0,0.0,0.1,1,1,0,0,1,0,47,0.25,1,19,1.3045458793640137,1.1781448133864287,2.0707249641418457,1.2085390245421845,10.13620987534523,31.419633626937866,0.6603505912803204,3.8062753778109224,0.0,1.05,0.1078233247274412,0.11789063460407118,0.08330748528242111,0.10341062396764755,0.08330748528242111,0.1982100009918213,0.23407995700836182,51,0.0951504898215439,0.7574751293087014
station_wake_L5,Smooth stage-aware SAC,strict_two_stage_v3_v1,two_stage_v3,2,17,9017,1250017,station_wake,5,0.0,0.0,0.1,1,1,0,0,1,0,49,0.25,1,29,0.29476720094680786,0.17319465211296534,0.93422532081604,0.7572890981618221,2.3909392952919006,12.4349844455719,0.4615406746356305,2.186511505790407,0.0,0.0,0.1465775344207953,0.16174100297364102,0.033640075102448465,0.03722512349486351,0.033640075102448465,0.05179622024297714,0.13173826038837433,53,0.08455703177645894,0.05239318383903108
station_wake_L5,Smooth stage-aware SAC,strict_two_stage_v3_v1,two_stage_v3,2,18,9018,1250018,station_wake,5,0.0,0.0,0.1,1,1,0,0,1,0,58,0.25,1,31,0.12307356297969818,0.09145304257422693,0.7699718326330185,0.4661858046704293,3.1948041915893555,11.102675795555115,0.48098191597993273,2.378746214552962,0.0,0.0,0.0895906949028416,0.09753119797242858,0.0202142134308815,0.026787564158439636,0.0202142134308815,0.06372269988059998,0.07655154913663864,62,0.0969726084902656,0.0955515317034884
station_wake_L5,Smooth stage-aware SAC,strict_two_stage_v3_v1,two_stage_v3,2,19,9019,1250019,station_wake,5,0.0,0.0,0.1,1,1,0,0,1,0,39,0.25,1,29,0.20412831008434296,0.14086739297582362,1.1788211017847061,0.6594296145853695,4.918463975191116,23.39458078145981,0.5170265276709191,2.618691325595818,0.0,0.0,0.3076065694806004,0.4226461692312653,0.03289788998663425,0.075270876288414,0.03289788998663425,0.4938184916973114,0.6787692010402679,43,0.026862080812638495,2.073456107709815
station_wake_L5,Smooth stage-aware SAC,strict_two_stage_v3_v1,two_stage_v3,2,20,9020,1250020,station_wake,5,0.0,0.0,0.1,1,1,0,0,1,0,39,0.25,1,20,1.0390962362289429,0.8366604139792715,1.748514175415039,1.1646440341328435,5.628865957260132,27.594504356384277,0.3123740992767875,2.257325335644083,0.0,0.5,0.14236697353315342,0.16641972835786192,0.04697027131915092,0.06340275704860687,0.04697027131915092,0.1646403968334198,0.1886408030986786,43,0.07619259320980853,1.2731473680120826
station_wake_L5,Smooth stage-aware SAC,strict_two_stage_v3_v1,two_stage_v3,2,21,9021,1250021,station_wake,5,0.0,0.0,0.1,1,1,0,0,1,0,57,0.25,1,41,0.31486305594444275,0.1984004106183855,1.6286051273345947,1.2728029704779367,0.8380043506622314,4.355974197387695,0.355648750735063,1.299346330356728,0.0,0.6000000000000001,0.1749490636997982,0.21988087582291743,0.08252037465572357,0.10253412276506424,0.08252037465572357,0.23885369300842285,0.40416598320007324,61,0.07270583978771529,2.3165773315466534
station_wake_L5,Smooth stage-aware SAC,strict_two_stage_v3_v1,two_stage_v3,2,22,9022,1250022,station_wake,5,0.0,0.0,0.1,1,1,0,0,1,0,31,0.25,1,19,0.3253321945667267,0.19111740354464143,1.6155076026916504,1.130451120246496,5.579845309257507,30.11755883693695,0.3876837132304083,3.0682827266899495,0.24365491240702514,0.2,0.21513422839553947,0.3221886409728405,0.08032666146755219,0.11052465438842773,0.08032666146755219,0.33005985617637634,0.5270001292228699,35,0.06181566833015767,0.24365491240702514
station_wake_L5,Smooth stage-aware SAC,strict_two_stage_v3_v1,two_stage_v3,2,23,9023,1250023,station_wake,5,0.0,0.0,0.1,1,1,0,0,1,0,57,0.25,1,42,0.3108992576599121,0.1615393076887629,0.9021309018135071,0.6931225439528367,3.9199279248714447,16.805776953697205,0.20391010438930068,1.1441504337154558,0.0,0.75,0.15849814067573548,0.22486095317070778,0.15940493643283843,0.17844368517398834,0.15940493643283843,0.21579432487487793,0.4825103282928467,61,0.06724549236239687,2.999533069298106
station_wake_L5,Smooth stage-aware SAC,strict_two_stage_v3_v1,two_stage_v3,2,24,9024,1250024,station_wake,5,0.0,0.0,0.1,1,1,0,0,1,0,52,0.25,1,37,0.3374393880367279,0.17522902474745813,1.3432227075099945,0.9938275903575532,5.013886988162994,22.56044328212738,0.36530671837098494,2.0596465328939133,0.0,0.35000000000000003,0.15867253547621232,0.24335759351072647,0.05875073969364166,0.09107401967048645,0.05875073969364166,0.3123778849840164,0.4841528832912445,56,0.07134007140983284,1.128624407156021
station_wake_L5,Smooth stage-aware SAC,strict_two_stage_v3_v1,two_stage_v3,2,25,9025,1250025,station_wake,5,0.0,0.0,0.1,1,1,0,0,1,0,35,0.25,1,22,0.551314115524292,0.4324199914038433,0.7356035709381104,0.5454196031977512,1.765955314040184,9.534082561731339,0.26452624886679976,2.046686805856503,0.0,0.2,0.16042745007041864,0.21674592242325294,0.017942152731120587,0.03579844534397125,0.017942152731120587,0.19344698265194893,0.3675701469182968,39,0.05225638036045858,0.1963591207569264
station_wake_L5,Smooth stage-aware SAC,strict_two_stage_v3_v1,two_stage_v3,2,26,9026,1250026,station_wake,5,0.0,0.0,0.1,1,1,0,0,1,0,37,0.25,1,22,0.7306423187255859,0.5403943248614969,1.2967157363891602,0.7704703978353905,3.1762292981147766,12.465987280011177,0.4451653899833965,2.3148432931955654,0.0,0.75,0.12377367037659412,0.17456456269731624,0.11398558169603348,0.14002837240695953,0.11398558169603348,0.24148190021514893,0.342189222574234,41,0.055423798223827495,3.6242738240930703
station_wake_L5,Smooth stage-aware SAC,strict_two_stage_v3_v1,two_stage_v3,2,27,9027,1250027,station_wake,5,0.0,0.0,0.1,1,1,0,0,1,0,35,0.25,1,19,0.2725789248943329,0.22857026606507272,0.5768647789955139,0.38796820237061425,6.82184636592865,25.392352640628815,0.464259656442138,2.953922628125102,0.0,0.35000000000000003,0.19363881616340467,0.22948972054881386,0.06451316475868225,0.08366330713033676,0.06451316475868225,0.20106402039527893,0.2662372589111328,39,0.06606938729307563,0.3770735064569535
station_wake_L5,Smooth stage-aware SAC,strict_two_stage_v3_v1,two_stage_v3,2,28,9028,1250028,station_wake,5,0.0,0.0,0.1,1,1,0,0,1,0,43,0.25,1,25,0.6034563183784485,0.4859307728155115,0.6464207172393799,0.4966849728728419,2.6054531894624233,13.674444630742073,0.4146308900547505,2.0963006958937735,0.0,0.30000000000000004,0.130040869493327,0.1821361379335956,0.01611648388206959,0.021468231454491615,0.01611648388206959,0.13020237535238266,0.34255437552928925,47,0.08726303556839997,0.5761397433429454
station_wake_L5,Smooth stage-aware SAC,strict_two_stage_v3_v1,two_stage_v3,2,29,9029,1250029,station_wake,5,0.0,0.0,0.1,1,1,0,0,1,0,40,0.25,1,25,0.8558489680290222,0.548551984783167,1.6665375232696533,1.3480657214961667,2.935059070587158,9.006129503250122,0.3461913058429252,2.322246664250704,0.0,0.2,0.18367218330453045,0.22394059235280084,0.02718487158417702,0.03773990273475647,0.02718487158417702,0.11382246017456055,0.15567198395729065,44,0.06308379180605249,1.5637497190813225
station_wake_L5,Smooth stage-aware SAC,strict_two_stage_v3_v1,two_stage_v3,2,30,9030,1250030,station_wake,5,0.0,0.0,0.1,1,1,0,0,1,0,49,0.25,1,33,0.1449747532606125,0.09631321167325947,0.612761452794075,0.40267404432309956,3.883102536201477,14.961884021759033,0.28073994722778417,1.3434903008116634,0.0,0.4,0.14901626247259428,0.1704971970873,0.06933236643671989,0.09820456057786942,0.06933236643671989,0.2717745304107666,0.3492473065853119,53,0.06024351344171726,1.0276306687672736
station_wake_L5,Smooth stage-aware SAC,strict_two_stage_v3_v1,two_stage_v3,2,31,9031,1250031,station_wake,5,0.0,0.0,0.1,1,1,0,0,1,0,56,0.25,1,41,0.0934247225522995,0.03636803145209094,0.7638785243034363,0.3748074627562098,1.4175868034362793,8.90161506831646,0.15337332831477407,0.8570908527434182,0.0,0.0,0.17939017430708215,0.25328010965624487,0.11510132402181625,0.12376566231250763,0.11510132402181625,0.16301259398460388,0.41864633560180664,60,0.08074513534785141,1.2282917014636106
station_wake_L5,Smooth stage-aware SAC,strict_two_stage_v3_v1,two_stage_v3,2,32,9032,1250032,station_wake,5,0.0,0.0,0.1,1,1,0,0,1,0,59,0.25,1,41,0.2047828584909439,0.17217627490387238,0.3835579752922058,0.21489867029834261,1.7546727880835533,8.912667110562325,0.3150975646848313,1.8306664791499017,0.0,0.0,0.15081289492909103,0.180717411384217,0.01120296549052,0.017055632546544075,0.01120296549052,0.1261834166944027,0.23700876161456108,63,0.0838857879942383,1.5516069233975094
station_wake_L5,Smooth stage-aware SAC,strict_two_stage_v3_v1,two_stage_v3,2,33,9033,1250033,station_wake,5,0.0,0.0,0.1,1,1,0,0,1,0,35,0.25,0,-1,nan,nan,nan,nan,nan,nan,nan,nan,0.0,nan,0.07170225246113296,0.07183244916678375,0.18604868352413179,0.2271449714899063,0.18604868352413179,0.4105772376060486,0.502866804599762,39,0.05969635148889088,2.7213552592159425
station_wake_L5,Smooth stage-aware SAC,strict_two_stage_v3_v1,two_stage_v3,2,34,9034,1250034,station_wake,5,0.0,0.0,0.1,1,1,0,0,1,0,41,0.25,1,21,1.2964332103729248,1.1456693221400962,1.9919955730438232,1.3623047732210198,9.07274842262268,31.70247197151184,0.46238513366102935,2.53315514580402,0.0,1.0,0.10850762383021265,0.13390606814369369,0.1281653717160225,0.14747366309165955,0.1281653717160225,0.19293522834777832,0.21590694785118103,45,0.04585091931174228,3.366147955310183
station_wake_L5,Smooth stage-aware SAC,strict_two_stage_v3_v1,two_stage_v3,2,35,9035,1250035,station_wake,5,0.0,0.0,0.1,1,1,0,0,1,0,61,0.25,1,43,0.1821574568748474,0.11092739751052841,0.6771549582481384,0.37450214873074533,1.5599045157432556,10.042219907045364,0.3347556532963626,1.821032222767758,1.6909765065247964,0.0,0.15631867034555702,0.1775586080070439,0.04390690326690674,0.05517533794045448,0.04390690326690674,0.1086873859167099,0.12893259525299072,65,0.07974430336681433,1.6909765065247964
station_wake_L5,Smooth stage-aware SAC,strict_two_stage_v3_v1,two_stage_v3,2,36,9036,1250036,station_wake,5,0.0,0.0,0.1,1,1,0,0,1,0,35,0.25,1,13,1.2825446128845215,1.018534260825322,1.4433848857879639,1.2251819939695183,0.1450347900390625,0.7188749313354492,0.4521200299199384,2.4719414072220793,0.0,1.1,0.07454064577777368,0.08733908019239782,0.16328473389148712,0.2070125788450241,0.16328473389148712,0.4570828676223755,0.6759774684906006,39,0.07064627827983908,2.6961612526887038
station_wake_L5,Smooth stage-aware SAC,strict_two_stage_v3_v1,two_stage_v3,2,37,9037,1250037,station_wake,5,0.0,0.0,0.1,1,1,0,0,1,0,51,0.25,1,29,1.0035536289215088,0.5930879650265304,2.1804046630859375,1.811209431671283,3.2601165771484375,14.283456802368164,0.31704499966064936,2.1112139788865343,0.0,0.6000000000000001,0.10492780005754991,0.11939371319399723,0.04642111212015152,0.06260481476783752,0.04642111212015152,0.147282674908638,0.17990253865718842,55,0.08860269743936956,1.4590971337315641
station_wake_L5,Smooth stage-aware SAC,strict_two_stage_v3_v1,two_stage_v3,2,38,9038,1250038,station_wake,5,0.0,0.0,0.1,1,1,0,0,1,0,65,0.25,1,48,0.29033127427101135,0.2720797590900237,0.6164583563804626,0.26402806427619685,2.8469227254390717,12.31532335281372,0.28514658986519076,1.9219700092944518,4.100043457335002,0.0,0.13556352372570363,0.159235828505441,0.0857875682413578,0.10986201465129852,0.0857875682413578,0.24934382736682892,0.2954261004924774,69,0.07935478318792884,0.1714848791406358
station_wake_L5,Smooth stage-aware SAC,strict_two_stage_v3_v1,two_stage_v3,2,39,9039,1250039,station_wake,5,0.0,0.0,0.1,1,1,0,0,1,0,63,0.25,1,47,0.11460566520690918,0.06866653052504403,1.3449740409851074,0.7116920163648444,3.857189416885376,13.480872064828873,0.19881562055510982,1.068899614686119,0.0,0.0,0.16414269406672088,0.2005710922572286,0.0644157886505127,0.09015928953886032,0.0644157886505127,0.2132098376750946,0.3518269956111908,67,0.07321178620118299,2.113032571638396
station_wake_L5,Smooth stage-aware SAC,strict_two_stage_v3_v1,two_stage_v3,2,40,9040,1250040,station_wake,5,0.0,0.0,0.1,1,1,0,0,1,0,64,0.25,1,46,0.22221486270427704,0.1478244642120932,0.8915120363235474,0.5472179894423506,1.9678393006324768,9.67094786465168,0.18353038027578664,1.5067878713964444,0.0,0.5,0.11959338440944851,0.13761158445196128,0.07245081067085266,0.0806012749671936,0.07245081067085266,0.07927265763282776,0.110178142786026,68,0.08678037996406397,1.6082081674408761
station_wake_L5,Smooth stage-aware SAC,strict_two_stage_v3_v1,two_stage_v3,2,41,9041,1250041,station_wake,5,0.0,0.0,0.1,1,1,0,0,1,0,54,0.25,1,39,0.1452993005514145,0.06989747446957571,0.8537667989730835,0.4174468998704525,3.092753291130066,14.417580403387547,0.26247005258615547,1.8138218956278271,0.0,0.0,0.12331024686752967,0.15892355490250404,0.06664160564541817,0.097075454890728,0.06664160564541817,0.31310851871967316,0.43958351016044617,58,0.06814385578413873,0.017385157637363157
station_wake_L5,Smooth stage-aware SAC,strict_two_stage_v3_v1,two_stage_v3,2,42,9042,1250042,station_wake,5,0.0,0.0,0.1,1,1,0,0,1,0,35,0.25,1,5,0.7836530804634094,0.4978945338638606,1.9720050692558289,1.662439314951252,19.38624858856201,19.718384742736816,1.4293130463501746,2.008840489648011,0.0,1.5,0.08162862207343645,0.08752201814906935,0.1492680236697197,0.19520451128482819,0.1492680236697197,0.4642399251461029,0.6193140149116516,39,0.05403243936382332,3.197080923115092
station_wake_L5,Smooth stage-aware SAC,strict_two_stage_v3_v1,two_stage_v3,2,43,9043,1250043,station_wake,5,0.0,0.0,0.1,1,1,0,0,1,0,57,0.25,1,39,0.3467547297477722,0.33254001096987146,0.39695918560028076,0.21293012620994511,1.4135652757249773,7.801799774169922,0.12722762385892547,0.9144006143393028,0.7243230452638991,0.25,0.11700819386989861,0.14900546538743814,0.0033116675447672607,0.005705853924155235,0.0033116675447672607,0.061664385721087456,0.17241908237338066,61,0.07970641340358658,0.7243230452638991
station_wake_L5,Smooth stage-aware SAC,strict_two_stage_v3_v1,two_stage_v3,2,44,9044,1250044,station_wake,5,0.0,0.0,0.1,1,1,0,0,1,0,35,0.25,1,19,1.0185773372650146,0.7795105906090544,1.745588779449463,1.3031523712303332,11.127686202526093,38.26778203248978,0.5572719807434474,2.7569231024511205,0.0,0.65,0.11942539381916577,0.16887823755113285,0.10684332698583603,0.11157432198524475,0.10684332698583603,0.10532549023628235,0.20498931407928467,39,0.08520669632849874,2.264095011737922
station_wake_L5,Smooth stage-aware SAC,strict_two_stage_v3_v1,two_stage_v3,2,45,9045,1250045,station_wake,5,0.0,0.0,0.1,1,1,0,0,1,0,55,0.25,1,39,0.2689194977283478,0.160199950938914,0.6773942708969116,0.4616447863598204,1.253240704536438,8.415850177407265,0.23093564542717412,1.114262204471791,1.7310676892403614,0.0,0.1769962024186257,0.20521257859289224,0.014089629054069519,0.019515953958034515,0.014089629054069519,0.060382451862096786,0.09987553581595421,59,0.0779967825631433,1.5165853418716804
station_wake_L5,Smooth stage-aware SAC,strict_two_stage_v3_v1,two_stage_v3,2,46,9046,1250046,station_wake,5,0.0,0.0,0.1,1,1,0,0,1,0,45,0.25,1,32,0.43661171197891235,0.36248798492567935,0.4249608516693115,0.30805576824593806,5.205228924751282,18.345742374658585,0.5025352895666796,2.0686017261643372,0.05740441159075811,0.2,0.1707102056890959,0.23723009820302243,0.03299867920577526,0.06366059929132462,0.03299867920577526,0.3049219325184822,0.41663505136966705,49,0.059582677813121245,0.05740441159075811
station_wake_L5,Smooth stage-aware SAC,strict_two_stage_v3_v1,two_stage_v3,2,47,9047,1250047,station_wake,5,0.0,0.0,0.1,1,1,0,0,1,0,74,0.25,1,56,0.09470916539430618,0.0662767651061282,0.5262024700641632,0.28191463832408853,2.6813606917858124,14.76717434823513,0.1588343969351728,1.1093145347138902,0.7942163176797867,0.0,0.16825454150775654,0.19324549497833493,0.03878306299448013,0.04026419296860695,0.03878306299448013,0.03007473051548004,0.06998471915721893,78,0.06902552942887716,0.28610605888296176
station_wake_L5,Smooth stage-aware SAC,strict_two_stage_v3_v1,two_stage_v3,2,48,9048,1250048,station_wake,5,0.0,0.0,0.1,1,1,0,0,1,0,51,0.25,1,34,0.3533986806869507,0.27918424256084906,0.6315755844116211,0.3975832260830731,2.912045568227768,9.615584015846252,0.4595901558420755,1.9060828385910327,0.0,0.25,0.17289135729987082,0.21570509317352865,0.02152278833091259,0.023223906755447388,0.02152278833091259,0.029619470238685608,0.0395522266626358,55,0.0778725557026117,2.5293791322143937
station_wake_L5,Smooth stage-aware SAC,strict_two_stage_v3_v1,two_stage_v3,2,49,9049,1250049,station_wake,5,0.0,0.0,0.1,1,1,0,0,1,0,38,0.25,1,18,0.26737847924232483,0.11524993659415084,1.396874189376831,0.8170503898092101,4.493825435638428,15.701276306062937,0.33953532484707005,2.032505438635011,0.15618067970667185,0.0,0.15170561272882055,0.1695157557369741,0.018907612562179564,0.020460344851017,0.018907612562179564,0.01467519998550415,0.024747103452682495,42,0.0816715576549582,0.15618067970667185
station_wake_L5,Smooth stage-aware SAC,strict_two_stage_v3_v1,two_stage_v3,2,50,9050,1250050,station_wake,5,0.0,0.0,0.1,1,1,0,0,1,0,36,0.25,1,18,1.1895700693130493,1.0867886648028402,1.61712646484375,1.037708760934847,10.134486556053162,26.26364827156067,0.5164828549452992,2.6021064761185664,0.0,0.9,0.07963989110534717,0.11497570038994084,0.13068798333406448,0.16540655493736267,0.13068798333406448,0.38025009632110596,0.6226801872253418,40,0.007960000452825949,3.1449369111136876
station_wake_L5,Smooth stage-aware SAC,strict_two_stage_v3_v1,two_stage_v3,2,51,9051,1250051,station_wake,5,0.0,0.0,0.1,1,1,0,0,1,0,61,0.25,1,44,0.21171385049819946,0.1562507703897934,0.40633201599121094,0.22308148374299885,1.8668558076024055,9.91336777806282,0.12113042509603576,0.7694139040522209,0.0,0.7000000000000001,0.13576707887111547,0.17837012061810753,0.10831589549779892,0.1404060572385788,0.10831589549779892,0.3974236249923706,0.8269500732421875,65,0.07854053690558237,1.853286880805158
station_wake_L5,Smooth stage-aware SAC,strict_two_stage_v3_v1,two_stage_v3,2,52,9052,1250052,station_wake,5,0.0,0.0,0.1,1,1,0,0,1,0,65,0.25,1,45,0.29121190309524536,0.23800678541030226,0.5224928259849548,0.3057205982811023,2.741663157939911,9.45801466703415,0.14424312585841786,0.9825250611094604,2.2936624737680837,0.0,0.10103533017897084,0.12048297300037265,0.06332599073648452,0.0919858068227768,0.06332599073648452,0.25865018367767334,0.32481998205184937,69,0.09295635582274572,0.4010589163466433
station_wake_L5,Smooth stage-aware SAC,strict_two_stage_v3_v1,two_stage_v3,2,53,9053,1250053,station_wake,5,0.0,0.0,0.1,1,1,0,0,1,0,56,0.25,1,38,0.2749343514442444,0.14026323346086403,1.1314541101455688,0.6507592360014339,1.5229463577270508,7.775456011295319,0.1819694760137518,0.9942945235558837,0.4086693479076242,0.0,0.14903028203789564,0.2009403351735203,0.051632705703377725,0.07085812091827393,0.051632705703377725,0.3090926334261894,0.48483412712812424,60,0.0844228509112776,0.33091466115918416
station_wake_L5,Smooth stage-aware SAC,strict_two_stage_v3_v1,two_stage_v3,2,54,9054,1250054,station_wake,5,0.0,0.0,0.1,1,1,0,0,1,0,51,0.25,1,34,0.2079518437385559,0.16529524378831073,0.6190188229084015,0.36328118744672366,4.30448591709137,17.026289850473404,0.2999998998992702,1.7678784997703896,1.0021135089149291,0.0,0.10679704729879717,0.13373813403163468,0.14204395115375518,0.18631227314472198,0.14204395115375518,0.3556510806083679,0.5154934525489807,55,0.07938457344207611,1.0021135089149291
station_wake_L5,Smooth stage-aware SAC,strict_two_stage_v3_v1,two_stage_v3,2,55,9055,1250055,station_wake,5,0.0,0.0,0.1,1,1,0,0,1,0,65,0.25,1,48,0.24446265399456024,0.12024433347338029,1.1723154783248901,0.7563286345426371,5.542349070310593,21.517153084278107,0.34803403582731296,1.8845764558739198,0.0,0.6000000000000001,0.17497218532822348,0.2186422662524349,0.09822754859924317,0.11630049347877502,0.09822754859924317,0.16081929206848145,0.24884745478630066,69,0.07710823747268128,2.039344435447479
station_wake_L5,Smooth stage-aware SAC,strict_two_stage_v3_v1,two_stage_v3,2,56,9056,1250056,station_wake,5,0.0,0.0,0.1,1,1,0,0,1,0,55,0.25,1,41,0.2983914017677307,0.2588674596736358,0.3263509273529053,0.2169761668037035,2.4166229367256165,13.07245746254921,0.17415978144250516,1.1676562884843418,0.0,0.45,0.14469701977269894,0.1896213072548358,0.06434798613190651,0.09424738585948944,0.06434798613190651,0.3123141825199127,0.5024810135364532,59,0.06341164872794845,2.037729949482417
station_wake_L5,Smooth stage-aware SAC,strict_two_stage_v3_v1,two_stage_v3,2,57,9057,1250057,station_wake,5,0.0,0.0,0.1,1,1,0,0,1,0,36,0.25,1,22,1.1861909627914429,0.9701054562657649,2.0598196983337402,1.480704041145565,10.055831372737885,33.536217212677,0.6752628082432521,3.385419650248879,0.0,0.7000000000000001,0.1571448906075838,0.23221123016853573,0.19010080099105836,0.26505157351493835,0.19010080099105836,0.7230201959609985,0.8117601275444031,40,0.04123069071003565,2.4066301741020983
station_wake_L5,Smooth stage-aware SAC,strict_two_stage_v3_v1,two_stage_v3,2,58,9058,1250058,station_wake,5,0.0,0.0,0.1,1,1,0,0,1,0,55,0.25,1,41,0.3923643231391907,0.22683902013175974,1.3994871079921722,1.1564539869331192,2.397666573524475,7.575706839561462,0.3786584034463201,1.5908642255173275,0.0,0.4,0.15109872415015232,0.2089520932523005,0.09800884574651718,0.10744604468345642,0.09800884574651718,0.10691645741462708,0.15633031725883484,59,0.055539521904986115,0.3694683843008352
station_wake_L5,Smooth stage-aware SAC,strict_two_stage_v3_v1,two_stage_v3,2,59,9059,1250059,station_wake,5,0.0,0.0,0.1,1,1,0,0,1,0,27,0.25,1,14,0.28850582242012024,0.20319825828557644,1.0872647166252136,0.7286071477210371,8.125258088111877,24.032821655273438,0.7410037386277144,3.1079968444112107,0.0,0.0,0.22735763058229508,0.27897772580642716,0.07345006018877029,0.08260314911603928,0.07345006018877029,0.1194518506526947,0.2904188632965088,31,0.05791881512534401,0.06419594749295815
station_wake_L5,Smooth stage-aware SAC,strict_two_stage_v3_v1,two_stage_v3,2,60,9060,1250060,station_wake,5,0.0,0.0,0.1,1,1,0,0,1,0,51,0.25,1,33,0.6925427317619324,0.5090107229667253,0.995635986328125,0.7228206696177802,2.069108821451664,10.600962936878204,0.5459975836340973,1.7612984954718214,0.12670677259184043,0.35000000000000003,0.1608036650587874,0.21190886055182287,0.06511501893401146,0.08018758147954941,0.06511501893401146,0.326058030128479,0.8012490719556808,55,0.08284300329705022,0.8059971666984422
station_wake_L5,Smooth stage-aware SAC,strict_two_stage_v3_v1,two_stage_v3,2,61,9061,1250061,station_wake,5,0.0,0.0,0.1,1,1,0,0,1,0,67,0.25,1,52,0.40011730790138245,0.36885894838599614,0.767066478729248,0.33148872938854035,4.503924995660782,13.747061155736446,0.2532407959808659,1.4832559046736262,0.0,0.25,0.15011667498123055,0.19169831547287147,0.04339211136102676,0.04708784818649292,0.04339211136102676,0.04425311088562012,0.10835662484169006,71,0.06860760424593539,0.44940440935459514
station_wake_L5,Smooth stage-aware SAC,strict_two_stage_v3_v1,two_stage_v3,2,62,9062,1250062,station_wake,5,0.0,0.0,0.1,1,1,0,0,1,0,43,0.25,1,28,0.6224740147590637,0.32041795963250214,2.3269355297088623,1.3902919591895635,5.3874993324279785,15.768232941627502,0.5057036166750917,2.3061148640106284,0.0,0.5,0.16488947352281616,0.20023886503956234,0.09093789532780647,0.13839620351791382,0.09093789532780647,0.46465568244457245,0.5972754955291748,47,0.0642839629448965,1.380535017237608
station_wake_L5,Smooth stage-aware SAC,strict_two_stage_v3_v1,two_stage_v3,2,63,9063,1250063,station_wake,5,0.0,0.0,0.1,1,1,0,0,1,0,48,0.25,1,28,0.07619965821504593,0.060163111592569325,0.9524351358413696,0.4752322308836169,2.708677351474762,10.691845379769802,0.32760802155253116,1.907678409953761,0.0,0.0,0.13458121364175687,0.14381541423255806,0.006419747928157448,0.009306925348937511,0.006419747928157448,0.03304723929613829,0.07442014757543802,52,0.08396667419723039,0.2563594377892191
station_wake_L5,Smooth stage-aware SAC,strict_two_stage_v3_v1,two_stage_v3,2,64,9064,1250064,station_wake,5,0.0,0.0,0.1,1,1,0,0,1,0,55,0.25,1,40,0.2579177916049957,0.23969751947351498,0.31349867582321167,0.17440819345685596,1.3220036029815674,6.581003814935684,0.1307569935196367,0.7519758484308185,2.380140779510085,0.0,0.1660688425585364,0.2214138906158322,0.0622439906001091,0.0792175754904747,0.0622439906001091,0.226259246468544,0.3626769036054611,59,0.06954578605466177,1.2388161692009538
station_wake_L5,Smooth stage-aware SAC,strict_two_stage_v3_v1,two_stage_v3,2,65,9065,1250065,station_wake,5,0.0,0.0,0.1,1,1,0,0,1,0,51,0.25,1,26,0.7320154309272766,0.4629731650207024,1.3955128192901611,1.137832050891064,2.0060759782791138,8.329629004001617,0.1931413326684967,1.046350527495785,0.0,0.6000000000000001,0.1223921932906004,0.13307765473829897,0.017751337401568888,0.021194184198975563,0.017751337401568888,0.0397057868540287,0.07359374314546585,55,0.08696692279836796,2.8456079261626988
station_wake_L5,Smooth stage-aware SAC,strict_two_stage_v3_v1,two_stage_v3,2,66,9066,1250066,station_wake,5,0.0,0.0,0.1,1,1,0,0,1,0,36,0.25,1,20,0.5181785821914673,0.47028832457276964,0.948636531829834,0.4285278525787942,3.767733573913574,22.991574704647064,0.41225186511657436,2.5662077382806316,0.0,0.6000000000000001,0.1690803983340174,0.1996179742119492,0.08207656741142273,0.10306259989738464,0.08207656741142273,0.2347000539302826,0.4163794219493866,40,0.07882222183294489,2.4864413614405203
station_wake_L5,Smooth stage-aware SAC,strict_two_stage_v3_v1,two_stage_v3,2,67,9067,1250067,station_wake,5,0.0,0.0,0.1,1,1,0,0,1,0,74,0.25,1,57,0.26711782813072205,0.18088093608535855,0.5715127289295197,0.45405016688817806,2.3094867914915085,9.458434879779816,0.1552414335465261,1.1671300757474077,0.0,0.0,0.163507872171134,0.18448909361595303,0.0673651248216629,0.08313996344804764,0.0673651248216629,0.1578216403722763,0.18085911870002747,78,0.07843791181194576,1.326829133072092
station_wake_L5,Smooth stage-aware SAC,strict_two_stage_v3_v1,two_stage_v3,2,68,9068,1250068,station_wake,5,0.0,0.0,0.1,1,1,0,0,1,0,52,0.25,1,39,0.039604976773262024,0.01609399064637,0.23249927908182144,0.1323038427487013,2.166123688220978,9.03728574514389,0.27952765773834176,1.3227425449148131,0.2149466534898963,0.0,0.16192224982638703,0.22143275554967123,0.021319149993360043,0.02526327595114708,0.021319149993360043,0.11262756958603859,0.32162610441446304,56,0.04895052780518778,0.09042768253668218
station_wake_L5,Smooth stage-aware SAC,strict_two_stage_v3_v1,two_stage_v3,2,69,9069,1250069,station_wake,5,0.0,0.0,0.1,1,1,0,0,1,0,45,0.25,1,29,0.3332723081111908,0.2304499860308619,0.8217513561248779,0.5523535188411115,3.0400975793600082,14.278782904148102,0.2888024450023731,1.8440123571286535,0.0,0.8,0.19342688635504776,0.25696656050226585,0.12602559775114058,0.16974331438541412,0.12602559775114058,0.36678317189216614,0.5217128992080688,49,0.06931499043869786,3.2776451388095085
station_wake_L5,Smooth stage-aware SAC,strict_two_stage_v3_v1,two_stage_v3,2,70,9070,1250070,station_wake,5,0.0,0.0,0.1,1,1,0,0,1,0,46,0.25,1,23,0.0977756679058075,0.07832607656418984,0.85908442735672,0.370755461347484,2.4232566356658936,11.339318677783012,0.4686449414721062,2.165644765266589,0.0,0.7000000000000001,0.1293636701396356,0.14238238812998738,0.03972865417599678,0.04989142715930939,0.03972865417599678,0.1045265644788742,0.1528991013765335,50,0.08699632252654128,2.8250407324679094
station_wake_L5,Smooth stage-aware SAC,strict_two_stage_v3_v1,two_stage_v3,2,71,9071,1250071,station_wake,5,0.0,0.0,0.1,1,1,0,0,1,0,35,0.25,1,18,0.1398671716451645,0.07114233601035874,1.1535575985908508,0.598364359557335,4.3514785170555115,18.781014680862427,0.4677955458063454,2.5390708221612277,0.0,0.8500000000000001,0.10074372640992413,0.1234302260407707,0.12230824232101441,0.1586010456085205,0.12230824232101441,0.3472285568714142,0.423317551612854,39,0.011762283043828654,3.685185451111244
station_wake_L5,Smooth stage-aware SAC,strict_two_stage_v3_v1,two_stage_v3,2,72,9072,1250072,station_wake,5,0.0,0.0,0.1,1,1,0,0,1,0,43,0.25,1,27,0.5259001851081848,0.394916617000171,0.9182882308959961,0.5435690257549802,1.4911657571792603,6.271834000945091,0.29233621339227667,1.6268228656955164,0.0,0.65,0.2105331752607698,0.2779861216225131,0.13252536952495575,0.16077783703804016,0.13252536952495575,0.2845968008041382,0.39480626583099365,47,0.07163135117330416,1.5703429860645004
station_wake_L5,Smooth stage-aware SAC,strict_two_stage_v3_v1,two_stage_v3,2,73,9073,1250073,station_wake,5,0.0,0.0,0.1,1,1,0,0,1,0,44,0.25,1,23,0.08272087574005127,0.06311151443507124,1.039716973900795,0.473141059208155,2.7956193685531616,14.499302804470062,0.4842741591764713,2.1365082583640005,0.0,0.0,0.1273625374268527,0.14827506271720897,0.02616426758468151,0.041945651173591614,0.02616426758468151,0.16901680827140808,0.25592178106307983,48,0.08547080150901275,1.6110451505456642
station_wake_L5,Smooth stage-aware SAC,strict_two_stage_v3_v1,two_stage_v3,2,74,9074,1250074,station_wake,5,0.0,0.0,0.1,1,1,0,0,1,0,50,0.25,1,38,0.30217716097831726,0.26019363133278556,0.38411617279052734,0.23294509044684425,1.951538324356079,9.790524262934923,0.15479234780671075,1.1172579699336185,0.0,0.6000000000000001,0.16961805943908445,0.27346024267866315,0.14995861202478408,0.23943211138248444,0.14995861202478408,0.7005612850189209,1.0928964614868164,54,0.04783280257935364,3.3324066073669085
station_wake_L5,Smooth stage-aware SAC,strict_two_stage_v3_v1,two_stage_v3,2,75,9075,1250075,station_wake,5,0.0,0.0,0.1,1,1,0,0,1,0,57,0.25,1,45,0.3195962607860565,0.16275393909894423,1.0847553610801697,0.6824845510927032,3.8547495007514954,16.748072914779186,0.412902356024693,2.489448437781335,0.13968607968599517,0.0,0.20554294809047996,0.29932247221356234,0.016192150302231312,0.02802114561200142,0.016192150302231312,0.1578284539282322,0.2796543575823307,61,0.0621664166462113,0.11322449943855094
station_wake_L5,Smooth stage-aware SAC,strict_two_stage_v3_v1,two_stage_v3,2,76,9076,1250076,station_wake,5,0.0,0.0,0.1,1,1,0,0,1,0,48,0.25,1,37,0.17007708549499512,0.11404853920429799,0.8436870574951172,0.49885833139535596,6.10624298453331,18.273790627717972,0.31669507766827165,1.782327325457018,0.0,0.0,0.26302858172750604,0.37379586161780787,0.02598522063344717,0.03171025961637497,0.02598522063344717,0.11438364163041115,0.2333725057542324,52,0.05168382888186242,0.7256659244877471
station_wake_L5,Smooth stage-aware SAC,strict_two_stage_v3_v1,two_stage_v3,2,77,9077,1250077,station_wake,5,0.0,0.0,0.1,1,1,0,0,1,0,61,0.25,1,46,0.1480608731508255,0.08179181857306189,0.6878059357404709,0.48028776000057244,3.1181541085243225,10.09634755551815,0.2055190351769605,1.043041757205112,1.010320194646111,0.0,0.1892038486613258,0.2298371778669736,0.016771385446190834,0.04061778262257576,0.016771385446190834,0.22457856684923172,0.6055094674229622,65,0.05456252193442599,0.6101270848180461
station_wake_L5,Smooth stage-aware SAC,strict_two_stage_v3_v1,two_stage_v3,2,78,9078,1250078,station_wake,5,0.0,0.0,0.1,1,1,0,0,1,0,74,0.25,1,58,0.19532404839992523,0.15371280468209658,1.1025873571634293,0.6487931523698859,2.144320011138916,11.141734104603529,0.1188879864613202,0.8767517879298596,0.0,0.30000000000000004,0.13186712212566576,0.16459260936284423,0.014615885354578495,0.03283745050430298,0.014615885354578495,0.19048350304365158,0.29375381767749786,78,0.066804225708418,1.3305155142331948
station_wake_L5,Smooth stage-aware SAC,strict_two_stage_v3_v1,two_stage_v3,2,79,9079,1250079,station_wake,5,0.0,0.0,0.1,1,1,0,0,1,0,45,0.25,1,25,1.1560945510864258,0.914733497512561,1.8774473667144775,1.38782404874864,4.751436337828636,28.20029616355896,0.26262743042850906,1.9331575173876008,0.0,0.45,0.14619833743548855,0.1734317789575069,0.07888032346963883,0.09395260363817215,0.07888032346963883,0.1314517855644226,0.17115280032157898,49,0.0743852678901138,1.0444497961550185
station_wake_L5,Smooth stage-aware SAC,strict_two_stage_v3_v1,two_stage_v3,2,80,9080,1250080,station_wake,5,0.0,0.0,0.1,1,1,0,0,1,0,27,0.25,1,14,0.36656683683395386,0.3082350363589685,1.3543455302715302,0.7795825107339647,8.98464024066925,23.964398335665464,0.5400460442252206,2.4239588008156043,1.9214726592893951,0.0,0.18055983044344992,0.2664639230974102,0.0630138136446476,0.08960893005132675,0.0630138136446476,0.2527572363615036,0.388338640332222,31,0.05585120710980667,0.17281818009138988
station_wake_L5,Smooth stage-aware SAC,strict_two_stage_v3_v1,two_stage_v3,2,81,9081,1250081,station_wake,5,0.0,0.0,0.1,1,1,0,0,1,0,50,0.25,1,38,0.590818464756012,0.307108041180697,1.8300294876098633,1.3695248838807867,6.480000615119934,26.93846955895424,0.7643890457649691,2.7133744609209556,0.0,0.35000000000000003,0.18149370629041456,0.26754826598159537,0.11757063567638397,0.12994155287742615,0.11757063567638397,0.20794063806533813,0.3492194414138794,54,0.04763536553553972,1.5409816036482025
station_wake_L5,Smooth stage-aware SAC,strict_two_stage_v3_v1,two_stage_v3,2,82,9082,1250082,station_wake,5,0.0,0.0,0.1,1,1,0,0,1,0,41,0.25,1,28,0.40449824929237366,0.26407760033591715,0.7556772232055664,0.6134196495083949,2.8510185331106186,13.625431880354881,0.39001461183303393,2.1129589629355254,0.0,0.6000000000000001,0.18557750494886904,0.24961937121395197,0.16707843989133836,0.21478205919265747,0.16707843989133836,0.5741100609302521,0.9509998559951782,45,0.04928234574962857,2.2886337469916618
station_wake_L5,Smooth stage-aware SAC,strict_two_stage_v3_v1,two_stage_v3,2,83,9083,1250083,station_wake,5,0.0,0.0,0.1,1,1,0,0,1,0,42,0.25,1,28,0.7051906585693359,0.5160070616910403,1.5355181694030762,0.8213183608096883,2.071284204721451,10.342983081936836,0.3018780927851938,1.7379248965178506,0.0,0.65,0.19288384459837687,0.2834222969840286,0.16522712558507918,0.222074955701828,0.16522712558507918,0.5346401035785675,0.6844821572303772,46,0.05953261063615859,2.4718851611021653
station_wake_L5,Smooth stage-aware SAC,strict_two_stage_v3_v1,two_stage_v3,2,84,9084,1250084,station_wake,5,0.0,0.0,0.1,1,1,0,0,1,0,40,0.25,1,21,0.1453913301229477,0.09708613630886871,0.6884836405515671,0.5515627995304907,3.485557436943054,15.371515154838562,0.4010480769881052,2.368035584215026,0.0,0.6000000000000001,0.12375500051240003,0.14787308695171045,0.05340971425175667,0.09032908082008362,0.05340971425175667,0.32735762000083923,0.5076083540916443,44,0.08645551094097591,1.4305164205930574
station_wake_L5,Smooth stage-aware SAC,strict_two_stage_v3_v1,two_stage_v3,2,85,9085,1250085,station_wake,5,0.0,0.0,0.1,1,1,0,0,1,0,56,0.25,1,43,0.28513333201408386,0.1430672822505635,1.0844656825065613,0.7981440571463818,4.892434775829315,15.114258788526058,0.3884290102901146,1.784705310669835,0.8401028091844018,0.0,0.2545800823384214,0.35997122061414233,0.033011216670274734,0.0437212772667408,0.033011216670274734,0.17027904838323593,0.31884368509054184,60,0.07213078684063749,0.8401028091844018
station_wake_L5,Smooth stage-aware SAC,strict_two_stage_v3_v1,two_stage_v3,2,86,9086,1250086,station_wake,5,0.0,0.0,0.1,1,1,0,0,1,0,32,0.25,1,10,1.1394511461257935,0.865381478067726,1.6505545377731323,1.3371069538816995,0.2873241901397705,1.1727643013000488,0.1557687279541353,1.2868974017422918,0.0,1.1,0.10324478350314015,0.12643669457916917,0.12553934752941132,0.15986238420009613,0.12553934752941132,0.3616436719894409,0.4900464415550232,36,0.04745444504160586,3.342587858098459
station_wake_L5,Smooth stage-aware SAC,strict_two_stage_v3_v1,two_stage_v3,2,87,9087,1250087,station_wake,5,0.0,0.0,0.1,1,1,0,0,1,0,56,0.25,1,39,0.24866966903209686,0.16604684991008922,0.8682921528816223,0.6632918071434782,5.008532255887985,16.123265624046326,0.4698855352246186,2.2641830627324016,0.0,0.8500000000000001,0.08462703287043691,0.10040034860428045,0.03793125040829182,0.04717814922332764,0.03793125040829182,0.1009296402335167,0.11826522648334503,60,0.058499303069092644,4.4939161342207194
station_wake_L5,Smooth stage-aware SAC,strict_two_stage_v3_v1,two_stage_v3,2,88,9088,1250088,station_wake,5,0.0,0.0,0.1,1,1,0,0,1,0,44,0.25,1,32,0.34703388810157776,0.17828387280664942,1.1107125878334045,0.9014057982000303,3.8133663684129715,13.719411864876747,0.2841736945111575,1.9278214179265405,0.0,0.5,0.15782765293064244,0.26345384319988374,0.10043871104717254,0.10373324900865555,0.10043871104717254,0.1038261353969574,0.15403136610984802,48,0.046735790878834525,3.130419557476237
station_wake_L5,Smooth stage-aware SAC,strict_two_stage_v3_v1,two_stage_v3,2,89,9089,1250089,station_wake,5,0.0,0.0,0.1,1,1,0,0,1,0,52,0.25,1,37,0.14445723593235016,0.12128232978033379,0.4515014588832855,0.26838603832496216,2.81841691583395,17.203838527202606,0.5463822511926707,2.246456174124589,0.0,0.65,0.1744466552323372,0.23198676557979456,0.10834804773330689,0.1158851683139801,0.10834804773330689,0.08418968319892883,0.13597458600997925,56,0.07629008002049821,2.9006857178560352
station_wake_L5,Smooth stage-aware SAC,strict_two_stage_v3_v1,two_stage_v3,2,90,9090,1250090,station_wake,5,0.0,0.0,0.1,1,1,0,0,1,0,36,0.25,0,-1,nan,nan,nan,nan,nan,nan,nan,nan,0.0,nan,0.056115230792535484,0.05649870976186316,0.10420119166374206,0.13845497369766235,0.10420119166374206,0.34984341263771057,0.46100080013275146,40,0.08444506324367723,3.8624963081911288
station_wake_L5,Smooth stage-aware SAC,strict_two_stage_v3_v1,two_stage_v3,2,91,9091,1250091,station_wake,5,0.0,0.0,0.1,1,1,0,0,1,0,52,0.25,1,41,0.3758505582809448,0.17413513447533635,1.4233553409576416,1.0638215520079515,8.627774864435196,19.723134338855743,0.4394801647074061,2.7576718251365584,0.0,0.0,0.21037788535047303,0.3220890812911744,0.024056731909513473,0.03657911345362663,0.024056731909513473,0.281089186668396,0.557219497859478,56,0.05103430774641265,2.0551424495543067
station_wake_L5,Smooth stage-aware SAC,strict_two_stage_v3_v1,two_stage_v3,2,92,9092,1250092,station_wake,5,0.0,0.0,0.1,1,1,0,0,1,0,60,0.25,1,43,0.0999416932463646,0.062398984881616514,0.5610744282603264,0.3137844559497635,3.5975394397974014,21.84987962245941,0.2357536162804448,1.48772071148059,0.0,0.0,0.166468681418391,0.1834292278149955,0.018217305652797222,0.020592188462615013,0.018217305652797222,0.049375712871551514,0.08305108174681664,64,0.07499451832811696,0.9934528290473529
station_wake_L5,Smooth stage-aware SAC,strict_two_stage_v3_v1,two_stage_v3,2,93,9093,1250093,station_wake,5,0.0,0.0,0.1,1,1,0,0,1,0,66,0.25,1,52,0.20253439247608185,0.18456330818199895,0.23101627826690674,0.1457267382712257,1.6744334995746613,8.731982093304396,0.3249273401553327,1.3584515437176252,3.16792177833125,0.0,0.15397645756767914,0.21263773437151995,0.10702845007181168,0.129529669880867,0.10702845007181168,0.3439251780509949,0.4779288172721863,70,0.059294961057467684,1.0855455502871043
station_wake_L5,Smooth stage-aware SAC,strict_two_stage_v3_v1,two_stage_v3,2,94,9094,1250094,station_wake,5,0.0,0.0,0.1,1,1,0,0,1,0,54,0.25,1,42,0.2679465413093567,0.23305097557642732,0.7678276300430298,0.4066764568181383,2.6413728296756744,13.902540504932404,0.4419496653638875,1.9907985062388929,0.0,0.25,0.20469923166693368,0.3182340378480636,0.05915691778063774,0.08381698280572891,0.05915691778063774,0.34810546040534973,0.5558955669403076,58,0.061843172611294295,2.4934651437848205
station_wake_L5,Smooth stage-aware SAC,strict_two_stage_v3_v1,two_stage_v3,2,95,9095,1250095,station_wake,5,0.0,0.0,0.1,1,1,0,0,1,0,57,0.25,1,43,0.17994850873947144,0.12173362871810367,1.0321348160505295,0.7068693505728896,3.4183652326464653,17.51218408346176,0.2663074926748411,1.3690537345358855,0.0,0.4,0.16388142516540877,0.2126817623658498,0.07152557894587516,0.08765382319688797,0.07152557894587516,0.15271411836147308,0.19644707441329956,61,0.05192963131699068,2.13778346964323
station_wake_L5,Smooth stage-aware SAC,strict_two_stage_v3_v1,two_stage_v3,2,96,9096,1250096,station_wake,5,0.0,0.0,0.1,1,1,0,0,1,0,42,0.25,1,32,0.04322299361228943,0.01883667118213104,0.4488321952521801,0.24904761835807734,3.6938920617103577,17.609885185956955,0.7501836583098199,2.5574851379656085,0.0,0.0,0.2921194238730486,0.42011962565366917,0.006852917978540063,0.021278979256749153,0.006852917978540063,0.18049571011215448,0.3619619086384773,46,0.055118816553468265,0.29182268709442444
station_wake_L5,Smooth stage-aware SAC,strict_two_stage_v3_v1,two_stage_v3,2,97,9097,1250097,station_wake,5,0.0,0.0,0.1,1,1,0,0,1,0,53,0.25,1,35,0.34369194507598877,0.22041690550270737,1.550784409046173,1.2374468112725485,3.0303558707237244,11.932956874370575,0.18685997451215502,1.346088574782188,0.09653939450294777,0.35000000000000003,0.09479344480068821,0.12137998503352558,0.020073065906763075,0.02536981739103794,0.020073065906763075,0.16470517963171005,0.43778397142887115,57,0.08000799573709409,0.19098609641744033
station_wake_L5,Smooth stage-aware SAC,strict_two_stage_v3_v1,two_stage_v3,2,98,9098,1250098,station_wake,5,0.0,0.0,0.1,1,1,0,0,1,0,75,0.25,1,56,0.09555885195732117,0.059330981921559965,0.3344053030014038,0.18338074344769809,2.018955983221531,9.038786701858044,0.11339386447294894,0.761369265114832,0.8510877810821922,0.0,0.15944833441871614,0.17421521929707515,0.004448509169742465,0.010443482547998428,0.004448509169742465,0.0794164389371872,0.11687073856592178,79,0.08098719479741272,0.8390613654185335
station_wake_L5,Smooth stage-aware SAC,strict_two_stage_v3_v1,two_stage_v3,2,99,9099,1250099,station_wake,5,0.0,0.0,0.1,1,1,0,0,1,0,37,0.25,1,20,0.5985342860221863,0.5459084076319352,1.370861530303955,0.734101794163921,5.7647407706826925,37.23611354827881,0.49379956114036166,3.4456833131524607,0.0,0.75,0.16565045966139288,0.2020210359010181,0.1190919354557991,0.1455083191394806,0.1190919354557991,0.2692009508609772,0.323198139667511,41,0.07701794067264299,2.3257748215943104
station_wake_L5,Smooth stage-aware SAC,strict_two_stage_v3_v1,two_stage_v3,3,0,9000,1250000,station_wake,5,0.0,0.0,0.1,1,1,0,0,1,0,45,0.25,1,33,0.3417338728904724,0.22362027098148868,1.069406196475029,0.7805797532655453,6.7000412940979,26.409860849380493,0.3449755558008205,2.382510458415301,0.0,0.0,0.17311005899847168,0.26213212650444534,0.044527658820152284,0.0852103903889656,0.044527658820152284,0.29459063708782196,0.5782321095466614,49,0.06042324974160829,2.0593500595264462
station_wake_L5,Smooth stage-aware SAC,strict_two_stage_v3_v1,two_stage_v3,3,1,9001,1250001,station_wake,5,0.0,0.0,0.1,1,1,0,0,1,0,48,0.25,1,29,0.6158210039138794,0.47341715379284455,1.405753493309021,0.9199086536423543,4.789905622601509,25.880204737186432,0.47954101959931045,2.8235104041093555,0.0,0.2,0.130150398936771,0.15007057538052412,0.056010130792856216,0.0722484216094017,0.056010130792856216,0.15258897840976715,0.18945693969726562,52,0.07998877290153975,0.38911347577724636
station_wake_L5,Smooth stage-aware SAC,strict_two_stage_v3_v1,two_stage_v3,3,2,9002,1250002,station_wake,5,0.0,0.0,0.1,1,1,0,0,1,0,42,0.25,1,27,0.3497389554977417,0.23083213781605183,0.7801759243011475,0.5935603339387582,1.8998891115188599,10.826309025287628,0.17969970506752944,1.1573739461714416,0.3694314585906348,0.0,0.1878083076132108,0.268321193869161,0.01824022363871336,0.022474238649010658,0.01824022363871336,0.07795143127441406,0.1750965230166912,46,0.05765064269296507,0.22693954519772633
station_wake_L5,Smooth stage-aware SAC,strict_two_stage_v3_v1,two_stage_v3,3,3,9003,1250003,station_wake,5,0.0,0.0,0.1,1,1,0,0,1,0,56,0.25,1,44,0.2117248773574829,0.20587250579759722,0.25006383657455444,0.09610392060570709,2.182629257440567,9.054261445999146,0.21808346074577395,0.9945836718045082,0.0,0.25,0.2171082979165364,0.31955295585002197,0.08406342752277851,0.15108245611190796,0.08406342752277851,0.6016677096486092,0.8504971116781235,60,0.04939504683756858,0.22076364012543317
station_wake_L5,Smooth stage-aware SAC,strict_two_stage_v3_v1,two_stage_v3,3,4,9004,1250004,station_wake,5,0.0,0.0,0.1,1,1,0,0,1,0,52,0.25,1,38,0.24103623628616333,0.12734277218133228,0.9403479099273682,0.5540635578193525,2.0802347362041473,11.447413563728333,0.35241074467512995,1.5332881139859005,0.0,0.0,0.20315477829295348,0.2895751270541346,0.05283398777246475,0.07836183905601501,0.05283398777246475,0.22986724972724915,0.3339533507823944,56,0.05990269564029992,0.6238767358649578
station_wake_L5,Smooth stage-aware SAC,strict_two_stage_v3_v1,two_stage_v3,3,5,9005,1250005,station_wake,5,0.0,0.0,0.1,1,1,0,0,1,0,61,0.25,1,42,0.3296110928058624,0.237163792893344,0.6463509798049927,0.40123926660275355,4.241768717765808,13.424659445881844,0.3287040566921402,1.4945746539679854,1.7441863482018403,0.0,0.17537631257885128,0.20562690080789323,0.035541707277297975,0.040651194751262665,0.035541707277297975,0.12429266422986984,0.258680023252964,65,0.06735406730522048,1.191327464727442
station_wake_L5,Smooth stage-aware SAC,strict_two_stage_v3_v1,two_stage_v3,3,6,9006,1250006,station_wake,5,0.0,0.0,0.1,1,1,0,0,1,0,27,0.25,0,-1,nan,nan,nan,nan,nan,nan,nan,nan,0.0,nan,0.1743022078553808,0.24778228869459254,0.162431201338768,0.2081061601638794,0.162431201338768,0.4468145966529846,0.5381938815116882,31,0.06795002924506524,1.8605473718928816
station_wake_L5,Smooth stage-aware SAC,strict_two_stage_v3_v1,two_stage_v3,3,7,9007,1250007,station_wake,5,0.0,0.0,0.1,1,1,0,0,1,0,61,0.25,1,45,0.39659661054611206,0.25673366234370637,0.8010423183441162,0.6776468268841771,2.0072290673851967,8.414819911122322,0.12090375608036012,0.9499080261220028,0.0,0.0,0.18319493059448647,0.21361371699681872,0.06914147585630417,0.06991416215896606,0.06914147585630417,0.03206738829612732,0.07735386490821838,65,0.07107588750477808,2.2770881659734017
station_wake_L5,Smooth stage-aware SAC,strict_two_stage_v3_v1,two_stage_v3,3,8,9008,1250008,station_wake,5,0.0,0.0,0.1,1,1,0,0,1,0,37,0.25,1,25,0.2430267333984375,0.16080258229083633,0.9885150194168091,0.5885415975697531,3.521740436553955,24.17430989444256,0.2322180909411641,2.003516952048166,2.7179369629797625,0.0,0.2711758278286317,0.3663212736662168,0.03144727237522602,0.05033975839614868,0.03144727237522602,0.2932814210653305,0.46404633671045303,41,0.029412358816335003,2.267915008474663
station_wake_L5,Smooth stage-aware SAC,strict_two_stage_v3_v1,two_stage_v3,3,9,9009,1250009,station_wake,5,0.0,0.0,0.1,1,1,0,0,1,0,39,0.25,1,24,0.06123247742652893,0.026480557253105615,0.46496111899614334,0.26713697087210025,3.5517102107405663,21.316499263048172,0.33062233344896486,2.0555730668923604,0.0,0.0,0.18863560742432062,0.2549475852353764,0.025345714949071407,0.03874821588397026,0.025345714949071407,0.12183627113699913,0.15659362077713013,43,0.07973409294193826,0.7593852343987778
station_wake_L5,Smooth stage-aware SAC,strict_two_stage_v3_v1,two_stage_v3,3,10,9010,1250010,station_wake,5,0.0,0.0,0.1,1,1,0,0,1,0,35,0.25,0,-1,nan,nan,nan,nan,nan,nan,nan,nan,0.0,nan,0.07830751492993068,0.0798255562609816,0.1453596606850624,0.1787760853767395,0.1453596606850624,0.3287089765071869,0.38762718439102173,39,0.03829466049389962,3.2536020191574173
station_wake_L5,Smooth stage-aware SAC,strict_two_stage_v3_v1,two_stage_v3,3,11,9011,1250011,station_wake,5,0.0,0.0,0.1,1,1,0,0,1,0,51,0.25,1,30,0.6092597246170044,0.47486269814329946,0.8781272172927856,0.551453327188327,3.5491254180669785,10.438801795244217,0.4512327668072194,1.9632957242096256,0.11951179529125346,0.65,0.12596782836240428,0.1488812267071588,0.08672322779893875,0.11267100274562836,0.08672322779893875,0.2647973895072937,0.2914811670780182,55,0.09114223191222465,0.11951179529125346
station_wake_L5,Smooth stage-aware SAC,strict_two_stage_v3_v1,two_stage_v3,3,12,9012,1250012,station_wake,5,0.0,0.0,0.1,1,1,0,0,1,0,55,0.25,1,41,0.13189955055713654,0.08614480757459857,0.5449081212282181,0.37510544408054114,2.4181555956602097,7.574136480689049,0.2670737993172701,1.7056067722347787,0.0,0.0,0.15855952516688734,0.21275186260762335,0.07718170434236526,0.100422702729702,0.07718170434236526,0.21030807495117188,0.2707965672016144,59,0.0715359768740028,0.8623574331301546
station_wake_L5,Smooth stage-aware SAC,strict_two_stage_v3_v1,two_stage_v3,3,13,9013,1250013,station_wake,5,0.0,0.0,0.1,1,1,0,0,1,0,58,0.25,1,44,0.12804198265075684,0.0715205165691127,0.49855682998895645,0.3720368037086378,1.529856026172638,7.552842944860458,0.28902150082803746,1.1721095658673295,0.5243369206349241,0.0,0.14080596045308966,0.18742429319689555,0.04798126369714737,0.05734417960047722,0.04798126369714737,0.14956262707710266,0.28623513877391815,62,0.06972710277334561,0.5243369206349241
station_wake_L5,Smooth stage-aware SAC,strict_two_stage_v3_v1,two_stage_v3,3,14,9014,1250014,station_wake,5,0.0,0.0,0.1,1,1,0,0,1,0,54,0.25,1,38,0.31991299986839294,0.26941467217753906,0.6536811590194702,0.3468523739367348,4.76981595158577,14.056615605950356,0.26707688586252676,1.4661403324634876,0.0,0.4,0.17598674424992738,0.2092452934199531,0.02467236965894699,0.03421994298696518,0.02467236965894699,0.10837733745574951,0.18885232508182526,58,0.07657020410187854,2.2476378843761875
station_wake_L5,Smooth stage-aware SAC,strict_two_stage_v3_v1,two_stage_v3,3,15,9015,1250015,station_wake,5,0.0,0.0,0.1,1,1,0,0,1,0,54,0.25,1,35,0.5253403186798096,0.2659629722346262,1.6824710369110107,1.3875372469390732,3.2403749227523804,12.478230595588684,0.2663597069544469,1.7282409560753829,0.7764078800794478,0.0,0.11740960911936418,0.14791664519238,0.034705516695976255,0.05237746983766556,0.034705516695976255,0.25788725167512894,0.37463732063770294,58,0.09209390527436734,0.27928798262655524
station_wake_L5,Smooth stage-aware SAC,strict_two_stage_v3_v1,two_stage_v3,3,16,9016,1250016,station_wake,5,0.0,0.0,0.1,1,1,0,0,1,0,38,0.25,1,16,1.333153486251831,1.1567630277119962,1.3318562507629395,1.026134438197751,4.908082485198975,9.122306108474731,0.27090980405750653,1.817068173298118,0.0,1.1,0.11596810755911428,0.13673257651767057,0.17706566751003266,0.21722176671028137,0.17706566751003266,0.4088956117630005,0.5244174599647522,42,0.06834140949271753,2.626848279548003
station_wake_L5,Smooth stage-aware SAC,strict_two_stage_v3_v1,two_stage_v3,3,17,9017,1250017,station_wake,5,0.0,0.0,0.1,1,1,0,0,1,0,49,0.25,1,31,0.2854805886745453,0.21724096110220603,0.4742521047592163,0.26376676568720586,5.117465704679489,14.400925412774086,0.3511162797963599,1.9392038995682186,0.0,0.25,0.14666469246267053,0.16685314951201918,0.04508637711405754,0.061499856412410736,0.04508637711405754,0.15648482739925385,0.19458234310150146,53,0.08121818277183147,0.34559532568690676
station_wake_L5,Smooth stage-aware SAC,strict_two_stage_v3_v1,two_stage_v3,3,18,9018,1250018,station_wake,5,0.0,0.0,0.1,1,1,0,0,1,0,50,0.25,1,31,0.06650713831186295,0.04817680109192583,0.7967571169137955,0.3481030436989744,4.362337589263916,13.055991679430008,0.2868523803708907,1.7073684980346984,0.0,0.0,0.12930111945851094,0.1608104151766276,0.03234438970685005,0.040863536298274994,0.03234438970685005,0.1076405681669712,0.17795957624912262,54,0.08758149138263692,0.5202955830803921
station_wake_L5,Smooth stage-aware SAC,strict_two_stage_v3_v1,two_stage_v3,3,19,9019,1250019,station_wake,5,0.0,0.0,0.1,1,1,0,0,1,0,42,0.25,1,30,0.21232350170612335,0.12312894055073709,1.1190598458051682,0.7454913434127277,2.7981293201446533,14.313026294112206,0.2639776381156472,1.947089459491123,0.0,0.6000000000000001,0.18647348888222087,0.2637898878310886,0.1473980352282524,0.1955825239419937,0.1473980352282524,0.45160654187202454,0.5873820185661316,46,0.05096891562862825,3.287627887168305
station_wake_L5,Smooth stage-aware SAC,strict_two_stage_v3_v1,two_stage_v3,3,20,9020,1250020,station_wake,5,0.0,0.0,0.1,1,1,0,0,1,0,36,0.25,1,18,0.9202651381492615,0.8314795542901746,1.108243465423584,0.5321495816563537,5.146595453843474,28.110094740986824,0.3943423772467593,2.751507830415703,0.0,0.65,0.1722035553199654,0.20735252136034166,0.09325610548257827,0.12258933484554291,0.09325610548257827,0.30415311455726624,0.4665714502334595,40,0.07398395767639102,1.5079845328810477
station_wake_L5,Smooth stage-aware SAC,strict_two_stage_v3_v1,two_stage_v3,3,21,9021,1250021,station_wake,5,0.0,0.0,0.1,1,1,0,0,1,0,60,0.25,1,40,0.16139525175094604,0.1107667359302817,0.4617440700531006,0.30044419741903183,2.3024938255548477,10.396087616682053,0.34449433543956803,1.4404771131500984,0.0,0.0,0.15773357075968808,0.18068051259687162,0.004739916883409023,0.011704770848155022,0.004739916883409023,0.07943761441856623,0.13729386031627655,64,0.07915988312979667,1.4017019869188891
station_wake_L5,Smooth stage-aware SAC,strict_two_stage_v3_v1,two_stage_v3,3,22,9022,1250022,station_wake,5,0.0,0.0,0.1,1,1,0,0,1,0,34,0.25,1,19,0.3340851068496704,0.24095700288447894,0.9569308161735535,0.6647429673482483,4.329563528299332,16.45856887102127,0.3783805718758038,2.631114038788918,0.0,0.0,0.17308540120833443,0.2191593590473316,0.022016295790672304,0.034274738281965256,0.022016295790672304,0.15812841057777405,0.24855626747012138,38,0.07339183534372165,3.7105869246345216
station_wake_L5,Smooth stage-aware SAC,strict_two_stage_v3_v1,two_stage_v3,3,23,9023,1250023,station_wake,5,0.0,0.0,0.1,1,1,0,0,1,0,100,0.25,1,46,0.2670617699623108,0.2008806608498376,0.3889086842536926,0.2635522228948466,0.9563261270523071,4.608772695064545,0.13232380650542963,0.6778894674087649,0.0,0.45,0.07616038246425937,0.07661760775948842,0.007743845973163843,0.00847738329321146,0.007743845973163843,0.007205020636320114,0.007427427917718887,104,0.09790199948876517,0.377806204327996
station_wake_L5,Smooth stage-aware SAC,strict_two_stage_v3_v1,two_stage_v3,3,24,9024,1250024,station_wake,5,0.0,0.0,0.1,1,1,0,0,1,0,54,0.25,1,39,0.12904801964759827,0.08122288877356254,0.5509717762470245,0.3900259254173205,1.7197123169898987,7.07974499091506,0.13975649752736696,0.7955845556760606,0.6152922019344567,0.0,0.1661727447174846,0.23808353621878336,0.07338427752256393,0.07946670055389404,0.07338427752256393,0.17459280788898468,0.4479224234819412,58,0.07816602239975004,0.6352608469423708
station_wake_L5,Smooth stage-aware SAC,strict_two_stage_v3_v1,two_stage_v3,3,25,9025,1250025,station_wake,5,0.0,0.0,0.1,1,1,0,0,1,0,34,0.25,1,21,0.6767762899398804,0.3492589801232389,2.080768346786499,1.4666786534524043,3.641488552093506,18.880225867033005,0.5376891852396452,3.047278823485514,0.0,0.65,0.1313650889166759,0.2195474533938943,0.1292653948068619,0.1410175859928131,0.1292653948068619,0.16485783457756042,0.33115923404693604,38,0.06196818088195372,3.40864774020353
station_wake_L5,Smooth stage-aware SAC,strict_two_stage_v3_v1,two_stage_v3,3,26,9026,1250026,station_wake,5,0.0,0.0,0.1,1,1,0,0,1,0,34,0.25,1,22,0.8440996408462524,0.560603881444774,1.5711700916290283,1.1212065705629315,8.808890581130981,21.44422471523285,0.45475573753710785,2.841424025079892,0.0,0.6000000000000001,0.20478692322691333,0.3081570415337843,0.09556268751621247,0.13998521864414215,0.09556268751621247,0.44368672370910645,0.5695179104804993,38,0.061335950401395646,3.808880603866998
station_wake_L5,Smooth stage-aware SAC,strict_two_stage_v3_v1,two_stage_v3,3,27,9027,1250027,station_wake,5,0.0,0.0,0.1,1,1,0,0,1,0,39,0.25,1,19,0.34909674525260925,0.253616850656396,1.0132327675819397,0.6013519549355618,6.778855323791504,30.566376447677612,0.6540083215136892,2.9247318239182274,0.0,0.5,0.1521023198350034,0.17412785991204824,0.05954133048653602,0.06525259464979172,0.05954133048653602,0.05929236114025116,0.06627202033996582,43,0.08634065281645166,1.657265787711081
station_wake_L5,Smooth stage-aware SAC,strict_two_stage_v3_v1,two_stage_v3,3,28,9028,1250028,station_wake,5,0.0,0.0,0.1,1,1,0,0,1,0,44,0.25,1,28,0.39848655462265015,0.32971045373446106,0.5161643028259277,0.29796461957331477,2.3772260267287493,8.441106081008911,0.28168980517103287,1.699195709289825,0.0,0.55,0.15420974712352514,0.188281780374037,0.10261599570512772,0.13394740223884583,0.10261599570512772,0.3330647051334381,0.5470848083496094,48,0.0817404835906243,0.6764741550333748
station_wake_L5,Smooth stage-aware SAC,strict_two_stage_v3_v1,two_stage_v3,3,29,9029,1250029,station_wake,5,0.0,0.0,0.1,1,1,0,0,1,0,40,0.25,1,25,0.6691333055496216,0.5702979314680947,1.4022260904312134,0.8036751635963575,6.908649802207947,20.867847502231598,0.6292753010311561,2.466633683645672,0.0,0.45,0.18965651377396955,0.22099596211627942,0.0448429711163044,0.050176531076431274,0.0448429711163044,0.05450117588043213,0.06148688495159149,44,0.05478772124125012,3.1516072311684398
station_wake_L5,Smooth stage-aware SAC,strict_two_stage_v3_v1,two_stage_v3,3,30,9030,1250030,station_wake,5,0.0,0.0,0.1,1,1,0,0,1,0,46,0.25,1,32,0.1520135998725891,0.06287833037781579,1.0425817966461182,0.6490392545988098,4.24752552062273,20.759941935539246,0.29340119501060963,2.1145088208519347,0.0,0.0,0.14046330521571387,0.17688290517924343,0.06653288155794143,0.07587773352861404,0.06653288155794143,0.12017294764518738,0.21074846386909485,50,0.059227120680127004,0.9658550228190933
station_wake_L5,Smooth stage-aware SAC,strict_two_stage_v3_v1,two_stage_v3,3,31,9031,1250031,station_wake,5,0.0,0.0,0.1,1,1,0,0,1,0,56,0.25,1,41,0.2243722826242447,0.15051060879454548,0.6825020909309387,0.47027270524623926,3.8523879647254944,18.972662389278412,0.24623162690921904,1.84665189221321,0.0,0.6000000000000001,0.17585814851798434,0.22150279687846225,0.13084249645471574,0.1616564244031906,0.13084249645471574,0.34678199887275696,0.62186598777771,60,0.07556304635263893,1.8369853536904532
station_wake_L5,Smooth stage-aware SAC,strict_two_stage_v3_v1,two_stage_v3,3,32,9032,1250032,station_wake,5,0.0,0.0,0.1,1,1,0,0,1,0,53,0.25,1,40,0.4812052845954895,0.4009733882981447,1.4139527082443237,0.8912190731089381,6.115561127662659,27.94486004859209,0.5425534184405648,2.991883918781996,0.0,0.55,0.24164241661411417,0.35083971687683724,0.12491432875394821,0.20189149677753448,0.12491432875394821,0.7062656879425049,1.020970344543457,57,0.06454507989046375,2.06016178482062
station_wake_L5,Smooth stage-aware SAC,strict_two_stage_v3_v1,two_stage_v3,3,33,9033,1250033,station_wake,5,0.0,0.0,0.1,1,1,0,0,1,0,41,0.25,0,-1,nan,nan,nan,nan,nan,nan,nan,nan,0.0,nan,0.07056512399778911,0.07506446236169069,0.10901294201612473,0.13550478219985962,0.10901294201612473,0.2669985890388489,0.3421139717102051,45,0.06044505505338884,3.5209930395494267
station_wake_L5,Smooth stage-aware SAC,strict_two_stage_v3_v1,two_stage_v3,3,34,9034,1250034,station_wake,5,0.0,0.0,0.1,1,1,0,0,1,0,40,0.25,1,19,1.183273196220398,1.0822961557041735,1.248483657836914,0.9700572443500769,6.668192744255066,23.407616317272186,0.4161567874873579,3.094384550522106,0.0,1.05,0.12328141064792213,0.18348078998123468,0.15888125598430633,0.2167535126209259,0.15888125598430633,0.6025564074516296,0.8999568223953247,44,0.030104275276535343,2.8818303403219803
station_wake_L5,Smooth stage-aware SAC,strict_two_stage_v3_v1,two_stage_v3,3,35,9035,1250035,station_wake,5,0.0,0.0,0.1,1,1,0,0,1,0,57,0.25,1,44,0.16061994433403015,0.1023651784072791,0.9645849466323853,0.6820460680231039,1.990327537059784,7.227579653263092,0.2836576882211779,1.6282273326648034,0.0,0.05,0.1935102207594795,0.27892819869494284,0.015793550573289395,0.038736239075660706,0.015793550573289395,0.2517373040318489,0.4769118130207062,61,0.07687076582506186,0.7237227890297314
station_wake_L5,Smooth stage-aware SAC,strict_two_stage_v3_v1,two_stage_v3,3,36,9036,1250036,station_wake,5,0.0,0.0,0.1,1,1,0,0,1,0,39,0.25,1,15,1.3348267078399658,1.1104457567393888,1.3304030895233154,1.0822274318312903,2.5969958305358887,3.3069908618927,0.3226092307638238,1.7392461112303743,0.0,1.2000000000000002,0.08654926568142081,0.10040413676282639,0.15628437101840972,0.18796321749687195,0.15628437101840972,0.3171529173851013,0.36609917879104614,43,0.0433619234020694,3.1885954802884093
station_wake_L5,Smooth stage-aware SAC,strict_two_stage_v3_v1,two_stage_v3,3,37,9037,1250037,station_wake,5,0.0,0.0,0.1,1,1,0,0,1,0,50,0.25,1,29,0.6105519533157349,0.5651084649331782,1.1595690250396729,0.5083414072448538,9.52098697423935,32.26747751235962,0.49773184418354643,2.4709326323096925,0.0,0.6000000000000001,0.1324347938871145,0.15896179652011194,0.07520085200667381,0.0878138467669487,0.07520085200667381,0.13001032173633575,0.16569092869758606,54,0.08709671950189944,0.18485685541100014
station_wake_L5,Smooth stage-aware SAC,strict_two_stage_v3_v1,two_stage_v3,3,38,9038,1250038,station_wake,5,0.0,0.0,0.1,1,1,0,0,1,0,58,0.25,1,45,0.3505277633666992,0.207102181327822,0.9069657325744629,0.6023336068666756,4.750044047832489,20.70733204483986,0.26519862864240323,1.7421076014084254,0.0,0.05,0.17197737332599644,0.23535094895917197,0.08238052576780319,0.09423481673002243,0.08238052576780319,0.123196542263031,0.17437636852264404,62,0.06099435891528876,0.6307529754510153
station_wake_L5,Smooth stage-aware SAC,strict_two_stage_v3_v1,two_stage_v3,3,39,9039,1250039,station_wake,5,0.0,0.0,0.1,1,1,0,0,1,0,65,0.25,1,48,0.2211643010377884,0.11027555510651643,0.7970577478408813,0.6374124744774894,4.624883234500885,19.748640656471252,0.3357530628839624,1.8349000406226421,0.0,0.6000000000000001,0.15322949684716253,0.17759818465137164,0.10513930320739746,0.14045219123363495,0.10513930320739746,0.4042646884918213,0.6687432527542114,69,0.0855249139980883,0.22961009580234842
station_wake_L5,Smooth stage-aware SAC,strict_two_stage_v3_v1,two_stage_v3,3,40,9040,1250040,station_wake,5,0.0,0.0,0.1,1,1,0,0,1,0,56,0.25,1,43,0.27424031496047974,0.20262743214412618,0.5121535062789917,0.3315909950131001,3.3501043915748596,13.585523217916489,0.872006671519464,2.5260181159996034,0.0,0.45,0.22326073169722957,0.2909157207996119,0.10976462066173553,0.11845575273036957,0.10976462066173553,0.07424280047416687,0.12916788458824158,60,0.06322606979294847,2.1650741308022505
station_wake_L5,Smooth stage-aware SAC,strict_two_stage_v3_v1,two_stage_v3,3,41,9041,1250041,station_wake,5,0.0,0.0,0.1,1,1,0,0,1,0,48,0.25,1,38,0.2507587671279907,0.16661016890128477,1.8726515769958496,1.2340620592406994,4.678776264190674,19.750252068042755,0.4599949866472755,2.4467482864519234,0.0,0.2,0.2614353559437699,0.385610027984891,0.10815554335713387,0.16223710775375366,0.10815554335713387,0.537892147898674,0.7246168702840805,52,0.05495483358430172,0.4633780159010892
station_wake_L5,Smooth stage-aware SAC,strict_two_stage_v3_v1,two_stage_v3,3,42,9042,1250042,station_wake,5,0.0,0.0,0.1,1,1,0,0,1,0,40,0.25,1,5,0.7833457589149475,0.5010454854671825,2.0090265572071075,1.6654561283174092,19.756464958190918,20.601507425308228,1.6074108697374956,2.4826914149765034,0.0,1.75,0.05211327680213228,0.05583991830017063,0.14188464879989623,0.17021310329437256,0.14188464879989623,0.28539252281188965,0.37253618240356445,44,0.0450221975950012,3.139105850553201
station_wake_L5,Smooth stage-aware SAC,strict_two_stage_v3_v1,two_stage_v3,3,43,9043,1250043,station_wake,5,0.0,0.0,0.1,1,1,0,0,1,0,56,0.25,1,37,0.2214367687702179,0.13281612007957258,0.5261111259460449,0.4201772270063756,1.7420625686645508,5.729278922080994,0.12043618506059568,0.6049334884374888,0.0,0.9500000000000001,0.12358948179645554,0.1483732773391143,0.11398309916257858,0.1333751082420349,0.11398309916257858,0.1734539270401001,0.23442476987838745,60,0.0676158379556034,3.384989245579075
station_wake_L5,Smooth stage-aware SAC,strict_two_stage_v3_v1,two_stage_v3,3,44,9044,1250044,station_wake,5,0.0,0.0,0.1,1,1,0,0,1,0,38,0.25,1,17,0.7723345756530762,0.6621625633582809,0.9856092929840088,0.6838715017686341,7.532844543457031,27.84976363182068,0.4142202336567422,2.616060729837551,0.0,1.05,0.17196871237583766,0.2116671555115265,0.1280929833650589,0.1516493260860443,0.1280929833650589,0.23885679244995117,0.2817898988723755,42,0.05910318851210094,3.402219251534078
station_wake_L5,Smooth stage-aware SAC,strict_two_stage_v3_v1,two_stage_v3,3,45,9045,1250045,station_wake,5,0.0,0.0,0.1,1,1,0,0,1,0,51,0.25,1,37,0.4191601276397705,0.25679205143947986,2.0092621445655823,1.646992547092152,6.033450663089752,19.990074336528778,0.30493919013177134,1.8648964543186932,1.323939322722942,0.2,0.28819785640440343,0.36552051556272913,0.023700891621410848,0.05711556598544121,0.023700891621410848,0.37243280187249184,0.6196976453065872,55,0.047854620465932245,1.2989627083103805
station_wake_L5,Smooth stage-aware SAC,strict_two_stage_v3_v1,two_stage_v3,3,46,9046,1250046,station_wake,5,0.0,0.0,0.1,1,1,0,0,1,0,44,0.25,1,32,0.25761374831199646,0.11585547936033548,1.3331061601638794,0.8055999167016413,3.165009617805481,19.955076575279236,0.5209423598277255,2.725855343156167,0.0,0.55,0.1751134298071855,0.2531708132107593,0.1217335045337677,0.14923378825187683,0.1217335045337677,0.31844839453697205,0.457712858915329,48,0.049894952052067405,3.010627644387734
station_wake_L5,Smooth stage-aware SAC,strict_two_stage_v3_v1,two_stage_v3,3,47,9047,1250047,station_wake,5,0.0,0.0,0.1,1,1,0,0,1,0,69,0.25,1,55,0.08656240254640579,0.051688209565940606,0.2852245420217514,0.16292272063550947,1.0188500583171844,6.11687645316124,0.1842320222910566,1.2477300689596198,0.0,0.0,0.13308950789883195,0.1677576834856259,0.011029922869056463,0.01446892973035574,0.011029922869056463,0.04645148105919361,0.08384744636714458,73,0.07381915269405312,0.3368367019738497
station_wake_L5,Smooth stage-aware SAC,strict_two_stage_v3_v1,two_stage_v3,3,48,9048,1250048,station_wake,5,0.0,0.0,0.1,1,1,0,0,1,0,53,0.25,1,32,0.1957664042711258,0.11495743051219881,0.5776482820510864,0.4033239290679078,1.2794259190559387,6.012375056743622,0.287005306230662,1.5750951029627223,0.7811028880818912,0.0,0.1576559803649445,0.17775648736024,0.02312850281596184,0.030796809121966362,0.02312850281596184,0.0754094123840332,0.07918279618024826,57,0.08312520652623998,0.7811028880818912
station_wake_L5,Smooth stage-aware SAC,strict_two_stage_v3_v1,two_stage_v3,3,49,9049,1250049,station_wake,5,0.0,0.0,0.1,1,1,0,0,1,0,38,0.25,1,18,0.39620062708854675,0.20416318891897348,1.3884162902832031,0.881313250456644,3.3581584692001343,12.7670356631279,0.29520677167248166,1.9557124291576946,0.0,0.0,0.12517842614379165,0.14117418633411347,0.005795227736234665,0.00937069021165371,0.005795227736234665,0.05268768593668938,0.08823009207844734,42,0.08649107988469673,2.567389988719161
station_wake_L5,Smooth stage-aware SAC,strict_two_stage_v3_v1,two_stage_v3,3,50,9050,1250050,station_wake,5,0.0,0.0,0.1,1,1,0,0,1,0,36,0.25,1,18,1.1883121728897095,1.0844823326736877,1.4387202262878418,0.9854915156334905,9.083304554224014,24.245553612709045,0.5235359641370119,3.4930083021427367,0.0,0.9,0.07298227066208328,0.10267006780056992,0.13368891924619675,0.1760016530752182,0.13368891924619675,0.4521459937095642,0.7326778769493103,40,0.03433414383450731,3.10667611237398
station_wake_L5,Smooth stage-aware SAC,strict_two_stage_v3_v1,two_stage_v3,3,51,9051,1250051,station_wake,5,0.0,0.0,0.1,1,1,0,0,1,0,64,0.25,1,45,0.06403496861457825,0.03171946454711618,0.2774670720100403,0.20536715463597555,1.7016389966011047,7.535429634153843,0.1442538121212931,0.8553933359717765,0.0,0.0,0.0924298078705614,0.10490139439732375,0.011153205949813127,0.02730340138077736,0.011153205949813127,0.17388475127518177,0.24344898760318756,68,0.08813498778863468,1.6907263508464445
station_wake_L5,Smooth stage-aware SAC,strict_two_stage_v3_v1,two_stage_v3,3,52,9052,1250052,station_wake,5,0.0,0.0,0.1,1,1,0,0,1,0,58,0.25,1,43,0.16209456324577332,0.09187944399073521,0.41454076766967773,0.2910074159395078,2.5527841597795486,9.262191653251648,0.26319586578748927,1.3534140696377135,0.0,0.45,0.19472278573926552,0.25744595203672105,0.050060287863016126,0.08645931631326675,0.050060287863016126,0.2966790348291397,0.45381858944892883,62,0.07785336521463096,2.1909483814821398
station_wake_L5,Smooth stage-aware SAC,strict_two_stage_v3_v1,two_stage_v3,3,53,9053,1250053,station_wake,5,0.0,0.0,0.1,1,1,0,0,1,0,46,0.25,1,34,0.5603475570678711,0.3596265449302027,1.2184208631515503,0.9663818464654711,3.0946817994117737,13.477591872215271,0.5644088759586785,2.4302872163666147,2.0516268231224544,0.0,0.16619398926522402,0.23767653229319108,0.022772905230522156,0.03190840780735016,0.022772905230522156,0.252505861222744,0.5223288014531136,50,0.07869647234084155,2.0516268231224544
station_wake_L5,Smooth stage-aware SAC,strict_two_stage_v3_v1,two_stage_v3,3,54,9054,1250054,station_wake,5,0.0,0.0,0.1,1,1,0,0,1,0,47,0.25,1,34,0.3831210732460022,0.3093528872365906,1.6626936197280884,0.8705481416022419,5.54871141910553,23.426759243011475,0.27845257631278997,1.8505700836727332,0.0,0.15000000000000002,0.17605197400130113,0.23795269506490804,0.03581984788179397,0.043853022158145905,0.03581984788179397,0.17657174170017242,0.4145154356956482,51,0.05195322899575764,0.7683443615165718
station_wake_L5,Smooth stage-aware SAC,strict_two_stage_v3_v1,two_stage_v3,3,55,9055,1250055,station_wake,5,0.0,0.0,0.1,1,1,0,0,1,0,69,0.25,1,49,0.5552197098731995,0.4864359274245727,0.7810783386230469,0.5093856473768098,3.522753417491913,14.64448481798172,0.1993029370192196,1.1940908693623151,0.0,0.65,0.1133090745842299,0.1427875518036351,0.009965465310961008,0.012773900292813778,0.009965465310961008,0.08036458306014538,0.17201099544763565,73,0.0939186849824907,4.304379238526512
station_wake_L5,Smooth stage-aware SAC,strict_two_stage_v3_v1,two_stage_v3,3,56,9056,1250056,station_wake,5,0.0,0.0,0.1,1,1,0,0,1,0,53,0.25,1,42,0.21582026779651642,0.1896539248413378,0.2738618850708008,0.1722123360674489,1.1698208283632994,4.9456629157066345,0.22514010288902545,1.3811262055318874,0.4579818462916618,0.0,0.23493476863565382,0.34970445877069645,0.016482362151145936,0.02802683599293232,0.016482362151145936,0.29680418223142624,0.40860366076231003,57,0.041646826585930205,0.27055531896842944
station_wake_L5,Smooth stage-aware SAC,strict_two_stage_v3_v1,two_stage_v3,3,57,9057,1250057,station_wake,5,0.0,0.0,0.1,1,1,0,0,1,0,38,0.25,1,23,1.2558479309082031,0.9904270349628093,1.6441333293914795,1.3415950844436975,9.678417779505253,30.355730652809143,0.48789989119013666,2.8045265353687907,0.7939848916607997,0.4,0.10256785393887127,0.14040945115306658,0.054219966381788255,0.11101856827735901,0.054219966381788255,0.5243378281593323,0.9050050377845764,42,0.06676605202295023,0.7939848916607997
station_wake_L5,Smooth stage-aware SAC,strict_two_stage_v3_v1,two_stage_v3,3,58,9058,1250058,station_wake,5,0.0,0.0,0.1,1,1,0,0,1,0,56,0.25,1,43,0.12001881003379822,0.07666237648803773,1.0243474692106247,0.7448968312031582,4.928232282400131,23.002946078777313,0.3879577271822906,1.9142849827045691,0.0,0.0,0.25077828315489803,0.3170132415614005,0.07027297019958496,0.08626419305801392,0.07027297019958496,0.20042100548744202,0.37279993295669556,60,0.03031281543315276,0.8498686990370506
station_wake_L5,Smooth stage-aware SAC,strict_two_stage_v3_v1,two_stage_v3,3,59,9059,1250059,station_wake,5,0.0,0.0,0.1,1,1,0,0,1,0,32,0.25,1,15,0.1995122730731964,0.14935239625424632,0.797373503446579,0.4451169262109208,5.8731259405612946,19.98094841837883,0.3389026548509633,1.9468719032203914,1.0020141510068465,0.0,0.15247290557577117,0.1797739901848731,0.027801269292831422,0.0377085842192173,0.027801269292831422,0.0902680829167366,0.13885736465454102,36,0.07134250228023416,1.0020141510068465
station_wake_L5,Smooth stage-aware SAC,strict_two_stage_v3_v1,two_stage_v3,3,60,9060,1250060,station_wake,5,0.0,0.0,0.1,1,1,0,0,1,0,56,0.25,1,32,0.8117997646331787,0.5565217977528841,1.846851110458374,1.1172666454400955,3.6368095874786377,17.8390920907259,0.2496916905140538,2.079115752072332,0.1815648909940391,0.2,0.13445959984435046,0.1429899577327848,0.012439002841711044,0.013726463541388512,0.012439002841711044,0.017418842762708664,0.028969086706638336,60,0.08866737267848432,0.1667031330718186
station_wake_L5,Smooth stage-aware SAC,strict_two_stage_v3_v1,two_stage_v3,3,61,9061,1250061,station_wake,5,0.0,0.0,0.1,1,1,0,0,1,0,64,0.25,1,49,0.2678832709789276,0.17199490848493945,0.751846432685852,0.4550115330320397,3.5178763419389725,15.636913513299078,0.20395027904971907,1.2925893118399179,0.0,0.30000000000000004,0.1447534813763078,0.19971801010125637,0.07814728915691375,0.08355776965618134,0.07814728915691375,0.12470701336860657,0.31719475984573364,68,0.04987937242970153,0.5182747008597146
station_wake_L5,Smooth stage-aware SAC,strict_two_stage_v3_v1,two_stage_v3,3,62,9062,1250062,station_wake,5,0.0,0.0,0.1,1,1,0,0,1,0,38,0.25,1,26,0.7722346782684326,0.499053041914125,1.7302358150482178,1.158477121521967,1.8390437960624695,7.507344186306,0.4116114473401651,1.866935014146122,0.0,0.35000000000000003,0.19763655088017404,0.30664556769192164,0.1134497806429863,0.130373015999794,0.1134497806429863,0.13800793886184692,0.3466072678565979,42,0.06643472728108968,1.4712321387308553
station_wake_L5,Smooth stage-aware SAC,strict_two_stage_v3_v1,two_stage_v3,3,63,9063,1250063,station_wake,5,0.0,0.0,0.1,1,1,0,0,1,0,43,0.25,1,28,0.18077361583709717,0.11125412716193155,0.7666957378387451,0.4604736357168817,3.2134658098220825,10.984597206115723,0.2554398795854364,1.8976106310795653,0.0,0.6000000000000001,0.20007717076630813,0.2429024410314083,0.07251412570476531,0.09219067543745041,0.07251412570476531,0.1700517237186432,0.28944581747055054,47,0.07779123711633905,3.2722763966784667
station_wake_L5,Smooth stage-aware SAC,strict_two_stage_v3_v1,two_stage_v3,3,64,9064,1250064,station_wake,5,0.0,0.0,0.1,1,1,0,0,1,0,51,0.25,1,39,0.10193386673927307,0.07023672495162485,0.9062866866588593,0.5808536706605235,4.710234552621841,26.567706167697906,0.7118929733934892,2.8624374652367073,1.1787839290384194,0.0,0.19301064256460512,0.2666232368502193,0.039900344982743266,0.06495034694671631,0.039900344982743266,0.21290933340787888,0.3152860701084137,55,0.0754241656792867,1.1787839290384194
station_wake_L5,Smooth stage-aware SAC,strict_two_stage_v3_v1,two_stage_v3,3,65,9065,1250065,station_wake,5,0.0,0.0,0.1,1,1,0,0,1,0,47,0.25,1,26,0.6439359784126282,0.5399085911083917,1.0253769159317017,0.6965694965732431,2.657323107123375,16.08363375067711,0.19788682615114842,1.716691397602371,0.0,0.25,0.1763847324958979,0.2089418088293676,0.009443671815097332,0.01527315005660057,0.009443671815097332,0.04922671243548393,0.07309218868613243,51,0.07262802341593187,1.3872112069861782
station_wake_L5,Smooth stage-aware SAC,strict_two_stage_v3_v1,two_stage_v3,3,66,9066,1250066,station_wake,5,0.0,0.0,0.1,1,1,0,0,1,0,36,0.25,1,21,0.6331950426101685,0.41812331300629424,1.3834786415100098,0.8906262209018765,1.8603837490081787,10.530039370059967,0.28450414816234326,1.685687428519858,0.0,0.5,0.20438528865988878,0.2592625548778232,0.0497385136783123,0.06188422814011574,0.0497385136783123,0.13930323719978333,0.2799854427576065,40,0.07154619202770904,2.6224438747504024
station_wake_L5,Smooth stage-aware SAC,strict_two_stage_v3_v1,two_stage_v3,3,67,9067,1250067,station_wake,5,0.0,0.0,0.1,1,1,0,0,1,0,64,0.25,1,51,0.5120022296905518,0.3822756847858038,1.0977476835250854,0.694362651612065,5.939522981643677,17.90776699781418,0.6597019527486109,2.22301587776264,0.0,0.1,0.19805888226992266,0.2812722814046529,0.011320901941508055,0.019964318722486496,0.011320901941508055,0.13346810638904572,0.3817989304661751,68,0.06760738711745325,0.7158794907067354
station_wake_L5,Smooth stage-aware SAC,strict_two_stage_v3_v1,two_stage_v3,3,68,9068,1250068,station_wake,5,0.0,0.0,0.1,1,1,0,0,1,0,54,0.25,1,39,0.33973684906959534,0.2529301085115875,1.011030673980713,0.7861604551594603,7.816707640886307,29.091359674930573,0.5421359829915402,3.044670075521467,2.2474577381368284,0.0,0.18700455302628458,0.2586608972978684,0.008217565866652876,0.022198956459760666,0.008217565866652876,0.28719322686083615,0.4507945477962494,58,0.07308478036716437,2.1744063036426033
station_wake_L5,Smooth stage-aware SAC,strict_two_stage_v3_v1,two_stage_v3,3,69,9069,1250069,station_wake,5,0.0,0.0,0.1,1,1,0,0,1,0,46,0.25,1,30,0.2980335056781769,0.19277213989700942,0.9156125783920288,0.4796016537948295,1.6137370467185974,9.838408306241035,0.2106336797090646,1.1279854274690844,0.0,0.45,0.18268413892506702,0.2693552609213895,0.04671259000897408,0.0637827068567276,0.04671259000897408,0.21473447978496552,0.4628881812095642,50,0.07705145827002413,2.1097077636164805
station_wake_L5,Smooth stage-aware SAC,strict_two_stage_v3_v1,two_stage_v3,3,70,9070,1250070,station_wake,5,0.0,0.0,0.1,1,1,0,0,1,0,39,0.25,1,23,0.1526826173067093,0.12457923774096302,0.5468356609344482,0.30950257287804805,2.1670011430978775,11.100236624479294,0.3205462752543019,2.1050510632492254,0.0,0.05,0.18589228293997923,0.2238589661392871,0.03990920521318912,0.0574583075940609,0.03990920521318912,0.1462354138493538,0.18645554780960083,43,0.07182781193436583,0.14969418779012825
station_wake_L5,Smooth stage-aware SAC,strict_two_stage_v3_v1,two_stage_v3,3,71,9071,1250071,station_wake,5,0.0,0.0,0.1,1,1,0,0,1,0,32,0.25,1,19,0.2384961098432541,0.15732165660937455,0.8153685927391052,0.39369677421287363,2.037757635116577,9.903050418943167,0.3370339459374696,2.2719993319904774,0.0,0.5,0.18869162066770168,0.25961133484133075,0.11520806699991226,0.14522691071033478,0.11520806699991226,0.4089444577693939,0.5492815375328064,36,0.06868902411783849,2.842112363411533
station_wake_L5,Smooth stage-aware SAC,strict_two_stage_v3_v1,two_stage_v3,3,72,9072,1250072,station_wake,5,0.0,0.0,0.1,1,1,0,0,1,0,49,0.25,1,28,0.6209259629249573,0.3436367229859217,1.6344010829925537,1.247699630969444,4.5337975025177,18.04211251437664,0.2287592544130552,1.5886798633818382,0.0,0.15000000000000002,0.08754066275899015,0.09701648690812144,0.015308232232928275,0.03468315303325653,0.015308232232928275,0.16988812945783138,0.2370232343673706,53,0.09511645610610128,3.714622712660353
station_wake_L5,Smooth stage-aware SAC,strict_two_stage_v3_v1,two_stage_v3,3,73,9073,1250073,station_wake,5,0.0,0.0,0.1,1,1,0,0,1,0,38,0.25,1,23,0.23334020376205444,0.19998452469302874,0.49604713916778564,0.30579247769011314,2.0683662965893745,12.915428057312965,0.32012953888214574,2.1454041192359417,0.7854604420506536,0.0,0.1815444202244223,0.23108313579174888,0.013439040444791318,0.021690957248210907,0.013439040444791318,0.0864957794547081,0.1756766438484192,42,0.07786398812514905,0.7854604420506536
station_wake_L5,Smooth stage-aware SAC,strict_two_stage_v3_v1,two_stage_v3,3,74,9074,1250074,station_wake,5,0.0,0.0,0.1,1,1,0,0,1,0,51,0.25,1,39,0.4205246567726135,0.3389544021956062,1.1895234882831573,0.6883120226210909,2.3674628138542175,13.050230145454407,0.48758082982778717,2.2587463722477934,0.0,0.4,0.2032170466795553,0.28098035169655605,0.1302269369363785,0.1688430905342102,0.1302269369363785,0.48983293771743774,0.7425400614738464,55,0.06187293798173376,0.1732659576884224
station_wake_L5,Smooth stage-aware SAC,strict_two_stage_v3_v1,two_stage_v3,3,75,9075,1250075,station_wake,5,0.0,0.0,0.1,1,1,0,0,1,0,61,0.25,1,47,0.2902911603450775,0.17604533247162762,1.2466775625944138,0.8411713755159389,5.3173040226101875,26.05472207069397,0.38525283154358386,2.0348335709186287,0.0,0.4,0.14025415925641885,0.18775806338111256,0.07280966192483902,0.08034659177064896,0.07280966192483902,0.07397028803825378,0.14618143439292908,65,0.057637225594164454,2.346777226405276
station_wake_L5,Smooth stage-aware SAC,strict_two_stage_v3_v1,two_stage_v3,3,76,9076,1250076,station_wake,5,0.0,0.0,0.1,1,1,0,0,1,0,55,0.25,1,36,0.5032785534858704,0.33555788066138637,1.6201943159103394,1.2702652442516345,12.110119313001633,32.861870527267456,0.6734244038611633,2.727896116904894,0.0,0.2,0.15334601531263786,0.17627278868710863,0.022570985555648803,0.03042757511138916,0.022570985555648803,0.07021822780370712,0.10391689836978912,59,0.08110182351063552,0.7838911527279903
station_wake_L5,Smooth stage-aware SAC,strict_two_stage_v3_v1,two_stage_v3,3,77,9077,1250077,station_wake,5,0.0,0.0,0.1,1,1,0,0,1,0,62,0.25,1,46,0.22482353448867798,0.1432509426801176,1.079263687133789,0.5410970359536794,2.9025952517986298,14.60205540060997,0.24970129827408222,1.6456609297891536,0.6076029030329033,0.35000000000000003,0.15829570512419758,0.20214240598459016,0.08044270724058152,0.1115158349275589,0.08044270724058152,0.29974815249443054,0.3286980092525482,66,0.08030209332388014,0.6076029030329033
station_wake_L5,Smooth stage-aware SAC,strict_two_stage_v3_v1,two_stage_v3,3,78,9078,1250078,station_wake,5,0.0,0.0,0.1,1,1,0,0,1,0,72,0.25,1,60,0.20820049941539764,0.1133426905792211,0.6835911422967911,0.5181911672029728,2.8074082732200623,10.662689432501793,0.22698822311301342,1.3824747128302304,0.21145003686188613,0.0,0.24125805463605662,0.35347141604812626,0.018778151273727416,0.03227298706769943,0.018778151273727416,0.38179244846105576,0.5534779280424118,76,0.05130153858937321,0.05698084648072476
station_wake_L5,Smooth stage-aware SAC,strict_two_stage_v3_v1,two_stage_v3,3,79,9079,1250079,station_wake,5,0.0,0.0,0.1,1,1,0,0,1,0,39,0.25,1,23,0.998823344707489,0.8822802461665916,1.142503023147583,0.7082343690469437,3.0309810489416122,15.275529026985168,0.4405095230196785,2.1634617112697367,0.0,0.7000000000000001,0.1758908741697537,0.21895100144725976,0.16939990520477294,0.20813018083572388,0.16939990520477294,0.3870067596435547,0.4963710904121399,43,0.06401117993178172,1.796098347214876
station_wake_L5,Smooth stage-aware SAC,strict_two_stage_v3_v1,two_stage_v3,3,80,9080,1250080,station_wake,5,0.0,0.0,0.1,1,1,0,0,1,0,29,0.25,1,14,0.3219154477119446,0.19991327661109554,1.0229545831680298,0.6000891741605077,4.4894299656152725,17.463110983371735,0.7008811693125401,2.417506817665637,1.320206090733001,0.0,0.13523058102380395,0.16945249288574665,0.01060818787664175,0.02410954050719738,0.01060818787664175,0.13676310889422894,0.18374672159552574,33,0.06491911685829578,1.3164126677009995
station_wake_L5,Smooth stage-aware SAC,strict_two_stage_v3_v1,two_stage_v3,3,81,9081,1250081,station_wake,5,0.0,0.0,0.1,1,1,0,0,1,0,48,0.25,1,37,0.31388723850250244,0.24675399503881132,1.2208318710327148,0.7031372663460761,5.354357063770294,23.409766107797623,0.34259390091204067,2.358815037638966,0.09272926285388475,0.0,0.2215541595957759,0.34181293350582026,0.03220224566757679,0.05131865292787552,0.03220224566757679,0.3003290742635727,0.4065341129899025,52,0.051343826087512555,0.09272926285388475
station_wake_L5,Smooth stage-aware SAC,strict_two_stage_v3_v1,two_stage_v3,3,82,9082,1250082,station_wake,5,0.0,0.0,0.1,1,1,0,0,1,0,43,0.25,1,29,0.1447151154279709,0.09635984056246528,1.214989572763443,0.697287354353166,3.625575304031372,20.923532247543335,0.34543211914531036,2.0226412156350833,0.0,0.55,0.14167633706638288,0.2159353680283787,0.11827179938554763,0.13552968204021454,0.11827179938554763,0.24136993288993835,0.4171334207057953,47,0.05107094148417938,1.9734913800082123
station_wake_L5,Smooth stage-aware SAC,strict_two_stage_v3_v1,two_stage_v3,3,83,9083,1250083,station_wake,5,0.0,0.0,0.1,1,1,0,0,1,0,43,0.25,1,31,0.6190688014030457,0.44911088662258236,1.0493528842926025,0.7519763556060399,1.3670802116394043,7.207663655281067,0.27523051501737167,1.1091939460984266,0.0,0.45,0.23315245754596803,0.3366458530215195,0.11344491392374038,0.1444670855998993,0.11344491392374038,0.2851104140281677,0.43346136808395386,47,0.04991636157448121,2.1092704180661883
station_wake_L5,Smooth stage-aware SAC,strict_two_stage_v3_v1,two_stage_v3,3,84,9084,1250084,station_wake,5,0.0,0.0,0.1,1,1,0,0,1,0,45,0.25,1,22,0.055211395025253296,0.03529291455072079,0.3936612233519554,0.2216495621036595,2.062941351905465,12.101230919361115,0.3173768687298842,1.5811166602260025,0.0,0.0,0.1240713648408591,0.13467412497182463,0.005845497618429363,0.014893687330186367,0.005845497618429363,0.09978048643097281,0.16515804454684258,49,0.09068608447988097,0.662888641969955
station_wake_L5,Smooth stage-aware SAC,strict_two_stage_v3_v1,two_stage_v3,3,85,9085,1250085,station_wake,5,0.0,0.0,0.1,1,1,0,0,1,0,62,0.25,1,45,0.07572948187589645,0.048671055482982936,0.2567276358604431,0.1942081231898969,2.4260585010051727,7.198582040145993,0.16628642401329033,0.8324157376194203,0.0,0.1,0.1762410894264908,0.2139272044611908,0.006848377850838005,0.015622584149241447,0.006848377850838005,0.07884922297671437,0.1135752908885479,66,0.07405768503109494,2.799982475950425
station_wake_L5,Smooth stage-aware SAC,strict_two_stage_v3_v1,two_stage_v3,3,86,9086,1250086,station_wake,5,0.0,0.0,0.1,1,1,0,0,1,0,30,0.25,1,10,1.1508488655090332,0.8654638195446823,1.6332346200942993,1.3640565983941446,0.1400303840637207,0.46080708503723145,0.2107009651154369,1.6066815534102494,0.0,1.0,0.09942357723503756,0.14595437114545953,0.14854046553373337,0.1847667396068573,0.14854046553373337,0.3701018989086151,0.3802521526813507,34,0.04496390093746695,3.2159175176289296
station_wake_L5,Smooth stage-aware SAC,strict_two_stage_v3_v1,two_stage_v3,3,87,9087,1250087,station_wake,5,0.0,0.0,0.1,1,1,0,0,1,0,54,0.25,1,39,0.222976952791214,0.12582210197805235,0.9131553769111633,0.6660287749359146,3.2536673545837402,8.482954204082489,0.20887329669831003,1.4390572494513045,0.5919434670610326,0.0,0.16734087033619985,0.24522652005871381,0.025498088076710702,0.05395142361521721,0.025498088076710702,0.36452557891607285,0.4155544936656952,58,0.06433501150284342,0.5246374489584047
station_wake_L5,Smooth stage-aware SAC,strict_two_stage_v3_v1,two_stage_v3,3,88,9088,1250088,station_wake,5,0.0,0.0,0.1,1,1,0,0,1,0,51,0.25,1,36,0.16027909517288208,0.12052462012860603,1.2712855637073517,0.8643948381203965,3.950490355491638,25.03604292869568,0.35152086118498577,1.7561962622349607,0.0,0.6000000000000001,0.16099709173601462,0.20775561112259597,0.09895363301038743,0.11115993559360504,0.09895363301038743,0.106181800365448,0.14542937278747559,55,0.06563149297256932,2.751715023189826
station_wake_L5,Smooth stage-aware SAC,strict_two_stage_v3_v1,two_stage_v3,3,89,9089,1250089,station_wake,5,0.0,0.0,0.1,1,1,0,0,1,0,54,0.25,1,40,0.09938997775316238,0.051654641803403775,0.5224689841270447,0.3409005754999392,2.5930802524089813,10.109370425343513,0.22136191950133785,1.1830900430944264,0.34461143160088115,0.0,0.15561614524824025,0.2219734269743719,0.048131579905748366,0.06308422982692719,0.048131579905748366,0.26693426817655563,0.600571297109127,58,0.06524305974077296,0.3448226605370491
station_wake_L5,Smooth stage-aware SAC,strict_two_stage_v3_v1,two_stage_v3,3,90,9090,1250090,station_wake,5,0.0,0.0,0.1,1,1,0,0,1,0,34,0.25,0,-1,nan,nan,nan,nan,nan,nan,nan,nan,0.0,nan,0.05564888165007862,0.06402247824929251,0.15616130232810974,0.2061799019575119,0.15616130232810974,0.5049880146980286,0.6120148301124573,38,0.0437667337356609,3.033225538700133
station_wake_L5,Smooth stage-aware SAC,strict_two_stage_v3_v1,two_stage_v3,3,91,9091,1250091,station_wake,5,0.0,0.0,0.1,1,1,0,0,1,0,65,0.25,1,50,0.2590791881084442,0.1979548715529696,1.2226253002882004,0.8169010665332954,3.6801569163799286,24.816319942474365,0.43752331839830155,2.476500920902318,0.0,0.45,0.1626418913366092,0.20219042348595154,0.08132861405611039,0.08905782550573349,0.08132861405611039,0.07282721996307373,0.0821472704410553,69,0.06627841462850984,2.1133038582144925
station_wake_L5,Smooth stage-aware SAC,strict_two_stage_v3_v1,two_stage_v3,3,92,9092,1250092,station_wake,5,0.0,0.0,0.1,1,1,0,0,1,0,57,0.25,1,43,0.1560218632221222,0.09984351196972545,0.4508477449417114,0.2627786477493875,2.3144224286079407,13.882159851491451,0.25291895138041626,1.7363728263959666,0.0,0.30000000000000004,0.17485437476930143,0.22933262778925304,0.07892174050211906,0.09779699146747589,0.07892174050211906,0.21923445165157318,0.32753676176071167,61,0.07153033238454712,0.9486700534239296
station_wake_L5,Smooth stage-aware SAC,strict_two_stage_v3_v1,two_stage_v3,3,93,9093,1250093,station_wake,5,0.0,0.0,0.1,1,1,0,0,1,0,61,0.25,1,47,0.3539625108242035,0.27902343474285946,1.8061958253383636,0.9916059079467475,7.686870247125626,22.797126322984695,0.39860513091798744,2.72856689422794,0.9024680925570246,0.15000000000000002,0.16472579391181713,0.20092103998875202,0.03946477044373751,0.07025837153196335,0.03946477044373751,0.3158395253121853,0.43977081775665283,65,0.07865540423883753,0.9024680925570246
station_wake_L5,Smooth stage-aware SAC,strict_two_stage_v3_v1,two_stage_v3,3,94,9094,1250094,station_wake,5,0.0,0.0,0.1,1,1,0,0,1,0,56,0.25,1,42,0.20145222544670105,0.10851619297199559,0.6707370281219482,0.36340322016017457,1.6671931743621826,7.973514869809151,0.17188322743850137,1.2730624065200309,0.0,0.7000000000000001,0.19910950170640543,0.26645765810470456,0.11675707548856736,0.1377076357603073,0.11675707548856736,0.269153356552124,0.5772891640663147,60,0.04371317070456474,3.3540674851025463
station_wake_L5,Smooth stage-aware SAC,strict_two_stage_v3_v1,two_stage_v3,3,95,9095,1250095,station_wake,5,0.0,0.0,0.1,1,1,0,0,1,0,62,0.25,1,43,0.29806578159332275,0.21484294041992155,1.3527360558509827,0.8996253628135227,2.51913845539093,13.805185742676258,0.3074867371460892,1.5252509263265275,0.14535237527296865,0.15000000000000002,0.15585542528481686,0.18047222490248904,0.0024843365885317326,0.004435510840266943,0.0024843365885317326,0.02016035094857216,0.031056059524416924,66,0.07461666935239782,0.08259766439594932
station_wake_L5,Smooth stage-aware SAC,strict_two_stage_v3_v1,two_stage_v3,3,96,9096,1250096,station_wake,5,0.0,0.0,0.1,1,1,0,0,1,0,44,0.25,1,32,0.2080288976430893,0.14844974347878714,0.8099749684333801,0.6258876094691773,4.167069792747498,19.0212345123291,0.5645622751517393,2.3202435351043857,0.0,0.0,0.18969613985923947,0.262192260708667,0.08681477904319763,0.09411633014678955,0.08681477904319763,0.13705921173095703,0.24833574891090393,48,0.046444425579574705,2.7134883753959684
station_wake_L5,Smooth stage-aware SAC,strict_two_stage_v3_v1,two_stage_v3,3,97,9097,1250097,station_wake,5,0.0,0.0,0.1,1,1,0,0,1,0,53,0.25,1,35,0.36689493060112,0.2577050296539506,0.6980034708976746,0.5699574694375921,3.381611853837967,11.478012204170227,0.43317578604892204,1.7290073957756804,0.0,0.55,0.11543635357722663,0.13806668662740249,0.11472557783126831,0.12704336643218994,0.11472557783126831,0.12209343910217285,0.18132925033569336,57,0.08460783219601192,0.7497020538681096
station_wake_L5,Smooth stage-aware SAC,strict_two_stage_v3_v1,two_stage_v3,3,98,9098,1250098,station_wake,5,0.0,0.0,0.1,1,1,0,0,1,0,71,0.25,1,56,0.35036125779151917,0.2545047970781068,1.1598718166351318,0.7548277027908699,7.0164744555950165,29.804057776927948,0.4539541309552811,2.4266227345537894,0.5671274154548193,0.0,0.21223612487562288,0.2840187922398569,0.038811301440000535,0.04596318304538727,0.038811301440000535,0.24975912272930145,0.7397355884313583,75,0.06160599485834247,0.011196472640802696
station_wake_L5,Smooth stage-aware SAC,strict_two_stage_v3_v1,two_stage_v3,3,99,9099,1250099,station_wake,5,0.0,0.0,0.1,1,1,0,0,1,0,39,0.25,1,21,0.7956631183624268,0.5741887387635227,1.1854135990142822,0.884488635233004,3.145079091191292,17.216268107295036,0.36537046617389657,2.188077556406049,0.0,0.65,0.13596852596262715,0.1570809058615762,0.09358230829238892,0.11810551583766937,0.09358230829238892,0.24911251664161682,0.31252235174179077,43,0.07945371998310859,1.3180636524894385
station_wake_L5,Smooth stage-aware SAC,strict_two_stage_v3_v1,two_stage_v3,4,0,9000,1250000,station_wake,5,0.0,0.0,0.1,1,1,0,0,1,0,43,0.25,1,32,0.19803908467292786,0.15032379855838318,0.47796890139579773,0.2746778765885032,3.277844488620758,20.130305886268616,0.3749075597913501,2.7660835813421722,0.0,0.2,0.3079168241751222,0.4166852283143213,0.04983590804040432,0.11595380306243896,0.04983590804040432,0.5823451951146126,0.8299900591373444,47,0.03299111596255786,1.1749656398489707
station_wake_L5,Smooth stage-aware SAC,strict_two_stage_v3_v1,two_stage_v3,4,1,9001,1250001,station_wake,5,0.0,0.0,0.1,1,1,0,0,1,0,44,0.25,1,28,1.0211427211761475,0.6337468250295257,2.1126365661621094,1.720811168149828,4.004988074302673,15.929199755191803,0.48252606694852973,2.6271125019989374,0.0,0.5,0.14704728179458887,0.17886329907957368,0.09342091232538223,0.10447350144386292,0.09342091232538223,0.09903627634048462,0.13590291142463684,48,0.06993089871747825,2.345854083650267
station_wake_L5,Smooth stage-aware SAC,strict_two_stage_v3_v1,two_stage_v3,4,2,9002,1250002,station_wake,5,0.0,0.0,0.1,1,1,0,0,1,0,43,0.25,1,29,0.27590686082839966,0.16444361796729018,0.9152436256408691,0.5106793152960499,0.946112871170044,6.372891366481781,0.2315284614448296,1.4993733407022825,0.0,0.0,0.24634421230058937,0.3395579224996815,0.0940000668168068,0.09991063177585602,0.0940000668168068,0.10772377252578735,0.23590967059135437,47,0.0627920236000416,1.6535271129141453
station_wake_L5,Smooth stage-aware SAC,strict_two_stage_v3_v1,two_stage_v3,4,3,9003,1250003,station_wake,5,0.0,0.0,0.1,1,1,0,0,1,0,53,0.25,1,41,0.14262285828590393,0.06858858426619475,1.1651676893234253,0.5440811082235296,2.649882435798645,15.078973174095154,0.3008236115283436,2.0947995501862477,0.0,0.6000000000000001,0.1997677790073329,0.2924731833093694,0.1930973082780838,0.21255023777484894,0.1930973082780838,0.19102376699447632,0.30380040407180786,57,0.04295473240820979,2.4179179154791903
station_wake_L5,Smooth stage-aware SAC,strict_two_stage_v3_v1,two_stage_v3,4,4,9004,1250004,station_wake,5,0.0,0.0,0.1,1,1,0,0,1,0,54,0.25,1,41,0.46138909459114075,0.328709888779833,0.9558278322219849,0.7505786876926949,3.3717603236436844,13.334571123123169,0.34366345198176557,2.0618519375015394,0.0,0.0,0.17941550495094022,0.2740729222687549,0.03871799744665623,0.07534666359424591,0.03871799744665623,0.5932042002677917,0.9397469088435173,58,0.06678130550826429,1.880555343849376
station_wake_L5,Smooth stage-aware SAC,strict_two_stage_v3_v1,two_stage_v3,4,5,9005,1250005,station_wake,5,0.0,0.0,0.1,1,1,0,0,1,0,62,0.25,1,40,0.06711280345916748,0.030422001753278114,0.8193397521972656,0.35397694755641756,2.183733880519867,10.40926318615675,0.15232715419410317,0.9780941311597573,0.0,0.5,0.12344446830061553,0.13777258400712886,0.0461437851190567,0.05862560495734215,0.0461437851190567,0.12331634759902954,0.14130614697933197,66,0.08633352620271632,0.621155279006678
station_wake_L5,Smooth stage-aware SAC,strict_two_stage_v3_v1,two_stage_v3,4,6,9006,1250006,station_wake,5,0.0,0.0,0.1,1,1,0,0,1,0,25,0.25,0,-1,nan,nan,nan,nan,nan,nan,nan,nan,0.0,nan,0.20996393593862214,0.305902030524229,0.16495002806186676,0.2196742594242096,0.16495002806186676,0.5963837504386902,0.88756263256073,29,0.06208636561396402,0.30312675689250135
station_wake_L5,Smooth stage-aware SAC,strict_two_stage_v3_v1,two_stage_v3,4,7,9007,1250007,station_wake,5,0.0,0.0,0.1,1,1,0,0,1,0,67,0.25,1,46,0.3038124740123749,0.23227157837559514,0.8800980448722839,0.6671408342730191,5.4555344581604,16.90161168575287,0.284225381728682,1.3296159773754055,0.0,0.65,0.11367827743131687,0.1261165770317124,0.07607815191149711,0.08933292329311371,0.07607815191149711,0.13154010474681854,0.1496240496635437,71,0.08851801844170626,1.3666905439551096
station_wake_L5,Smooth stage-aware SAC,strict_two_stage_v3_v1,two_stage_v3,4,8,9008,1250008,station_wake,5,0.0,0.0,0.1,1,1,0,0,1,0,35,0.25,1,25,0.2792132496833801,0.20376512711752293,0.8729225397109985,0.5529649878305892,4.198002815246582,18.360798358917236,0.3484712528002713,2.152946320705241,0.0,0.0,0.27826357554888775,0.41025969032057186,0.13633952736854554,0.15084949135780334,0.13633952736854554,0.3425274193286896,0.6963939964771271,39,0.032285844345304834,1.922099756032567
station_wake_L5,Smooth stage-aware SAC,strict_two_stage_v3_v1,two_stage_v3,4,9,9009,1250009,station_wake,5,0.0,0.0,0.1,1,1,0,0,1,0,38,0.25,1,24,0.11518214643001556,0.08405466853478949,0.9855276346206665,0.5397573456049407,4.938984401524067,21.56948894262314,0.4519703172959757,2.4941862183292414,0.0,0.0,0.1580078053247343,0.24885591602271537,0.06975552141666412,0.09178885817527771,0.06975552141666412,0.5111869871616364,1.0279250144958496,42,0.07996751586234249,1.278207044083181
station_wake_L5,Smooth stage-aware SAC,strict_two_stage_v3_v1,two_stage_v3,4,10,9010,1250010,station_wake,5,0.0,0.0,0.1,1,1,0,0,1,0,29,0.25,0,-1,nan,nan,nan,nan,nan,nan,nan,nan,0.0,nan,0.06042718443355013,0.08741545536750295,0.1420063629746437,0.22042524814605713,0.1420063629746437,0.8209619522094727,1.4085769653320312,33,0.04340222994967113,3.443354492697303
station_wake_L5,Smooth stage-aware SAC,strict_two_stage_v3_v1,two_stage_v3,4,11,9011,1250011,station_wake,5,0.0,0.0,0.1,1,1,0,0,1,0,49,0.25,1,31,0.5354126691818237,0.3458488576339653,1.1534667015075684,0.7862477068738809,2.6224544644355774,9.917821139097214,0.17078008906061018,1.1356175206444832,0.0,0.6000000000000001,0.1749946210645228,0.21345383343817179,0.09448987990617752,0.11825303733348846,0.09448987990617752,0.26392287015914917,0.36328911781311035,53,0.07592243689136144,1.2462833802327762
station_wake_L5,Smooth stage-aware SAC,strict_two_stage_v3_v1,two_stage_v3,4,12,9012,1250012,station_wake,5,0.0,0.0,0.1,1,1,0,0,1,0,64,0.25,1,42,0.10987119376659393,0.06133743619345435,1.1266332864761353,0.5624128905146943,2.0554639399051666,13.469085693359375,0.14540019444540941,1.104099089571232,0.2506848846102608,0.55,0.11214793013364403,0.1239862774727929,0.08403368145227433,0.10280395299196243,0.08403368145227433,0.17475301027297974,0.20493939518928528,68,0.09292654299466717,0.2506848846102608
station_wake_L5,Smooth stage-aware SAC,strict_two_stage_v3_v1,two_stage_v3,4,13,9013,1250013,station_wake,5,0.0,0.0,0.1,1,1,0,0,1,0,62,0.25,1,45,0.2676932215690613,0.1412697674297559,0.8698052167892456,0.7198862569823502,1.9401034712791443,9.514762461185455,0.14259293148990254,1.0040339194220491,0.0,0.8500000000000001,0.14747724622222516,0.18476415539886473,0.16478126645088195,0.19791308045387268,0.16478126645088195,0.32078778743743896,0.36570459604263306,66,0.06002913938432693,2.816044733000768
station_wake_L5,Smooth stage-aware SAC,strict_two_stage_v3_v1,two_stage_v3,4,14,9014,1250014,station_wake,5,0.0,0.0,0.1,1,1,0,0,1,0,56,0.25,1,35,0.19121615588665009,0.1370593183547976,0.4877004027366638,0.31530751743331736,4.059102311730385,11.507279798388481,0.20988394065295782,1.2914453066083742,0.0,0.65,0.15981155831979454,0.17294375943487783,0.08318335115909577,0.10134750604629517,0.08318335115909577,0.18235895037651062,0.23311734199523926,60,0.08398785210599657,0.5130160955290395
station_wake_L5,Smooth stage-aware SAC,strict_two_stage_v3_v1,two_stage_v3,4,15,9015,1250015,station_wake,5,0.0,0.0,0.1,1,1,0,0,1,0,59,0.25,1,36,0.3725326359272003,0.27298119463731424,0.6815266609191895,0.5085058098980398,2.277502715587616,9.657184556126595,0.2767806652595813,1.499996381314126,3.199629224005742,0.0,0.12762701037146168,0.14209897959746412,0.04526629447937012,0.055334098637104034,0.04526629447937012,0.10678823292255402,0.16498655080795288,63,0.09223460415255888,0.5773601060485563
station_wake_L5,Smooth stage-aware SAC,strict_two_stage_v3_v1,two_stage_v3,4,16,9016,1250016,station_wake,5,0.0,0.0,0.1,1,1,0,0,1,0,43,0.25,1,18,1.3436161279678345,1.2280212249828328,1.2361621856689453,0.9154130946828315,7.837072908878326,17.834570109844208,0.491310899327488,3.0950971488191943,0.0,0.75,0.13176507691339145,0.144352636727551,0.018652907200157644,0.029782067984342575,0.018652907200157644,0.10434924438595772,0.11734254658222198,47,0.08537762882023901,1.454392734219012
station_wake_L5,Smooth stage-aware SAC,strict_two_stage_v3_v1,two_stage_v3,4,17,9017,1250017,station_wake,5,0.0,0.0,0.1,1,1,0,0,1,0,55,0.25,1,31,0.15133392810821533,0.08529403125842307,0.5802853032946587,0.3971661187615624,5.365621894598007,21.347061097621918,0.3506042903294338,1.5906624715078932,0.0,0.65,0.12151741754774673,0.13334844297269582,0.059106574207544324,0.06960820406675339,0.059106574207544324,0.10617351531982422,0.12686699628829956,59,0.08773092106125441,0.8490129510392421
station_wake_L5,Smooth stage-aware SAC,strict_two_stage_v3_v1,two_stage_v3,4,18,9018,1250018,station_wake,5,0.0,0.0,0.1,1,1,0,0,1,0,54,0.25,1,32,0.30452045798301697,0.1897646526583726,1.0750451683998108,0.6965009287602594,5.429256558418274,25.37438228726387,0.37545879986686415,2.705765889355447,0.0,0.0,0.10175580765997583,0.1124732545732689,0.008379119168967008,0.008806413970887661,0.008379119168967008,0.007932988926768303,0.014892751350998878,58,0.09165678944076594,2.013881063334848
station_wake_L5,Smooth stage-aware SAC,strict_two_stage_v3_v1,two_stage_v3,4,19,9019,1250019,station_wake,5,0.0,0.0,0.1,1,1,0,0,1,0,45,0.25,1,29,0.17787858843803406,0.13556107481341353,0.5542841553688049,0.4299446431656415,4.029269441962242,14.924288392066956,0.4628002040410539,2.240859930905863,0.0,0.0,0.12788340985652513,0.17567642080647475,0.0814102441072464,0.09009196609258652,0.0814102441072464,0.0727512538433075,0.13422757387161255,49,0.0758459615346561,0.9954308091423063
station_wake_L5,Smooth stage-aware SAC,strict_two_stage_v3_v1,two_stage_v3,4,20,9020,1250020,station_wake,5,0.0,0.0,0.1,1,1,0,0,1,0,44,0.25,1,19,1.0667539834976196,0.8373244242019365,1.7190885543823242,1.220166039710315,6.493903398513794,33.87700915336609,0.5220274397853526,3.3959399007766886,0.0,0.7000000000000001,0.12502081686459604,0.13691600862982645,0.05375946909189224,0.05865427106618881,0.05375946909189224,0.04583129286766052,0.07515110075473785,48,0.08409546221061763,2.071224556841925
station_wake_L5,Smooth stage-aware SAC,strict_two_stage_v3_v1,two_stage_v3,4,21,9021,1250021,station_wake,5,0.0,0.0,0.1,1,1,0,0,1,0,54,0.25,1,39,0.34646108746528625,0.2974788218962723,0.46666204929351807,0.3093593798752381,2.428860515356064,9.028446525335312,0.2141580490441773,1.49757602744435,0.0,0.75,0.1513296022622332,0.22264040672766902,0.14010876715183257,0.16474080085754395,0.14010876715183257,0.2471962571144104,0.32594650983810425,58,0.02329622915156348,3.269400460151068
station_wake_L5,Smooth stage-aware SAC,strict_two_stage_v3_v1,two_stage_v3,4,22,9022,1250022,station_wake,5,0.0,0.0,0.1,1,1,0,0,1,0,32,0.25,1,19,0.28244268894195557,0.19151356104062442,1.5674673020839691,1.099427180726664,9.601890742778778,24.936819076538086,0.699317456669756,2.737150695694363,3.260798904108495,0.0,0.23339427089039427,0.3081028391302328,0.06955412700772286,0.10426727682352066,0.06955412700772286,0.5523310601711273,0.7787350565195084,36,0.06649535995793575,2.2645093053997654
station_wake_L5,Smooth stage-aware SAC,strict_two_stage_v3_v1,two_stage_v3,4,23,9023,1250023,station_wake,5,0.0,0.0,0.1,1,1,0,0,1,0,60,0.25,1,42,0.37630563974380493,0.2206328100980744,1.5240426361560822,1.322468492411061,1.7993688583374023,9.24745261669159,0.3915930723091152,1.6213963124466446,0.0,0.8,0.09988578198593427,0.11935054481043272,0.14224229604005814,0.17092177271842957,0.14224229604005814,0.28126195073127747,0.31330883502960205,64,0.07946956440899908,2.069837601553589
station_wake_L5,Smooth stage-aware SAC,strict_two_stage_v3_v1,two_stage_v3,4,24,9024,1250024,station_wake,5,0.0,0.0,0.1,1,1,0,0,1,0,57,0.25,1,40,0.2009948343038559,0.11884280443244859,0.6648202985525131,0.48850253051865045,1.9701280444860458,11.911388635635376,0.2013534376096016,1.3895536521256313,0.0,0.0,0.15899158440877603,0.2059318210629124,0.008907730225473642,0.01977304182946682,0.008907730225473642,0.1086435355246067,0.18977349624037743,61,0.08527091965197828,1.053898829263202
station_wake_L5,Smooth stage-aware SAC,strict_two_stage_v3_v1,two_stage_v3,4,25,9025,1250025,station_wake,5,0.0,0.0,0.1,1,1,0,0,1,0,35,0.25,1,22,0.4506036639213562,0.3353807788243443,1.1788749694824219,0.5712860324775334,3.0067871510982513,11.439382806420326,0.440903778923289,2.198355210721724,0.0,0.45,0.16184474728357584,0.2036175333612888,0.08248878121376038,0.1164434477686882,0.08248878121376038,0.3721218705177307,0.7425282895565033,39,0.057988876371246695,1.757680027237435
station_wake_L5,Smooth stage-aware SAC,strict_two_stage_v3_v1,two_stage_v3,4,26,9026,1250026,station_wake,5,0.0,0.0,0.1,1,1,0,0,1,0,39,0.25,1,23,0.921806275844574,0.6423530805379073,1.5752792358398438,1.2451796988140857,3.5325241088867188,15.554307401180267,0.22327366186135753,1.9914117150896962,2.95340880183301,0.15000000000000002,0.17349745302506422,0.19497571482278553,0.0570197980850935,0.10174936056137085,0.0570197980850935,0.43965908139944077,0.4893001914024353,43,0.06924962130910865,2.95340880183301
station_wake_L5,Smooth stage-aware SAC,strict_two_stage_v3_v1,two_stage_v3,4,27,9027,1250027,station_wake,5,0.0,0.0,0.1,1,1,0,0,1,0,41,0.25,1,19,0.4570716917514801,0.3498360042629046,0.983688235282898,0.7316053518404638,4.9655745178461075,26.22110240161419,0.44693656347310284,2.951219528428882,0.0,0.65,0.11804280482660068,0.1273937576591186,0.045281776785850526,0.06283365935087204,0.045281776785850526,0.17277537286281586,0.21026462316513062,45,0.08706196225073677,1.8362867534044078
station_wake_L5,Smooth stage-aware SAC,strict_two_stage_v3_v1,two_stage_v3,4,28,9028,1250028,station_wake,5,0.0,0.0,0.1,1,1,0,0,1,0,51,0.25,1,27,0.3420183062553406,0.27117866642945787,0.5413198471069336,0.31364782645796807,2.4860551953315735,8.359289318323135,0.21970731230368498,1.2006779873988451,0.0,0.8500000000000001,0.1143070716970321,0.12173397640026673,0.06355524808168411,0.07739955186843872,0.06355524808168411,0.1413479596376419,0.17456114292144775,55,0.08421425333826331,1.7198870964558737
station_wake_L5,Smooth stage-aware SAC,strict_two_stage_v3_v1,two_stage_v3,4,29,9029,1250029,station_wake,5,0.0,0.0,0.1,1,1,0,0,1,0,45,0.25,1,24,0.6383285522460938,0.5500658825982968,1.036149263381958,0.5694119120824589,5.024271458387375,20.027550905942917,0.46401359345965154,2.2980217642213923,1.0252589922996924,0.45,0.141552141239938,0.15953606423381309,0.013725845795124769,0.03623557090759277,0.013725845795124769,0.21637268364429474,0.3212744742631912,49,0.07891683994378873,1.0201199152794926
station_wake_L5,Smooth stage-aware SAC,strict_two_stage_v3_v1,two_stage_v3,4,30,9030,1250030,station_wake,5,0.0,0.0,0.1,1,1,0,0,1,0,46,0.25,1,33,0.23692648112773895,0.19262130823850374,0.8707751333713531,0.517426210715827,4.560568481683731,19.166744351387024,0.31177515776536774,1.773362866447345,1.1914634281806076,0.0,0.15415723680559265,0.20976126788024152,0.01868837820366025,0.02994881570339203,0.01868837820366025,0.12898525409400463,0.1951424777507782,50,0.056564672867473874,0.8648987437490753
station_wake_L5,Smooth stage-aware SAC,strict_two_stage_v3_v1,two_stage_v3,4,31,9031,1250031,station_wake,5,0.0,0.0,0.1,1,1,0,0,1,0,57,0.25,1,42,0.19224923849105835,0.127022918476972,0.7303844392299652,0.41853292396878417,3.815661445260048,14.894061535596848,0.2270372172373125,1.3576276139205978,0.0,0.75,0.1622355854832218,0.21633162926195243,0.10497681796550751,0.12049207836389542,0.10497681796550751,0.16912958025932312,0.21631047129631042,61,0.07814499265127883,3.759441133333507
station_wake_L5,Smooth stage-aware SAC,strict_two_stage_v3_v1,two_stage_v3,4,32,9032,1250032,station_wake,5,0.0,0.0,0.1,1,1,0,0,1,0,57,0.25,1,42,0.18268275260925293,0.13849576374024727,0.7928182929754257,0.49352072943560726,3.2602347433567047,14.019359052181244,0.3143823890370907,2.0760002613678283,0.0,0.0,0.11657245865513355,0.18659415192003823,0.026914608478546143,0.034869443625211716,0.026914608478546143,0.13877877593040466,0.2683465927839279,61,0.08852583540888218,0.8357425871729949
station_wake_L5,Smooth stage-aware SAC,strict_two_stage_v3_v1,two_stage_v3,4,33,9033,1250033,station_wake,5,0.0,0.0,0.1,1,1,0,0,1,0,35,0.25,0,-1,nan,nan,nan,nan,nan,nan,nan,nan,0.0,nan,0.114030641600572,0.12266919093614277,0.16769830584526063,0.2127263993024826,0.16769830584526063,0.45908963680267334,0.6081956624984741,39,0.07960823471800617,3.072469244350087
station_wake_L5,Smooth stage-aware SAC,strict_two_stage_v3_v1,two_stage_v3,4,34,9034,1250034,station_wake,5,0.0,0.0,0.1,1,1,0,0,1,0,36,0.25,1,19,1.3578414916992188,1.2326874531413696,2.0316338539123535,1.2003734710077552,8.893961012363434,30.674524307250977,0.6330458887906323,2.7125631231085476,0.0,0.8500000000000001,0.08439070387407781,0.09102388803893709,0.1548172727227211,0.19990839064121246,0.1548172727227211,0.40214821696281433,0.4894182085990906,40,0.06022755588269895,3.072466469585737
station_wake_L5,Smooth stage-aware SAC,strict_two_stage_v3_v1,two_stage_v3,4,35,9035,1250035,station_wake,5,0.0,0.0,0.1,1,1,0,0,1,0,60,0.25,1,44,0.13408635556697845,0.07793529362261582,0.6859020888805389,0.5040682914865873,3.8165000453591347,15.6717449426651,0.21112621510724933,1.4211732788856635,0.0,0.25,0.10700888917794156,0.12499112764009833,0.06907096058130265,0.07903291285037994,0.06907096058130265,0.30315202474594116,0.7312782108783722,64,0.0926772507232757,2.2827326769921825
station_wake_L5,Smooth stage-aware SAC,strict_two_stage_v3_v1,two_stage_v3,4,36,9036,1250036,station_wake,5,0.0,0.0,0.1,1,1,0,0,1,0,39,0.25,1,14,1.3051387071609497,1.0653397385623444,1.3974583148956299,1.1325355069206198,0.3515934944152832,0.98968505859375,0.2921507215245934,2.172909765394863,0.0,1.25,0.09089965931043886,0.10842371363379284,0.12359706610441208,0.1562889814376831,0.12359706610441208,0.3339167535305023,0.44159531593322754,43,0.03719777873728342,3.491028786217169
station_wake_L5,Smooth stage-aware SAC,strict_two_stage_v3_v1,two_stage_v3,4,37,9037,1250037,station_wake,5,0.0,0.0,0.1,1,1,0,0,1,0,46,0.25,1,28,0.6631729006767273,0.4636648380184256,2.0060431957244873,0.9802914734315328,4.152447581291199,17.198925614356995,0.350005574817618,1.609298449305419,0.0,0.9,0.1243478977425629,0.15813931039776627,0.12850358188152314,0.17585217952728271,0.12850358188152314,0.4427006244659424,0.5030953884124756,50,0.08477521355752653,3.4137537334949375
station_wake_L5,Smooth stage-aware SAC,strict_two_stage_v3_v1,two_stage_v3,4,38,9038,1250038,station_wake,5,0.0,0.0,0.1,1,1,0,0,1,0,61,0.25,1,44,0.24581636488437653,0.1774028431752378,0.6146758794784546,0.3624759644952928,3.8480253517627716,16.093113124370575,0.27017651629683026,1.8746921934030554,0.0,0.4,0.09750459697807116,0.12560934298890122,0.026064015179872512,0.03551068902015686,0.026064015179872512,0.10466980561614037,0.173790343105793,65,0.08406346347147395,2.8063806556554343
station_wake_L5,Smooth stage-aware SAC,strict_two_stage_v3_v1,two_stage_v3,4,39,9039,1250039,station_wake,5,0.0,0.0,0.1,1,1,0,0,1,0,66,0.25,1,50,0.2033144235610962,0.09767439706877046,0.8349333703517914,0.4991827259955043,2.8127309679985046,12.742107957601547,0.18926909993731497,1.2274031070580873,0.0,0.8,0.16215023241823356,0.19725326568750473,0.17964054346084596,0.21542960405349731,0.17964054346084596,0.35533612966537476,0.42787641286849976,70,0.0757307762086967,2.997714104544767
station_wake_L5,Smooth stage-aware SAC,strict_two_stage_v3_v1,two_stage_v3,4,40,9040,1250040,station_wake,5,0.0,0.0,0.1,1,1,0,0,1,0,60,0.25,1,45,0.18077485263347626,0.14303869468328964,0.43508678674697876,0.2669763044736788,3.3353231847286224,12.645489275455475,0.2200208470790696,1.3672122780377574,0.0,0.35000000000000003,0.15468406560182102,0.20391553967696724,0.05852151587605477,0.08059733361005783,0.05852151587605477,0.23033489286899567,0.3110966086387634,64,0.0723012914185405,1.1082915743271275
station_wake_L5,Smooth stage-aware SAC,strict_two_stage_v3_v1,two_stage_v3,4,41,9041,1250041,station_wake,5,0.0,0.0,0.1,1,1,0,0,1,0,52,0.25,1,40,0.25438031554222107,0.17267265959197436,0.502280592918396,0.34231290605296055,1.764783263206482,8.546203738078475,0.22154320529646598,1.6414995401395232,0.7255387122144556,0.0,0.22831883987190227,0.30712692417343596,0.037014656513929364,0.051215287297964096,0.037014656513929364,0.3566177189350128,0.7324139028787613,56,0.058830449472145024,0.19534279661255644
station_wake_L5,Smooth stage-aware SAC,strict_two_stage_v3_v1,two_stage_v3,4,42,9042,1250042,station_wake,5,0.0,0.0,0.1,1,1,0,0,1,0,31,0.25,1,5,0.7866206765174866,0.4995613634449406,1.991446614265442,1.6683928072734657,19.580665826797485,19.850904941558838,1.80418618426297,3.1100892033011,0.0,1.3,0.0873103760357273,0.10590785682368907,0.2655363529920578,0.38251250982284546,0.2655363529920578,1.1638433337211609,1.7178350687026978,35,0.04946257001980062,1.941040084044424
station_wake_L5,Smooth stage-aware SAC,strict_two_stage_v3_v1,two_stage_v3,4,43,9043,1250043,station_wake,5,0.0,0.0,0.1,1,1,0,0,1,0,57,0.25,1,41,0.09237627685070038,0.05043998938423174,0.558137483894825,0.3530711941312753,4.035644233226776,20.03432620316744,0.3698467909463345,1.9045392016326868,0.0,0.0,0.14506630963613415,0.17878553531260685,0.045969270169734955,0.06163724139332771,0.045969270169734955,0.12916311621665955,0.24974368512630463,61,0.07261180367523809,2.493867271172205
station_wake_L5,Smooth stage-aware SAC,strict_two_stage_v3_v1,two_stage_v3,4,44,9044,1250044,station_wake,5,0.0,0.0,0.1,1,1,0,0,1,0,36,0.25,1,19,1.0346894264221191,0.885097768625467,1.5804147720336914,1.142302764189201,5.2014536410570145,29.045393466949463,0.5598421323412486,3.117492850684835,0.10623176644052644,0.35000000000000003,0.12395598424196703,0.13450017224293515,0.04272985532879829,0.05140769109129906,0.04272985532879829,0.07052689790725708,0.16232430934906006,40,0.07962485439313692,0.10623176644052644
station_wake_L5,Smooth stage-aware SAC,strict_two_stage_v3_v1,two_stage_v3,4,45,9045,1250045,station_wake,5,0.0,0.0,0.1,1,1,0,0,1,0,57,0.25,1,40,0.208179771900177,0.1814977165652766,0.5823755264282227,0.3240169116556703,3.685569390654564,18.232468962669373,0.20417689548860884,1.6074587398561366,0.0,0.25,0.16181751652807422,0.18582832251290604,0.0601639062166214,0.06274820119142532,0.0601639062166214,0.033348798751831055,0.05403846502304077,61,0.0844433308620522,1.5637254932541103
station_wake_L5,Smooth stage-aware SAC,strict_two_stage_v3_v1,two_stage_v3,4,46,9046,1250046,station_wake,5,0.0,0.0,0.1,1,1,0,0,1,0,48,0.25,1,34,0.32052797079086304,0.15808807518147464,1.120125949382782,0.8311685447774658,4.7095173597335815,25.70971116423607,0.2651851882847887,1.6263932574912046,0.0,0.55,0.1927252597540838,0.26220944648393424,0.1399986743927002,0.15311262011528015,0.1399986743927002,0.12933897972106934,0.15313833951950073,52,0.05649187778894221,1.5937123715879933
station_wake_L5,Smooth stage-aware SAC,strict_two_stage_v3_v1,two_stage_v3,4,47,9047,1250047,station_wake,5,0.0,0.0,0.1,1,1,0,0,1,0,78,0.25,1,56,0.16922536492347717,0.1126054663286626,0.762876346707344,0.4414181543751012,2.7469342947006226,6.925853192806244,0.15204717607619322,0.9087274877092678,0.0,0.65,0.1269370587241397,0.1382713950864955,0.09348590224981308,0.11021019518375397,0.09348590224981308,0.16565248370170593,0.17205342650413513,82,0.08512165247970545,0.011502999057653505
station_wake_L5,Smooth stage-aware SAC,strict_two_stage_v3_v1,two_stage_v3,4,48,9048,1250048,station_wake,5,0.0,0.0,0.1,1,1,0,0,1,0,49,0.25,1,33,0.0970197394490242,0.05576666895675702,0.6787411868572235,0.4113185814643509,2.354651242494583,16.408734233118594,0.36455640847833876,2.102485199300977,0.0,0.0,0.15873868570845612,0.202816475828641,0.015232735127210618,0.03655853867530823,0.015232735127210618,0.2008848749101162,0.45088306069374084,53,0.08103680702850119,0.9583212174428635
station_wake_L5,Smooth stage-aware SAC,strict_two_stage_v3_v1,two_stage_v3,4,49,9049,1250049,station_wake,5,0.0,0.0,0.1,1,1,0,0,1,0,33,0.25,1,18,0.36579251289367676,0.16377005166338893,1.8228363990783691,1.3857387834359807,13.72299611568451,29.681909680366516,0.8033578350912868,3.406737465926409,0.02093364601696308,0.0,0.14353577543455096,0.1759025217470638,0.052221573889255524,0.056450262665748596,0.052221573889255524,0.0888419896364212,0.15727221965789795,37,0.0856287991084201,0.2094333434681605
station_wake_L5,Smooth stage-aware SAC,strict_two_stage_v3_v1,two_stage_v3,4,50,9050,1250050,station_wake,5,0.0,0.0,0.1,1,1,0,0,1,0,36,0.25,1,19,1.1010948419570923,1.0532464505643828,1.0170042514801025,0.502826913551737,3.6942942440509796,19.075342118740082,0.39776557190208744,2.5918045870054573,0.0,0.7000000000000001,0.12739503950530257,0.16164732299215115,0.15285554230213166,0.22392438352108002,0.15285554230213166,0.7080717086791992,1.0809996724128723,40,0.07039491640212349,0.40368704507321723
station_wake_L5,Smooth stage-aware SAC,strict_two_stage_v3_v1,two_stage_v3,4,51,9051,1250051,station_wake,5,0.0,0.0,0.1,1,1,0,0,1,0,62,0.25,1,45,0.16092023253440857,0.11872429986978952,0.3898236155509949,0.2812889074026856,2.2414327785372734,8.29087644815445,0.17603729124896034,1.1550456041791355,0.40476544122971236,0.0,0.19092757742751482,0.23600133801279644,0.006570394220761955,0.016283068805933,0.006570394220761955,0.1047562356106937,0.22292949259281158,66,0.08057591699326248,0.40476544122971236
station_wake_L5,Smooth stage-aware SAC,strict_two_stage_v3_v1,two_stage_v3,4,52,9052,1250052,station_wake,5,0.0,0.0,0.1,1,1,0,0,1,0,60,0.25,1,43,0.23240214586257935,0.17712243976632897,0.8196559548377991,0.4360527064856607,3.4837889671325684,21.512709259986877,0.371700971370547,2.5261581122239742,0.0,0.05,0.1395025957794228,0.1575851539225807,0.01568493414670229,0.04151831567287445,0.01568493414670229,0.2500200644135475,0.514160543680191,64,0.08530940825314837,1.2942633247180002
station_wake_L5,Smooth stage-aware SAC,strict_two_stage_v3_v1,two_stage_v3,4,53,9053,1250053,station_wake,5,0.0,0.0,0.1,1,1,0,0,1,0,47,0.25,1,35,0.7270917892456055,0.6482919484556746,1.397460699081421,0.6311866084232571,7.084107547998428,25.5067241191864,0.3772882772051637,2.9323830549146095,0.0,0.55,0.2548539571851621,0.33040525685888206,0.12542118430137633,0.18472781777381897,0.12542118430137633,0.5728203356266022,0.8250075578689575,51,0.050554609627167714,2.557687064672923
station_wake_L5,Smooth stage-aware SAC,strict_two_stage_v3_v1,two_stage_v3,4,54,9054,1250054,station_wake,5,0.0,0.0,0.1,1,1,0,0,1,0,48,0.25,1,33,0.09087461233139038,0.04874104702380935,0.4636026918888092,0.2652833322385686,2.725978121161461,15.507823824882507,0.4420576782465494,2.1063317131468766,0.1637523179276012,0.0,0.13068110430102625,0.1787147549776802,0.0417010560631752,0.07247807085514069,0.0417010560631752,0.24909713864326477,0.3817513585090637,52,0.06562916909798255,1.04314032082508
station_wake_L5,Smooth stage-aware SAC,strict_two_stage_v3_v1,two_stage_v3,4,55,9055,1250055,station_wake,5,0.0,0.0,0.1,1,1,0,0,1,0,69,0.25,1,45,0.4610064923763275,0.31634156448144557,1.7218811810016632,1.2883565830318444,8.011038303375244,23.679510354995728,0.5873653217299275,2.363678908110743,0.0,0.65,0.09361745199979753,0.09996328091484981,0.035111143440008166,0.04407864809036255,0.035111143440008166,0.09004255384206772,0.11532589793205261,73,0.09135906835471434,0.6018546585161029
station_wake_L5,Smooth stage-aware SAC,strict_two_stage_v3_v1,two_stage_v3,4,56,9056,1250056,station_wake,5,0.0,0.0,0.1,1,1,0,0,1,0,55,0.25,1,42,0.21886080503463745,0.09844756944847215,1.0718008875846863,0.6207060919729902,4.388475120067596,21.47093690931797,0.2886221746044927,1.8493228142359275,0.0,0.6000000000000001,0.11309836141492231,0.1698093830186999,0.14815728962421418,0.1649162918329239,0.14815728962421418,0.2070031762123108,0.3077325224876404,59,0.06115276294837274,2.5996312563659716
station_wake_L5,Smooth stage-aware SAC,strict_two_stage_v3_v1,two_stage_v3,4,57,9057,1250057,station_wake,5,0.0,0.0,0.1,1,1,0,0,1,0,40,0.25,1,22,1.1082496643066406,0.9941491582084823,1.0819721221923828,0.6244511740008728,14.80958178639412,22.297585755586624,0.7761766057041105,2.3324642252332564,0.0,0.6000000000000001,0.11006081572256676,0.1326790299375541,0.07601958513259888,0.10186441242694855,0.07601958513259888,0.27288511395454407,0.5475205183029175,44,0.0800853542562109,0.2322904648039024
station_wake_L5,Smooth stage-aware SAC,strict_two_stage_v3_v1,two_stage_v3,4,58,9058,1250058,station_wake,5,0.0,0.0,0.1,1,1,0,0,1,0,50,0.25,1,38,0.12599201500415802,0.09989838259450891,0.7244756817817688,0.2711074452919126,3.172690272331238,15.516243427991867,0.2309268461261267,1.6638304063869955,0.0,0.5,0.17949240625636984,0.2605887142273533,0.15395779013633729,0.17413227260112762,0.15395779013633729,0.39519262313842773,0.9204122424125671,54,0.05557519473431411,2.349385931781398
station_wake_L5,Smooth stage-aware SAC,strict_two_stage_v3_v1,two_stage_v3,4,59,9059,1250059,station_wake,5,0.0,0.0,0.1,1,1,0,0,1,0,31,0.25,1,14,0.42842790484428406,0.32783107811294787,1.0263657569885254,0.7816420881929882,11.81520864367485,24.980797171592712,0.7554663584414963,3.2053717802750628,0.0,0.75,0.13082344733233003,0.1551087026866293,0.12022038549184799,0.14074337482452393,0.12022038549184799,0.1852876842021942,0.25371253490448,35,0.07055222559363683,2.6685952495287673
station_wake_L5,Smooth stage-aware SAC,strict_two_stage_v3_v1,two_stage_v3,4,60,9060,1250060,station_wake,5,0.0,0.0,0.1,1,1,0,0,1,0,56,0.25,1,33,0.9874610900878906,0.6289012837550663,1.9819045066833496,1.6740744617192882,1.3744783401489258,8.684111833572388,0.2237333382806179,1.836392298402794,0.0,0.45,0.11336187662809012,0.1249082847437864,0.025658490136265755,0.03392358869314194,0.025658490136265755,0.07895349711179733,0.08573491126298904,60,0.09240528008221136,3.2828424858810648
station_wake_L5,Smooth stage-aware SAC,strict_two_stage_v3_v1,two_stage_v3,4,61,9061,1250061,station_wake,5,0.0,0.0,0.1,1,1,0,0,1,0,65,0.25,1,51,0.18663860857486725,0.13706931389945004,0.5610768496990204,0.3697926232573487,3.9738954603672028,19.653300940990448,0.21613813189651648,1.6073483856869943,0.0,0.0,0.09621008205768843,0.13179331776903516,0.01746378494426608,0.027529990300536156,0.01746378494426608,0.08834550529718399,0.17950113862752914,69,0.06955159261750732,0.3319182453999265
station_wake_L5,Smooth stage-aware SAC,strict_two_stage_v3_v1,two_stage_v3,4,62,9062,1250062,station_wake,5,0.0,0.0,0.1,1,1,0,0,1,0,40,0.25,1,27,0.7534650564193726,0.5623722802581865,1.3337236642837524,0.9661918963062069,4.432002604007721,19.363869624212384,0.8077869181874111,3.0377254888245058,0.0,0.25,0.20550006194567727,0.30724692514502827,0.025310892984271048,0.07289900630712509,0.025310892984271048,0.5184217095375061,0.8775407075881958,44,0.05387060804290909,0.5175557700887179
station_wake_L5,Smooth stage-aware SAC,strict_two_stage_v3_v1,two_stage_v3,4,63,9063,1250063,station_wake,5,0.0,0.0,0.1,1,1,0,0,1,0,45,0.25,1,27,0.0877734050154686,0.06180699108558896,0.5362867191433907,0.36067184567222277,1.7935652006417513,12.366974698379636,0.4128931321963571,2.2432712613059396,0.0,0.8500000000000001,0.19804073034057307,0.23590420460464473,0.13411383777856828,0.16054114699363708,0.13411383777856828,0.2165457010269165,0.3162109851837158,49,0.07223406946335129,2.978851896821542
station_wake_L5,Smooth stage-aware SAC,strict_two_stage_v3_v1,two_stage_v3,4,64,9064,1250064,station_wake,5,0.0,0.0,0.1,1,1,0,0,1,0,53,0.25,1,41,0.22981640696525574,0.17071810947441918,1.0311700403690338,0.5900770393154502,5.310049653053284,22.25442998111248,0.290776025934153,1.7259862424152277,0.0,0.45,0.2510800014057798,0.345251478733902,0.1404305577278137,0.1563253551721573,0.1404305577278137,0.22608983516693115,0.360625684261322,57,0.06990217839520566,2.2589582825952492
station_wake_L5,Smooth stage-aware SAC,strict_two_stage_v3_v1,two_stage_v3,4,65,9065,1250065,station_wake,5,0.0,0.0,0.1,1,1,0,0,1,0,36,0.25,1,24,1.052679181098938,0.6924286940548019,1.8339860439300537,1.5463418028144182,7.758257985115051,21.815894842147827,0.5459285737615333,3.2217513037323426,1.8403645897823169,0.05,0.29598697315947253,0.40475389065665285,0.08048238307237625,0.0963350459933281,0.08048238307237625,0.35990846157073975,0.6315155327320099,40,0.05527073432407106,0.5602812180289394
station_wake_L5,Smooth stage-aware SAC,strict_two_stage_v3_v1,two_stage_v3,4,66,9066,1250066,station_wake,5,0.0,0.0,0.1,1,1,0,0,1,0,38,0.25,1,21,0.5915600061416626,0.3514077413970503,1.3490557670593262,0.9912922170681382,4.277108311653137,19.461651891469955,0.26758426428669785,1.971806734759956,0.0,0.8500000000000001,0.1783400911402763,0.20457607844191772,0.21080730855464935,0.25921469926834106,0.21080730855464935,0.47761160135269165,0.5018502473831177,42,0.05673463455582074,2.021706325689567
station_wake_L5,Smooth stage-aware SAC,strict_two_stage_v3_v1,two_stage_v3,4,67,9067,1250067,station_wake,5,0.0,0.0,0.1,1,1,0,0,1,0,71,0.25,1,55,0.25998908281326294,0.15519016776021813,0.753563717007637,0.5280526597311503,2.260569706559181,14.142868518829346,0.15835624311322152,1.1274260710927195,0.0,0.0,0.16808976529194,0.20364238911534996,0.0217982929199934,0.02682623639702797,0.0217982929199934,0.0690857395529747,0.11329352855682373,75,0.07866949121025306,0.1894498508029296
station_wake_L5,Smooth stage-aware SAC,strict_two_stage_v3_v1,two_stage_v3,4,68,9068,1250068,station_wake,5,0.0,0.0,0.1,1,1,0,0,1,0,53,0.25,1,40,0.06665010750293732,0.03870073688256825,0.6063780933618546,0.34946660795522727,3.23942668735981,14.09199059009552,0.20626073770573386,1.2840102450520507,0.0,0.35000000000000003,0.1716864302743744,0.23899069320620356,0.07892401963472366,0.10758015513420105,0.07892401963472366,0.2778649628162384,0.39929449558258057,57,0.05332476200682456,1.5796493322520544
station_wake_L5,Smooth stage-aware SAC,strict_two_stage_v3_v1,two_stage_v3,4,69,9069,1250069,station_wake,5,0.0,0.0,0.1,1,1,0,0,1,0,56,0.25,1,29,0.6558529138565063,0.4414745684418873,1.2575075030326843,1.0202275497984332,1.9392842054367065,9.704532325267792,0.3024194545488727,1.7622420515626729,3.4465254080194816,0.0,0.10501669801729818,0.11062913774647175,0.03372589312493801,0.03761330246925354,0.03372589312493801,0.037020765244960785,0.039199329912662506,60,0.09519675092920121,1.5302039920247454
station_wake_L5,Smooth stage-aware SAC,strict_two_stage_v3_v1,two_stage_v3,4,70,9070,1250070,station_wake,5,0.0,0.0,0.1,1,1,0,0,1,0,48,0.25,1,23,0.2597184479236603,0.17593402967116606,1.316022276878357,0.9548813151515834,7.081668823957443,23.192561268806458,0.5268787076737194,2.384842837976294,0.0,1.0,0.11868555715032654,0.12876515186088283,0.06874819174408912,0.08162310719490051,0.06874819174408912,0.12657417356967926,0.1313963532447815,52,0.0877930296762895,2.6434264293240934
station_wake_L5,Smooth stage-aware SAC,strict_two_stage_v3_v1,two_stage_v3,4,71,9071,1250071,station_wake,5,0.0,0.0,0.1,1,1,0,0,1,0,33,0.25,1,19,0.21675686538219452,0.12781414867554358,0.5632822215557098,0.4119200072895588,4.112861678004265,14.539579600095749,0.3961356475293413,2.5910794578276333,0.0,0.7000000000000001,0.12337616737105232,0.1584331011792035,0.2036236584186554,0.2460513710975647,0.2036236584186554,0.3775991201400757,0.5346393585205078,37,0.04223096020294377,2.1445634996115253
station_wake_L5,Smooth stage-aware SAC,strict_two_stage_v3_v1,two_stage_v3,4,72,9072,1250072,station_wake,5,0.0,0.0,0.1,1,1,0,0,1,0,46,0.25,1,28,0.7177095413208008,0.4884133747275599,1.1024081707000732,1.0028778419874569,1.4970561861991882,9.50764775276184,0.30070936588599556,1.9982755707064666,0.8791755466616944,0.15000000000000002,0.1880119168539495,0.23556954451074366,0.013934550248086453,0.0179608054459095,0.013934550248086453,0.2510577142238617,0.5722567439079285,50,0.0817873627426841,0.7240470095718955
station_wake_L5,Smooth stage-aware SAC,strict_two_stage_v3_v1,two_stage_v3,4,73,9073,1250073,station_wake,5,0.0,0.0,0.1,1,1,0,0,1,0,44,0.25,1,24,0.20962539315223694,0.14325936737493747,1.1073869466781616,0.8395371560524955,5.8188654482364655,21.99086844921112,0.3643269163451037,2.1859547742884438,0.0,0.9,0.145247318501388,0.16057841390712832,0.0927222341299057,0.11292117834091187,0.0927222341299057,0.2036094069480896,0.2268601953983307,48,0.08099292221341557,2.9958618426192243
station_wake_L5,Smooth stage-aware SAC,strict_two_stage_v3_v1,two_stage_v3,4,74,9074,1250074,station_wake,5,0.0,0.0,0.1,1,1,0,0,1,0,56,0.25,1,41,0.2903118133544922,0.157487054073855,0.7359427213668823,0.6563530124671735,0.9027093648910522,3.9745616912841797,0.21865289407084856,1.3572778924915294,0.0,0.0,0.1815860132440439,0.2119980157589927,0.052181532979011534,0.05766230821609497,0.052181532979011534,0.15576767921447754,0.3438645601272583,60,0.06769340962152866,1.0147112592304888
station_wake_L5,Smooth stage-aware SAC,strict_two_stage_v3_v1,two_stage_v3,4,75,9075,1250075,station_wake,5,0.0,0.0,0.1,1,1,0,0,1,0,61,0.25,1,47,0.18824446201324463,0.10273087223335199,0.6860621273517609,0.46735699400302055,4.435096420347691,15.26753157377243,0.475369844853758,1.8886019758186834,0.0,0.0,0.1324348336191225,0.1566948847552708,0.018453094363212585,0.020445194095373154,0.018453094363212585,0.028317399322986603,0.043103136122226715,65,0.06672038009142257,0.2297257821314155
station_wake_L5,Smooth stage-aware SAC,strict_two_stage_v3_v1,two_stage_v3,4,76,9076,1250076,station_wake,5,0.0,0.0,0.1,1,1,0,0,1,0,49,0.25,1,37,0.19181694090366364,0.14428462390319033,0.9112730622291565,0.5658754554529296,5.2684807777404785,14.29623007774353,0.30032112107591596,1.3898558464385828,0.0,0.55,0.2456269494552652,0.34999341572071024,0.11614939272403717,0.14367851614952087,0.11614939272403717,0.2673216462135315,0.5929109454154968,53,0.06451423385843359,2.9984581682774754
station_wake_L5,Smooth stage-aware SAC,strict_two_stage_v3_v1,two_stage_v3,4,77,9077,1250077,station_wake,5,0.0,0.0,0.1,1,1,0,0,1,0,59,0.25,1,46,0.38876378536224365,0.28850518944297865,1.1317211389541626,0.8400606451170876,7.582978457212448,32.452402561903,0.3870981603742603,2.315799119527769,0.0,0.6000000000000001,0.20433756281114804,0.2653858723944754,0.1418069690465927,0.15247905254364014,0.1418069690465927,0.09985977411270142,0.17273396253585815,63,0.05972567768021851,2.77013604338135
station_wake_L5,Smooth stage-aware SAC,strict_two_stage_v3_v1,two_stage_v3,4,78,9078,1250078,station_wake,5,0.0,0.0,0.1,1,1,0,0,1,0,83,0.25,1,61,0.05369311943650246,0.04081283641995925,0.2948298119008541,0.13305953472334536,0.7531589269638062,5.415836647152901,0.13799787621196402,0.9559416449895787,0.0,0.0,0.08123317208287247,0.08755085057880521,0.020915429294109344,0.024641701951622963,0.020915429294109344,0.06483244895935059,0.11542540043592453,87,0.09307980208276861,1.4057415102044228
station_wake_L5,Smooth stage-aware SAC,strict_two_stage_v3_v1,two_stage_v3,4,79,9079,1250079,station_wake,5,0.0,0.0,0.1,1,1,0,0,1,0,35,0.25,1,23,1.277251958847046,1.0458505390611879,2.2833251953125,1.653406387767086,8.440439701080322,34.58654999732971,0.7192759013248671,3.5121220319328645,0.0,0.4,0.20348216885044684,0.2684569955933605,0.08805769309401512,0.14909833669662476,0.08805769309401512,0.5870673507452011,0.9501588344573975,39,0.06583685679491055,1.463215097470847
station_wake_L5,Smooth stage-aware SAC,strict_two_stage_v3_v1,two_stage_v3,4,80,9080,1250080,station_wake,5,0.0,0.0,0.1,1,1,0,0,1,0,29,0.25,1,14,0.1407703310251236,0.10074061847847175,0.5855754017829895,0.3272595341721249,3.5723045468330383,13.071100413799286,0.31086771380026257,1.9073759120614389,0.0,0.55,0.15977390326814483,0.20752782431822148,0.09913672804832459,0.13625285029411316,0.09913672804832459,0.3389928936958313,0.517064779996872,33,0.06170347924813524,2.072515462595057
station_wake_L5,Smooth stage-aware SAC,strict_two_stage_v3_v1,two_stage_v3,4,81,9081,1250081,station_wake,5,0.0,0.0,0.1,1,1,0,0,1,0,53,0.25,1,41,0.2052111178636551,0.13938602659614038,0.36611080169677734,0.28589514534733357,1.117628812789917,5.602684766054153,0.20361625286166962,1.3220126106624,0.0,0.2,0.16120331637807714,0.2636209242739619,0.02988665606826544,0.06497909128665924,0.02988665606826544,0.5485071167349815,1.206078827381134,57,0.051402567162418804,0.3968107788067334
station_wake_L5,Smooth stage-aware SAC,strict_two_stage_v3_v1,two_stage_v3,4,82,9082,1250082,station_wake,5,0.0,0.0,0.1,1,1,0,0,1,0,43,0.25,1,28,0.19602932035923004,0.13540583139813703,0.4538300633430481,0.2598541853332573,1.807745099067688,9.451602967455983,0.4785360542000172,2.119078386455478,0.0,0.75,0.12355169187467716,0.18832020204402164,0.20744375586509706,0.22537922859191895,0.20744375586509706,0.2334008812904358,0.5025047063827515,47,0.043240643402917917,2.32282076477828
station_wake_L5,Smooth stage-aware SAC,strict_two_stage_v3_v1,two_stage_v3,4,83,9083,1250083,station_wake,5,0.0,0.0,0.1,1,1,0,0,1,0,47,0.25,1,29,0.6205251812934875,0.46544560873175017,0.9747624397277832,0.6581126263633515,1.3947689533233643,8.622054606676102,0.1571127666479797,1.0647190088588556,0.0,0.9,0.09999944578700533,0.13114412706474285,0.16858676075935364,0.1928289532661438,0.16858676075935364,0.2459559440612793,0.2680814266204834,51,0.07264805507241624,2.603057023121556
station_wake_L5,Smooth stage-aware SAC,strict_two_stage_v3_v1,two_stage_v3,4,84,9084,1250084,station_wake,5,0.0,0.0,0.1,1,1,0,0,1,0,38,0.25,1,21,0.07852032035589218,0.06491789885815658,0.5449971184134483,0.21937685062800816,2.1086907386779785,9.922413360327482,0.357632850518513,2.1947622542141882,0.0,0.5,0.19995512652430839,0.2656662735681319,0.11982085853815079,0.13537608087062836,0.11982085853815079,0.22907346487045288,0.36098092794418335,42,0.07976492254277665,1.9560060957329797
station_wake_L5,Smooth stage-aware SAC,strict_two_stage_v3_v1,two_stage_v3,4,85,9085,1250085,station_wake,5,0.0,0.0,0.1,1,1,0,0,1,0,64,0.25,1,45,0.0338221974670887,0.02939809149838473,0.05902700126171112,0.03308160855590327,2.1404267475008965,5.026612542569637,0.1326547158005088,0.7593144836641126,0.0,0.0,0.1404275249631481,0.17112119919291743,0.08020132780075073,0.08342623710632324,0.08020132780075073,0.08308804035186768,0.16868412494659424,68,0.08018540536325362,2.46508058514154
station_wake_L5,Smooth stage-aware SAC,strict_two_stage_v3_v1,two_stage_v3,4,86,9086,1250086,station_wake,5,0.0,0.0,0.1,1,1,0,0,1,0,33,0.25,1,11,1.122489333152771,0.8971112342430829,1.5400618314743042,1.20038169301138,4.877654314041138,6.775785684585571,0.25438111138979563,1.7271692319845018,0.0,1.1,0.09402369624874529,0.11291215061442114,0.23092985451221465,0.27638208866119385,0.23092985451221465,0.45293229818344116,0.4957151412963867,37,0.05112476025124631,2.076984967633184
station_wake_L5,Smooth stage-aware SAC,strict_two_stage_v3_v1,two_stage_v3,4,87,9087,1250087,station_wake,5,0.0,0.0,0.1,1,1,0,0,1,0,54,0.25,1,39,0.13810886442661285,0.10670045616312822,0.24894900619983673,0.16477556654934422,0.72854308411479,4.151810873299837,0.17442315381069315,0.7808879114196092,0.0,0.0,0.17341762961967022,0.24447145691431527,0.14376674890518187,0.15805254876613617,0.14376674890518187,0.4046776294708252,0.9733524918556213,58,0.08440866012335288,0.03617001380174299
station_wake_L5,Smooth stage-aware SAC,strict_two_stage_v3_v1,two_stage_v3,4,88,9088,1250088,station_wake,5,0.0,0.0,0.1,1,1,0,0,1,0,43,0.25,1,32,0.10740356147289276,0.07840429272602248,0.9089550375938416,0.3167275703217505,3.867879807949066,13.366011139005423,0.5366588244888432,2.0968628946274297,0.0,0.0,0.23916691045706534,0.34701424568246036,0.04205545037984848,0.052224211394786835,0.04205545037984848,0.11125138401985168,0.1911802589893341,47,0.05032408329538303,0.5810220479390351
station_wake_L5,Smooth stage-aware SAC,strict_two_stage_v3_v1,two_stage_v3,4,89,9089,1250089,station_wake,5,0.0,0.0,0.1,1,1,0,0,1,0,52,0.25,1,38,0.1883605718612671,0.12470643397831183,0.6636800616979599,0.4938865928109399,3.6445990204811096,12.000950798392296,0.24808857772252615,1.643557901071602,3.0386640768267554,0.0,0.16954043016548695,0.24492916666042416,0.06923147439956664,0.0851127877831459,0.06923147439956664,0.25393127650022507,0.3680011257529259,56,0.07060765037174006,1.977529942798394
station_wake_L5,Smooth stage-aware SAC,strict_two_stage_v3_v1,two_stage_v3,4,90,9090,1250090,station_wake,5,0.0,0.0,0.1,1,1,0,0,1,0,30,0.25,0,-1,nan,nan,nan,nan,nan,nan,nan,nan,0.0,nan,0.07452725970197768,0.07693759908570914,0.28121539056301115,0.36411234736442566,0.28121539056301115,0.852175235748291,1.1626613140106201,34,0.07887863373256054,1.963486433534613
station_wake_L5,Smooth stage-aware SAC,strict_two_stage_v3_v1,two_stage_v3,4,91,9091,1250091,station_wake,5,0.0,0.0,0.1,1,1,0,0,1,0,52,0.25,1,40,0.3150228261947632,0.2102355924598188,1.3303261995315552,0.6010934230527835,3.3412551879882812,18.33948589861393,0.29490493879640695,1.5305020901381152,0.0,0.0,0.17711202743408241,0.2656161282360793,0.08645865321159363,0.0951625183224678,0.08645865321159363,0.08611124753952026,0.16158029437065125,56,0.06646679161351816,0.8456829670145964
station_wake_L5,Smooth stage-aware SAC,strict_two_stage_v3_v1,two_stage_v3,4,92,9092,1250092,station_wake,5,0.0,0.0,0.1,1,1,0,0,1,0,61,0.25,1,43,0.18074315786361694,0.10356364605161618,0.8071652054786682,0.6156359989250207,2.1743226051330566,11.906195878982544,0.14062279972683547,1.1679190116275462,0.0,0.65,0.1469088844890018,0.16960694130171616,0.13707030415534974,0.1584872007369995,0.13707030415534974,0.21624255180358887,0.23340433835983276,65,0.0848537132332286,0.7758401739655435
station_wake_L5,Smooth stage-aware SAC,strict_two_stage_v3_v1,two_stage_v3,4,93,9093,1250093,station_wake,5,0.0,0.0,0.1,1,1,0,0,1,0,64,0.25,1,47,0.5329273343086243,0.28377976766656865,1.4870637655258179,1.3604088375022227,2.077265977859497,9.129172563552856,0.18746324527031918,1.2725604941947082,0.0,0.55,0.1404249545873654,0.16261310888572814,0.06262019202113152,0.07196645438671112,0.06262019202113152,0.11227542161941528,0.2435275912284851,68,0.07029753964099576,0.5347162468524047
station_wake_L5,Smooth stage-aware SAC,strict_two_stage_v3_v1,two_stage_v3,4,94,9094,1250094,station_wake,5,0.0,0.0,0.1,1,1,0,0,1,0,54,0.25,1,43,0.05568540096282959,0.02142859866981008,0.6170949339866638,0.30607126182722966,2.8672485053539276,12.105887681245804,0.45444532207444943,2.17034049949678,0.0,0.0,0.21907649877150712,0.33347450767771714,0.07354669719934463,0.09597530961036682,0.07354669719934463,0.1986936628818512,0.3592081367969513,58,0.06004612338754592,1.3739470863397192
station_wake_L5,Smooth stage-aware SAC,strict_two_stage_v3_v1,two_stage_v3,4,95,9095,1250095,station_wake,5,0.0,0.0,0.1,1,1,0,0,1,0,54,0.25,1,42,0.0793604776263237,0.06988757251814423,0.10845392942428589,0.06555344399185778,1.5190674923360348,5.209708549082279,0.23469082555914095,1.879835313199423,0.6529309732120169,0.0,0.2728348682246996,0.3739546013957735,0.04249834641814232,0.06568893790245056,0.04249834641814232,0.30670829117298126,0.40853139013051987,58,0.052483040613163605,0.04418700170089835
station_wake_L5,Smooth stage-aware SAC,strict_two_stage_v3_v1,two_stage_v3,4,96,9096,1250096,station_wake,5,0.0,0.0,0.1,1,1,0,0,1,0,46,0.25,1,33,0.058637745678424835,0.04518738316137619,0.28521403670310974,0.16114582838106442,1.367284208536148,8.870863355696201,0.4261189550672134,2.1832139911282717,0.0,0.30000000000000004,0.15055470329602955,0.2226128773553625,0.08339897841215134,0.09288819134235382,0.08339897841215134,0.11641713976860046,0.22047311067581177,50,0.06019727176673829,1.7042119190324
station_wake_L5,Smooth stage-aware SAC,strict_two_stage_v3_v1,two_stage_v3,4,97,9097,1250097,station_wake,5,0.0,0.0,0.1,1,1,0,0,1,0,52,0.25,1,37,0.25130870938301086,0.17094794575949837,0.7413361966609955,0.5175310337307116,2.626757323741913,11.726028621196747,0.2506385315458522,1.489228489452864,0.0,0.75,0.15333341717073454,0.19301405172687966,0.14326508790254594,0.16512781381607056,0.14326508790254594,0.23672321438789368,0.31329065561294556,56,0.059448810421599926,2.9644995349412295
station_wake_L5,Smooth stage-aware SAC,strict_two_stage_v3_v1,two_stage_v3,4,98,9098,1250098,station_wake,5,0.0,0.0,0.1,1,1,0,0,1,0,77,0.25,1,58,0.19611595571041107,0.15800616480719373,0.8847633004188538,0.5611078058357457,3.3909693360328674,13.967648670077324,0.2062165276088901,1.454962939517466,0.0,0.55,0.15139461325285153,0.16672171076741996,0.06640715748071671,0.0822032019495964,0.06640715748071671,0.16124680638313293,0.1988913118839264,81,0.08372132123327085,1.1781437055254365
station_wake_L5,Smooth stage-aware SAC,strict_two_stage_v3_v1,two_stage_v3,4,99,9099,1250099,station_wake,5,0.0,0.0,0.1,1,1,0,0,1,0,40,0.25,1,21,0.73274827003479,0.5634952394318852,1.1902439594268799,0.8543098164445906,3.1011565029621124,18.337126709520817,0.3999921640139112,2.2053980495867007,0.0,0.9500000000000001,0.15860982496066986,0.1959325137151612,0.15840980112552644,0.17980514466762543,0.15840980112552644,0.2216346263885498,0.2689695358276367,44,0.0461743944196561,2.85003431563169
